iteration,mean_reward,mean_episode_length,fall_share,time_out_share,action_noise_std,learning_rate,value_loss,surrogate_loss,entropy
0,0.32714492082595825,22.139999389648438,0.0,0.01696014404296875,0.39589133858680725,9.999999747378752e-06,0.09727627784013748,0.09796479344367981,3.652395725250244
1,1.3697274923324585,54.380001068115234,0.00092315673828125,0.051177978515625,0.3959096074104309,7.593750342493877e-05,0.1507124900817871,-0.002533090766519308,3.6550209522247314
2,3.34968638420105,87.44999694824219,0.010986328125,0.0831298828125,0.39560961723327637,0.0002562890585977584,0.19496938586235046,-0.005570859648287296,3.646531343460083
3,5.081767559051514,115.25,0.01799774169921875,0.11602783203125,0.39593204855918884,0.0005766503745689988,0.23799803853034973,-0.004584523383527994,3.6438119411468506
4,7.428286075592041,146.27000427246094,0.02280426025390625,0.144989013671875,0.3961029052734375,0.00038443360244855285,0.23011770844459534,-0.003551875939592719,3.6557111740112305
5,9.480501174926758,180.30999755859375,0.0265960693359375,0.174774169921875,0.39637330174446106,0.0005766503745689988,0.2117699682712555,-0.005926532670855522,3.6610615253448486
6,12.41146183013916,213.67999267578125,0.0316314697265625,0.20987701416015625,0.3966611623764038,0.00038443360244855285,0.22698496282100677,-0.004092865623533726,3.669114112854004
7,14.606537818908691,245.35000610351562,0.03820037841796875,0.2422332763671875,0.39680182933807373,0.0005766503745689988,0.22301049530506134,-0.0066892653703689575,3.6674158573150635
8,16.25240707397461,273.0400085449219,0.0447540283203125,0.26844024658203125,0.396439790725708,0.0002562890585977584,0.21201029419898987,-0.003336156252771616,3.6679861545562744
9,18.46251678466797,303.760009765625,0.0512847900390625,0.29791259765625,0.3961613178253174,0.0005766503745689988,0.23605439066886902,-0.00643380731344223,3.6533517837524414
10,21.57657814025879,336.9100036621094,0.05594635009765625,0.32869720458984375,0.3966359496116638,0.00038443360244855285,0.2655118405818939,-0.0036457758396863937,3.6620969772338867
11,23.29119110107422,359.2900085449219,0.0602874755859375,0.36224365234375,0.397161066532135,0.00038443360244855285,0.26610565185546875,-0.006513637024909258,3.6644349098205566
12,25.485219955444336,386.5400085449219,0.06687164306640625,0.39392852783203125,0.39772146940231323,0.0005766503745689988,0.2568376660346985,-0.007526906672865152,3.6796913146972656
13,26.45798683166504,407.6600036621094,0.0746612548828125,0.4215850830078125,0.3976949155330658,0.0005766503745689988,0.25140905380249023,-0.0038419251795858145,3.678946018218994
14,28.437530517578125,438.1000061035156,0.08370208740234375,0.44449615478515625,0.39773958921432495,0.0005766503745689988,0.2365727573633194,-0.0056858486495912075,3.678502082824707
15,32.38718795776367,487.4800109863281,0.0907745361328125,0.46895599365234375,0.3979225158691406,0.0005766503745689988,0.25842565298080444,-0.004310366697609425,3.680087089538574
16,34.45497131347656,509.9100036621094,0.095916748046875,0.500244140625,0.3969707190990448,0.0005766503745689988,0.22282464802265167,-0.004073326475918293,3.6746697425842285
17,36.68095397949219,538.4400024414062,0.1023712158203125,0.5287399291992188,0.39642760157585144,0.0005766503745689988,0.22991317510604858,-0.0050516631454229355,3.655994176864624
18,41.518959045410156,590.2999877929688,0.10701751708984375,0.5577468872070312,0.39732450246810913,0.00038443360244855285,0.23841942846775055,-0.0024778414517641068,3.668549060821533
19,41.647239685058594,592.0900268554688,0.11293792724609375,0.5852203369140625,0.3980051279067993,0.0005766503745689988,0.24703718721866608,-0.005863888189196587,3.6780025959014893
20,44.4381217956543,644.219970703125,0.11809539794921875,0.610931396484375,0.3981516361236572,0.0005766503745689988,0.2330438792705536,-0.004577785264700651,3.6872286796569824
21,43.18467330932617,647.3599853515625,0.12352752685546875,0.6359024047851562,0.3983399569988251,0.00038443360244855285,0.24671997129917145,-0.007118474692106247,3.687818765640259
22,47.05229187011719,682.3300170898438,0.12903594970703125,0.6587677001953125,0.39840903878211975,0.0005766503745689988,0.23567122220993042,-0.005828116554766893,3.6984963417053223
23,46.3188362121582,686.5599975585938,0.134613037109375,0.6795883178710938,0.39868277311325073,0.0005766503745689988,0.22299733757972717,-0.004423971753567457,3.7035932540893555
24,50.94247055053711,750.760009765625,0.1416168212890625,0.7027969360351562,0.39861682057380676,0.00038443360244855285,0.23604997992515564,-0.0022384643089026213,3.705986976623535
25,54.06536865234375,771.3099975585938,0.14813232421875,0.725311279296875,0.3987063765525818,0.00038443360244855285,0.24834352731704712,-0.006288555916398764,3.7022244930267334
26,55.92111587524414,794.489990234375,0.15253448486328125,0.745025634765625,0.3991185426712036,0.0005766503745689988,0.2556840479373932,-0.008077861741185188,3.7109532356262207
27,60.35883331298828,845.0900268554688,0.156890869140625,0.7730941772460938,0.3995712995529175,0.0005766503745689988,0.24583552777767181,-0.004414940252900124,3.7190465927124023
28,58.59797286987305,840.1500244140625,0.16030120849609375,0.801116943359375,0.39916449785232544,0.0005766503745689988,0.26182639598846436,-0.004744444973766804,3.711920738220215
29,57.500770568847656,823.7999877929688,0.1659698486328125,0.82177734375,0.3994123935699463,0.0005766503745689988,0.25483348965644836,-0.005642042029649019,3.7242534160614014
30,62.26755142211914,896.6099853515625,0.17087554931640625,0.8291244506835938,0.40004122257232666,0.0005766503745689988,0.23857922852039337,-0.006552071310579777,3.721723794937134
31,60.5889778137207,869.7000122070312,0.17681884765625,0.82318115234375,0.39989933371543884,0.0002562890585977584,0.254673033952713,-0.0011963718570768833,3.735374927520752
32,63.16794204711914,908.25,0.1753387451171875,0.8246612548828125,0.4005275368690491,0.0005766503745689988,0.23981095850467682,-0.0077378288842737675,3.7304320335388184
33,59.411808013916016,852.6699829101562,0.1757965087890625,0.8242034912109375,0.4013481140136719,0.0005766503745689988,0.23828406631946564,-0.005700638517737389,3.7501955032348633
34,60.928043365478516,871.5,0.17760467529296875,0.8223953247070312,0.4020403325557709,0.0005766503745689988,0.2320256531238556,-0.006261995527893305,3.751873016357422
35,63.03599548339844,898.4000244140625,0.179840087890625,0.820159912109375,0.4026376008987427,0.0005766503745689988,0.23856240510940552,-0.00437665032222867,3.7756173610687256
36,66.10186004638672,922.4099731445312,0.18082427978515625,0.8191757202148438,0.4027039408683777,0.0005766503745689988,0.22991251945495605,-0.003417226718738675,3.774070978164673
37,62.8577880859375,882.760009765625,0.17819976806640625,0.8218002319335938,0.4028763771057129,0.00017085937724914402,0.2292281985282898,-0.00237414613366127,3.7796335220336914
38,60.285194396972656,858.780029296875,0.177581787109375,0.822418212890625,0.4024182856082916,0.00038443360244855285,0.22963711619377136,-0.008274011313915253,3.779010534286499
39,60.47957992553711,876.010009765625,0.17864227294921875,0.8213577270507812,0.4028077721595764,0.0008649755618534982,0.23327003419399261,-0.00631676334887743,3.7783308029174805
40,63.64893341064453,898.1599731445312,0.17881011962890625,0.8211898803710938,0.4024195671081543,0.00038443360244855285,0.23824124038219452,-0.0032558483071625233,3.777799606323242
41,62.11600112915039,871.9500122070312,0.1778106689453125,0.8221893310546875,0.40274420380592346,0.0005766503745689988,0.22976841032505035,-0.008489838801324368,3.7739450931549072
42,61.33658981323242,868.1599731445312,0.17645263671875,0.82354736328125,0.40232694149017334,0.0005766503745689988,0.22003568708896637,-0.00562816858291626,3.7684943675994873
43,62.1171989440918,883.75,0.173980712890625,0.826019287109375,0.40300339460372925,0.00038443360244855285,0.2310875654220581,-0.004456128925085068,3.7845723628997803
44,58.14143371582031,833.7899780273438,0.1719207763671875,0.8280792236328125,0.402660071849823,0.0005766503745689988,0.2382058948278427,-0.005143422167748213,3.786982536315918
45,63.792564392089844,905.7100219726562,0.17201995849609375,0.8279800415039062,0.4028974771499634,0.00038443360244855285,0.22579242289066315,-0.0050894529558718204,3.7859256267547607
46,62.38098907470703,870.969970703125,0.1730804443359375,0.8269195556640625,0.403389573097229,0.0002562890585977584,0.24729454517364502,-0.007309757173061371,3.7934157848358154
47,65.86448669433594,910.9099731445312,0.17369842529296875,0.8263015747070312,0.40348950028419495,0.0005766503745689988,0.23565328121185303,-0.0063259354792535305,3.7983016967773438
48,65.51129913330078,901.1199951171875,0.1747894287109375,0.8252105712890625,0.403443843126297,0.00038443360244855285,0.21927350759506226,-0.004873377736657858,3.7937281131744385
49,58.47474670410156,818.1500244140625,0.17485809326171875,0.8251419067382812,0.4040793180465698,0.0005766503745689988,0.24245725572109222,-0.005813498981297016,3.803469657897949
50,63.38853454589844,890.52001953125,0.1765899658203125,0.8234100341796875,0.40444129705429077,0.0005766503745689988,0.22340193390846252,-0.004141571931540966,3.8144454956054688
51,60.82018280029297,884.6300048828125,0.1758880615234375,0.8241119384765625,0.4040244221687317,0.00038443360244855285,0.22417716681957245,-0.0023976084776222706,3.821970224380493
52,62.011138916015625,877.3599853515625,0.17572784423828125,0.8242721557617188,0.4041770100593567,0.0005766503745689988,0.23565015196800232,-0.00529152387753129,3.819612503051758
53,60.778419494628906,859.219970703125,0.17563629150390625,0.8243637084960938,0.4049629271030426,0.0005766503745689988,0.24292488396167755,-0.004800839349627495,3.8270912170410156
54,62.46993637084961,883.02001953125,0.174468994140625,0.825531005859375,0.405065655708313,0.00038443360244855285,0.24234284460544586,-0.0026863946113735437,3.8442435264587402
55,63.1184196472168,886.3800048828125,0.1739044189453125,0.8260955810546875,0.4042744040489197,0.0002562890585977584,0.22768792510032654,-0.0062096016481518745,3.8289272785186768
56,60.09714889526367,869.489990234375,0.175689697265625,0.824310302734375,0.4042344093322754,0.0002562890585977584,0.2282058596611023,-0.0029897906351834536,3.8269622325897217
57,62.573997497558594,900.4600219726562,0.17571258544921875,0.8242874145507812,0.40444186329841614,0.00038443360244855285,0.20820902287960052,-0.006082744803279638,3.8208906650543213
58,64.75430297851562,891.3599853515625,0.1766357421875,0.8233642578125,0.40514257550239563,0.0005766503745689988,0.23999689519405365,-0.006157613359391689,3.835411310195923
59,59.745262145996094,849.489990234375,0.17440032958984375,0.8255996704101562,0.4051607847213745,0.0005766503745689988,0.22036917507648468,-0.0022565561812371016,3.845557451248169
60,62.76173782348633,882.4000244140625,0.17316436767578125,0.8268356323242188,0.4052959084510803,0.00038443360244855285,0.22146174311637878,-0.0017624804750084877,3.8475427627563477
61,64.09571838378906,899.8300170898438,0.1698760986328125,0.8301239013671875,0.40548092126846313,0.0005766503745689988,0.2325875461101532,-0.0058377450332045555,3.8480894565582275
62,65.52578735351562,924.030029296875,0.1681365966796875,0.8318634033203125,0.4058327078819275,0.0005766503745689988,0.21783918142318726,-0.004240489099174738,3.8571298122406006
63,64.45675659179688,904.22998046875,0.165069580078125,0.834930419921875,0.40535467863082886,0.0005766503745689988,0.22688008844852448,-0.0061791944317519665,3.853809118270874
64,61.288299560546875,873.8800048828125,0.16387939453125,0.83612060546875,0.40533092617988586,0.00038443360244855285,0.24522756040096283,-0.0032155164517462254,3.846477508544922
65,60.67428970336914,855.9600219726562,0.16260528564453125,0.8373947143554688,0.40502697229385376,0.0005766503745689988,0.231146901845932,-0.005463937763124704,3.843367576599121
66,62.634986877441406,876.4000244140625,0.163848876953125,0.836151123046875,0.4052698612213135,0.00038443360244855285,0.2231057733297348,-0.0023054617922753096,3.8425605297088623
67,63.08450698852539,886.8099975585938,0.1648101806640625,0.8351898193359375,0.40488290786743164,0.0005766503745689988,0.22630318999290466,-0.004412280395627022,3.846632719039917
68,63.07380676269531,878.52001953125,0.1634368896484375,0.8365631103515625,0.4044134318828583,0.00038443360244855285,0.21129167079925537,-0.0021872948855161667,3.831118106842041
69,65.45259094238281,914.719970703125,0.1615753173828125,0.8384246826171875,0.4041965901851654,0.0005766503745689988,0.20989546179771423,-0.006325948517769575,3.8301305770874023
70,64.66170501708984,912.3900146484375,0.162017822265625,0.837982177734375,0.4032689034938812,0.0005766503745689988,0.21665652096271515,-0.004525798838585615,3.818427085876465
71,65.05665588378906,905.3599853515625,0.16187286376953125,0.8381271362304688,0.4025096893310547,0.00038443360244855285,0.20038829743862152,-0.0036913834046572447,3.7999730110168457
72,63.76829528808594,899.6799926757812,0.16161346435546875,0.8383865356445312,0.4022134840488434,0.0005766503745689988,0.20930986106395721,-0.0071702697314321995,3.786008596420288
73,63.00450134277344,883.030029296875,0.16175079345703125,0.8382492065429688,0.40271174907684326,0.00038443360244855285,0.21242570877075195,-0.005791663657873869,3.7978575229644775
74,62.7176628112793,888.4299926757812,0.16103363037109375,0.8389663696289062,0.4026468098163605,0.0005766503745689988,0.21061958372592926,-0.007555712014436722,3.80346417427063
75,66.13021087646484,920.4099731445312,0.15726470947265625,0.8427352905273438,0.4026626944541931,0.0008649755618534982,0.2009061574935913,-0.004280708264559507,3.804222345352173
76,65.42830657958984,913.1599731445312,0.1550445556640625,0.8449554443359375,0.40282779932022095,0.0005766503745689988,0.2083214521408081,-0.0033148389775305986,3.8046071529388428
77,65.10893249511719,909.0399780273438,0.15234375,0.84765625,0.4026834964752197,0.00038443360244855285,0.2019975334405899,-0.004571935627609491,3.801344633102417
78,63.81782531738281,895.6599731445312,0.15026092529296875,0.8497390747070312,0.4029277265071869,0.0005766503745689988,0.20738226175308228,-0.006183125078678131,3.8091440200805664
79,62.81953048706055,882.77001953125,0.14842987060546875,0.8515701293945312,0.4026421904563904,0.00038443360244855285,0.21869303286075592,-0.0018815543735399842,3.804568290710449
80,65.44779205322266,906.6900024414062,0.146728515625,0.853271484375,0.40255242586135864,0.0005766503745689988,0.21334543824195862,-0.0067174676805734634,3.7949535846710205
81,63.97584533691406,912.1900024414062,0.14594268798828125,0.8540573120117188,0.4024755358695984,0.00038443360244855285,0.21449875831604004,-0.0030670713167637587,3.799638032913208
82,63.72947692871094,896.6300048828125,0.14470672607421875,0.8552932739257812,0.40287715196609497,0.0005766503745689988,0.20653966069221497,-0.006139228120446205,3.8024120330810547
83,61.563140869140625,882.9099731445312,0.14166259765625,0.85833740234375,0.4034321904182434,0.0005766503745689988,0.2185433954000473,-0.005076103378087282,3.809027910232544
84,66.44316101074219,923.1500244140625,0.13991546630859375,0.8600845336914062,0.4040442109107971,0.0002562890585977584,0.21501539647579193,-0.0022707830648869276,3.8266873359680176
85,63.53617477416992,883.6199951171875,0.13837432861328125,0.8616256713867188,0.40393155813217163,0.0005766503745689988,0.2225865125656128,-0.006123870611190796,3.8357627391815186
86,62.24346160888672,884.1199951171875,0.13736724853515625,0.8626327514648438,0.40318572521209717,0.0005766503745689988,0.2057323455810547,-0.0036942395381629467,3.818143367767334
87,65.16287231445312,922.2899780273438,0.1374053955078125,0.8625946044921875,0.40294456481933594,0.0005766503745689988,0.20951396226882935,-0.004571995232254267,3.8084192276000977
88,63.32173538208008,884.219970703125,0.13697052001953125,0.8630294799804688,0.4030807912349701,0.0005766503745689988,0.20868414640426636,-0.0022057220339775085,3.8137669563293457
89,62.72863006591797,872.5700073242188,0.13726806640625,0.86273193359375,0.4035192131996155,0.0005766503745689988,0.21014925837516785,-0.005118378903716803,3.8169631958007812
90,65.1269302368164,909.780029296875,0.13477325439453125,0.8652267456054688,0.40295374393463135,0.0002562890585977584,0.20624025166034698,-0.0008477860828861594,3.8236289024353027
91,64.70587921142578,904.4000244140625,0.13387298583984375,0.8661270141601562,0.40322354435920715,0.00038443360244855285,0.21404136717319489,-0.00794136431068182,3.806583881378174
92,61.16965866088867,857.3800048828125,0.1339111328125,0.8660888671875,0.40283316373825073,0.0005766503745689988,0.21440112590789795,-0.006941778585314751,3.814499616622925
93,63.77568054199219,899.3900146484375,0.1360015869140625,0.8639984130859375,0.4024803638458252,0.0005766503745689988,0.23580414056777954,-0.004109716508537531,3.8082361221313477
94,61.95248794555664,872.8900146484375,0.13602447509765625,0.8639755249023438,0.4032447040081024,0.0008649755618534982,0.23607966303825378,-0.0047949557192623615,3.8119266033172607
95,65.00869750976562,917.9199829101562,0.135284423828125,0.864715576171875,0.40296241641044617,0.00038443360244855285,0.22020596265792847,-0.001753327902406454,3.8190627098083496
96,65.6032485961914,907.0999755859375,0.1324005126953125,0.8675994873046875,0.40258461236953735,0.0005766503745689988,0.20286425948143005,-0.006664495915174484,3.8091490268707275
97,64.75991821289062,910.780029296875,0.13121795654296875,0.8687820434570312,0.4033149778842926,0.0005766503745689988,0.2012854516506195,-0.0031357244588434696,3.8288753032684326
98,65.6039810180664,902.0700073242188,0.130279541015625,0.869720458984375,0.403266966342926,0.0005766503745689988,0.19664284586906433,-0.004501845687627792,3.833653450012207
99,65.39142608642578,902.4500122070312,0.129119873046875,0.870880126953125,0.4038754105567932,0.0008649755618534982,0.20806029438972473,-0.004552170168608427,3.8371663093566895
100,65.68694305419922,899.0499877929688,0.12709808349609375,0.8729019165039062,0.4040237367153168,0.00011390625149942935,0.21154531836509705,0.006559780333191156,3.849259853363037
101,67.63055419921875,936.1099853515625,0.127227783203125,0.872772216796875,0.4039435386657715,0.0002562890585977584,0.18731670081615448,-0.0066786520183086395,3.8484609127044678
102,65.35060119628906,913.2899780273438,0.1268463134765625,0.8731536865234375,0.4040280878543854,0.0005766503745689988,0.19336974620819092,-0.00660712830722332,3.846222400665283
103,63.71232986450195,905.8699951171875,0.126678466796875,0.873321533203125,0.40392619371414185,0.0005766503745689988,0.19745926558971405,-0.0050979419611394405,3.8437905311584473
104,65.60279083251953,915.030029296875,0.12441253662109375,0.8755874633789062,0.4032014012336731,0.0002562890585977584,0.1815577894449234,0.0010357194114476442,3.8415400981903076
105,65.25108337402344,912.5599975585938,0.12364959716796875,0.8763504028320312,0.4022158980369568,0.0005766503745689988,0.20079584419727325,-0.007599479518830776,3.8115079402923584
106,64.3777084350586,893.1500244140625,0.12176513671875,0.87823486328125,0.4025941491127014,0.0005766503745689988,0.18579992651939392,-0.004238730762153864,3.82479190826416
107,64.56649017333984,900.1900024414062,0.12262725830078125,0.8773727416992188,0.4023260474205017,0.00038443360244855285,0.1931348741054535,-0.0054357703775167465,3.816802501678467
108,63.981689453125,888.9500122070312,0.1231536865234375,0.8768463134765625,0.40106862783432007,0.0005766503745689988,0.1836906224489212,-0.005599567666649818,3.8030967712402344
109,66.71198272705078,907.5599975585938,0.12117767333984375,0.8788223266601562,0.4011051058769226,0.00038443360244855285,0.1805678755044937,-0.0034753531217575073,3.7956862449645996
110,67.01036071777344,919.8599853515625,0.11917877197265625,0.8808212280273438,0.40187180042266846,0.0005766503745689988,0.1933293342590332,-0.005761400330811739,3.796536445617676
111,64.84033203125,901.1199951171875,0.11753082275390625,0.8824691772460938,0.4022689461708069,0.0005766503745689988,0.19315659999847412,-0.004829518496990204,3.8167502880096436
112,67.40838623046875,929.489990234375,0.11855316162109375,0.8814468383789062,0.4026954472064972,0.0002562890585977584,0.20479989051818848,-0.004231780301779509,3.822819232940674
113,61.39348602294922,868.7000122070312,0.11846923828125,0.88153076171875,0.40273571014404297,0.0002562890585977584,0.2125139683485031,-0.005074783228337765,3.8282203674316406
114,64.91442108154297,902.3200073242188,0.12060546875,0.87939453125,0.4016711711883545,0.0005766503745689988,0.20504729449748993,-0.006335921585559845,3.8137755393981934
115,65.44859313964844,905.6300048828125,0.120208740234375,0.879791259765625,0.4014075994491577,0.00038443360244855285,0.21312101185321808,-0.002115442417562008,3.8076422214508057
116,64.54646301269531,914.3499755859375,0.118560791015625,0.881439208984375,0.4007485508918762,0.0005766503745689988,0.20987948775291443,-0.007082934025675058,3.7923853397369385
117,63.27788543701172,881.530029296875,0.11700439453125,0.88299560546875,0.40192902088165283,0.0005766503745689988,0.211971253156662,-0.003260633209720254,3.799821615219116
118,66.56120300292969,917.6900024414062,0.11597442626953125,0.8840255737304688,0.4024422764778137,0.0005766503745689988,0.2031247913837433,-0.004283614456653595,3.818986654281616
119,65.1299819946289,927.010009765625,0.11525726318359375,0.8847427368164062,0.40254053473472595,0.00038443360244855285,0.21760085225105286,-0.004521251656115055,3.815983295440674
120,63.55699920654297,896.8499755859375,0.11553955078125,0.88446044921875,0.4026052951812744,0.0005766503745689988,0.23369404673576355,-0.006460082251578569,3.816389560699463
121,63.95623016357422,896.77001953125,0.11626434326171875,0.8837356567382812,0.4028695225715637,0.0005766503745689988,0.21938128769397736,-0.004619869403541088,3.8212718963623047
122,63.832427978515625,892.7999877929688,0.11611175537109375,0.8838882446289062,0.40375572443008423,0.0005766503745689988,0.2280566543340683,-0.004516533110290766,3.8330373764038086
123,63.36443328857422,896.22998046875,0.11653900146484375,0.8834609985351562,0.4045499265193939,0.0005766503745689988,0.2087630331516266,-0.003289736108854413,3.8441052436828613
124,63.91258239746094,900.1799926757812,0.117095947265625,0.882904052734375,0.4043659567832947,0.0005766503745689988,0.20926997065544128,-0.0021961794700473547,3.853667736053467
125,67.21554565429688,940.780029296875,0.1165618896484375,0.8834381103515625,0.40515604615211487,0.0005766503745689988,0.20239496231079102,-0.0037988394033163786,3.8493220806121826
126,65.00887298583984,889.2899780273438,0.11609649658203125,0.8839035034179688,0.4062172770500183,0.0005766503745689988,0.2025013118982315,-0.0032270897645503283,3.8748669624328613
127,63.49266815185547,879.77001953125,0.11701202392578125,0.8829879760742188,0.4061863422393799,0.00038443360244855285,0.19576306641101837,-0.0013792337849736214,3.8787217140197754
128,63.31059265136719,881.3599853515625,0.118560791015625,0.881439208984375,0.40607067942619324,0.0005766503745689988,0.19764745235443115,-0.0074333855882287025,3.8817601203918457
129,64.35001373291016,906.02001953125,0.11846923828125,0.88153076171875,0.406332790851593,0.00038443360244855285,0.20639823377132416,-0.0032917694188654423,3.882923126220703
130,63.1218376159668,897.2000122070312,0.119903564453125,0.880096435546875,0.4059123992919922,0.0005766503745689988,0.19076912105083466,-0.006020179018378258,3.8784871101379395
131,65.64887237548828,909.8699951171875,0.12005615234375,0.87994384765625,0.40582963824272156,0.0005766503745689988,0.1993871033191681,-0.0033609603997319937,3.879312038421631
132,66.46773529052734,922.22998046875,0.12042236328125,0.87957763671875,0.4051913022994995,0.0008649755618534982,0.19312913715839386,-0.006126180291175842,3.8709301948547363
133,64.23597717285156,927.9099731445312,0.11931610107421875,0.8806838989257812,0.4061828553676605,0.0005766503745689988,0.20276354253292084,-0.0033487549517303705,3.879664659500122
134,63.03628158569336,894.3099975585938,0.11956024169921875,0.8804397583007812,0.4072311520576477,0.0005766503745689988,0.20909970998764038,-0.004250853788107634,3.896747589111328
135,65.4904556274414,912.4600219726562,0.1215667724609375,0.8784332275390625,0.40676793456077576,0.00038443360244855285,0.1937541663646698,-0.002793070860207081,3.908320665359497
136,65.72574615478516,925.7899780273438,0.1219635009765625,0.8780364990234375,0.4057321548461914,0.0005766503745689988,0.2049732804298401,-0.006787050515413284,3.89021897315979
137,64.13618469238281,902.4600219726562,0.12084197998046875,0.8791580200195312,0.40590447187423706,0.0005766503745689988,0.20122037827968597,-0.005040224175900221,3.8803651332855225
138,66.00286865234375,913.9400024414062,0.121612548828125,0.878387451171875,0.4062650203704834,0.00038443360244855285,0.20179010927677155,-0.004613492637872696,3.886056900024414
139,65.17677307128906,907.25,0.1222686767578125,0.8777313232421875,0.4059920310974121,0.0005766503745689988,0.2188369333744049,-0.00628600362688303,3.8875672817230225
140,66.32933807373047,923.6300048828125,0.122314453125,0.877685546875,0.40577271580696106,0.0005766503745689988,0.20578314363956451,-0.004949093330651522,3.88334059715271
141,63.845584869384766,893.5999755859375,0.122314453125,0.877685546875,0.40558815002441406,0.0005766503745689988,0.20650765299797058,-0.004854937549680471,3.882894515991211
142,65.25486755371094,906.760009765625,0.12107086181640625,0.8789291381835938,0.40599822998046875,0.0005766503745689988,0.21410822868347168,-0.003668132470920682,3.889108657836914
143,66.27143859863281,908.5399780273438,0.1223907470703125,0.8776092529296875,0.4054584503173828,0.0005766503745689988,0.2168925255537033,-0.00542535400018096,3.87222957611084
144,64.53203582763672,895.739990234375,0.120941162109375,0.879058837890625,0.40560799837112427,0.0002562890585977584,0.24232374131679535,-0.0003726661379914731,3.8822803497314453
145,63.42878341674805,884.6500244140625,0.12176513671875,0.87823486328125,0.40530669689178467,0.0005766503745689988,0.22184011340141296,-0.0065185679122805595,3.875755786895752
146,62.669822692871094,885.1300048828125,0.122528076171875,0.877471923828125,0.4051346182823181,0.00038443360244855285,0.21686917543411255,-0.0027547376230359077,3.881559133529663
147,63.6746711730957,890.5,0.1234588623046875,0.8765411376953125,0.4056812524795532,0.0005766503745689988,0.24210958182811737,-0.007915973663330078,3.8741204738616943
148,64.47061157226562,898.1900024414062,0.12432861328125,0.87567138671875,0.4053976535797119,0.0005766503745689988,0.21967698633670807,-0.004677348304539919,3.8834683895111084
149,64.42110443115234,905.6400146484375,0.12738800048828125,0.8726119995117188,0.40446943044662476,0.00038443360244855285,0.2329486906528473,-0.0040345946326851845,3.870337724685669
150,66.66058349609375,906.3200073242188,0.12798309326171875,0.8720169067382812,0.4044755697250366,0.0005766503745689988,0.2220565527677536,-0.005553398746997118,3.8621866703033447
151,67.05370330810547,917.9500122070312,0.12822723388671875,0.8717727661132812,0.4039471745491028,0.00038443360244855285,0.21871830523014069,-0.0026211978401988745,3.8586606979370117
152,64.973876953125,903.0900268554688,0.128753662109375,0.871246337890625,0.4038501977920532,0.0005766503745689988,0.21566452085971832,-0.004719461780041456,3.8478989601135254
153,66.84102630615234,919.739990234375,0.12683868408203125,0.8731613159179688,0.40410059690475464,0.0005766503745689988,0.2068842053413391,-0.004120987839996815,3.853861093521118
154,64.22846221923828,891.5499877929688,0.1250152587890625,0.8749847412109375,0.4039081335067749,0.0005766503745689988,0.18769729137420654,-0.004516666289418936,3.850590467453003
155,65.2776870727539,909.0700073242188,0.12537384033203125,0.8746261596679688,0.4038808047771454,0.00038443360244855285,0.2010519653558731,-0.004583899863064289,3.846062421798706
156,67.12335205078125,921.4000244140625,0.12589263916015625,0.8741073608398438,0.403677761554718,0.0005766503745689988,0.2153957337141037,-0.007106174249202013,3.839874029159546
157,65.05111694335938,913.9000244140625,0.12371063232421875,0.8762893676757812,0.4042111337184906,0.0005766503745689988,0.21078835427761078,-0.004786335863173008,3.846360921859741
158,65.9463119506836,906.72998046875,0.12343597412109375,0.8765640258789062,0.4039318561553955,0.00038443360244855285,0.22050373256206512,-0.0040753246285021305,3.8455758094787598
159,65.20882415771484,912.4500122070312,0.12256622314453125,0.8774337768554688,0.4044044613838196,0.0005766503745689988,0.2237604707479477,-0.006415559910237789,3.8452582359313965
160,65.91645812988281,899.9299926757812,0.1207733154296875,0.8792266845703125,0.40417689085006714,0.0008649755618534982,0.2169308364391327,-0.0050441669300198555,3.8524363040924072
161,65.47413635253906,905.8800048828125,0.12033843994140625,0.8796615600585938,0.4039982259273529,0.00038443360244855285,0.2161770612001419,-0.002624492859467864,3.851449728012085
162,66.98869323730469,915.489990234375,0.12056732177734375,0.8794326782226562,0.4036945104598999,0.00038443360244855285,0.21161894500255585,-0.0060286070220172405,3.835056781768799
163,61.87771987915039,872.5399780273438,0.1226348876953125,0.8773651123046875,0.4038621187210083,0.00038443360244855285,0.22306881844997406,-0.004616183694452047,3.8462958335876465
164,61.56184387207031,855.9299926757812,0.12461090087890625,0.8753890991210938,0.4040466845035553,0.0005766503745689988,0.22982089221477509,-0.005001430865377188,3.845975875854492
165,62.998779296875,887.510009765625,0.12473297119140625,0.8752670288085938,0.40502670407295227,0.0005766503745689988,0.22623172402381897,-0.004516096785664558,3.8623571395874023
166,62.983795166015625,873.6900024414062,0.125335693359375,0.874664306640625,0.40460485219955444,0.00038443360244855285,0.20602574944496155,-0.002743813209235668,3.8670601844787598
167,62.248966217041016,874.8400268554688,0.12790679931640625,0.8720932006835938,0.4043470621109009,0.0005766503745689988,0.219534769654274,-0.005414844956248999,3.846938371658325
168,63.54511642456055,869.010009765625,0.12917327880859375,0.8708267211914062,0.40526729822158813,0.0005766503745689988,0.21124829351902008,-0.004855058621615171,3.8644979000091553
169,65.29341125488281,906.2999877929688,0.1294097900390625,0.8705902099609375,0.40516626834869385,0.00038443360244855285,0.20428915321826935,-0.001616254448890686,3.8699254989624023
170,64.6396713256836,901.969970703125,0.1297607421875,0.8702392578125,0.40527546405792236,0.0005766503745689988,0.21797537803649902,-0.004449071828275919,3.8640084266662598
171,63.27824401855469,884.3200073242188,0.12957763671875,0.87042236328125,0.4056258797645569,0.0005766503745689988,0.2197432965040207,-0.0035619749687612057,3.8831229209899902
172,59.760353088378906,831.9600219726562,0.1315765380859375,0.8684234619140625,0.404579222202301,0.0005766503745689988,0.22255779802799225,-0.0038405018858611584,3.857301712036133
173,66.34919738769531,908.7000122070312,0.132049560546875,0.867950439453125,0.4038284420967102,0.00038443360244855285,0.2149079144001007,-0.00425606407225132,3.85538911819458
174,65.61288452148438,916.6599731445312,0.13187408447265625,0.8681259155273438,0.4045442044734955,0.0005766503745689988,0.23285269737243652,-0.004766574129462242,3.8529226779937744
175,61.72359085083008,867.3699951171875,0.1319427490234375,0.8680572509765625,0.40441974997520447,0.00038443360244855285,0.240050807595253,-0.004493229556828737,3.8610403537750244
176,64.62352752685547,898.4600219726562,0.1320953369140625,0.8679046630859375,0.4043111205101013,0.0005766503745689988,0.21014507114887238,-0.00625024177134037,3.852511405944824
177,63.48887634277344,876.25,0.1317138671875,0.8682861328125,0.40461596846580505,0.00038443360244855285,0.22734400629997253,-0.006270535755902529,3.8607876300811768
178,63.93259811401367,908.1300048828125,0.13251495361328125,0.8674850463867188,0.4052964448928833,0.0005766503745689988,0.22682839632034302,-0.0070762233808636665,3.873075246810913
179,64.20988464355469,889.6599731445312,0.130615234375,0.869384765625,0.4051438271999359,0.0005766503745689988,0.2213159054517746,-0.003118538297712803,3.868666410446167
180,64.56138610839844,898.6599731445312,0.1311492919921875,0.8688507080078125,0.4053650498390198,0.0005766503745689988,0.23210345208644867,-0.00593013409525156,3.865035057067871
181,65.3083724975586,901.4400024414062,0.1304473876953125,0.8695526123046875,0.4046897888183594,0.00038443360244855285,0.22254647314548492,-0.004285129718482494,3.86454439163208
182,66.96771240234375,908.1599731445312,0.1300201416015625,0.8699798583984375,0.4046931862831116,0.0005766503745689988,0.23057842254638672,-0.006342418026179075,3.862602949142456
183,64.9386215209961,905.5499877929688,0.13074493408203125,0.8692550659179688,0.40570783615112305,0.0002562890585977584,0.2264673113822937,-0.004838570021092892,3.877701997756958
184,63.047393798828125,874.0599975585938,0.1325836181640625,0.8674163818359375,0.40553048253059387,0.00038443360244855285,0.22350630164146423,-0.00670979730784893,3.879554510116577
185,64.82978057861328,899.52001953125,0.13329315185546875,0.8667068481445312,0.4053944945335388,0.00038443360244855285,0.22593365609645844,-0.006146532483398914,3.8702542781829834
186,65.7812728881836,887.280029296875,0.1328887939453125,0.8671112060546875,0.40488260984420776,0.0005766503745689988,0.2207072526216507,-0.006741776596754789,3.8632373809814453
187,67.29004669189453,914.6500244140625,0.13507080078125,0.86492919921875,0.4052567481994629,0.0008649755618534982,0.20545907318592072,-0.005776057951152325,3.8661253452301025
188,66.60554504394531,912.3699951171875,0.1341094970703125,0.8658905029296875,0.4054965376853943,0.0005766503745689988,0.20173491537570953,-0.003423206740990281,3.8715975284576416
189,65.88013458251953,899.8800048828125,0.13481903076171875,0.8651809692382812,0.4052198529243469,0.0005766503745689988,0.20292332768440247,-0.003026725258678198,3.865251064300537
190,63.407875061035156,891.8099975585938,0.13580322265625,0.86419677734375,0.4052789807319641,0.00038443360244855285,0.19135339558124542,-0.004906965885311365,3.866607666015625
191,69.9049072265625,934.0700073242188,0.13587188720703125,0.8641281127929688,0.4049638509750366,0.0005766503745689988,0.2005806863307953,-0.007968473248183727,3.859379291534424
192,64.92198944091797,886.2899780273438,0.13584136962890625,0.8641586303710938,0.40520620346069336,0.0002562890585977584,0.19768613576889038,-0.0012251932639628649,3.867356538772583
193,64.71288299560547,912.47998046875,0.13501739501953125,0.8649826049804688,0.4051482081413269,0.0005766503745689988,0.2009837031364441,-0.0055061024613678455,3.8559112548828125
194,65.0091323852539,897.0900268554688,0.133026123046875,0.866973876953125,0.40488401055336,0.0005766503745689988,0.1978500485420227,-0.004376973025500774,3.8646631240844727
195,65.01913452148438,904.7000122070312,0.130950927734375,0.869049072265625,0.40504777431488037,0.00038443360244855285,0.2028939127922058,-0.0023801340721547604,3.859858751296997
196,64.61466217041016,895.72998046875,0.13103485107421875,0.8689651489257812,0.4053466320037842,0.0005766503745689988,0.21392539143562317,-0.007074560504406691,3.8610191345214844
197,63.40270233154297,873.6400146484375,0.13135528564453125,0.8686447143554688,0.40521782636642456,0.00038443360244855285,0.19256442785263062,-0.002830687677487731,3.8682003021240234
198,63.87883758544922,861.0700073242188,0.129974365234375,0.870025634765625,0.40553027391433716,0.0005766503745689988,0.20967184007167816,-0.006046674679964781,3.858738660812378
199,67.585205078125,930.2100219726562,0.1306304931640625,0.8693695068359375,0.40597832202911377,0.00038443360244855285,0.20887663960456848,-0.002762702526524663,3.872443675994873
200,65.5094985961914,897.5999755859375,0.1295013427734375,0.8704986572265625,0.40638643503189087,0.00038443360244855285,0.19968891143798828,-0.004540912341326475,3.8812801837921143
201,64.32644653320312,892.5499877929688,0.13068389892578125,0.8693161010742188,0.40631380677223206,0.0005766503745689988,0.20003719627857208,-0.004628176335245371,3.87565541267395
202,66.99235534667969,928.4000244140625,0.12982940673828125,0.8701705932617188,0.4059049189090729,0.00038443360244855285,0.19074125587940216,-0.005671268329024315,3.8715662956237793
203,67.17343139648438,920.5499877929688,0.1273956298828125,0.8726043701171875,0.40501630306243896,0.0005766503745689988,0.19331085681915283,-0.006046324037015438,3.8605446815490723
204,66.43047332763672,911.0999755859375,0.126068115234375,0.873931884765625,0.40459108352661133,0.0005766503745689988,0.18885400891304016,-0.004914167337119579,3.8489432334899902
205,64.48843383789062,884.97998046875,0.124786376953125,0.875213623046875,0.4043351709842682,0.0005766503745689988,0.20595644414424896,-0.006294642575085163,3.841228723526001
206,66.42408752441406,920.2899780273438,0.1233978271484375,0.8766021728515625,0.40407443046569824,0.0005766503745689988,0.2102501392364502,-0.004928742069751024,3.8380138874053955
207,65.65572357177734,901.1199951171875,0.12200164794921875,0.8779983520507812,0.4044957458972931,0.00038443360244855285,0.21284450590610504,-0.0036004616413265467,3.845160961151123
208,68.08570098876953,916.2000122070312,0.12030792236328125,0.8796920776367188,0.40618759393692017,0.0005766503745689988,0.21133193373680115,-0.007127596065402031,3.863605260848999
209,67.60459899902344,913.8400268554688,0.11822509765625,0.88177490234375,0.4062500596046448,0.0005766503745689988,0.2298174500465393,-0.0033121779561042786,3.8775267601013184
210,68.55909729003906,942.8900146484375,0.11740875244140625,0.8825912475585938,0.40594232082366943,0.0005766503745689988,0.21196752786636353,-0.004064186010509729,3.879187822341919
211,66.1973648071289,911.260009765625,0.116607666015625,0.883392333984375,0.4059898257255554,0.00038443360244855285,0.20015530288219452,-0.001853241235949099,3.8762106895446777
212,66.29866790771484,900.8099975585938,0.117340087890625,0.882659912109375,0.40570566058158875,0.0005766503745689988,0.22248901426792145,-0.006930470000952482,3.8742051124572754
213,65.99571228027344,903.489990234375,0.11713409423828125,0.8828659057617188,0.40553170442581177,0.0005766503745689988,0.20797646045684814,-0.0037071681581437588,3.8770718574523926
214,62.07489013671875,868.4600219726562,0.1161956787109375,0.8838043212890625,0.4063531458377838,0.0005766503745689988,0.23189710080623627,-0.004429531749337912,3.8728373050689697
215,64.48506164550781,895.2100219726562,0.11693572998046875,0.8830642700195312,0.40600574016571045,0.00038443360244855285,0.21442531049251556,-0.0051706451922655106,3.869873285293579
216,66.82416534423828,923.1799926757812,0.1168365478515625,0.8831634521484375,0.4060092270374298,0.0005766503745689988,0.235726997256279,-0.007458185311406851,3.8719875812530518
217,63.107154846191406,875.2000122070312,0.1165771484375,0.8834228515625,0.40566736459732056,0.00038443360244855285,0.2135603278875351,-0.0033047024626284838,3.8684499263763428
218,67.60625457763672,916.6900024414062,0.11910247802734375,0.8808975219726562,0.40502113103866577,0.0005766503745689988,0.22077040374279022,-0.006221492309123278,3.8554723262786865
219,65.31983184814453,908.6699829101562,0.11882781982421875,0.8811721801757812,0.4048980474472046,0.00038443360244855285,0.21342158317565918,-0.002487531630322337,3.8508331775665283
220,63.402408599853516,880.8400268554688,0.11780548095703125,0.8821945190429688,0.40574389696121216,0.0005766503745689988,0.20784038305282593,-0.0048194462433457375,3.8559436798095703
221,64.15254211425781,871.5900268554688,0.11956024169921875,0.8804397583007812,0.4061175584793091,0.0005766503745689988,0.22244955599308014,-0.004501304589211941,3.8724350929260254
222,64.37947082519531,896.3400268554688,0.1210479736328125,0.8789520263671875,0.4067716896533966,0.00038443360244855285,0.21148908138275146,-0.006368620786815882,3.879024028778076
223,63.888755798339844,901.4299926757812,0.121856689453125,0.878143310546875,0.4070473611354828,0.0005766503745689988,0.21891085803508759,-0.006343305576592684,3.881315231323242
224,66.57524871826172,910.3900146484375,0.12197113037109375,0.8780288696289062,0.4067571461200714,0.0002562890585977584,0.20860622823238373,-0.0035742504987865686,3.8819587230682373
225,66.5379409790039,906.280029296875,0.12255859375,0.87744140625,0.4072113633155823,0.0005766503745689988,0.19577956199645996,-0.008023977279663086,3.8749258518218994
226,65.48677062988281,904.0900268554688,0.12162017822265625,0.8783798217773438,0.4069431722164154,0.0002562890585977584,0.19222810864448547,-0.004596508573740721,3.8862271308898926
227,65.70053100585938,897.22998046875,0.1211090087890625,0.8788909912109375,0.4071832597255707,0.00038443360244855285,0.20458291471004486,-0.007010589353740215,3.882586717605591
228,67.0905990600586,908.5,0.119873046875,0.880126953125,0.406509667634964,0.0005766503745689988,0.20009273290634155,-0.00762492511421442,3.875946044921875
229,65.97872924804688,910.6599731445312,0.11881256103515625,0.8811874389648438,0.40716874599456787,0.0008649755618534982,0.21681654453277588,-0.0036652744747698307,3.887613296508789
230,63.994773864746094,891.489990234375,0.1202545166015625,0.8797454833984375,0.4076673984527588,0.0005766503745689988,0.21663913130760193,-0.003920440096408129,3.8885161876678467
231,62.5726318359375,873.5900268554688,0.120880126953125,0.879119873046875,0.40838393568992615,0.0002562890585977584,0.21915403008460999,-0.00249109067954123,3.905545711517334
232,66.9430160522461,923.9400024414062,0.12068939208984375,0.8793106079101562,0.4085027277469635,0.0005766503745689988,0.20534035563468933,-0.006751533597707748,3.909348249435425
233,67.6534423828125,919.6099853515625,0.12004852294921875,0.8799514770507812,0.40831440687179565,0.0002562890585977584,0.1984793245792389,-0.003480655374005437,3.903780698776245
234,63.0802001953125,879.72998046875,0.12209320068359375,0.8779067993164062,0.4080313444137573,0.0005766503745689988,0.20457704365253448,-0.006531939376145601,3.899627208709717
235,67.60054779052734,916.8200073242188,0.12442779541015625,0.8755722045898438,0.40795060992240906,0.0005766503745689988,0.2144910991191864,-0.002967790002003312,3.903134346008301
236,66.05069732666016,901.0700073242188,0.12371826171875,0.87628173828125,0.40872645378112793,0.00038443360244855285,0.20981821417808533,-0.004027673043310642,3.9050588607788086
237,66.7276611328125,923.8699951171875,0.12299346923828125,0.8770065307617188,0.40879833698272705,0.0005766503745689988,0.20123592019081116,-0.008152720518410206,3.905463457107544
238,66.68434143066406,912.239990234375,0.12239837646484375,0.8776016235351562,0.4088475704193115,0.0005766503745689988,0.19835981726646423,-0.005209383554756641,3.9138545989990234
239,67.06173706054688,914.8499755859375,0.12258148193359375,0.8774185180664062,0.4086737632751465,0.0005766503745689988,0.20803171396255493,-0.0024536747951060534,3.912987470626831
240,68.40617370605469,925.989990234375,0.12102508544921875,0.8789749145507812,0.40912583470344543,0.0005766503745689988,0.19997727870941162,-0.0035902587696909904,3.9108548164367676
241,67.20084381103516,925.3400268554688,0.12036895751953125,0.8796310424804688,0.409158319234848,0.0005766503745689988,0.21045050024986267,-0.0057418760843575,3.92010498046875
242,66.54965209960938,901.2100219726562,0.11884307861328125,0.8811569213867188,0.4089021384716034,0.00038443360244855285,0.19619609415531158,-0.00213347258977592,3.9175667762756348
243,63.95512390136719,886.8699951171875,0.11731719970703125,0.8826828002929688,0.4082874655723572,0.0005766503745689988,0.20483103394508362,-0.007904798723757267,3.9071898460388184
244,67.1462631225586,907.1099853515625,0.116302490234375,0.883697509765625,0.40795278549194336,0.00038443360244855285,0.21964572370052338,-0.004341260064393282,3.902580976486206
245,66.59088897705078,900.2100219726562,0.1145782470703125,0.8854217529296875,0.4079359769821167,0.0002562890585977584,0.19246172904968262,-0.005398335866630077,3.8905022144317627
246,65.2024154663086,893.4199829101562,0.11444854736328125,0.8855514526367188,0.40807288885116577,0.0005766503745689988,0.20585057139396667,-0.006771301385015249,3.8948025703430176
247,65.9119644165039,894.9299926757812,0.113067626953125,0.886932373046875,0.4081903398036957,0.0005766503745689988,0.22025138139724731,-0.0035239967983216047,3.892683267593384
248,67.39049530029297,912.3900146484375,0.112213134765625,0.887786865234375,0.4076801538467407,0.00038443360244855285,0.20966431498527527,-0.0032466475386172533,3.8865909576416016
249,65.72882843017578,896.3599853515625,0.11290740966796875,0.8870925903320312,0.4075494110584259,0.0005766503745689988,0.20599357783794403,-0.00711103854700923,3.876413583755493
250,66.75853729248047,909.030029296875,0.11302947998046875,0.8869705200195312,0.4082854986190796,0.00038443360244855285,0.22814394533634186,-0.004062117543071508,3.8800740242004395
251,64.59365844726562,878.280029296875,0.11183929443359375,0.8881607055664062,0.4078558087348938,0.0005766503745689988,0.21130967140197754,-0.005554244387894869,3.8843352794647217
252,66.77342224121094,896.4400024414062,0.11118316650390625,0.8888168334960938,0.40818801522254944,0.00038443360244855285,0.22972816228866577,-0.0018378179520368576,3.8890161514282227
253,63.69772720336914,894.8200073242188,0.111419677734375,0.888580322265625,0.4077794551849365,0.0005766503745689988,0.21236923336982727,-0.00760519178584218,3.8855879306793213
254,68.09557342529297,910.7000122070312,0.11163330078125,0.88836669921875,0.4078700542449951,0.00038443360244855285,0.22608479857444763,-0.001998075284063816,3.8888890743255615
255,67.08023071289062,914.5599975585938,0.11135101318359375,0.8886489868164062,0.4071320593357086,0.0005766503745689988,0.2176840752363205,-0.005773388780653477,3.8754241466522217
256,65.15882873535156,893.0700073242188,0.111572265625,0.888427734375,0.40678513050079346,0.00038443360244855285,0.2244727909564972,-0.003682401031255722,3.8754143714904785
257,64.92729187011719,883.2100219726562,0.11046600341796875,0.8895339965820312,0.40712034702301025,0.0005766503745689988,0.21263423562049866,-0.006388254929333925,3.865337371826172
258,66.20537567138672,902.3499755859375,0.11090087890625,0.88909912109375,0.4073725938796997,0.0005766503745689988,0.21973010897636414,-0.0031672425102442503,3.8825557231903076
259,65.35639190673828,888.5399780273438,0.11347198486328125,0.8865280151367188,0.4077805280685425,0.00038443360244855285,0.22499264776706696,-0.0025379094295203686,3.8848683834075928
260,66.10877227783203,907.52001953125,0.11527252197265625,0.8847274780273438,0.40767598152160645,0.0005766503745689988,0.22612328827381134,-0.0037167281843721867,3.8891756534576416
261,65.3707046508789,899.9500122070312,0.113922119140625,0.886077880859375,0.4076959490776062,0.0005766503745689988,0.20926101505756378,-0.004239540547132492,3.8906805515289307
262,63.3360481262207,872.25,0.1145172119140625,0.8854827880859375,0.4083918333053589,0.0005766503745689988,0.2111426144838333,-0.006344516295939684,3.8935277462005615
263,65.05979919433594,903.0800170898438,0.11505126953125,0.88494873046875,0.4089335501194,0.0005766503745689988,0.21144089102745056,-0.004551017191261053,3.9024853706359863
264,65.86421203613281,899.1900024414062,0.11591339111328125,0.8840866088867188,0.40872201323509216,0.0005766503745689988,0.21500809490680695,-0.0027112900279462337,3.9111125469207764
265,65.94706726074219,901.3200073242188,0.115997314453125,0.884002685546875,0.4075801372528076,0.00038443360244855285,0.23612898588180542,-0.004126636311411858,3.895392417907715
266,63.069725036621094,863.010009765625,0.1176910400390625,0.8823089599609375,0.4070681929588318,0.0005766503745689988,0.22718873620033264,-0.005478242877870798,3.8781917095184326
267,67.62077331542969,927.1799926757812,0.1191864013671875,0.8808135986328125,0.406818687915802,0.0005766503745689988,0.23833762109279633,-0.0032331538386642933,3.868393659591675
268,64.81724548339844,889.22998046875,0.11971282958984375,0.8802871704101562,0.40712928771972656,0.0005766503745689988,0.24255511164665222,-0.003954438958317041,3.8714523315429688
269,63.8414192199707,878.5,0.12023162841796875,0.8797683715820312,0.4068107604980469,0.0005766503745689988,0.24572792649269104,-0.00466224504634738,3.871534585952759
270,67.02046203613281,902.5900268554688,0.12319183349609375,0.8768081665039062,0.40705764293670654,0.00038443360244855285,0.24187348783016205,-0.004698911216109991,3.8723278045654297
271,64.52845764160156,891.760009765625,0.1240386962890625,0.8759613037109375,0.4072088599205017,0.0005766503745689988,0.24801993370056152,-0.006145084276795387,3.8804738521575928
272,66.2311782836914,891.6500244140625,0.12628173828125,0.87371826171875,0.40688639879226685,0.0005766503745689988,0.22416120767593384,-0.004790205508470535,3.8795599937438965
273,64.25045776367188,867.77001953125,0.128173828125,0.871826171875,0.40740543603897095,0.0005766503745689988,0.2438536137342453,-0.005013648420572281,3.882355213165283
274,65.81803131103516,910.4600219726562,0.12940216064453125,0.8705978393554688,0.4076492488384247,0.00038443360244855285,0.2294667512178421,-0.005769043229520321,3.8868567943573
275,65.8391342163086,904.0399780273438,0.13088226318359375,0.8691177368164062,0.40732017159461975,0.0005766503745689988,0.23132552206516266,-0.007324645295739174,3.889051914215088
276,66.42737579345703,892.0399780273438,0.1313323974609375,0.8686676025390625,0.4076266288757324,0.0005766503745689988,0.21591106057167053,-0.004820186644792557,3.881572961807251
277,65.99481201171875,892.1199951171875,0.1337432861328125,0.8662567138671875,0.4082414507865906,0.00038443360244855285,0.2278776317834854,-0.004114667885005474,3.892810583114624
278,67.2471923828125,896.4199829101562,0.135009765625,0.864990234375,0.4087432026863098,0.0005766503745689988,0.23372188210487366,-0.006242823321372271,3.9031031131744385
279,67.02919006347656,910.1199951171875,0.13590240478515625,0.8640975952148438,0.4101088047027588,0.0008649755618534982,0.21235965192317963,-0.005303355865180492,3.923050880432129
280,63.265445709228516,886.1099853515625,0.13553619384765625,0.8644638061523438,0.4099660813808441,0.0002562890585977584,0.21399939060211182,-0.0019341702573001385,3.937509775161743
281,67.06520080566406,899.0900268554688,0.13555908203125,0.86444091796875,0.4102977216243744,0.0005766503745689988,0.2181103527545929,-0.007547683548182249,3.932147264480591
282,64.35354614257812,881.1300048828125,0.13568878173828125,0.8643112182617188,0.4102810025215149,0.00017085937724914402,0.2387426793575287,0.0012874710373580456,3.9455697536468506
283,65.93933868408203,906.3699951171875,0.1353759765625,0.8646240234375,0.4106714129447937,0.00038443360244855285,0.2441931962966919,-0.008225511759519577,3.937368392944336
284,67.2636947631836,901.9400024414062,0.1362762451171875,0.8637237548828125,0.410355806350708,0.00038443360244855285,0.23775170743465424,-0.0059367213398218155,3.941939115524292
285,63.66925048828125,870.52001953125,0.13779449462890625,0.8622055053710938,0.41034451127052307,0.0005766503745689988,0.2256246954202652,-0.006278295535594225,3.9297878742218018
286,64.36962890625,890.6099853515625,0.14014434814453125,0.8598556518554688,0.4101852476596832,0.00038443360244855285,0.2371542900800705,-0.00586312310770154,3.9335684776306152
287,64.02452850341797,870.22998046875,0.14023590087890625,0.8597640991210938,0.41030335426330566,0.0005766503745689988,0.22912561893463135,-0.007601496297866106,3.9252381324768066
288,64.53022766113281,880.4400024414062,0.1417388916015625,0.8582611083984375,0.4100103974342346,0.0005766503745689988,0.23504363000392914,-0.004390738904476166,3.930478096008301
289,66.97979736328125,919.010009765625,0.14131927490234375,0.8586807250976562,0.4105234742164612,0.00038443360244855285,0.23344196379184723,-0.004734392277896404,3.9258131980895996
290,64.91160583496094,902.72998046875,0.1407928466796875,0.8592071533203125,0.4107751250267029,0.0005766503745689988,0.22650791704654694,-0.005383003503084183,3.935549020767212
291,64.52840423583984,883.47998046875,0.140899658203125,0.859100341796875,0.41079992055892944,0.00017085937724914402,0.22756309807300568,-0.0030704981181770563,3.9396777153015137
292,64.38607025146484,902.760009765625,0.14267730712890625,0.8573226928710938,0.4103497266769409,0.00038443360244855285,0.21344313025474548,-0.0074124825187027454,3.934501886367798
293,66.508544921875,907.8099975585938,0.14471435546875,0.85528564453125,0.41076406836509705,0.0005766503745689988,0.22768278419971466,-0.007590994704514742,3.935783863067627
294,67.3829116821289,906.3599853515625,0.144378662109375,0.855621337890625,0.41077345609664917,0.0005766503745689988,0.22469741106033325,-0.004108545370399952,3.9423797130584717
295,63.474761962890625,873.5900268554688,0.14455413818359375,0.8554458618164062,0.41060274839401245,0.0002562890585977584,0.24822840094566345,-0.002662812126800418,3.936899185180664
296,64.59077453613281,894.3099975585938,0.14363861083984375,0.8563613891601562,0.40995827317237854,0.00038443360244855285,0.2287827730178833,-0.007991212420165539,3.9332916736602783
297,62.97810363769531,871.4400024414062,0.14174652099609375,0.8582534790039062,0.41052278876304626,0.0005766503745689988,0.2375468611717224,-0.008284807205200195,3.9313008785247803
298,68.95365905761719,936.3099975585938,0.14299774169921875,0.8570022583007812,0.4106944799423218,0.00038443360244855285,0.21881790459156036,-0.0039948755875229836,3.938528537750244
299,67.32987976074219,906.8300170898438,0.143341064453125,0.856658935546875,0.4105552136898041,0.0005766503745689988,0.20949003100395203,-0.008163440972566605,3.934720039367676
300,64.79796600341797,863.8599853515625,0.14354705810546875,0.8564529418945312,0.41009342670440674,0.00038443360244855285,0.22285468876361847,-0.003730962984263897,3.931095838546753
301,68.58053588867188,938.5999755859375,0.14307403564453125,0.8569259643554688,0.4097480773925781,0.0005766503745689988,0.21404659748077393,-0.0042757196351885796,3.921078681945801
302,68.89063262939453,916.2899780273438,0.14105987548828125,0.8589401245117188,0.4097907543182373,0.0005766503745689988,0.22078388929367065,-0.0050058914348483086,3.9245331287384033
303,66.61819458007812,903.6500244140625,0.14019012451171875,0.8598098754882812,0.40900489687919617,0.0008649755618534982,0.2098662406206131,-0.004437307361513376,3.9146244525909424
304,63.8643684387207,880.969970703125,0.13979339599609375,0.8602066040039062,0.40880173444747925,0.0005766503745689988,0.20682771503925323,-0.004510217811912298,3.905449151992798
305,66.56014251708984,913.4199829101562,0.1390533447265625,0.8609466552734375,0.4092162847518921,0.0005766503745689988,0.2005111575126648,-0.004271439742296934,3.909252405166626
306,66.25700378417969,900.969970703125,0.1391754150390625,0.8608245849609375,0.40883949398994446,0.0005766503745689988,0.20032493770122528,-0.004562040325254202,3.909022569656372
307,67.87433624267578,908.0999755859375,0.1377716064453125,0.8622283935546875,0.4093087613582611,0.0005766503745689988,0.23561549186706543,-0.005796068347990513,3.9092695713043213
308,65.91038513183594,899.9199829101562,0.13594818115234375,0.8640518188476562,0.4091171622276306,0.0005766503745689988,0.20885424315929413,-0.005925957579165697,3.912351608276367
309,64.96942901611328,888.260009765625,0.1344146728515625,0.8655853271484375,0.4094651937484741,0.0005766503745689988,0.2069631814956665,-0.004705073311924934,3.9179179668426514
310,66.5855712890625,911.1199951171875,0.1346435546875,0.8653564453125,0.4093278646469116,0.0008649755618534982,0.22107328474521637,-0.005161726381629705,3.913710117340088
311,64.34870910644531,884.7000122070312,0.1344757080078125,0.8655242919921875,0.4090469479560852,0.0005766503745689988,0.21284516155719757,-0.004997701849788427,3.9099836349487305
312,65.87973022460938,907.4299926757812,0.13558197021484375,0.8644180297851562,0.4086662530899048,0.0005766503745689988,0.2137122005224228,-0.0036759355571120977,3.9055323600769043
313,64.38575744628906,895.1699829101562,0.13475799560546875,0.8652420043945312,0.40894442796707153,0.0005766503745689988,0.2143978774547577,-0.0046293484047055244,3.90226411819458
314,63.67554473876953,873.9400024414062,0.1354522705078125,0.8645477294921875,0.4086090326309204,0.0005766503745689988,0.21281926333904266,-0.006345011759549379,3.9067461490631104
315,67.61873626708984,910.7899780273438,0.1346282958984375,0.8653717041015625,0.4078974425792694,0.0005766503745689988,0.20244401693344116,-0.004537555854767561,3.8914146423339844
316,64.9256820678711,903.1099853515625,0.13355255126953125,0.8664474487304688,0.40804287791252136,0.0005766503745689988,0.21920262277126312,-0.005643039476126432,3.8927597999572754
317,63.57698440551758,880.0800170898438,0.1334381103515625,0.8665618896484375,0.4084162712097168,0.0005766503745689988,0.19939646124839783,-0.005625536199659109,3.899341106414795
318,69.54840850830078,934.780029296875,0.1307373046875,0.8692626953125,0.40838080644607544,0.0008649755618534982,0.1994176208972931,-0.004149849526584148,3.8931479454040527
319,64.31431579589844,876.72998046875,0.1280975341796875,0.8719024658203125,0.4084438681602478,0.00038443360244855285,0.19952519237995148,-0.004884065128862858,3.905226469039917
320,66.75485229492188,900.6099853515625,0.12885284423828125,0.8711471557617188,0.40894219279289246,0.0005766503745689988,0.19172513484954834,-0.006255061831325293,3.9037301540374756
321,65.7051773071289,907.1400146484375,0.1313018798828125,0.8686981201171875,0.4086609482765198,0.0005766503745689988,0.19518403708934784,-0.0052213468588888645,3.9096839427948
322,64.60944366455078,897.3099975585938,0.12963104248046875,0.8703689575195312,0.4089648723602295,0.00038443360244855285,0.18651342391967773,-0.004760220181196928,3.913449764251709
323,69.0840835571289,927.5900268554688,0.12799835205078125,0.8720016479492188,0.4094134569168091,0.0005766503745689988,0.18356631696224213,-0.006841200403869152,3.902372121810913
324,67.74369812011719,916.8499755859375,0.126708984375,0.873291015625,0.40884625911712646,0.0005766503745689988,0.1896863877773285,-0.0033998459111899137,3.917313814163208
325,68.8073959350586,914.7000122070312,0.12613677978515625,0.8738632202148438,0.4089611768722534,0.00038443360244855285,0.17592298984527588,-0.0008815581677481532,3.90975284576416
326,67.6964111328125,920.3400268554688,0.12429046630859375,0.8757095336914062,0.4086025357246399,0.0005766503745689988,0.1886446624994278,-0.006243668030947447,3.9013936519622803
327,68.0136489868164,921.469970703125,0.12255096435546875,0.8774490356445312,0.40874356031417847,0.00038443360244855285,0.19111590087413788,-0.0068335020914673805,3.9005532264709473
328,70.26165771484375,939.52001953125,0.1190338134765625,0.8809661865234375,0.4082748293876648,0.0005766503745689988,0.20209622383117676,-0.004672312643378973,3.9007961750030518
329,63.3423957824707,873.6900024414062,0.11931610107421875,0.8806838989257812,0.40763038396835327,0.0005766503745689988,0.19821277260780334,-0.004815146327018738,3.8871009349823
330,63.951026916503906,876.8300170898438,0.119476318359375,0.880523681640625,0.4076557159423828,0.0005766503745689988,0.19610615074634552,-0.004495728760957718,3.8802669048309326
331,65.61760711669922,909.8200073242188,0.119537353515625,0.880462646484375,0.407435804605484,0.0005766503745689988,0.21448563039302826,-0.005066836718469858,3.870060682296753
332,70.28581237792969,936.219970703125,0.1198272705078125,0.8801727294921875,0.4073244333267212,0.0005766503745689988,0.186529740691185,-0.005399813875555992,3.865607976913452
333,67.63290405273438,924.4199829101562,0.11913299560546875,0.8808670043945312,0.4077376425266266,0.0005766503745689988,0.20417897403240204,-0.004887500312179327,3.866638660430908
334,66.45331573486328,907.9000244140625,0.116973876953125,0.883026123046875,0.4079131782054901,0.0005766503745689988,0.20837293565273285,-0.0030454143416136503,3.8689918518066406
335,65.8012466430664,897.1599731445312,0.11560821533203125,0.8843917846679688,0.40873152017593384,0.0005766503745689988,0.2117825299501419,-0.00367311155423522,3.8833441734313965
336,69.28778076171875,926.6799926757812,0.11478424072265625,0.8852157592773438,0.4088378846645355,0.00038443360244855285,0.2202153354883194,-0.0037164182867854834,3.887234687805176
337,64.47869110107422,879.8499755859375,0.115692138671875,0.884307861328125,0.40946853160858154,0.0005766503745689988,0.21777284145355225,-0.005001226905733347,3.895399332046509
338,66.07437133789062,904.2100219726562,0.11763763427734375,0.8823623657226562,0.4101722240447998,0.0005766503745689988,0.20623479783535004,-0.0035847157705575228,3.8961846828460693
339,65.26301574707031,890.3699951171875,0.11595916748046875,0.8840408325195312,0.4103543162345886,0.00038443360244855285,0.22606390714645386,-0.0031862310133874416,3.9103739261627197
340,65.98188781738281,913.5599975585938,0.1160125732421875,0.8839874267578125,0.4103005826473236,0.0005766503745689988,0.21086125075817108,-0.005879309959709644,3.904026746749878
341,70.65138244628906,933.72998046875,0.115081787109375,0.884918212890625,0.4098840355873108,0.0005766503745689988,0.22071607410907745,-0.004172415938228369,3.9001283645629883
342,63.04775619506836,876.8200073242188,0.11215972900390625,0.8878402709960938,0.4101549983024597,0.00038443360244855285,0.20682920515537262,-0.003957030363380909,3.899873971939087
343,65.2208480834961,894.1599731445312,0.11386871337890625,0.8861312866210938,0.40973275899887085,0.0005766503745689988,0.22387245297431946,-0.00470689358189702,3.89776611328125
344,67.9609146118164,909.739990234375,0.11347198486328125,0.8865280151367188,0.41096386313438416,0.00038443360244855285,0.2190270870923996,-0.005507045891135931,3.9117379188537598
345,68.31129455566406,909.5700073242188,0.11342620849609375,0.8865737915039062,0.4102400839328766,0.0005766503745689988,0.2188638150691986,-0.0060704234056174755,3.9065465927124023
346,68.15133666992188,916.0399780273438,0.11328125,0.88671875,0.41008514165878296,0.0005766503745689988,0.20668141543865204,-0.0047078849747776985,3.904017448425293
347,66.74593353271484,907.7000122070312,0.1124725341796875,0.8875274658203125,0.41015344858169556,0.0005766503745689988,0.217275008559227,-0.006289917044341564,3.9059762954711914
348,65.38743591308594,874.3499755859375,0.1128692626953125,0.8871307373046875,0.40926969051361084,0.0005766503745689988,0.20633213222026825,-0.0032085103448480368,3.893855333328247
349,65.96515655517578,890.1199951171875,0.114166259765625,0.885833740234375,0.4095040559768677,0.0005766503745689988,0.20589512586593628,-0.005507312249392271,3.880181074142456
350,66.3885269165039,884.489990234375,0.11504364013671875,0.8849563598632812,0.4088863730430603,0.0005766503745689988,0.21535183489322662,-0.00493441428989172,3.886019706726074
351,69.14215850830078,917.6300048828125,0.11407470703125,0.88592529296875,0.40877074003219604,0.0005766503745689988,0.2023329734802246,-0.003570870729163289,3.8804922103881836
352,66.24942016601562,894.969970703125,0.113433837890625,0.886566162109375,0.40830960869789124,0.00038443360244855285,0.21237175166606903,-0.005619513336569071,3.8632068634033203
353,67.302001953125,907.219970703125,0.1131591796875,0.8868408203125,0.4089409112930298,0.0005766503745689988,0.21660426259040833,-0.0076637864112854,3.867027759552002
354,67.70037841796875,914.7000122070312,0.11219024658203125,0.8878097534179688,0.4092935621738434,0.0005766503745689988,0.2105214148759842,-0.004227074794471264,3.8800413608551025
355,65.94976043701172,899.3499755859375,0.1119232177734375,0.8880767822265625,0.4096411466598511,0.0005766503745689988,0.2253241389989853,-0.004767018370330334,3.8712539672851562
356,61.70428466796875,841.6199951171875,0.11336517333984375,0.8866348266601562,0.409981906414032,0.0005766503745689988,0.21867334842681885,-0.006788068450987339,3.8872387409210205
357,65.5180892944336,896.1799926757812,0.11734771728515625,0.8826522827148438,0.4094165861606598,0.0005766503745689988,0.21391676366329193,-0.006111410446465015,3.8804538249969482
358,66.17353820800781,896.5900268554688,0.11983489990234375,0.8801651000976562,0.40845632553100586,0.00038443360244855285,0.2176564782857895,-0.0055666761472821236,3.8683078289031982
359,64.54730224609375,867.280029296875,0.1202239990234375,0.8797760009765625,0.40825292468070984,0.0005766503745689988,0.22003978490829468,-0.007064260076731443,3.8624563217163086
360,67.98712921142578,912.6199951171875,0.1199951171875,0.8800048828125,0.4080130159854889,0.0002562890585977584,0.20832619071006775,-0.005484761204570532,3.862596035003662
361,69.57746124267578,930.8099975585938,0.11969757080078125,0.8803024291992188,0.40777528285980225,0.00038443360244855285,0.22926250100135803,-0.008031933568418026,3.8590242862701416
362,69.29174041748047,914.7000122070312,0.12093353271484375,0.8790664672851562,0.4081864655017853,0.0005766503745689988,0.22228115797042847,-0.00732941459864378,3.86065936088562
363,68.37074279785156,908.3699951171875,0.12142181396484375,0.8785781860351562,0.4083017110824585,0.0005766503745689988,0.2172180563211441,-0.005884284153580666,3.8603286743164062
364,62.7658576965332,858.97998046875,0.12233734130859375,0.8776626586914062,0.40726789832115173,0.00038443360244855285,0.22252610325813293,-0.002561084693297744,3.858123540878296
365,68.15833282470703,916.989990234375,0.1228485107421875,0.8771514892578125,0.4075714349746704,0.0005766503745689988,0.2255423367023468,-0.0067713819444179535,3.8419220447540283
366,68.75777435302734,921.989990234375,0.12158203125,0.87841796875,0.40621066093444824,0.00038443360244855285,0.21050158143043518,-0.004048209171742201,3.8384127616882324
367,66.76171112060547,905.2999877929688,0.120391845703125,0.879608154296875,0.4060233235359192,0.0005766503745689988,0.2219834327697754,-0.007220028433948755,3.818911075592041
368,65.99659729003906,897.3599853515625,0.1190338134765625,0.8809661865234375,0.406802773475647,0.0005766503745689988,0.22664563357830048,-0.004683624021708965,3.830756187438965
369,65.2211685180664,894.27001953125,0.11885833740234375,0.8811416625976562,0.4076370894908905,0.0005766503745689988,0.21545718610286713,-0.003513298463076353,3.8412318229675293
370,67.43927001953125,906.4600219726562,0.11865997314453125,0.8813400268554688,0.4085136651992798,0.0002562890585977584,0.1999865025281906,-0.006957057397812605,3.8529229164123535
371,67.36263275146484,896.280029296875,0.11894989013671875,0.8810501098632812,0.4085228145122528,0.0005766503745689988,0.21769411861896515,-0.006514761596918106,3.853454828262329
372,67.08306884765625,917.719970703125,0.12055206298828125,0.8794479370117188,0.40833884477615356,0.0005766503745689988,0.20719966292381287,-0.003990285098552704,3.855318784713745
373,63.76636505126953,886.97998046875,0.1183319091796875,0.8816680908203125,0.4086083769798279,0.00038443360244855285,0.21707068383693695,-0.00422846432775259,3.854139804840088
374,68.37128448486328,922.6400146484375,0.11749267578125,0.88250732421875,0.4077832102775574,0.0005766503745689988,0.22888867557048798,-0.00809901300817728,3.8536572456359863
375,66.51454162597656,893.219970703125,0.11553955078125,0.88446044921875,0.40876448154449463,0.0005766503745689988,0.21826454997062683,-0.0032202915754169226,3.85787296295166
376,67.59750366210938,899.7999877929688,0.11655426025390625,0.8834457397460938,0.4089656472206116,0.0005766503745689988,0.22313204407691956,-0.002835991559550166,3.8728744983673096
377,66.14309692382812,909.3400268554688,0.11608123779296875,0.8839187622070312,0.4087700843811035,0.0005766503745689988,0.22050483524799347,-0.005692864768207073,3.86487078666687
378,66.34253692626953,888.8599853515625,0.11539459228515625,0.8846054077148438,0.4087247848510742,0.0005766503745689988,0.20609651505947113,-0.006808805279433727,3.871173620223999
379,67.78956604003906,916.5399780273438,0.11475372314453125,0.8852462768554688,0.4086061120033264,0.0005766503745689988,0.214036762714386,-0.003393676830455661,3.8658804893493652
380,68.75727081298828,918.1699829101562,0.11302947998046875,0.8869705200195312,0.4089391827583313,0.0005766503745689988,0.23020464181900024,-0.004006586503237486,3.8774378299713135
381,64.2334976196289,866.0999755859375,0.11197662353515625,0.8880233764648438,0.4090172350406647,0.00038443360244855285,0.22751733660697937,-0.004764539189636707,3.869781732559204
382,66.3929672241211,892.6500244140625,0.11313629150390625,0.8868637084960938,0.4096604287624359,0.0005766503745689988,0.2370905578136444,-0.0067352838814258575,3.877162456512451
383,67.26222229003906,899.5700073242188,0.1124114990234375,0.8875885009765625,0.41003257036209106,0.0002562890585977584,0.23017989099025726,-0.0027039414271712303,3.8968467712402344
384,64.03535461425781,877.3800048828125,0.11392974853515625,0.8860702514648438,0.4098548889160156,0.00038443360244855285,0.24221941828727722,-0.00599359767511487,3.890488624572754
385,69.03490447998047,907.010009765625,0.1153106689453125,0.8846893310546875,0.41001829504966736,0.0005766503745689988,0.21507106721401215,-0.006410336121916771,3.894104480743408
386,65.78964233398438,883.02001953125,0.11373138427734375,0.8862686157226562,0.40947598218917847,0.0002562890585977584,0.22080861032009125,-0.00024513225071132183,3.886443853378296
387,67.41509246826172,904.530029296875,0.11236572265625,0.88763427734375,0.4094443917274475,0.0005766503745689988,0.22027604281902313,-0.0063859703950583935,3.876864194869995
388,62.738243103027344,854.969970703125,0.1121826171875,0.8878173828125,0.40921685099601746,0.00038443360244855285,0.22655057907104492,-0.0020973451901227236,3.8804776668548584
389,67.05670928955078,911.260009765625,0.11492156982421875,0.8850784301757812,0.4101466238498688,0.0005766503745689988,0.21679367125034332,-0.005991055630147457,3.878013849258423
390,64.28565216064453,869.4400024414062,0.1153564453125,0.8846435546875,0.4099773168563843,0.00038443360244855285,0.21309788525104523,-0.0037796131800860167,3.8865983486175537
391,68.89744567871094,911.760009765625,0.116546630859375,0.883453369140625,0.40991726517677307,0.0005766503745689988,0.21938259899616241,-0.00644221855327487,3.878821849822998
392,72.05696105957031,940.7000122070312,0.11717987060546875,0.8828201293945312,0.41042476892471313,0.0005766503745689988,0.22295840084552765,-0.004974696785211563,3.8856499195098877
393,63.015350341796875,848.97998046875,0.11782073974609375,0.8821792602539062,0.4094069004058838,0.00038443360244855285,0.2158387154340744,-0.003934559412300587,3.875370502471924
394,68.42191314697266,914.7999877929688,0.118438720703125,0.881561279296875,0.40882009267807007,0.0005766503745689988,0.20116698741912842,-0.007009110413491726,3.8558759689331055
395,67.04180145263672,908.5999755859375,0.11748504638671875,0.8825149536132812,0.4093559980392456,0.0005766503745689988,0.21242931485176086,-0.005334022454917431,3.858945369720459
396,68.77240753173828,919.3099975585938,0.11754608154296875,0.8824539184570312,0.4090730547904968,0.00038443360244855285,0.22183436155319214,-0.0030391754116863012,3.8654794692993164
397,68.69279479980469,915.5900268554688,0.11710357666015625,0.8828964233398438,0.40891772508621216,0.0005766503745689988,0.2226267158985138,-0.003846322651952505,3.861609697341919
398,66.59375,890.5800170898438,0.11707305908203125,0.8829269409179688,0.4083941578865051,0.0002562890585977584,0.2209232598543167,-0.0017654153052717447,3.8606209754943848
399,66.40165710449219,893.97998046875,0.1173248291015625,0.8826751708984375,0.4085303843021393,0.0005766503745689988,0.2010907232761383,-0.006128302309662104,3.8403987884521484
400,66.9725341796875,899.280029296875,0.118804931640625,0.881195068359375,0.40869829058647156,0.0002562890585977584,0.23350048065185547,-0.002912353491410613,3.85903000831604
401,68.15068817138672,904.7899780273438,0.11898040771484375,0.8810195922851562,0.4088241755962372,0.0005766503745689988,0.2206994891166687,-0.0075056408531963825,3.8390090465545654
402,67.64054870605469,907.5399780273438,0.11917877197265625,0.8808212280273438,0.4086463451385498,0.00038443360244855285,0.22444376349449158,-0.003727155504748225,3.8591349124908447
403,61.82904052734375,864.5800170898438,0.12024688720703125,0.8797531127929688,0.4097049832344055,0.0005766503745689988,0.2096719890832901,-0.004710356704890728,3.863546848297119
404,68.9262924194336,927.4299926757812,0.12213134765625,0.87786865234375,0.4104905128479004,0.0005766503745689988,0.22509077191352844,-0.0031395882833749056,3.885723829269409
405,67.94204711914062,906.02001953125,0.12188720703125,0.87811279296875,0.41014042496681213,0.00038443360244855285,0.2126111537218094,-0.0030594232957810163,3.880112409591675
406,65.39555358886719,887.6699829101562,0.12157440185546875,0.8784255981445312,0.4100399613380432,0.0005766503745689988,0.22034099698066711,-0.004879340063780546,3.8685948848724365
407,67.8965072631836,900.4199829101562,0.12357330322265625,0.8764266967773438,0.4105839729309082,0.00038443360244855285,0.22192971408367157,-0.002437424845993519,3.8839666843414307
408,68.08512115478516,906.3200073242188,0.124786376953125,0.875213623046875,0.4110857844352722,0.0005766503745689988,0.22239507734775543,-0.005920082796365023,3.887556552886963
409,67.7044906616211,920.1500244140625,0.1254119873046875,0.8745880126953125,0.4114408493041992,0.0008649755618534982,0.22556141018867493,-0.005268406588584185,3.8844780921936035
410,66.45346069335938,881.0800170898438,0.12699127197265625,0.8730087280273438,0.41204866766929626,0.0005766503745689988,0.2073059231042862,-0.004383341874927282,3.9080159664154053
411,68.56785583496094,913.760009765625,0.128021240234375,0.871978759765625,0.41179153323173523,0.0005766503745689988,0.20617316663265228,-0.004458709619939327,3.9043047428131104
412,66.29035949707031,882.9000244140625,0.127838134765625,0.872161865234375,0.41185513138771057,0.00038443360244855285,0.223557710647583,-0.0040802122093737125,3.9079742431640625
413,67.57666015625,906.8599853515625,0.12868499755859375,0.8713150024414062,0.4124240577220917,0.0005766503745689988,0.21096955239772797,-0.006662163883447647,3.9063026905059814
414,65.43011474609375,881.0999755859375,0.12874603271484375,0.8712539672851562,0.4138339161872864,0.0005766503745689988,0.21321113407611847,-0.0050224121659994125,3.928637981414795
415,64.6883773803711,888.6500244140625,0.12774658203125,0.87225341796875,0.41348278522491455,0.0008649755618534982,0.20973153412342072,-0.0045911087654531,3.9281725883483887
416,65.78406524658203,898.9299926757812,0.12705230712890625,0.8729476928710938,0.4134414494037628,0.0005766503745689988,0.1984139233827591,-0.004423121921718121,3.92232084274292
417,65.2848129272461,894.530029296875,0.12552642822265625,0.8744735717773438,0.4133216142654419,0.0005766503745689988,0.2195412665605545,-0.004455371759831905,3.92626690864563
418,68.45636749267578,914.0,0.12476348876953125,0.8752365112304688,0.41341733932495117,0.0005766503745689988,0.2038920521736145,-0.005611900240182877,3.923640727996826
419,64.8514633178711,874.5499877929688,0.12298583984375,0.87701416015625,0.4131584167480469,0.0008649755618534982,0.22427238523960114,-0.006274223793298006,3.9272167682647705
420,68.49095916748047,912.9199829101562,0.1223297119140625,0.8776702880859375,0.4138491153717041,0.00038443360244855285,0.21841764450073242,-0.0010568479774519801,3.932610511779785
421,66.85607147216797,903.77001953125,0.121185302734375,0.878814697265625,0.4145135283470154,0.0005766503745689988,0.21469204127788544,-0.005401935428380966,3.934537172317505
422,67.27997589111328,899.0800170898438,0.122833251953125,0.877166748046875,0.41381025314331055,0.00038443360244855285,0.22929911315441132,-0.0034646186977624893,3.943355083465576
423,68.94129180908203,927.3699951171875,0.12229156494140625,0.8777084350585938,0.413107305765152,0.0005766503745689988,0.2119482457637787,-0.007361793424934149,3.9191224575042725
424,66.79523468017578,905.1400146484375,0.12038421630859375,0.8796157836914062,0.4129076600074768,0.00038443360244855285,0.21112847328186035,-0.003178752725943923,3.918598175048828
425,68.00821685791016,902.9199829101562,0.12102508544921875,0.8789749145507812,0.41260942816734314,0.0005766503745689988,0.20786990225315094,-0.004667416214942932,3.9129409790039062
426,67.3428726196289,910.9500122070312,0.12100982666015625,0.8789901733398438,0.4124467372894287,0.0005766503745689988,0.22232989966869354,-0.003998890519142151,3.9067559242248535
427,67.00456237792969,912.3099975585938,0.12188720703125,0.87811279296875,0.41288137435913086,0.0005766503745689988,0.20176078379154205,-0.004247981123626232,3.9141998291015625
428,68.97537994384766,927.75,0.1208953857421875,0.8791046142578125,0.4128236472606659,0.0005766503745689988,0.19433073699474335,-0.004864023998379707,3.9109506607055664
429,70.21867370605469,934.010009765625,0.1188812255859375,0.8811187744140625,0.4129655063152313,0.0005766503745689988,0.1908801794052124,-0.00325320684351027,3.9173083305358887
430,69.85008239746094,934.4500122070312,0.117431640625,0.882568359375,0.4134383201599121,0.0005766503745689988,0.21468737721443176,-0.002688128035515547,3.919900894165039
431,67.40034484863281,896.260009765625,0.118072509765625,0.881927490234375,0.4137899875640869,0.00038443360244855285,0.19681674242019653,-0.0021312383469194174,3.928220272064209
432,69.6725082397461,939.75,0.116607666015625,0.883392333984375,0.4132057726383209,0.0005766503745689988,0.19624760746955872,-0.0068855429999530315,3.925415277481079
433,65.19649505615234,889.4099731445312,0.114501953125,0.885498046875,0.41229039430618286,0.00038443360244855285,0.18051743507385254,-0.006403496954590082,3.9109272956848145
434,68.0006103515625,920.8200073242188,0.1136627197265625,0.8863372802734375,0.4116330146789551,0.0005766503745689988,0.18949256837368011,-0.00592721626162529,3.896660804748535
435,70.31336975097656,930.2100219726562,0.11297607421875,0.88702392578125,0.41157740354537964,0.00017085937724914402,0.18206268548965454,0.004162540193647146,3.893522024154663
436,66.3547592163086,905.0800170898438,0.111907958984375,0.888092041015625,0.41177523136138916,0.00038443360244855285,0.18948906660079956,-0.0066580320708453655,3.8934850692749023
437,64.61561584472656,875.0,0.11038970947265625,0.8896102905273438,0.4111790657043457,0.00038443360244855285,0.20907041430473328,-0.005962088704109192,3.8865315914154053
438,68.3743667602539,919.4299926757812,0.10874176025390625,0.8912582397460938,0.4104926586151123,0.00038443360244855285,0.21148188412189484,-0.003245975822210312,3.879882335662842
439,66.58010864257812,901.2999877929688,0.1071014404296875,0.8928985595703125,0.41013455390930176,0.0005766503745689988,0.20182541012763977,-0.005722660571336746,3.858067274093628
440,68.69029998779297,918.7000122070312,0.1072540283203125,0.8927459716796875,0.41103100776672363,0.0008649755618534982,0.2144375741481781,-0.00496172858402133,3.880581855773926
441,64.82484436035156,873.510009765625,0.10607147216796875,0.8939285278320312,0.410793662071228,0.0005766503745689988,0.2195713222026825,-0.003951393999159336,3.877286911010742
442,66.08873748779297,887.7899780273438,0.10665130615234375,0.8933486938476562,0.41068214178085327,0.0005766503745689988,0.21798419952392578,-0.004078228026628494,3.8816075325012207
443,65.95574951171875,891.6099853515625,0.1062469482421875,0.8937530517578125,0.4104255139827728,0.0005766503745689988,0.22740407288074493,-0.004426207393407822,3.86777400970459
444,65.1138916015625,884.22998046875,0.10654449462890625,0.8934555053710938,0.4098101854324341,0.00038443360244855285,0.21087947487831116,-0.0014524860307574272,3.8710126876831055
445,66.31741333007812,904.3300170898438,0.1068878173828125,0.8931121826171875,0.40945619344711304,0.0005766503745689988,0.2324884831905365,-0.006930298171937466,3.852673053741455
446,66.60186767578125,902.8499755859375,0.10503387451171875,0.8949661254882812,0.40979358553886414,0.00038443360244855285,0.21404598653316498,-0.0053874291479587555,3.8636980056762695
447,67.50137329101562,912.1799926757812,0.10595703125,0.89404296875,0.40916022658348083,0.0005766503745689988,0.23390814661979675,-0.00462573766708374,3.8506979942321777
448,66.4679183959961,886.4000244140625,0.10626983642578125,0.8937301635742188,0.4092555046081543,0.00038443360244855285,0.23990797996520996,-0.004078791011124849,3.8576810359954834
449,67.05098724365234,899.9400024414062,0.10703277587890625,0.8929672241210938,0.4095340967178345,0.00038443360244855285,0.22356508672237396,-0.004775304347276688,3.856091022491455
450,65.88850402832031,883.969970703125,0.10788726806640625,0.8921127319335938,0.4087953567504883,0.0005766503745689988,0.20702025294303894,-0.006561862304806709,3.8516697883605957
451,71.50567626953125,933.4000244140625,0.1098175048828125,0.8901824951171875,0.40871378779411316,0.00038443360244855285,0.22696952521800995,-0.0051991306245327,3.8454506397247314
452,68.16509246826172,895.8499755859375,0.109222412109375,0.890777587890625,0.4085473120212555,0.0005766503745689988,0.20515209436416626,-0.007073663640767336,3.8489935398101807
453,64.49634552001953,867.219970703125,0.10953521728515625,0.8904647827148438,0.4080001711845398,0.00038443360244855285,0.22127339243888855,-0.001930785016156733,3.8421993255615234
454,66.45587921142578,899.5700073242188,0.1109466552734375,0.8890533447265625,0.40797537565231323,0.0005766503745689988,0.2048768550157547,-0.0038438867777585983,3.831204891204834
455,68.15239715576172,910.7999877929688,0.11136627197265625,0.8886337280273438,0.408098429441452,0.00038443360244855285,0.220890074968338,-0.002985742874443531,3.8330883979797363
456,69.50289154052734,931.760009765625,0.1108245849609375,0.8891754150390625,0.4077916145324707,0.0005766503745689988,0.23596134781837463,-0.00529632531106472,3.824547290802002
457,68.27069854736328,906.8900146484375,0.11019134521484375,0.8898086547851562,0.4086059033870697,0.0005766503745689988,0.2117837369441986,-0.0048261405900120735,3.835186243057251
458,66.58003997802734,892.5599975585938,0.11175537109375,0.88824462890625,0.4085409641265869,0.0005766503745689988,0.21515603363513947,-0.005262037273496389,3.827406644821167
459,65.58512878417969,878.9500122070312,0.1126708984375,0.8873291015625,0.4080578088760376,0.0005766503745689988,0.21026159822940826,-0.00519097363576293,3.824583053588867
460,66.03373718261719,880.8699951171875,0.11516571044921875,0.8848342895507812,0.4074894189834595,0.0005766503745689988,0.20917437970638275,-0.005191958509385586,3.8249499797821045
461,70.07707977294922,926.260009765625,0.11525726318359375,0.8847427368164062,0.4088095426559448,0.0005766503745689988,0.20936135947704315,-0.005374060943722725,3.8285274505615234
462,66.70291137695312,903.6300048828125,0.11585235595703125,0.8841476440429688,0.4091332256793976,0.00038443360244855285,0.20497654378414154,-0.0036155625712126493,3.8338465690612793
463,68.6411361694336,919.9500122070312,0.1172943115234375,0.8827056884765625,0.4092969000339508,0.0005766503745689988,0.20525656640529633,-0.006895798724144697,3.8384366035461426
464,67.4520263671875,902.6799926757812,0.116424560546875,0.883575439453125,0.4090592861175537,0.0005766503745689988,0.21187156438827515,-0.00426238588988781,3.846174478530884
465,68.0267105102539,905.4400024414062,0.11728668212890625,0.8827133178710938,0.40980109572410583,0.0005766503745689988,0.20502687990665436,-0.007013000547885895,3.8411500453948975
466,69.9468002319336,924.3499755859375,0.1172637939453125,0.8827362060546875,0.40968942642211914,0.00038443360244855285,0.21824757754802704,-0.0029146214947104454,3.8516695499420166
467,65.04362487792969,875.6699829101562,0.1175079345703125,0.8824920654296875,0.4090920686721802,0.0005766503745689988,0.2066269814968109,-0.008258853107690811,3.8381195068359375
468,66.93768310546875,897.4400024414062,0.1190643310546875,0.8809356689453125,0.4089939296245575,0.00038443360244855285,0.19199490547180176,-0.006279436871409416,3.832035779953003
469,68.60108184814453,909.77001953125,0.1196441650390625,0.8803558349609375,0.4096561372280121,0.0005766503745689988,0.20991382002830505,-0.006708493921905756,3.8431286811828613
470,68.10204315185547,921.4600219726562,0.11766815185546875,0.8823318481445312,0.41014474630355835,0.0005766503745689988,0.20261791348457336,-0.004147275350987911,3.8493428230285645
471,68.85395812988281,903.9600219726562,0.11701202392578125,0.8829879760742188,0.411249577999115,0.00038443360244855285,0.23429806530475616,-0.002510224934667349,3.8766887187957764
472,70.20722961425781,932.6300048828125,0.115692138671875,0.884307861328125,0.4118945598602295,0.0005766503745689988,0.226138174533844,-0.0072856140322983265,3.88330340385437
473,66.48128509521484,884.4600219726562,0.114227294921875,0.885772705078125,0.41143959760665894,0.0005766503745689988,0.22655943036079407,-0.0041058249771595,3.893958568572998
474,67.65177917480469,890.6900024414062,0.113525390625,0.886474609375,0.41152751445770264,0.0005766503745689988,0.2228858768939972,-0.005160235334187746,3.880821943283081
475,69.73129272460938,930.6500244140625,0.11266326904296875,0.8873367309570312,0.41140902042388916,0.0005766503745689988,0.2162599116563797,-0.004368855617940426,3.8861443996429443
476,67.08515167236328,911.0999755859375,0.11342620849609375,0.8865737915039062,0.41197413206100464,0.0005766503745689988,0.216811865568161,-0.00473098224028945,3.890085220336914
477,68.0670394897461,909.6300048828125,0.11353302001953125,0.8864669799804688,0.41211003065109253,0.0005766503745689988,0.2233358919620514,-0.003755724523216486,3.8965084552764893
478,63.35197830200195,866.3900146484375,0.11425018310546875,0.8857498168945312,0.41308385133743286,0.0002562890585977584,0.21795354783535004,-0.005079477559775114,3.912156820297241
479,69.89640808105469,933.8499755859375,0.1133880615234375,0.8866119384765625,0.41351598501205444,0.0005766503745689988,0.20888248085975647,-0.00690737459808588,3.9195570945739746
480,70.04468536376953,913.72998046875,0.11224365234375,0.88775634765625,0.4144073724746704,0.0005766503745689988,0.2210405319929123,-0.00344603112898767,3.9363510608673096
481,69.51277160644531,911.030029296875,0.11139678955078125,0.8886032104492188,0.415628582239151,0.0005766503745689988,0.20955497026443481,-0.005768143571913242,3.950929880142212
482,69.51642608642578,908.9500122070312,0.11072540283203125,0.8892745971679688,0.415732741355896,0.0005766503745689988,0.20459239184856415,-0.004070002119988203,3.9585652351379395
483,66.48961639404297,876.52001953125,0.10892486572265625,0.8910751342773438,0.41568052768707275,0.0005766503745689988,0.21419820189476013,-0.004262562375515699,3.97066068649292
484,67.38563537597656,910.5399780273438,0.107635498046875,0.892364501953125,0.4165089726448059,0.0005766503745689988,0.20977072417736053,-0.00504937581717968,3.9714646339416504
485,68.21981048583984,902.97998046875,0.1070709228515625,0.8929290771484375,0.4164583384990692,0.00038443360244855285,0.21987053751945496,-0.004692612215876579,3.9790539741516113
486,66.5787353515625,885.5599975585938,0.10630035400390625,0.8936996459960938,0.41572704911231995,0.0005766503745689988,0.21403509378433228,-0.006218054797500372,3.9734721183776855
487,69.41358184814453,918.6300048828125,0.10575103759765625,0.8942489624023438,0.4157123565673828,0.00038443360244855285,0.22598600387573242,-0.002987970132380724,3.96722412109375
488,69.51548767089844,927.510009765625,0.105499267578125,0.894500732421875,0.41447868943214417,0.0005766503745689988,0.22426563501358032,-0.005988372955471277,3.949753522872925
489,68.59707641601562,909.0800170898438,0.1055755615234375,0.8944244384765625,0.4150722026824951,0.00038443360244855285,0.22266322374343872,-0.0028485232032835484,3.955691337585449
490,71.10321044921875,927.5599975585938,0.1016998291015625,0.8983001708984375,0.4152114987373352,0.0005766503745689988,0.21173949539661407,-0.006878126412630081,3.9516677856445312
491,66.75586700439453,888.280029296875,0.10162353515625,0.89837646484375,0.41585594415664673,0.00038443360244855285,0.21933922171592712,-0.005219385027885437,3.9672718048095703
492,68.65340423583984,917.6099853515625,0.101715087890625,0.898284912109375,0.4157877266407013,0.0002562890585977584,0.2204369157552719,-0.005986092612147331,3.96472430229187
493,66.14502716064453,902.4600219726562,0.10073089599609375,0.8992691040039062,0.41493430733680725,0.0005766503745689988,0.21295827627182007,-0.007243162952363491,3.9583075046539307
494,66.64825439453125,892.0,0.10214996337890625,0.8978500366210938,0.41473710536956787,0.0005766503745689988,0.21544988453388214,-0.005496463738381863,3.9547762870788574
495,66.61748504638672,880.0499877929688,0.10382080078125,0.89617919921875,0.4145781397819519,0.0005766503745689988,0.21134446561336517,-0.004139530472457409,3.955238103866577
496,67.34991455078125,896.1099853515625,0.10550689697265625,0.8944931030273438,0.41485071182250977,0.00038443360244855285,0.22101901471614838,-0.002941749757155776,3.953139066696167
497,66.7920913696289,901.8099975585938,0.10619354248046875,0.8938064575195312,0.4148789644241333,0.0005766503745689988,0.21998755633831024,-0.0039021028205752373,3.953246831893921
498,62.59236145019531,856.3400268554688,0.10648345947265625,0.8935165405273438,0.414310485124588,0.00038443360244855285,0.22680619359016418,-0.004813995212316513,3.9539337158203125
499,67.28622436523438,911.4299926757812,0.10760498046875,0.89239501953125,0.41403651237487793,0.0005766503745689988,0.23191505670547485,-0.006854554172605276,3.93608021736145
500,64.58148193359375,889.4099731445312,0.10970306396484375,0.8902969360351562,0.4138330817222595,0.00038443360244855285,0.2185104638338089,-0.006580073852092028,3.9369819164276123
501,67.18901824951172,892.5499877929688,0.11096954345703125,0.8890304565429688,0.4135270416736603,0.0005766503745689988,0.21861609816551208,-0.006384670734405518,3.9351236820220947
502,66.05457305908203,889.97998046875,0.1114044189453125,0.8885955810546875,0.4133637249469757,0.0005766503745689988,0.23576515913009644,-0.005228730384260416,3.9377212524414062
503,68.83578491210938,914.8800048828125,0.113189697265625,0.886810302734375,0.4131574332714081,0.0005766503745689988,0.2088056206703186,-0.005641849245876074,3.9345455169677734
504,69.74090576171875,916.489990234375,0.11203765869140625,0.8879623413085938,0.4140459895133972,0.0005766503745689988,0.22123846411705017,-0.0038712606765329838,3.9500181674957275
505,64.78764343261719,882.739990234375,0.11229705810546875,0.8877029418945312,0.4151074290275574,0.0002562890585977584,0.2141081690788269,-0.005137579049915075,3.9627065658569336
506,68.85015869140625,921.4099731445312,0.11228179931640625,0.8877182006835938,0.4152587652206421,0.00038443360244855285,0.22100619971752167,-0.00820887740701437,3.9765069484710693
507,64.42753601074219,878.989990234375,0.11171722412109375,0.8882827758789062,0.41456061601638794,0.0005766503745689988,0.21047939360141754,-0.007955572567880154,3.974531650543213
508,68.04474639892578,915.2899780273438,0.11170196533203125,0.8882980346679688,0.41435104608535767,0.0008649755618534982,0.21759259700775146,-0.004974763840436935,3.963287115097046
509,66.13481140136719,900.0800170898438,0.11159515380859375,0.8884048461914062,0.41483402252197266,0.0005766503745689988,0.23100169003009796,-0.005501448642462492,3.9609360694885254
510,65.43827056884766,881.280029296875,0.11234283447265625,0.8876571655273438,0.4162008762359619,0.0005766503745689988,0.23336029052734375,-0.0037259019445627928,3.9848365783691406
511,68.18163299560547,891.5399780273438,0.1118316650390625,0.8881683349609375,0.41632014513015747,0.0005766503745689988,0.22503596544265747,-0.0048222909681499004,3.9900970458984375
512,69.53631591796875,916.5499877929688,0.11223602294921875,0.8877639770507812,0.41658806800842285,0.0002562890585977584,0.2113998383283615,-0.000600124301854521,4.000484466552734
513,68.33465576171875,908.8900146484375,0.1132049560546875,0.8867950439453125,0.4163016676902771,0.0005766503745689988,0.21642403304576874,-0.005463266745209694,3.987596273422241
514,67.64940643310547,910.8800048828125,0.1144256591796875,0.8855743408203125,0.4172939658164978,0.0005766503745689988,0.22219820320606232,-0.005370689556002617,4.007625579833984
515,68.26851654052734,906.239990234375,0.11669921875,0.88330078125,0.4177893400192261,0.0005766503745689988,0.22683539986610413,-0.004161661025136709,4.00874662399292
516,68.24234771728516,912.0399780273438,0.1178741455078125,0.8821258544921875,0.4181685447692871,0.00038443360244855285,0.23240672051906586,-0.003043940057978034,4.025214672088623
517,66.88738250732422,887.0900268554688,0.11899566650390625,0.8810043334960938,0.418440580368042,0.0005766503745689988,0.25754502415657043,-0.008060449734330177,4.022379398345947
518,66.79595947265625,879.9299926757812,0.12084197998046875,0.8791580200195312,0.41826146841049194,0.00038443360244855285,0.23698647320270538,-0.005803028587251902,4.033099174499512
519,65.53898620605469,883.469970703125,0.1214141845703125,0.8785858154296875,0.41805872321128845,0.0005766503745689988,0.23353411257266998,-0.006704243365675211,4.027022838592529
520,64.41777038574219,858.72998046875,0.12386322021484375,0.8761367797851562,0.41819435358047485,0.00038443360244855285,0.2308112233877182,-0.006738521624356508,4.0338029861450195
521,68.79043579101562,910.1799926757812,0.1256103515625,0.8743896484375,0.41792571544647217,0.0005766503745689988,0.2262970507144928,-0.006853793747723103,4.031451225280762
522,70.77584075927734,925.489990234375,0.125732421875,0.874267578125,0.41793325543403625,0.0005766503745689988,0.22924204170703888,-0.0074937548488378525,4.039368152618408
523,66.59420776367188,890.4400024414062,0.12566375732421875,0.8743362426757812,0.41820386052131653,0.00038443360244855285,0.21966463327407837,-0.005142467562109232,4.0345354080200195
524,66.4643325805664,883.780029296875,0.12578582763671875,0.8742141723632812,0.41764962673187256,0.0005766503745689988,0.21439135074615479,-0.007546634413301945,4.024352550506592
525,69.57416534423828,907.6400146484375,0.12543487548828125,0.8745651245117188,0.41920965909957886,0.0002562890585977584,0.21574755012989044,-0.006407157517969608,4.043086528778076
526,63.62175369262695,861.8300170898438,0.12555694580078125,0.8744430541992188,0.41892439126968384,0.0005766503745689988,0.20842045545578003,-0.006527097430080175,4.047627925872803
527,68.87489318847656,913.7000122070312,0.1258087158203125,0.8741912841796875,0.4189731478691101,0.0005766503745689988,0.22758617997169495,-0.003953529056161642,4.047769546508789
528,68.60779571533203,923.0399780273438,0.1243743896484375,0.8756256103515625,0.4190278649330139,0.0005766503745689988,0.21933995187282562,-0.0037732920609414577,4.047202110290527
529,67.63665771484375,911.9600219726562,0.1223907470703125,0.8776092529296875,0.41943538188934326,0.0005766503745689988,0.19752226769924164,-0.006063039414584637,4.0591630935668945
530,66.82324981689453,885.0700073242188,0.12126922607421875,0.8787307739257812,0.4193188548088074,0.00038443360244855285,0.2019612044095993,-0.004510037135332823,4.058274269104004
531,67.63082122802734,912.6199951171875,0.1220245361328125,0.8779754638671875,0.41930460929870605,0.0005766503745689988,0.22153399884700775,-0.006870672572404146,4.058266639709473
532,68.80306243896484,922.1400146484375,0.12242889404296875,0.8775711059570312,0.41982951760292053,0.0008649755618534982,0.21552962064743042,-0.0062618255615234375,4.064146041870117
533,68.801025390625,916.2999877929688,0.12020111083984375,0.8797988891601562,0.42042332887649536,0.0005766503745689988,0.22710199654102325,-0.0034689216408878565,4.076883316040039
534,69.80962371826172,916.969970703125,0.12096405029296875,0.8790359497070312,0.42024141550064087,0.0002562890585977584,0.22176289558410645,8.037684892769903e-05,4.0744242668151855
535,68.27013397216797,917.1300048828125,0.12157440185546875,0.8784255981445312,0.42009371519088745,0.0005766503745689988,0.22419016063213348,-0.006943002343177795,4.073748588562012
536,67.20271301269531,902.9600219726562,0.12232208251953125,0.8776779174804688,0.42022550106048584,0.0005766503745689988,0.2098190039396286,-0.006522638723254204,4.07059383392334
537,66.324462890625,905.5,0.12184906005859375,0.8781509399414062,0.42024344205856323,0.00038443360244855285,0.22563090920448303,-0.005072776228189468,4.081380367279053
538,70.08760833740234,927.239990234375,0.12129974365234375,0.8787002563476562,0.42076000571250916,0.00038443360244855285,0.2341732382774353,-0.005433184094727039,4.085427761077881
539,69.24746704101562,909.7000122070312,0.12085723876953125,0.8791427612304688,0.4208626449108124,0.0005766503745689988,0.22548532485961914,-0.00637139193713665,4.088555335998535
540,66.38372802734375,888.02001953125,0.12126922607421875,0.8787307739257812,0.42043042182922363,0.0005766503745689988,0.2128942906856537,-0.003944278694689274,4.083804130554199
541,71.80237579345703,933.739990234375,0.12073516845703125,0.8792648315429688,0.4210161566734314,0.0005766503745689988,0.23765937983989716,-0.004221550188958645,4.087229251861572
542,70.99425506591797,935.02001953125,0.118927001953125,0.881072998046875,0.42192012071609497,0.00038443360244855285,0.22734709084033966,-0.00469082361087203,4.0963311195373535
543,66.6085205078125,891.1500244140625,0.118438720703125,0.881561279296875,0.42140012979507446,0.0005766503745689988,0.22992043197155,-0.007290647365152836,4.096340179443359
544,63.76015853881836,873.760009765625,0.117828369140625,0.882171630859375,0.42171889543533325,0.00038443360244855285,0.23434528708457947,-0.0032939836382865906,4.101375102996826
545,66.62261199951172,885.5700073242188,0.1179046630859375,0.8820953369140625,0.421995609998703,0.0005766503745689988,0.23754051327705383,-0.004426857456564903,4.098511219024658
546,70.51184844970703,925.77001953125,0.1186370849609375,0.8813629150390625,0.42160144448280334,0.00038443360244855285,0.21588633954524994,-0.004488250240683556,4.100669860839844
547,67.29345703125,900.27001953125,0.118194580078125,0.881805419921875,0.42149657011032104,0.0005766503745689988,0.2206723392009735,-0.007103289943188429,4.088876724243164
548,65.68782043457031,877.6300048828125,0.11681365966796875,0.8831863403320312,0.4212244153022766,0.0008649755618534982,0.2257978618144989,-0.0057531180791556835,4.079696178436279
549,68.9167251586914,907.4600219726562,0.11600494384765625,0.8839950561523438,0.42134836316108704,0.0002562890585977584,0.23144586384296417,-0.001121609122492373,4.086709499359131
550,65.12002563476562,878.4500122070312,0.11466217041015625,0.8853378295898438,0.4218299388885498,0.0005766503745689988,0.24562552571296692,-0.006658075377345085,4.086959362030029
551,65.74809265136719,879.1900024414062,0.1143798828125,0.8856201171875,0.42278727889060974,0.0005766503745689988,0.2451460361480713,-0.006083822809159756,4.0957746505737305
552,66.84356689453125,882.72998046875,0.11524200439453125,0.8847579956054688,0.4218584895133972,0.00038443360244855285,0.2275398224592209,-0.003911350388079882,4.098282337188721
553,67.4223403930664,905.530029296875,0.1159210205078125,0.8840789794921875,0.42139706015586853,0.00038443360244855285,0.24004387855529785,-0.005198078695684671,4.077972412109375
554,67.28345489501953,893.9199829101562,0.1156768798828125,0.8843231201171875,0.42167872190475464,0.0005766503745689988,0.23806652426719666,-0.005243219900876284,4.080666542053223
555,67.7004623413086,893.02001953125,0.11402130126953125,0.8859786987304688,0.4223747253417969,0.00038443360244855285,0.23314842581748962,-0.0074751777574419975,4.0856523513793945
556,66.73969268798828,908.47998046875,0.114013671875,0.885986328125,0.42212408781051636,0.0005766503745689988,0.23655061423778534,-0.007575326599180698,4.084651947021484
557,68.92654418945312,910.9099731445312,0.1150665283203125,0.8849334716796875,0.42146798968315125,0.00038443360244855285,0.2127314805984497,-0.003389048855751753,4.083059787750244
558,66.21744537353516,899.780029296875,0.116302490234375,0.883697509765625,0.4213147461414337,0.0005766503745689988,0.2142978310585022,-0.005838542710989714,4.063380718231201
559,68.8542709350586,927.5599975585938,0.117401123046875,0.882598876953125,0.4210514426231384,0.00038443360244855285,0.22050869464874268,-0.0009279956575483084,4.073799133300781
560,66.92864990234375,898.3200073242188,0.1183929443359375,0.8816070556640625,0.42089465260505676,0.0005766503745689988,0.20867834985256195,-0.004161382094025612,4.063401699066162
561,65.205810546875,858.9500122070312,0.1190185546875,0.8809814453125,0.42110660672187805,0.00038443360244855285,0.21500161290168762,-0.0034423170145601034,4.071871757507324
562,66.23601531982422,885.7100219726562,0.1195831298828125,0.8804168701171875,0.42023739218711853,0.0005766503745689988,0.22097529470920563,-0.006926008965820074,4.05212926864624
563,67.87287139892578,897.1799926757812,0.12003326416015625,0.8799667358398438,0.42042529582977295,0.0005766503745689988,0.23141728341579437,-0.005428252276033163,4.052730560302734
564,67.53496551513672,890.1400146484375,0.11939239501953125,0.8806076049804688,0.4194182753562927,0.00038443360244855285,0.22531554102897644,-0.003783781547099352,4.039912700653076
565,66.05888366699219,891.1099853515625,0.11972808837890625,0.8802719116210938,0.4187382161617279,0.0005766503745689988,0.2186800241470337,-0.0066376738250255585,4.027219295501709
566,67.62835693359375,904.010009765625,0.12003326416015625,0.8799667358398438,0.4185248017311096,0.0005766503745689988,0.234297513961792,-0.0032955098431557417,4.014650821685791
567,67.19319915771484,894.9400024414062,0.12093353271484375,0.8790664672851562,0.41838347911834717,0.00038443360244855285,0.22139914333820343,-0.004830451216548681,4.016270637512207
568,69.16551208496094,918.22998046875,0.12117767333984375,0.8788223266601562,0.41948384046554565,0.0005766503745689988,0.22121483087539673,-0.005806885659694672,4.01920747756958
569,67.8774185180664,889.0499877929688,0.122894287109375,0.877105712890625,0.4193224310874939,0.00038443360244855285,0.2154456228017807,-0.003629247425124049,4.027456283569336
570,70.67606353759766,928.4600219726562,0.12265777587890625,0.8773422241210938,0.41951602697372437,0.0005766503745689988,0.2115686684846878,-0.006154237315058708,4.028295040130615
571,70.10025787353516,916.1300048828125,0.12230682373046875,0.8776931762695312,0.41909244656562805,0.0008649755618534982,0.22929199039936066,-0.00532901007682085,4.0266923904418945
572,69.2766342163086,922.3099975585938,0.12261962890625,0.87738037109375,0.4191046953201294,0.0005766503745689988,0.2391492873430252,-0.004701124969869852,4.024764537811279
573,70.58345794677734,901.3300170898438,0.1223907470703125,0.8776092529296875,0.4194369912147522,0.0005766503745689988,0.23405933380126953,-0.006036269012838602,4.024468421936035
574,68.84973907470703,910.239990234375,0.12198638916015625,0.8780136108398438,0.41922008991241455,0.0005766503745689988,0.23827557265758514,-0.0040795146487653255,4.029831886291504
575,66.73533630371094,877.2000122070312,0.12102508544921875,0.8789749145507812,0.41883739829063416,0.00038443360244855285,0.2132227122783661,-0.0064344569109380245,4.019242286682129
576,68.85457611083984,904.260009765625,0.121063232421875,0.878936767578125,0.41916245222091675,0.0005766503745689988,0.2242659032344818,-0.006356893107295036,4.023736953735352
577,67.03304290771484,883.6799926757812,0.12142181396484375,0.8785781860351562,0.4196871519088745,0.0005766503745689988,0.2351347953081131,-0.005554258823394775,4.027776718139648
578,68.25962829589844,898.3099975585938,0.12200164794921875,0.8779983520507812,0.42031797766685486,0.0002562890585977584,0.2405722737312317,-0.004740222357213497,4.043090343475342
579,67.12657165527344,888.7100219726562,0.12328338623046875,0.8767166137695312,0.41988641023635864,0.00038443360244855285,0.21821758151054382,-0.005889213643968105,4.037232875823975
580,69.7593765258789,922.510009765625,0.124786376953125,0.875213623046875,0.41974061727523804,0.0002562890585977584,0.2217131108045578,-0.0015178354224190116,4.032628059387207
581,68.25454711914062,909.739990234375,0.12226104736328125,0.8777389526367188,0.4191228747367859,0.00038443360244855285,0.22487345337867737,-0.006786825601011515,4.022543430328369
582,68.03348541259766,911.780029296875,0.1213226318359375,0.8786773681640625,0.4191630780696869,0.0005766503745689988,0.22451883554458618,-0.006836840882897377,4.015366077423096
583,65.76134490966797,882.4600219726562,0.12105560302734375,0.8789443969726562,0.4190908372402191,0.0005766503745689988,0.2222721129655838,-0.0052243429236114025,4.017215728759766
584,68.169921875,910.2000122070312,0.12180328369140625,0.8781967163085938,0.4201217591762543,0.0005766503745689988,0.2183752804994583,-0.003833870403468609,4.028167247772217
585,71.48429107666016,931.3800048828125,0.12218475341796875,0.8778152465820312,0.4193148910999298,0.0005766503745689988,0.21094930171966553,-0.0037147230468690395,4.029407501220703
586,67.0045394897461,905.739990234375,0.122344970703125,0.877655029296875,0.4195918142795563,0.00038443360244855285,0.21378913521766663,-0.004818926099687815,4.020341873168945
587,69.70388793945312,922.1400146484375,0.1217498779296875,0.8782501220703125,0.41944950819015503,0.0005766503745689988,0.21097809076309204,-0.007167124189436436,4.021237850189209
588,67.09912872314453,914.280029296875,0.1204376220703125,0.8795623779296875,0.41995102167129517,0.00038443360244855285,0.21594449877738953,-0.0058272602036595345,4.032085418701172
589,65.5325927734375,883.8200073242188,0.1209259033203125,0.8790740966796875,0.42046070098876953,0.0005766503745689988,0.22568197548389435,-0.006826449651271105,4.035299301147461
590,68.80301666259766,916.4500122070312,0.1197662353515625,0.8802337646484375,0.4205278158187866,0.00038443360244855285,0.22554028034210205,-0.003846667939797044,4.0450119972229
591,66.64934539794922,897.9099731445312,0.119781494140625,0.880218505859375,0.42041823267936707,0.0005766503745689988,0.2381722331047058,-0.007151479367166758,4.03714656829834
592,68.33167266845703,909.6599731445312,0.1192779541015625,0.8807220458984375,0.4207959771156311,0.0002562890585977584,0.21634681522846222,-1.361785689368844e-05,4.047314643859863
593,68.9395980834961,905.3200073242188,0.1192474365234375,0.8807525634765625,0.42021799087524414,0.00038443360244855285,0.21654284000396729,-0.007773228455334902,4.031335830688477
594,67.1459732055664,884.6500244140625,0.11960601806640625,0.8803939819335938,0.42022353410720825,0.0005766503745689988,0.23040996491909027,-0.004430381581187248,4.0286126136779785
595,65.82508087158203,894.47998046875,0.11946868896484375,0.8805313110351562,0.4203839898109436,0.0002562890585977584,0.23158417642116547,-0.0026565752923488617,4.0333075523376465
596,67.90161895751953,909.22998046875,0.11907196044921875,0.8809280395507812,0.4204844832420349,0.0005766503745689988,0.2106805443763733,-0.006510687526315451,4.027958869934082
597,68.28011322021484,902.6199951171875,0.11843109130859375,0.8815689086914062,0.42057400941848755,0.0002562890585977584,0.2263348549604416,-0.0032259526196867228,4.033439636230469
598,71.13581085205078,919.8300170898438,0.11759185791015625,0.8824081420898438,0.42079147696495056,0.00038443360244855285,0.24255916476249695,-0.0061060478910803795,4.028846740722656
599,68.86283111572266,917.7899780273438,0.11676025390625,0.88323974609375,0.4205418825149536,0.0005766503745689988,0.2113022357225418,-0.007082316558808088,4.026444435119629
