iteration,mean_reward,mean_episode_length,fall_share,time_out_share,action_noise_std,learning_rate,value_loss,surrogate_loss,entropy
0,0.3041366636753082,20.81999969482422,0.0,0.02093505859375,0.3970698416233063,9.999999747378752e-06,0.0913199856877327,0.07312188297510147,3.6939337253570557
1,1.4030866622924805,56.4900016784668,0.00128936767578125,0.05692291259765625,0.3969678282737732,7.593750342493877e-05,0.11416564881801605,-0.002301906468346715,3.696302890777588
2,2.788580894470215,86.37999725341797,0.01351165771484375,0.0911407470703125,0.3960561454296112,0.0002562890585977584,0.17926187813282013,-0.00607818691059947,3.6833205223083496
3,4.633015155792236,114.2699966430664,0.0223846435546875,0.12249755859375,0.39651843905448914,0.0005766503745689988,0.22090408205986023,-0.0019331586081534624,3.6763529777526855
4,7.3987884521484375,145.82000732421875,0.02669525146484375,0.1528472900390625,0.39683854579925537,0.0005766503745689988,0.19532006978988647,-0.0047021047212183475,3.6910338401794434
5,9.416915893554688,178.25999450683594,0.03095245361328125,0.1831207275390625,0.39627450704574585,0.0005766503745689988,0.1836828738451004,-0.0038062904495745897,3.6814887523651123
6,11.696647644042969,211.25,0.03612518310546875,0.210662841796875,0.39631181955337524,0.0005766503745689988,0.1833651214838028,-0.004401849582791328,3.6812658309936523
7,13.369479179382324,236.07000732421875,0.04084014892578125,0.24190521240234375,0.39642319083213806,0.0002562890585977584,0.1767210215330124,-0.0028466356452554464,3.6860499382019043
8,16.78136444091797,273.8699951171875,0.045013427734375,0.271087646484375,0.39544057846069336,0.0005766503745689988,0.15985538065433502,-0.006645967718213797,3.6748228073120117
9,19.0080623626709,305.0799865722656,0.0483245849609375,0.30466461181640625,0.39479315280914307,0.0005766503745689988,0.1948094367980957,-0.004968711175024509,3.6618239879608154
10,20.196741104125977,333.2900085449219,0.05199432373046875,0.33928680419921875,0.3943067193031311,0.0005766503745689988,0.2149135321378708,-0.0027775766793638468,3.649970769882202
11,22.8011417388916,368.0799865722656,0.05558013916015625,0.37171173095703125,0.39470282196998596,0.0005766503745689988,0.2022038847208023,-0.006236842833459377,3.6341261863708496
12,23.573333740234375,383.1700134277344,0.0599365234375,0.40073394775390625,0.3945472240447998,0.0005766503745689988,0.21372833847999573,-0.004690301604568958,3.650240659713745
13,28.532869338989258,424.32000732421875,0.0650177001953125,0.4295654296875,0.39456093311309814,0.0005766503745689988,0.2042524516582489,-0.003757992060855031,3.6353023052215576
14,30.566438674926758,450.69000244140625,0.0703277587890625,0.45957183837890625,0.39497584104537964,0.0005766503745689988,0.2017206847667694,-0.003960241097956896,3.651543140411377
15,31.014400482177734,476.239990234375,0.076202392578125,0.48487091064453125,0.39539584517478943,0.0005766503745689988,0.2279011756181717,-0.004195857793092728,3.6562583446502686
16,34.89002227783203,527.1900024414062,0.0810394287109375,0.510833740234375,0.39546260237693787,0.0005766503745689988,0.23609872162342072,-0.005976803135126829,3.655268430709839
17,37.17685317993164,545.7100219726562,0.0849761962890625,0.5403060913085938,0.39537400007247925,0.0002562890585977584,0.23817336559295654,-0.000577654514927417,3.6632587909698486
18,37.17226028442383,559.530029296875,0.0901031494140625,0.5678863525390625,0.39576369524002075,0.0005766503745689988,0.2233085185289383,-0.007403980009257793,3.653744697570801
19,40.11574172973633,607.1500244140625,0.09572601318359375,0.594879150390625,0.39532163739204407,0.0008649755618534982,0.23878562450408936,-0.00412230659276247,3.667112112045288
20,39.76005554199219,607.1099853515625,0.1009063720703125,0.6222076416015625,0.39554572105407715,0.00038443360244855285,0.2193334847688675,-0.002458851784467697,3.6658785343170166
21,46.009071350097656,665.7999877929688,0.10457611083984375,0.6486587524414062,0.39525410532951355,0.0005766503745689988,0.21624988317489624,-0.005741095636039972,3.6667685508728027
22,45.56096649169922,689.9400024414062,0.10842132568359375,0.6739273071289062,0.3949214220046997,0.0005766503745689988,0.20545369386672974,-0.0051044016145169735,3.650881290435791
23,46.53709411621094,691.010009765625,0.11351776123046875,0.7022705078125,0.39489418268203735,0.00038443360244855285,0.20735833048820496,-0.0037050070241093636,3.6589584350585938
24,49.34857177734375,729.7100219726562,0.11783599853515625,0.7250595092773438,0.394381046295166,0.0005766503745689988,0.2030619978904724,-0.005126136355102062,3.6487510204315186
25,52.5576057434082,770.5900268554688,0.12236785888671875,0.7473373413085938,0.3939856290817261,0.0008649755618534982,0.21986225247383118,-0.006316356360912323,3.6514785289764404
26,54.23189926147461,795.02001953125,0.1273345947265625,0.7743072509765625,0.39473462104797363,0.0008649755618534982,0.23385891318321228,-0.0032610949128866196,3.659125328063965
27,56.4109001159668,813.3400268554688,0.1312103271484375,0.8001632690429688,0.39456453919410706,0.00038443360244855285,0.21913538873195648,-0.0022924079094082117,3.656001091003418
28,57.63788986206055,839.9199829101562,0.1357269287109375,0.822418212890625,0.395152747631073,0.0005766503745689988,0.22628921270370483,-0.005261471960693598,3.6638848781585693
29,63.27272415161133,915.22998046875,0.140228271484375,0.8469390869140625,0.3957054018974304,0.00038443360244855285,0.22221744060516357,-0.0032307275105267763,3.67581844329834
30,59.961761474609375,895.5900268554688,0.14398956298828125,0.8560104370117188,0.3954293727874756,0.0005766503745689988,0.2149253636598587,-0.005700884386897087,3.6696441173553467
31,62.75985336303711,910.0800170898438,0.14682769775390625,0.8531723022460938,0.3954468369483948,0.0005766503745689988,0.22545398771762848,-0.003981649409979582,3.678030252456665
32,61.75679397583008,902.6099853515625,0.1393890380859375,0.8606109619140625,0.39566272497177124,0.00038443360244855285,0.23338936269283295,-0.003792134113609791,3.6771342754364014
33,59.87545394897461,887.4400024414062,0.136016845703125,0.863983154296875,0.39567315578460693,0.0005766503745689988,0.2047368586063385,-0.004707667976617813,3.675147771835327
34,59.107688903808594,862.1500244140625,0.13668060302734375,0.8633193969726562,0.39618775248527527,0.0005766503745689988,0.22572124004364014,-0.0036484282463788986,3.6829919815063477
35,60.79533004760742,885.760009765625,0.1376190185546875,0.8623809814453125,0.3970882296562195,0.0005766503745689988,0.20586225390434265,-0.004657494369894266,3.691107749938965
36,61.376747131347656,902.0499877929688,0.138458251953125,0.861541748046875,0.39705318212509155,0.00017085937724914402,0.22238273918628693,0.002425829181447625,3.699434995651245
37,59.80527877807617,872.3900146484375,0.13758087158203125,0.8624191284179688,0.3967190086841583,0.00038443360244855285,0.2268494814634323,-0.0034049341920763254,3.6955559253692627
38,62.16166305541992,892.489990234375,0.13948822021484375,0.8605117797851562,0.39693358540534973,0.0002562890585977584,0.21130485832691193,-0.004116811789572239,3.6957380771636963
39,59.534767150878906,875.9500122070312,0.14218902587890625,0.8578109741210938,0.39662742614746094,0.0005766503745689988,0.20400261878967285,-0.0073369452729821205,3.69254994392395
40,62.583431243896484,904.989990234375,0.1432342529296875,0.8567657470703125,0.3975810408592224,0.0002562890585977584,0.21236920356750488,-0.004156648181378841,3.704867124557495
41,59.56425857543945,864.9600219726562,0.1438140869140625,0.8561859130859375,0.3970770239830017,0.00038443360244855285,0.1980263888835907,-0.004475086461752653,3.708683967590332
42,55.438899993896484,822.6300048828125,0.14617156982421875,0.8538284301757812,0.39761537313461304,0.0005766503745689988,0.2162044644355774,-0.0035265334881842136,3.7080845832824707
43,60.14634323120117,861.5399780273438,0.14827728271484375,0.8517227172851562,0.39799749851226807,0.00038443360244855285,0.2175428569316864,-0.005296039395034313,3.7135002613067627
44,62.13381576538086,900.8699951171875,0.14852142333984375,0.8514785766601562,0.39896902441978455,0.0005766503745689988,0.2372402548789978,-0.004486593883484602,3.7347233295440674
45,58.848873138427734,885.52001953125,0.1465301513671875,0.8534698486328125,0.3983539640903473,0.00038443360244855285,0.2409982681274414,-0.00314903911203146,3.7394304275512695
46,64.12540435791016,904.8599853515625,0.145355224609375,0.854644775390625,0.39846718311309814,0.0005766503745689988,0.20542874932289124,-0.0047615328803658485,3.7334682941436768
47,60.54362487792969,883.8900146484375,0.14707183837890625,0.8529281616210938,0.3984326124191284,0.0002562890585977584,0.2308463305234909,-0.0005558099946938455,3.7406628131866455
48,59.23745346069336,868.1199951171875,0.1484832763671875,0.8515167236328125,0.399061918258667,0.0005766503745689988,0.21380825340747833,-0.006520960479974747,3.7412374019622803
49,60.25122833251953,875.530029296875,0.14959716796875,0.85040283203125,0.3988538384437561,0.0005766503745689988,0.21933358907699585,-0.006152151618152857,3.7405917644500732
50,60.341522216796875,880.1300048828125,0.1513519287109375,0.8486480712890625,0.3983454406261444,0.0005766503745689988,0.2246951460838318,-0.004014051519334316,3.7463133335113525
51,61.300418853759766,885.52001953125,0.1518096923828125,0.8481903076171875,0.3983336091041565,0.00038443360244855285,0.2305469810962677,-0.004740223288536072,3.744274854660034
52,59.51648712158203,854.0800170898438,0.15234375,0.84765625,0.39861464500427246,0.0005766503745689988,0.2101842761039734,-0.005670693702995777,3.741384983062744
53,63.89161682128906,927.8800048828125,0.15229034423828125,0.8477096557617188,0.39867955446243286,0.0005766503745689988,0.22140516340732574,-0.006673142779618502,3.7478952407836914
54,59.426597595214844,864.0900268554688,0.1520538330078125,0.8479461669921875,0.3982846140861511,0.0005766503745689988,0.2524528503417969,-0.005196612328290939,3.743551015853882
55,61.60722351074219,898.97998046875,0.15146636962890625,0.8485336303710938,0.39926621317863464,0.0005766503745689988,0.2344253957271576,-0.00564948096871376,3.746347188949585
56,61.0766487121582,887.5599975585938,0.15093994140625,0.84906005859375,0.3992636501789093,0.00038443360244855285,0.22714005410671234,-0.004005864262580872,3.7532036304473877
57,57.92555618286133,860.1300048828125,0.1520233154296875,0.8479766845703125,0.3995456099510193,0.0005766503745689988,0.2390047013759613,-0.0060806130059063435,3.7616186141967773
58,57.944618225097656,846.72998046875,0.15181732177734375,0.8481826782226562,0.40022405982017517,0.0005766503745689988,0.23413388431072235,-0.003186713671311736,3.761441707611084
59,57.954158782958984,835.72998046875,0.15314483642578125,0.8468551635742188,0.4003896117210388,0.0005766503745689988,0.22846873104572296,-0.005866898223757744,3.778912305831909
60,59.782447814941406,869.9400024414062,0.15511322021484375,0.8448867797851562,0.4008515775203705,0.0005766503745689988,0.24018371105194092,-0.003064806805923581,3.786642551422119
61,60.90202713012695,878.6599731445312,0.1562957763671875,0.8437042236328125,0.4008597135543823,0.00038443360244855285,0.2430083006620407,-0.005409343633800745,3.781853675842285
62,61.8525505065918,897.8099975585938,0.15785980224609375,0.8421401977539062,0.4001871347427368,0.0005766503745689988,0.233305424451828,-0.005078636109828949,3.770477056503296
63,58.76490020751953,869.47998046875,0.15708160400390625,0.8429183959960938,0.4003332257270813,0.0005766503745689988,0.24335995316505432,-0.004481096751987934,3.7714595794677734
64,61.200157165527344,862.3300170898438,0.1580963134765625,0.8419036865234375,0.40041717886924744,0.00038443360244855285,0.23312120139598846,-0.002957283053547144,3.7697958946228027
65,57.7113151550293,839.22998046875,0.159912109375,0.840087890625,0.4004887342453003,0.0005766503745689988,0.21848633885383606,-0.006048422306776047,3.762504816055298
66,62.77478790283203,892.27001953125,0.15885162353515625,0.8411483764648438,0.4008929133415222,0.0005766503745689988,0.22914892435073853,-0.005526372697204351,3.7768640518188477
67,59.91082000732422,866.6699829101562,0.15938568115234375,0.8406143188476562,0.4007863402366638,0.0002562890585977584,0.2660498321056366,0.0004718409909401089,3.77480411529541
68,61.30355453491211,868.719970703125,0.16115570068359375,0.8388442993164062,0.4010418653488159,0.0005766503745689988,0.23316144943237305,-0.00820302776992321,3.774493932723999
69,58.89193344116211,860.3099975585938,0.161468505859375,0.838531494140625,0.4012870788574219,0.0005766503745689988,0.24077416956424713,-0.0036119550932198763,3.7832674980163574
70,60.35298538208008,869.1400146484375,0.16062164306640625,0.8393783569335938,0.4015485644340515,0.00038443360244855285,0.24054570496082306,-0.003577598137781024,3.785909414291382
71,63.98868179321289,926.5999755859375,0.16098785400390625,0.8390121459960938,0.40246859192848206,0.0005766503745689988,0.22253389656543732,-0.006412960588932037,3.791185140609741
72,60.252716064453125,866.7999877929688,0.15924835205078125,0.8407516479492188,0.4032939672470093,0.0002562890585977584,0.2477349191904068,-0.003002203768119216,3.8155598640441895
73,60.760231018066406,887.0700073242188,0.1573486328125,0.8426513671875,0.4034166932106018,0.0005766503745689988,0.2557210326194763,-0.006774301175028086,3.8198821544647217
74,61.608829498291016,890.8099975585938,0.15679168701171875,0.8432083129882812,0.40369895100593567,0.00038443360244855285,0.26252102851867676,-0.003528619883581996,3.8294825553894043
75,57.47090530395508,846.8099975585938,0.15956878662109375,0.8404312133789062,0.40347665548324585,0.0005766503745689988,0.2481127679347992,-0.00823947787284851,3.814030170440674
76,58.13127899169922,842.3499755859375,0.1619873046875,0.8380126953125,0.40408122539520264,0.0005766503745689988,0.2476079761981964,-0.004224671516567469,3.8333024978637695
77,56.97030258178711,839.6099853515625,0.1656341552734375,0.8343658447265625,0.4047417938709259,0.0005766503745689988,0.23635828495025635,-0.005720316432416439,3.8402740955352783
78,58.22834396362305,847.5700073242188,0.1674957275390625,0.8325042724609375,0.40531912446022034,0.0005766503745689988,0.23971086740493774,-0.0039929961785674095,3.8479321002960205
79,59.247501373291016,846.8400268554688,0.1683807373046875,0.8316192626953125,0.4054957330226898,0.0005766503745689988,0.22736257314682007,-0.006578944157809019,3.8536980152130127
80,61.18151092529297,892.0900268554688,0.16863250732421875,0.8313674926757812,0.40527570247650146,0.0002562890585977584,0.2062474638223648,-0.002224276540800929,3.858635425567627
81,63.48990249633789,905.6199951171875,0.1696319580078125,0.8303680419921875,0.4054751396179199,0.0005766503745689988,0.21528534591197968,-0.00603641988709569,3.8506357669830322
82,61.01602554321289,890.969970703125,0.16954803466796875,0.8304519653320312,0.40584796667099,0.0005766503745689988,0.2295730859041214,-0.0048451595939695835,3.8654730319976807
83,60.54582595825195,855.7899780273438,0.16858673095703125,0.8314132690429688,0.40666574239730835,0.0005766503745689988,0.22051800787448883,-0.006206881254911423,3.868053913116455
84,60.528236389160156,880.4400024414062,0.1701812744140625,0.8298187255859375,0.40630850195884705,0.00038443360244855285,0.23243722319602966,-0.0039565348997712135,3.8828845024108887
85,60.08872985839844,879.4000244140625,0.17023468017578125,0.8297653198242188,0.40602242946624756,0.0005766503745689988,0.22057414054870605,-0.005846002604812384,3.8721277713775635
86,63.06048583984375,904.5999755859375,0.1701507568359375,0.8298492431640625,0.4066096246242523,0.0005766503745689988,0.22544945776462555,-0.0042917863465845585,3.880713701248169
87,61.18036651611328,886.9600219726562,0.16954803466796875,0.8304519653320312,0.4068169891834259,0.0005766503745689988,0.22652891278266907,-0.005323973949998617,3.8846242427825928
88,61.32135009765625,891.6400146484375,0.1712799072265625,0.8287200927734375,0.40647637844085693,0.0005766503745689988,0.2375725954771042,-0.003255771938711405,3.8903164863586426
89,66.49065399169922,935.3200073242188,0.1705322265625,0.8294677734375,0.40693017840385437,0.0005766503745689988,0.23063932359218597,-0.00406684773042798,3.892022132873535
90,57.9683723449707,861.760009765625,0.1686248779296875,0.8313751220703125,0.4069872498512268,0.0005766503745689988,0.23480930924415588,-0.005656310357153416,3.8846945762634277
91,61.10079574584961,886.5499877929688,0.16873931884765625,0.8312606811523438,0.40736812353134155,0.00038443360244855285,0.21511395275592804,-0.006460828706622124,3.898935079574585
92,60.005226135253906,875.2100219726562,0.170135498046875,0.829864501953125,0.40718698501586914,0.0005766503745689988,0.2210986614227295,-0.007083940785378218,3.897613525390625
93,58.707061767578125,848.5900268554688,0.17095947265625,0.82904052734375,0.40719860792160034,0.0005766503745689988,0.2333860993385315,-0.002633562544360757,3.9039106369018555
94,63.25279235839844,917.9600219726562,0.16963958740234375,0.8303604125976562,0.40823984146118164,0.0005766503745689988,0.2098424732685089,-0.0029539884999394417,3.909320831298828
95,59.06120681762695,848.6799926757812,0.16809844970703125,0.8319015502929688,0.4084540605545044,0.00038443360244855285,0.22662480175495148,-0.0032309088855981827,3.9193599224090576
96,60.971797943115234,881.6699829101562,0.1691131591796875,0.8308868408203125,0.40883946418762207,0.0005766503745689988,0.20218706130981445,-0.005713732913136482,3.9269397258758545
97,63.47389602661133,900.6500244140625,0.16883087158203125,0.8311691284179688,0.4083762764930725,0.0005766503745689988,0.2210521250963211,-0.004303671419620514,3.9157001972198486
98,62.11748504638672,905.8300170898438,0.16710662841796875,0.8328933715820312,0.40858209133148193,0.0005766503745689988,0.21800000965595245,-0.004834188148379326,3.9189300537109375
99,64.21913146972656,910.219970703125,0.1656646728515625,0.8343353271484375,0.40859484672546387,0.00038443360244855285,0.21997800469398499,-0.002873611869290471,3.9229724407196045
100,64.24138641357422,899.8800048828125,0.1641387939453125,0.8358612060546875,0.4088567793369293,0.0005766503745689988,0.21921560168266296,-0.006607107352465391,3.9241249561309814
101,63.19031524658203,897.2100219726562,0.1640167236328125,0.8359832763671875,0.40830543637275696,0.0005766503745689988,0.2095867246389389,-0.0038351526018232107,3.9232521057128906
102,59.276161193847656,867.010009765625,0.164154052734375,0.835845947265625,0.4092608690261841,0.0005766503745689988,0.2219061255455017,-0.004560299217700958,3.9281811714172363
103,63.731929779052734,914.2999877929688,0.16472625732421875,0.8352737426757812,0.40994295477867126,0.0005766503745689988,0.21727456152439117,-0.0036086193285882473,3.942115545272827
104,61.87155532836914,870.8400268554688,0.16400146484375,0.83599853515625,0.40973788499832153,0.0005766503745689988,0.22683431208133698,-0.005423288326710463,3.9447028636932373
105,61.25550842285156,884.7999877929688,0.1631927490234375,0.8368072509765625,0.40918731689453125,0.00038443360244855285,0.22142626345157623,-0.0053933169692754745,3.9401803016662598
106,62.81546401977539,900.47998046875,0.1607513427734375,0.8392486572265625,0.4089988172054291,0.0005766503745689988,0.22955147922039032,-0.00845209788531065,3.9354772567749023
107,61.78379440307617,883.989990234375,0.15621185302734375,0.8437881469726562,0.40937864780426025,0.0005766503745689988,0.23226486146450043,-0.005217709578573704,3.9272067546844482
108,63.737491607666016,912.4500122070312,0.15366363525390625,0.8463363647460938,0.4090823233127594,0.0005766503745689988,0.23434515297412872,-0.0038519392255693674,3.9352946281433105
109,61.83758544921875,885.8800048828125,0.1510162353515625,0.8489837646484375,0.40886664390563965,0.00038443360244855285,0.22988563776016235,-0.005379703361541033,3.923994779586792
110,62.31837463378906,893.1799926757812,0.14917755126953125,0.8508224487304688,0.4081639051437378,0.00038443360244855285,0.23798878490924835,-0.004677252843976021,3.924614429473877
111,63.276390075683594,891.8300170898438,0.14797210693359375,0.8520278930664062,0.40823084115982056,0.0005766503745689988,0.23222729563713074,-0.0072226799093186855,3.9097909927368164
112,59.629364013671875,892.2100219726562,0.1475982666015625,0.8524017333984375,0.4085390567779541,0.0005766503745689988,0.24330799281597137,-0.004399854689836502,3.9152376651763916
113,59.349761962890625,870.1300048828125,0.14815521240234375,0.8518447875976562,0.40849512815475464,0.0002562890585977584,0.2567688226699829,-0.00362966931425035,3.9200901985168457
114,59.808738708496094,864.760009765625,0.14856719970703125,0.8514328002929688,0.4084005057811737,0.0005766503745689988,0.2494947761297226,-0.008053159341216087,3.9112212657928467
115,61.106903076171875,867.260009765625,0.1481475830078125,0.8518524169921875,0.4088557958602905,0.0005766503745689988,0.2337965965270996,-0.005586888641119003,3.9136898517608643
116,62.598785400390625,890.8900146484375,0.14897918701171875,0.8510208129882812,0.40819042921066284,0.00038443360244855285,0.25518572330474854,-0.004350000526756048,3.91253399848938
117,61.84001159667969,886.0,0.1495513916015625,0.8504486083984375,0.4082111716270447,0.00038443360244855285,0.23267632722854614,-0.006252027116715908,3.898653984069824
118,62.2361946105957,889.5,0.146575927734375,0.853424072265625,0.4080781638622284,0.0005766503745689988,0.24070489406585693,-0.006605978589504957,3.906425952911377
119,59.66351318359375,867.8300170898438,0.14687347412109375,0.8531265258789062,0.4083590507507324,0.0005766503745689988,0.2650914788246155,-0.0038029332645237446,3.903898239135742
120,57.84428787231445,849.8400268554688,0.14873504638671875,0.8512649536132812,0.4085095524787903,0.00038443360244855285,0.23844076693058014,-0.005684940610080957,3.9092905521392822
121,61.448638916015625,886.9099731445312,0.148956298828125,0.851043701171875,0.4086771011352539,0.0005766503745689988,0.2316291779279709,-0.005231164861470461,3.916630268096924
122,62.24089813232422,895.8300170898438,0.14892578125,0.85107421875,0.40898945927619934,0.0005766503745689988,0.25418367981910706,-0.004689622670412064,3.9119253158569336
123,60.1994514465332,873.3599853515625,0.15013885498046875,0.8498611450195312,0.40877437591552734,0.0005766503745689988,0.24220010638237,-0.004618442617356777,3.9206771850585938
124,60.31203079223633,877.6400146484375,0.15128326416015625,0.8487167358398438,0.4087064862251282,0.0005766503745689988,0.23405680060386658,-0.0027894244994968176,3.908353805541992
125,61.83171844482422,880.510009765625,0.15267181396484375,0.8473281860351562,0.40934085845947266,0.0005766503745689988,0.2491457164287567,-0.002212673891335726,3.9115030765533447
126,59.7889289855957,856.77001953125,0.15087127685546875,0.8491287231445312,0.40894627571105957,0.0002562890585977584,0.23166291415691376,-0.002366837579756975,3.9156851768493652
127,59.73079299926758,863.6300048828125,0.15163421630859375,0.8483657836914062,0.4081231355667114,0.0005766503745689988,0.22421643137931824,-0.007137807086110115,3.8930087089538574
128,64.79493713378906,916.4199829101562,0.1524505615234375,0.8475494384765625,0.40847283601760864,0.0005766503745689988,0.22428517043590546,-0.00160188227891922,3.904714822769165
129,62.03086853027344,885.4299926757812,0.15274810791015625,0.8472518920898438,0.4089299440383911,0.0005766503745689988,0.2361263930797577,-0.003962946590036154,3.904493570327759
130,62.925750732421875,893.6099853515625,0.15564727783203125,0.8443527221679688,0.40877264738082886,0.0005766503745689988,0.2451995313167572,-0.0047200885601341724,3.9093289375305176
131,62.446895599365234,881.1300048828125,0.15493011474609375,0.8450698852539062,0.40887323021888733,0.0005766503745689988,0.2574738562107086,-0.0031092686112970114,3.907636880874634
132,63.62753677368164,912.3800048828125,0.15314483642578125,0.8468551635742188,0.40936776995658875,0.0002562890585977584,0.2570381760597229,-0.0012717522913590074,3.917423725128174
133,58.79366683959961,859.1699829101562,0.1525726318359375,0.8474273681640625,0.4094564914703369,0.0005766503745689988,0.2494429647922516,-0.006265286821871996,3.915393590927124
134,62.5855598449707,877.0700073242188,0.1544342041015625,0.8455657958984375,0.4095941185951233,0.0008649755618534982,0.2399539202451706,-0.005945736542344093,3.9198977947235107
135,59.0484504699707,858.239990234375,0.1547698974609375,0.8452301025390625,0.4098253846168518,0.0005766503745689988,0.25222188234329224,-0.00501671340316534,3.9209213256835938
136,62.59941864013672,894.6900024414062,0.155517578125,0.844482421875,0.409895658493042,0.0005766503745689988,0.25008949637413025,-0.0059482380747795105,3.9264402389526367
137,58.97432327270508,856.5800170898438,0.157928466796875,0.842071533203125,0.4094091057777405,0.0002562890585977584,0.2501729130744934,-0.0016779929865151644,3.923412322998047
138,59.30724334716797,866.3499755859375,0.1573944091796875,0.8426055908203125,0.40976524353027344,0.0005766503745689988,0.23402830958366394,-0.005859716795384884,3.914429187774658
139,61.18278121948242,882.219970703125,0.15949249267578125,0.8405075073242188,0.410098671913147,0.0005766503745689988,0.22387386858463287,-0.005357257556170225,3.921351671218872
140,60.35123062133789,870.9199829101562,0.15973663330078125,0.8402633666992188,0.4103809893131256,0.00038443360244855285,0.21199175715446472,-0.0025453330017626286,3.931450128555298
141,56.54680633544922,825.97998046875,0.16056060791015625,0.8394393920898438,0.4101716876029968,0.0005766503745689988,0.21170586347579956,-0.005185684654861689,3.9211392402648926
142,61.170372009277344,883.0800170898438,0.163116455078125,0.836883544921875,0.4103966951370239,0.00038443360244855285,0.218911275267601,-0.0038580044638365507,3.9239354133605957
143,63.53137969970703,899.72998046875,0.1625823974609375,0.8374176025390625,0.4106484651565552,0.0005766503745689988,0.2175864726305008,-0.007823287509381771,3.9255571365356445
144,64.16759490966797,902.780029296875,0.16064453125,0.83935546875,0.4109533131122589,0.0002562890585977584,0.2396329790353775,-0.0033379322849214077,3.929645538330078
145,59.99657440185547,867.4299926757812,0.1591644287109375,0.8408355712890625,0.4106636941432953,0.00038443360244855285,0.22749653458595276,-0.006978795863687992,3.9243764877319336
146,59.88405227661133,862.1900024414062,0.16036224365234375,0.8396377563476562,0.4113275706768036,0.0005766503745689988,0.2348373681306839,-0.006072539370507002,3.9303929805755615
147,62.09160614013672,889.4199829101562,0.1609649658203125,0.8390350341796875,0.41067707538604736,0.00038443360244855285,0.2197553664445877,-0.003486834466457367,3.9245901107788086
148,63.72168731689453,900.3099975585938,0.16074371337890625,0.8392562866210938,0.4101144075393677,0.0005766503745689988,0.23309648036956787,-0.005055133253335953,3.9097657203674316
149,58.336849212646484,839.7999877929688,0.1599578857421875,0.8400421142578125,0.410095751285553,0.0008649755618534982,0.2303890883922577,-0.004369274713099003,3.914327621459961
150,57.51181411743164,840.3499755859375,0.1604766845703125,0.8395233154296875,0.41002213954925537,0.0005766503745689988,0.23175086081027985,-0.004202406853437424,3.9174861907958984
151,61.192203521728516,876.6900024414062,0.1598052978515625,0.8401947021484375,0.4100087285041809,0.0005766503745689988,0.21113862097263336,-0.002618206664919853,3.9132566452026367
152,61.502769470214844,891.0399780273438,0.15921783447265625,0.8407821655273438,0.41112565994262695,0.0005766503745689988,0.2182820439338684,-0.0061184680089354515,3.919328451156616
153,61.64624786376953,896.469970703125,0.1591339111328125,0.8408660888671875,0.41000616550445557,0.0002562890585977584,0.2301098108291626,-0.00041129914461635053,3.920084238052368
154,62.014801025390625,893.8900146484375,0.15856170654296875,0.8414382934570312,0.40994343161582947,0.0005766503745689988,0.2319435477256775,-0.007120760157704353,3.8964850902557373
155,60.98560333251953,873.3699951171875,0.1576995849609375,0.8423004150390625,0.4099169671535492,0.0005766503745689988,0.22959750890731812,-0.005694339983165264,3.9045817852020264
156,58.545894622802734,855.77001953125,0.158111572265625,0.841888427734375,0.41054993867874146,0.00038443360244855285,0.22506144642829895,-0.003936216235160828,3.9050204753875732
157,63.77457046508789,908.3499755859375,0.15673065185546875,0.8432693481445312,0.4102865755558014,0.0005766503745689988,0.2329527884721756,-0.005685701500624418,3.9176220893859863
158,64.05571746826172,905.2999877929688,0.154571533203125,0.845428466796875,0.4101288318634033,0.0005766503745689988,0.22328072786331177,-0.004568475764244795,3.903792142868042
159,59.322994232177734,842.3300170898438,0.1558380126953125,0.8441619873046875,0.4105810523033142,0.0005766503745689988,0.2230611890554428,-0.0044958824291825294,3.9218788146972656
160,60.058441162109375,878.0700073242188,0.15612030029296875,0.8438796997070312,0.41184788942337036,0.0005766503745689988,0.23063842952251434,-0.004306343849748373,3.9260573387145996
161,59.963775634765625,858.5499877929688,0.1559295654296875,0.8440704345703125,0.4118129014968872,0.0005766503745689988,0.23072972893714905,-0.0050486004911363125,3.94382643699646
162,59.35968780517578,853.3599853515625,0.15883636474609375,0.8411636352539062,0.41199028491973877,0.0005766503745689988,0.24559593200683594,-0.0067773605696856976,3.9404139518737793
163,62.033817291259766,897.8900146484375,0.1609649658203125,0.8390350341796875,0.41185539960861206,0.00038443360244855285,0.23395591974258423,-0.004600509535521269,3.939354419708252
164,62.272342681884766,870.5,0.15917205810546875,0.8408279418945312,0.41137781739234924,0.0005766503745689988,0.2356792539358139,-0.006666793953627348,3.935594320297241
165,63.02299880981445,898.3099975585938,0.1591033935546875,0.8408966064453125,0.41166406869888306,0.0005766503745689988,0.2395394742488861,-0.00496040191501379,3.943666458129883
166,63.483787536621094,903.97998046875,0.15887451171875,0.84112548828125,0.41146522760391235,0.00038443360244855285,0.2408626228570938,-0.003839053912088275,3.9384348392486572
167,63.083251953125,894.489990234375,0.157684326171875,0.842315673828125,0.41130125522613525,0.0005766503745689988,0.23958562314510345,-0.005508722737431526,3.932647943496704
168,62.060970306396484,877.2899780273438,0.15889739990234375,0.8411026000976562,0.4121186435222626,0.0005766503745689988,0.22642025351524353,-0.002939983969554305,3.9429690837860107
169,64.03271484375,908.72998046875,0.15766143798828125,0.8423385620117188,0.4118552505970001,0.0005766503745689988,0.22413404285907745,-0.003913580905646086,3.941804885864258
170,62.18577194213867,888.9299926757812,0.15573883056640625,0.8442611694335938,0.4117576777935028,0.0005766503745689988,0.21825659275054932,-0.004384675994515419,3.9397008419036865
171,59.69289779663086,853.25,0.15699005126953125,0.8430099487304688,0.41209834814071655,0.0005766503745689988,0.21930532157421112,-0.0058567035011947155,3.937929153442383
172,63.78109359741211,899.8400268554688,0.15666961669921875,0.8433303833007812,0.41224321722984314,0.0005766503745689988,0.22558873891830444,-0.0049163284711539745,3.9475157260894775
173,60.971046447753906,867.4600219726562,0.15584564208984375,0.8441543579101562,0.412384957075119,0.0005766503745689988,0.22906087338924408,-0.003131846897304058,3.943392515182495
174,62.19481658935547,883.6799926757812,0.1566162109375,0.8433837890625,0.41268008947372437,0.0005766503745689988,0.2304585576057434,-0.004018653184175491,3.9529659748077393
175,61.24595260620117,859.7100219726562,0.15912628173828125,0.8408737182617188,0.4119808077812195,0.00038443360244855285,0.24074658751487732,-0.005343299824744463,3.946415901184082
176,61.16560363769531,881.4199829101562,0.15950775146484375,0.8404922485351562,0.41141217947006226,0.00038443360244855285,0.21620601415634155,-0.004655891563743353,3.9357118606567383
177,59.48564910888672,861.3699951171875,0.159149169921875,0.840850830078125,0.4101148545742035,0.0005766503745689988,0.2097710371017456,-0.007465219125151634,3.9153785705566406
178,59.105186462402344,854.8200073242188,0.160369873046875,0.839630126953125,0.41014546155929565,0.0005766503745689988,0.20737460255622864,-0.003771779593080282,3.909105062484741
179,62.25917053222656,886.010009765625,0.160797119140625,0.839202880859375,0.41077375411987305,0.00038443360244855285,0.22204390168190002,-0.0023068045265972614,3.9059247970581055
180,64.73767852783203,920.8599853515625,0.158111572265625,0.841888427734375,0.41026392579078674,0.0005766503745689988,0.20761516690254211,-0.004203765653073788,3.9136252403259277
181,65.14248657226562,904.9099731445312,0.15582275390625,0.84417724609375,0.4099695682525635,0.00038443360244855285,0.210323765873909,-0.0018729842267930508,3.9048573970794678
182,60.80146408081055,881.3900146484375,0.15558624267578125,0.8444137573242188,0.4107179045677185,0.0005766503745689988,0.22983819246292114,-0.006366233341395855,3.906238555908203
183,61.24606704711914,882.030029296875,0.15550994873046875,0.8444900512695312,0.4113718867301941,0.0005766503745689988,0.21162578463554382,-0.004439524374902248,3.9192657470703125
184,59.982025146484375,871.1500244140625,0.15627288818359375,0.8437271118164062,0.4123692512512207,0.00038443360244855285,0.225798100233078,-0.0025990987196564674,3.9415338039398193
185,62.35539245605469,880.0999755859375,0.15604400634765625,0.8439559936523438,0.4126209318637848,0.0005766503745689988,0.22843053936958313,-0.0075745549984276295,3.939648151397705
186,61.97195053100586,875.7999877929688,0.15601348876953125,0.8439865112304688,0.4125601649284363,0.00038443360244855285,0.22996190190315247,-0.002889112802222371,3.9446070194244385
187,64.0885238647461,927.780029296875,0.1549072265625,0.8450927734375,0.41177618503570557,0.00038443360244855285,0.18570032715797424,-0.003811425529420376,3.930243492126465
188,63.52446365356445,881.5499877929688,0.15222930908203125,0.8477706909179688,0.41070377826690674,0.0005766503745689988,0.19901232421398163,-0.004667939618229866,3.9011995792388916
189,63.08620834350586,908.52001953125,0.15068817138671875,0.8493118286132812,0.4112764000892639,0.00038443360244855285,0.22364629805088043,-0.0018777729710564017,3.9057085514068604
190,65.7140884399414,940.02001953125,0.1477508544921875,0.8522491455078125,0.4109015464782715,0.0005766503745689988,0.22041350603103638,-0.006089814007282257,3.8964896202087402
191,59.136558532714844,854.3599853515625,0.14704132080078125,0.8529586791992188,0.4113155007362366,0.0005766503745689988,0.21658501029014587,-0.004159631673246622,3.9074578285217285
192,64.0196533203125,922.2000122070312,0.14583587646484375,0.8541641235351562,0.41140323877334595,0.0005766503745689988,0.2174377739429474,-0.003662776667624712,3.904816150665283
193,61.53926086425781,884.5499877929688,0.14324188232421875,0.8567581176757812,0.4114645719528198,0.00038443360244855285,0.2133186161518097,-0.005101625341922045,3.9057748317718506
194,63.301517486572266,886.02001953125,0.14447021484375,0.85552978515625,0.4112633466720581,0.0005766503745689988,0.21743176877498627,-0.004453759640455246,3.9049642086029053
195,61.52635955810547,890.1199951171875,0.1442108154296875,0.8557891845703125,0.4117910861968994,0.0008649755618534982,0.21882981061935425,-0.003452012315392494,3.9078164100646973
196,62.629478454589844,891.760009765625,0.14299774169921875,0.8570022583007812,0.4113621115684509,0.0005766503745689988,0.21484443545341492,-0.003531366353854537,3.9064345359802246
197,62.897186279296875,899.02001953125,0.14307403564453125,0.8569259643554688,0.4112907350063324,0.0005766503745689988,0.2083357572555542,-0.0036766717676073313,3.9029345512390137
198,62.930747985839844,912.5399780273438,0.14073944091796875,0.8592605590820312,0.4112512469291687,0.0005766503745689988,0.22152894735336304,-0.003743679728358984,3.8963661193847656
199,63.089359283447266,895.0499877929688,0.13837432861328125,0.8616256713867188,0.41168081760406494,0.00038443360244855285,0.21074511110782623,-0.0061632911674678326,3.900385856628418
200,59.77095031738281,862.5900268554688,0.1385345458984375,0.8614654541015625,0.41119545698165894,0.0005766503745689988,0.22863677144050598,-0.007063126191496849,3.8994834423065186
201,61.615962982177734,877.5700073242188,0.13773345947265625,0.8622665405273438,0.4109084904193878,0.0005766503745689988,0.23249581456184387,-0.004934322088956833,3.895000696182251
202,64.1917724609375,913.280029296875,0.13715362548828125,0.8628463745117188,0.4118345379829407,0.00038443360244855285,0.21116971969604492,-0.002542702713981271,3.911492109298706
203,62.160152435302734,891.6799926757812,0.1373443603515625,0.8626556396484375,0.4111194908618927,0.0005766503745689988,0.2272547334432602,-0.005864566657692194,3.9051287174224854
204,60.41135787963867,869.1300048828125,0.13690185546875,0.86309814453125,0.4109436869621277,0.0005766503745689988,0.23967795073986053,-0.004835065919905901,3.909564256668091
205,61.94709777832031,891.3599853515625,0.13632965087890625,0.8636703491210938,0.41109520196914673,0.0008649755618534982,0.232496976852417,-0.004959588870406151,3.897390604019165
206,64.8478012084961,901.6599731445312,0.13455963134765625,0.8654403686523438,0.4108524024486542,0.0005766503745689988,0.2154456228017807,-0.0036603964399546385,3.898637294769287
207,61.87386703491211,895.2100219726562,0.1320648193359375,0.8679351806640625,0.4111575484275818,0.00038443360244855285,0.21434597671031952,-0.004170386120676994,3.900482416152954
208,61.48954772949219,885.0900268554688,0.13150787353515625,0.8684921264648438,0.410938024520874,0.0005766503745689988,0.204082652926445,-0.005434880964457989,3.9012179374694824
209,64.47421264648438,926.72998046875,0.12955474853515625,0.8704452514648438,0.411167711019516,0.00038443360244855285,0.2111320048570633,-0.0033758708741515875,3.900533676147461
210,63.61314010620117,908.0399780273438,0.12926483154296875,0.8707351684570312,0.41186225414276123,0.0005766503745689988,0.22405272722244263,-0.006487203296273947,3.9012861251831055
211,64.57657623291016,910.4600219726562,0.13005828857421875,0.8699417114257812,0.41227370500564575,0.00038443360244855285,0.2025711089372635,-0.0019698585383594036,3.9200632572174072
212,60.65367126464844,874.4500122070312,0.13097381591796875,0.8690261840820312,0.41246628761291504,0.0005766503745689988,0.23007766902446747,-0.0050336518324911594,3.9180715084075928
213,61.62753677368164,892.22998046875,0.13111114501953125,0.8688888549804688,0.4121914505958557,0.0005766503745689988,0.2166043370962143,-0.004809872712939978,3.9149279594421387
214,62.743675231933594,896.3800048828125,0.13098907470703125,0.8690109252929688,0.4114278554916382,0.00038443360244855285,0.1910850703716278,-0.005444548558443785,3.910459280014038
215,63.63543701171875,896.4299926757812,0.1299896240234375,0.8700103759765625,0.4114089012145996,0.0005766503745689988,0.19955021142959595,-0.0033043925650417805,3.9087867736816406
216,62.43369674682617,886.1500244140625,0.12914276123046875,0.8708572387695312,0.41160333156585693,0.00038443360244855285,0.20755699276924133,-0.001880988827906549,3.9117445945739746
217,62.59331512451172,879.0900268554688,0.1305694580078125,0.8694305419921875,0.4119581878185272,0.0005766503745689988,0.21727736294269562,-0.007046201266348362,3.911933422088623
218,63.41360855102539,910.2000122070312,0.1301116943359375,0.8698883056640625,0.41262125968933105,0.00038443360244855285,0.20709168910980225,-0.005258324556052685,3.921149730682373
219,63.569393157958984,915.7000122070312,0.13123321533203125,0.8687667846679688,0.41269558668136597,0.0005766503745689988,0.21013180911540985,-0.004860447254031897,3.924492120742798
220,60.50353240966797,877.969970703125,0.1312713623046875,0.8687286376953125,0.4126783311367035,0.0005766503745689988,0.23357009887695312,-0.0041230833157896996,3.925555944442749
221,63.51835250854492,896.280029296875,0.13278961181640625,0.8672103881835938,0.41316670179367065,0.0005766503745689988,0.22137290239334106,-0.0036141511518508196,3.937617778778076
222,64.61007690429688,910.8099975585938,0.13399505615234375,0.8660049438476562,0.41216200590133667,0.00038443360244855285,0.20460356771945953,-0.0022664209827780724,3.9345333576202393
223,64.25892639160156,903.989990234375,0.1354217529296875,0.8645782470703125,0.412885457277298,0.0005766503745689988,0.2121431827545166,-0.006105688866227865,3.9186513423919678
224,65.50530242919922,905.2100219726562,0.13652801513671875,0.8634719848632812,0.4120376706123352,0.0005766503745689988,0.20713603496551514,-0.004598163068294525,3.9342355728149414
225,62.187225341796875,880.9199829101562,0.13608551025390625,0.8639144897460938,0.4131224751472473,0.0005766503745689988,0.21305200457572937,-0.003120279870927334,3.933530807495117
226,60.98322677612305,877.760009765625,0.13779449462890625,0.8622055053710938,0.4130520820617676,0.00038443360244855285,0.22371776401996613,-0.003355697961524129,3.9436628818511963
227,60.39236831665039,877.1300048828125,0.13697052001953125,0.8630294799804688,0.41318291425704956,0.0005766503745689988,0.21324767172336578,-0.0056670005433261395,3.9411122798919678
228,60.34476089477539,873.5399780273438,0.13800811767578125,0.8619918823242188,0.413349986076355,0.0005766503745689988,0.2231057733297348,-0.004962601698935032,3.9357473850250244
229,58.10322189331055,835.0999755859375,0.1404876708984375,0.8595123291015625,0.41354894638061523,0.0005766503745689988,0.20318472385406494,-0.0031920725014060736,3.9476547241210938
230,64.81426239013672,916.75,0.1410980224609375,0.8589019775390625,0.4131123125553131,0.0005766503745689988,0.21836510300636292,-0.0059882295317947865,3.9416632652282715
231,63.36294937133789,898.6699829101562,0.1396484375,0.8603515625,0.412761390209198,0.0005766503745689988,0.2115541398525238,-0.004427582956850529,3.9357075691223145
232,65.60030364990234,919.4199829101562,0.1390380859375,0.8609619140625,0.41319170594215393,0.0008649755618534982,0.20804663002490997,-0.005267830099910498,3.9390952587127686
233,63.456932067871094,910.1599731445312,0.13808441162109375,0.8619155883789062,0.4133667051792145,0.0005766503745689988,0.22807352244853973,-0.0038544856943190098,3.9477877616882324
234,63.88003921508789,889.4199829101562,0.13616943359375,0.86383056640625,0.41301172971725464,0.0008649755618534982,0.20438767969608307,-0.0056800819002091885,3.943497657775879
235,62.72605514526367,892.9600219726562,0.133544921875,0.866455078125,0.4126027822494507,0.0005766503745689988,0.22982895374298096,-0.003964200150221586,3.935307502746582
236,59.99305725097656,847.1799926757812,0.13463592529296875,0.8653640747070312,0.4125964939594269,0.00038443360244855285,0.21042147278785706,-0.004318308085203171,3.933234453201294
237,61.33209991455078,863.239990234375,0.13607025146484375,0.8639297485351562,0.41093847155570984,0.0005766503745689988,0.1984182447195053,-0.006786038633435965,3.913424491882324
238,62.76762008666992,880.4000244140625,0.13538360595703125,0.8646163940429688,0.4099593460559845,0.0005766503745689988,0.20856569707393646,-0.0037586288526654243,3.8882086277008057
239,61.63423156738281,884.0399780273438,0.13592529296875,0.86407470703125,0.4094638526439667,0.0005766503745689988,0.21889613568782806,-0.004282301291823387,3.8744616508483887
240,63.515804290771484,909.760009765625,0.1358184814453125,0.8641815185546875,0.40918633341789246,0.0008649755618534982,0.217210590839386,-0.0037983886431902647,3.866715908050537
241,63.3485107421875,904.8200073242188,0.1360015869140625,0.8639984130859375,0.40960419178009033,0.0005766503745689988,0.20906634628772736,-0.0039887698367238045,3.8718526363372803
242,64.24751281738281,909.5399780273438,0.1346893310546875,0.8653106689453125,0.4097169041633606,0.0005766503745689988,0.22574791312217712,-0.003512111259624362,3.876858711242676
243,64.66354370117188,907.1699829101562,0.13344573974609375,0.8665542602539062,0.40984290838241577,0.0002562890585977584,0.21799585223197937,-0.0031796712428331375,3.882152557373047
244,65.13504791259766,916.6300048828125,0.13381195068359375,0.8661880493164062,0.40898966789245605,0.0005766503745689988,0.22458648681640625,-0.007782495114952326,3.8638193607330322
245,62.38252258300781,881.8200073242188,0.1341094970703125,0.8658905029296875,0.4087098240852356,0.00038443360244855285,0.23210409283638,-0.006202387623488903,3.8627800941467285
246,63.853546142578125,906.1300048828125,0.13359832763671875,0.8664016723632812,0.40873491764068604,0.0005766503745689988,0.23769482970237732,-0.007237026933580637,3.862220048904419
247,63.137577056884766,876.030029296875,0.13225555419921875,0.8677444458007812,0.4079017639160156,0.00038443360244855285,0.22173888981342316,-0.0037438080180436373,3.8543307781219482
248,65.45728302001953,916.9199829101562,0.13291168212890625,0.8670883178710938,0.4078112840652466,0.0005766503745689988,0.20967037975788116,-0.006255021784454584,3.846156120300293
249,61.98193359375,881.030029296875,0.13152313232421875,0.8684768676757812,0.4081328511238098,0.00038443360244855285,0.22155150771141052,-0.004723449237644672,3.850322723388672
250,61.66393280029297,878.4400024414062,0.1326904296875,0.8673095703125,0.40848296880722046,0.0005766503745689988,0.23241810500621796,-0.004967409651726484,3.8476035594940186
251,60.95875930786133,872.739990234375,0.1324615478515625,0.8675384521484375,0.4085293710231781,0.00038443360244855285,0.2177656590938568,-0.004633856471627951,3.8481125831604004
252,65.78313446044922,903.1400146484375,0.131988525390625,0.868011474609375,0.4084513187408447,0.0002562890585977584,0.22352437674999237,-0.0021753665059804916,3.856395959854126
253,61.022499084472656,876.8200073242188,0.13159942626953125,0.8684005737304688,0.40938258171081543,0.0005766503745689988,0.22342167794704437,-0.006303614005446434,3.860294818878174
254,61.94338607788086,852.6799926757812,0.1333160400390625,0.8666839599609375,0.40911710262298584,0.0005766503745689988,0.22081446647644043,-0.004856507293879986,3.8667402267456055
255,63.2180290222168,890.22998046875,0.1351470947265625,0.8648529052734375,0.40908244252204895,0.0005766503745689988,0.24086955189704895,-0.004321363754570484,3.8737523555755615
256,62.790122985839844,874.4000244140625,0.13525390625,0.86474609375,0.4089081883430481,0.0005766503745689988,0.2268255352973938,-0.005561159458011389,3.8678581714630127
257,64.93696594238281,914.25,0.1344451904296875,0.8655548095703125,0.409639835357666,0.00038443360244855285,0.199405238032341,-0.003535606199875474,3.875836133956909
258,64.30027770996094,901.8400268554688,0.1341400146484375,0.8658599853515625,0.4092232584953308,0.00038443360244855285,0.2016116976737976,-0.0026987355668097734,3.87894344329834
259,63.58305740356445,916.3300170898438,0.13397979736328125,0.8660202026367188,0.4102213680744171,0.0005766503745689988,0.2147369533777237,-0.007647295948117971,3.8777096271514893
260,62.66928482055664,886.1099853515625,0.1334991455078125,0.8665008544921875,0.4103280305862427,0.0002562890585977584,0.2254478633403778,-0.0023902379907667637,3.890334367752075
261,63.29548645019531,891.1699829101562,0.1343231201171875,0.8656768798828125,0.4105355739593506,0.00038443360244855285,0.2212882936000824,-0.0060384576208889484,3.894382953643799
262,63.16613006591797,895.2100219726562,0.13408660888671875,0.8659133911132812,0.4098399877548218,0.0005766503745689988,0.2139207273721695,-0.006934459786862135,3.891709089279175
263,63.44539260864258,895.2000122070312,0.13405609130859375,0.8659439086914062,0.4103271961212158,0.0005766503745689988,0.2252650260925293,-0.006026541814208031,3.8835670948028564
264,62.12601089477539,878.3099975585938,0.1356658935546875,0.8643341064453125,0.40991222858428955,0.0005766503745689988,0.23366679251194,-0.006243347655981779,3.8840436935424805
265,61.122867584228516,883.75,0.13751220703125,0.86248779296875,0.41010555624961853,0.0005766503745689988,0.2116784155368805,-0.0037412855308502913,3.8831121921539307
266,64.6639175415039,902.3200073242188,0.13729095458984375,0.8627090454101562,0.4098828136920929,0.00038443360244855285,0.22329649329185486,-0.002635379321873188,3.8919014930725098
267,64.21281433105469,892.3599853515625,0.134521484375,0.865478515625,0.40915974974632263,0.0005766503745689988,0.22975808382034302,-0.00691090477630496,3.8817105293273926
268,64.01566314697266,907.719970703125,0.1336212158203125,0.8663787841796875,0.409309446811676,0.0008649755618534982,0.22152146697044373,-0.0034173184540122747,3.882378101348877
269,62.6059455871582,895.1900024414062,0.13156890869140625,0.8684310913085938,0.40939539670944214,0.00038443360244855285,0.2166067510843277,-0.004029552452266216,3.8785464763641357
270,62.3219108581543,885.7000122070312,0.132781982421875,0.867218017578125,0.4093570113182068,0.0005766503745689988,0.231638103723526,-0.007179253734648228,3.8753907680511475
271,66.48812866210938,901.97998046875,0.1346893310546875,0.8653106689453125,0.4095378518104553,0.0002562890585977584,0.23470330238342285,-0.0020842626690864563,3.882969379425049
272,62.331111907958984,871.7100219726562,0.1364898681640625,0.8635101318359375,0.4105587303638458,0.0005766503745689988,0.23637446761131287,-0.005566036328673363,3.8892388343811035
273,62.173126220703125,870.97998046875,0.139312744140625,0.860687255859375,0.4105852246284485,0.0005766503745689988,0.24595223367214203,-0.00518802460283041,3.902472496032715
274,62.58183670043945,880.5999755859375,0.140472412109375,0.859527587890625,0.41153547167778015,0.0005766503745689988,0.23044653236865997,-0.005447570700198412,3.913464069366455
275,65.23417663574219,901.97998046875,0.14092254638671875,0.8590774536132812,0.4122844934463501,0.0005766503745689988,0.21689897775650024,-0.004543968476355076,3.9216480255126953
276,63.7229118347168,912.5599975585938,0.14141082763671875,0.8585891723632812,0.41180089116096497,0.0005766503745689988,0.2223684936761856,-0.005750859156250954,3.9279205799102783
277,64.83365631103516,916.6799926757812,0.14141082763671875,0.8585891723632812,0.4123900234699249,0.0005766503745689988,0.207208052277565,-0.006949167232960463,3.925926923751831
278,62.18624496459961,879.0700073242188,0.14073944091796875,0.8592605590820312,0.41230738162994385,0.00038443360244855285,0.22299548983573914,-0.0035353307612240314,3.933886766433716
279,61.678775787353516,857.72998046875,0.1431427001953125,0.8568572998046875,0.412502259016037,0.0005766503745689988,0.23360738158226013,-0.005763174965977669,3.931547164916992
280,60.61307144165039,863.6900024414062,0.1442108154296875,0.8557891845703125,0.41324031352996826,0.0008649755618534982,0.22424909472465515,-0.004217423498630524,3.9395365715026855
281,62.85227584838867,884.6199951171875,0.14600372314453125,0.8539962768554688,0.4130903482437134,7.593750342493877e-05,0.2418302595615387,0.003744154702872038,3.9366941452026367
282,65.01649475097656,900.8499755859375,0.14537811279296875,0.8546218872070312,0.41328227519989014,0.0002562890585977584,0.22292360663414001,-0.0057473331689834595,3.9422802925109863
283,63.70474624633789,889.6799926757812,0.14508819580078125,0.8549118041992188,0.4129476547241211,0.0005766503745689988,0.2127469927072525,-0.006493065506219864,3.933131217956543
284,63.396240234375,879.3099975585938,0.142913818359375,0.857086181640625,0.41299930214881897,0.00038443360244855285,0.22733068466186523,-0.0028242904227226973,3.9463682174682617
285,61.34800338745117,879.3599853515625,0.14279937744140625,0.8572006225585938,0.41277775168418884,0.0005766503745689988,0.23785175383090973,-0.0046819113194942474,3.929072856903076
286,63.52618408203125,886.8300170898438,0.14270782470703125,0.8572921752929688,0.4128645956516266,0.00038443360244855285,0.23203431069850922,-0.004128330387175083,3.9401185512542725
287,62.00376892089844,873.5499877929688,0.143310546875,0.856689453125,0.41289761662483215,0.0005766503745689988,0.24490951001644135,-0.006980916019529104,3.9325344562530518
288,63.63671112060547,900.4500122070312,0.14536285400390625,0.8546371459960938,0.41299933195114136,0.00038443360244855285,0.23858356475830078,-0.006839345674961805,3.926435708999634
289,58.806583404541016,844.260009765625,0.14404296875,0.85595703125,0.41277408599853516,0.0005766503745689988,0.2285403162240982,-0.007870049215853214,3.927196979522705
290,61.72433853149414,872.6900024414062,0.14623260498046875,0.8537673950195312,0.41285595297813416,0.00038443360244855285,0.22720082104206085,-0.0035814696457237005,3.9313080310821533
291,64.07321166992188,880.5800170898438,0.14723968505859375,0.8527603149414062,0.4133962392807007,0.0005766503745689988,0.23051586747169495,-0.007224280387163162,3.9292407035827637
292,64.88587188720703,878.6599731445312,0.1490478515625,0.8509521484375,0.4139058589935303,0.0005766503745689988,0.23992832005023956,-0.005350552964955568,3.9420602321624756
293,61.79029083251953,881.5599975585938,0.1504669189453125,0.8495330810546875,0.414090096950531,0.0005766503745689988,0.24171268939971924,-0.0062806387431919575,3.951568126678467
294,57.27019119262695,814.8599853515625,0.15118408203125,0.84881591796875,0.4143919348716736,0.0005766503745689988,0.23830047249794006,-0.005213218741118908,3.9502649307250977
295,65.3742446899414,899.8400268554688,0.1519012451171875,0.8480987548828125,0.4140002131462097,0.0005766503745689988,0.22317831218242645,-0.005775144323706627,3.9538557529449463
296,62.6154670715332,878.260009765625,0.1516265869140625,0.8483734130859375,0.41377827525138855,0.0005766503745689988,0.23419488966464996,-0.004308032803237438,3.9501006603240967
297,66.15348052978516,919.3300170898438,0.15267181396484375,0.8473281860351562,0.4128974676132202,0.0005766503745689988,0.2226085364818573,-0.004221801180392504,3.9368276596069336
298,65.4714584350586,909.9000244140625,0.15180206298828125,0.8481979370117188,0.4133414030075073,0.0005766503745689988,0.2223692685365677,-0.006896057166159153,3.9291129112243652
299,58.675193786621094,838.72998046875,0.151885986328125,0.848114013671875,0.4135286211967468,0.00038443360244855285,0.24818862974643707,-0.0012989059323444963,3.9436028003692627
300,62.68199157714844,874.6500244140625,0.15252685546875,0.84747314453125,0.4135677218437195,0.0005766503745689988,0.2079257369041443,-0.005924202501773834,3.937052011489868
301,64.0384292602539,890.719970703125,0.15059661865234375,0.8494033813476562,0.41436007618904114,0.00038443360244855285,0.20718072354793549,-0.0014324694639071822,3.952845573425293
302,63.22929382324219,900.1300048828125,0.149566650390625,0.850433349609375,0.4149155914783478,0.0005766503745689988,0.22705508768558502,-0.00639752671122551,3.95328950881958
303,62.902915954589844,896.7899780273438,0.14672088623046875,0.8532791137695312,0.4150092601776123,0.0005766503745689988,0.21680614352226257,-0.005011783912777901,3.962501049041748
304,61.529930114746094,881.8800048828125,0.14730072021484375,0.8526992797851562,0.415079802274704,0.0005766503745689988,0.24334242939949036,-0.0052451640367507935,3.950120687484741
305,67.92382049560547,922.4199829101562,0.1473846435546875,0.8526153564453125,0.4151366353034973,0.00038443360244855285,0.24607473611831665,-0.004723455291241407,3.95969557762146
306,60.36537170410156,873.1900024414062,0.14688873291015625,0.8531112670898438,0.4154924154281616,0.0005766503745689988,0.23882482945919037,-0.007664741016924381,3.9549520015716553
307,61.82046890258789,888.5499877929688,0.14887237548828125,0.8511276245117188,0.4163219928741455,0.0005766503745689988,0.2422184944152832,-0.004966165404766798,3.9726920127868652
308,57.99961471557617,833.9099731445312,0.1506500244140625,0.8493499755859375,0.41719651222229004,0.00038443360244855285,0.2546480894088745,-0.0032074893824756145,3.9921603202819824
309,63.75486755371094,894.1400146484375,0.1508636474609375,0.8491363525390625,0.4179459512233734,0.0005766503745689988,0.23971152305603027,-0.006913469173014164,3.9984309673309326
310,62.38458251953125,862.27001953125,0.15084075927734375,0.8491592407226562,0.41810137033462524,0.0005766503745689988,0.24048300087451935,-0.004348739981651306,4.012304306030273
311,58.8929328918457,834.6500244140625,0.15081787109375,0.84918212890625,0.41872119903564453,0.00038443360244855285,0.24480171501636505,-0.0029517612420022488,4.024340629577637
312,62.949039459228516,885.780029296875,0.1519622802734375,0.8480377197265625,0.4179557263851166,0.0005766503745689988,0.22290949523448944,-0.004398497287184,4.009443759918213
313,59.35609817504883,846.0900268554688,0.154388427734375,0.845611572265625,0.41837078332901,0.00038443360244855285,0.2570546269416809,-0.00606401776894927,4.008913516998291
314,62.36140823364258,870.6900024414062,0.1576385498046875,0.8423614501953125,0.417857825756073,0.0005766503745689988,0.24028325080871582,-0.006329603027552366,4.0071563720703125
315,60.48406982421875,869.0700073242188,0.15776824951171875,0.8422317504882812,0.41811078786849976,0.00038443360244855285,0.23684529960155487,-0.0063772303983569145,4.0025410652160645
316,61.269004821777344,865.8800048828125,0.15912628173828125,0.8408737182617188,0.41855722665786743,0.0005766503745689988,0.23432107269763947,-0.007022627629339695,4.012000560760498
317,61.20273208618164,865.2899780273438,0.161285400390625,0.838714599609375,0.4190898537635803,0.0005766503745689988,0.2335631251335144,-0.003030037274584174,4.02491569519043
318,61.89420700073242,876.7999877929688,0.1613616943359375,0.8386383056640625,0.41903215646743774,0.00038443360244855285,0.23032547533512115,-0.0044114007614552975,4.026711940765381
319,64.00436401367188,918.010009765625,0.16240692138671875,0.8375930786132812,0.41883742809295654,0.0008649755618534982,0.20997044444084167,-0.005830890964716673,4.028296947479248
320,62.367374420166016,887.1300048828125,0.16009521484375,0.83990478515625,0.41892051696777344,0.0005766503745689988,0.22194363176822662,-0.004195461515337229,4.020394325256348
321,62.894371032714844,875.3200073242188,0.1582183837890625,0.8417816162109375,0.4189165234565735,0.00038443360244855285,0.22182826697826385,-0.002685093553736806,4.03084659576416
322,62.77849197387695,875.6599731445312,0.15589141845703125,0.8441085815429688,0.4189700484275818,0.0005766503745689988,0.22458229959011078,-0.006789805833250284,4.02794075012207
323,60.910003662109375,861.0,0.15485382080078125,0.8451461791992188,0.41881895065307617,0.0008649755618534982,0.21570411324501038,-0.0030966366175562143,4.027581214904785
324,63.64237976074219,891.989990234375,0.15380859375,0.84619140625,0.41822803020477295,0.0005766503745689988,0.23000657558441162,-0.004031198099255562,4.017168045043945
325,64.37403869628906,900.25,0.15271759033203125,0.8472824096679688,0.41771605610847473,0.0005766503745689988,0.20542921125888824,-0.0035280794836580753,4.002067565917969
326,61.85417175292969,878.8400268554688,0.15299224853515625,0.8470077514648438,0.41726505756378174,0.00038443360244855285,0.23470452427864075,-0.005091395694762468,3.994903802871704
327,58.90431213378906,827.0700073242188,0.15343475341796875,0.8465652465820312,0.41780713200569153,0.0005766503745689988,0.24187462031841278,-0.006689454894512892,3.999155044555664
328,60.521820068359375,867.5999755859375,0.15671539306640625,0.8432846069335938,0.4183310866355896,0.0005766503745689988,0.25093936920166016,-0.0035837069153785706,4.01442813873291
329,59.33884811401367,857.6799926757812,0.1591339111328125,0.8408660888671875,0.4179820418357849,0.00038443360244855285,0.23745357990264893,-0.0031464812345802784,4.016491413116455
330,59.04590606689453,848.530029296875,0.162567138671875,0.837432861328125,0.41816601157188416,0.00038443360244855285,0.23391760885715485,-0.0066865417174994946,4.013253211975098
331,59.50247573852539,835.5700073242188,0.1660003662109375,0.8339996337890625,0.4179899990558624,0.0005766503745689988,0.24836477637290955,-0.006241488736122847,4.0168914794921875
332,63.82950973510742,898.0800170898438,0.16638946533203125,0.8336105346679688,0.4188230633735657,0.0005766503745689988,0.2559554874897003,-0.006530931685119867,4.026968479156494
333,63.71257400512695,878.6300048828125,0.1678009033203125,0.8321990966796875,0.4190506935119629,0.0005766503745689988,0.22884780168533325,-0.0045209662057459354,4.033234119415283
334,63.508331298828125,889.8599853515625,0.168731689453125,0.831268310546875,0.4190555810928345,0.0005766503745689988,0.25011318922042847,-0.0041190688498318195,4.041572570800781
335,61.65367889404297,867.2100219726562,0.1680145263671875,0.8319854736328125,0.41891753673553467,0.00038443360244855285,0.2316945195198059,-0.005464379210025072,4.031332015991211
336,58.61730194091797,838.0700073242188,0.17028045654296875,0.8297195434570312,0.4193309247493744,0.0005766503745689988,0.23040704429149628,-0.005737821105867624,4.044717788696289
337,61.95924377441406,872.5800170898438,0.17208099365234375,0.8279190063476562,0.41992682218551636,0.00038443360244855285,0.22871294617652893,-0.0035198512487113476,4.0503315925598145
338,64.19245147705078,908.4400024414062,0.16888427734375,0.83111572265625,0.4198276400566101,0.0005766503745689988,0.22690115869045258,-0.004723602905869484,4.055737495422363
339,60.85892868041992,859.6300048828125,0.16736602783203125,0.8326339721679688,0.42068085074424744,0.0005766503745689988,0.2180505394935608,-0.0058526089414954185,4.064095497131348
340,61.628787994384766,860.4099731445312,0.1669464111328125,0.8330535888671875,0.4200229346752167,0.0005766503745689988,0.23178312182426453,-0.004974642768502235,4.062019348144531
341,65.91735076904297,913.5999755859375,0.16619873046875,0.83380126953125,0.4203300476074219,0.0008649755618534982,0.21971821784973145,-0.005302651319652796,4.048717021942139
342,66.2152328491211,914.2000122070312,0.16522979736328125,0.8347702026367188,0.4202008545398712,0.0005766503745689988,0.24026955664157867,-0.004707423038780689,4.055380821228027
343,60.932098388671875,839.22998046875,0.16461181640625,0.83538818359375,0.42092400789260864,0.00038443360244855285,0.24799910187721252,-0.004362357780337334,4.064453125
344,62.99436950683594,873.530029296875,0.1657867431640625,0.8342132568359375,0.42042726278305054,0.0005766503745689988,0.23986151814460754,-0.0056784553453326225,4.067238807678223
345,61.091278076171875,859.3599853515625,0.16666412353515625,0.8333358764648438,0.42115241289138794,0.0005766503745689988,0.25279659032821655,-0.005149317439645529,4.0665693283081055
346,62.334529876708984,885.1599731445312,0.16683197021484375,0.8331680297851562,0.42066195607185364,0.00038443360244855285,0.24139298498630524,-0.0033890551421791315,4.070609092712402
347,60.86469268798828,867.3499755859375,0.16631317138671875,0.8336868286132812,0.420319527387619,0.0005766503745689988,0.218626469373703,-0.007263868115842342,4.060902118682861
348,61.168827056884766,859.47998046875,0.1656494140625,0.8343505859375,0.4198759198188782,0.0005766503745689988,0.21814469993114471,-0.004424540791660547,4.0542731285095215
349,61.281497955322266,877.0700073242188,0.16631317138671875,0.8336868286132812,0.41915056109428406,0.00038443360244855285,0.22355109453201294,-0.004857860971242189,4.052124500274658
350,61.76395797729492,884.780029296875,0.16777801513671875,0.8322219848632812,0.41897961497306824,0.0005766503745689988,0.20983150601387024,-0.006752884481102228,4.034164905548096
351,63.222412109375,868.530029296875,0.16748809814453125,0.8325119018554688,0.4186720848083496,0.00038443360244855285,0.23763851821422577,-0.004243236035108566,4.034586429595947
352,61.43801498413086,849.3800048828125,0.16849517822265625,0.8315048217773438,0.418228417634964,0.0005766503745689988,0.22744397819042206,-0.005200463347136974,4.028024196624756
353,63.34754180908203,901.2899780273438,0.16961669921875,0.83038330078125,0.41734206676483154,0.00038443360244855285,0.2373693883419037,-0.005978149361908436,4.005795955657959
354,62.49315643310547,882.760009765625,0.16954803466796875,0.8304519653320312,0.4175611138343811,0.0005766503745689988,0.22304724156856537,-0.005128697957843542,4.019051551818848
355,63.845916748046875,903.4500122070312,0.17026519775390625,0.8297348022460938,0.4179900884628296,0.0005766503745689988,0.2289978712797165,-0.0063159409910440445,4.007226943969727
356,64.85494995117188,899.1300048828125,0.17099761962890625,0.8290023803710938,0.41866302490234375,0.00038443360244855285,0.23186206817626953,-0.0039948816411197186,4.037317276000977
357,63.82879638671875,896.9400024414062,0.1702728271484375,0.8297271728515625,0.41888725757598877,0.0005766503745689988,0.2292286604642868,-0.004466028418391943,4.037338733673096
358,63.44157409667969,894.0900268554688,0.16764068603515625,0.8323593139648438,0.4188101291656494,0.0005766503745689988,0.2412298023700714,-0.004643170163035393,4.042806625366211
359,64.44287872314453,886.97998046875,0.16605377197265625,0.8339462280273438,0.4186250865459442,0.00038443360244855285,0.23275452852249146,-0.002925759181380272,4.039132595062256
360,62.90276336669922,894.0900268554688,0.164886474609375,0.835113525390625,0.4187684655189514,0.0005766503745689988,0.2391720712184906,-0.006738393567502499,4.041726112365723
361,62.26517105102539,883.8099975585938,0.1632537841796875,0.8367462158203125,0.41869214177131653,0.0002562890585977584,0.23438403010368347,-0.004643540363758802,4.039531707763672
362,61.877952575683594,875.52001953125,0.1638336181640625,0.8361663818359375,0.4181603789329529,0.0005766503745689988,0.2247699797153473,-0.007267512381076813,4.031504154205322
363,63.63365936279297,875.4000244140625,0.16585540771484375,0.8341445922851562,0.4188392758369446,0.0005766503745689988,0.22881944477558136,-0.005618433002382517,4.041537284851074
364,62.98957824707031,876.260009765625,0.16616058349609375,0.8338394165039062,0.41830572485923767,0.00038443360244855285,0.23067347705364227,-0.0033508313354104757,4.0413665771484375
365,66.19500732421875,912.9099731445312,0.16668701171875,0.83331298828125,0.41752150654792786,0.0005766503745689988,0.2119533121585846,-0.007559622172266245,4.0237956047058105
366,63.28281021118164,884.739990234375,0.1639862060546875,0.8360137939453125,0.41836780309677124,0.0005766503745689988,0.22575247287750244,-0.00553834717720747,4.034842014312744
367,63.722816467285156,893.9500122070312,0.1597137451171875,0.8402862548828125,0.4181734323501587,0.00038443360244855285,0.21197526156902313,-0.006389322225004435,4.036062240600586
368,64.41415405273438,914.3300170898438,0.159820556640625,0.840179443359375,0.4183008670806885,0.0005766503745689988,0.19933882355690002,-0.00768555561080575,4.038916110992432
369,59.04475021362305,840.489990234375,0.15854644775390625,0.8414535522460938,0.41782256960868835,0.00038443360244855285,0.2084721177816391,-0.00403668824583292,4.036844253540039
370,64.31526947021484,895.02001953125,0.1589813232421875,0.8410186767578125,0.4177098870277405,0.0005766503745689988,0.21387849748134613,-0.006894034333527088,4.030539512634277
371,62.788665771484375,887.7999877929688,0.1584320068359375,0.8415679931640625,0.4177636504173279,0.0008649755618534982,0.24078108370304108,-0.00814432930201292,4.0312042236328125
372,63.5875244140625,882.8200073242188,0.15970611572265625,0.8402938842773438,0.41804781556129456,0.00017085937724914402,0.21428804099559784,0.001516032381914556,4.037681579589844
373,66.28002166748047,931.5599975585938,0.158966064453125,0.841033935546875,0.4181750416755676,0.00038443360244855285,0.22077599167823792,-0.007392259314656258,4.03634786605835
374,64.40157318115234,907.1500244140625,0.15662384033203125,0.8433761596679688,0.4184044599533081,0.0005766503745689988,0.2208230346441269,-0.006386336404830217,4.046265125274658
375,62.864749908447266,872.739990234375,0.1552886962890625,0.8447113037109375,0.41848868131637573,0.0005766503745689988,0.21865202486515045,-0.004270014353096485,4.041999340057373
376,62.516197204589844,870.9299926757812,0.15358734130859375,0.8464126586914062,0.4181438684463501,0.00038443360244855285,0.21649925410747528,-0.003153662197291851,4.04584264755249
377,60.5023078918457,867.4099731445312,0.15256500244140625,0.8474349975585938,0.41812485456466675,0.0005766503745689988,0.22597084939479828,-0.0073706828989088535,4.04182243347168
378,65.31988525390625,913.1599731445312,0.1520233154296875,0.8479766845703125,0.41777828335762024,0.0005766503745689988,0.2324891835451126,-0.005981488153338432,4.036733150482178
379,64.74765014648438,902.6500244140625,0.14965057373046875,0.8503494262695312,0.4174346327781677,0.0005766503745689988,0.2236003428697586,-0.005113757681101561,4.028122901916504
380,61.15889358520508,854.2999877929688,0.1483917236328125,0.8516082763671875,0.417754590511322,0.0005766503745689988,0.23550626635551453,-0.0056104278191924095,4.029793739318848
381,63.74689483642578,888.6199951171875,0.1502532958984375,0.8497467041015625,0.41771480441093445,0.0005766503745689988,0.21558548510074615,-0.005740749184042215,4.027584075927734
382,64.40336608886719,890.0,0.148223876953125,0.851776123046875,0.41722485423088074,0.0005766503745689988,0.21081973612308502,-0.0052327499724924564,4.031804084777832
383,64.39490509033203,901.239990234375,0.1461029052734375,0.8538970947265625,0.41705185174942017,0.00038443360244855285,0.21859446167945862,-0.004257730673998594,4.021990776062012
384,65.92742919921875,930.3400268554688,0.1443023681640625,0.8556976318359375,0.4172140061855316,0.0005766503745689988,0.23098979890346527,-0.006621186155825853,4.027119159698486
385,64.95275115966797,884.6300048828125,0.142333984375,0.857666015625,0.41770458221435547,0.0005766503745689988,0.22216399013996124,-0.0050760977901518345,4.035823345184326
386,64.9926528930664,924.4400024414062,0.14019775390625,0.85980224609375,0.41813045740127563,0.0002562890585977584,0.22760748863220215,-0.003259726334363222,4.046563148498535
387,62.245113372802734,872.1300048828125,0.1386260986328125,0.8613739013671875,0.4169401526451111,0.00038443360244855285,0.22595061361789703,-0.006392780691385269,4.036708831787109
388,64.50276947021484,886.3200073242188,0.14055633544921875,0.8594436645507812,0.4164676070213318,0.0005766503745689988,0.22419804334640503,-0.008045502938330173,4.01702880859375
389,62.39617156982422,858.489990234375,0.13994598388671875,0.8600540161132812,0.4168056547641754,0.0002562890585977584,0.23063383996486664,-0.0005523117142729461,4.023693561553955
390,61.10070037841797,847.2000122070312,0.13909912109375,0.86090087890625,0.41666337847709656,0.0005766503745689988,0.22240175306797028,-0.006867724936455488,4.015247344970703
391,65.58718872070312,903.5700073242188,0.1383209228515625,0.8616790771484375,0.417771577835083,0.0008649755618534982,0.2253562957048416,-0.004092572256922722,4.039093494415283
392,60.558658599853516,871.5499877929688,0.13547515869140625,0.8645248413085938,0.4182903468608856,0.00038443360244855285,0.21933555603027344,-0.002891391981393099,4.0499138832092285
393,62.86515808105469,877.239990234375,0.13416290283203125,0.8658370971679688,0.41793227195739746,0.0005766503745689988,0.22334031760692596,-0.006254411302506924,4.052194118499756
394,62.20631408691406,893.969970703125,0.1328125,0.8671875,0.4184638261795044,0.0005766503745689988,0.23602299392223358,-0.003930628765374422,4.04980993270874
395,66.15778350830078,919.2100219726562,0.1314849853515625,0.8685150146484375,0.418702095746994,0.0002562890585977584,0.237365260720253,-0.0035970585886389017,4.057449817657471
396,62.490169525146484,880.9500122070312,0.131500244140625,0.868499755859375,0.4186819791793823,0.0005766503745689988,0.234447181224823,-0.006210078950971365,4.056847095489502
397,61.54704284667969,854.4500122070312,0.13292694091796875,0.8670730590820312,0.4185815453529358,0.0005766503745689988,0.23280252516269684,-0.004583784844726324,4.054693222045898
398,61.020233154296875,859.72998046875,0.1357269287109375,0.8642730712890625,0.4194662868976593,0.0005766503745689988,0.24566709995269775,-0.006973033770918846,4.059498310089111
399,66.4699935913086,934.7100219726562,0.1388397216796875,0.8611602783203125,0.4200708866119385,0.00038443360244855285,0.22861167788505554,-0.005372742190957069,4.078663349151611
400,63.21990203857422,890.8300170898438,0.137725830078125,0.862274169921875,0.4197901487350464,0.0005766503745689988,0.22040392458438873,-0.005291530396789312,4.0765557289123535
401,61.94016647338867,875.489990234375,0.13866424560546875,0.8613357543945312,0.4206639528274536,0.0008649755618534982,0.22298823297023773,-0.0055440878495574,4.089078903198242
402,66.56876373291016,903.1500244140625,0.13977813720703125,0.8602218627929688,0.4211418032646179,0.0008649755618534982,0.22206710278987885,-0.004470619838684797,4.093077659606934
403,65.77812957763672,932.010009765625,0.1386871337890625,0.8613128662109375,0.4214681386947632,0.00038443360244855285,0.22487127780914307,-0.003001114120706916,4.104245185852051
404,60.79772186279297,851.4299926757812,0.1384429931640625,0.8615570068359375,0.4212534427642822,0.0005766503745689988,0.20918405055999756,-0.005720681045204401,4.100012302398682
405,64.37117004394531,912.280029296875,0.14069366455078125,0.8593063354492188,0.42140328884124756,0.00038443360244855285,0.2269851267337799,-0.004824420437216759,4.105038166046143
406,63.49629592895508,887.010009765625,0.14127349853515625,0.8587265014648438,0.4213269352912903,0.0005766503745689988,0.23617303371429443,-0.003965906333178282,4.098130702972412
407,62.01571273803711,877.3099975585938,0.14209747314453125,0.8579025268554688,0.42162632942199707,0.0005766503745689988,0.24871526658535004,-0.004232899285852909,4.104243278503418
408,63.44247055053711,893.0399780273438,0.1439361572265625,0.8560638427734375,0.42070472240448,0.0005766503745689988,0.21887418627738953,-0.00464983843266964,4.094892978668213
409,63.98390197753906,887.8400268554688,0.1461029052734375,0.8538970947265625,0.42139020562171936,0.0005766503745689988,0.23801009356975555,-0.006037075072526932,4.093617916107178
410,60.6760368347168,860.8900146484375,0.1464691162109375,0.8535308837890625,0.4209708571434021,0.0002562890585977584,0.23506633937358856,-0.0012825741432607174,4.0970234870910645
411,64.40216064453125,895.7999877929688,0.145355224609375,0.854644775390625,0.4213753342628479,0.0005766503745689988,0.2404005229473114,-0.008037945255637169,4.087408065795898
412,64.15869903564453,898.7899780273438,0.1466827392578125,0.8533172607421875,0.42109352350234985,0.00038443360244855285,0.2457321435213089,-0.004687034524977207,4.0969319343566895
413,61.93723678588867,887.1799926757812,0.14812469482421875,0.8518753051757812,0.4209520220756531,0.00038443360244855285,0.26133033633232117,-0.005551394075155258,4.080880641937256
414,62.73759841918945,882.9299926757812,0.150360107421875,0.849639892578125,0.42099529504776,0.0005766503745689988,0.25164276361465454,-0.007023957092314959,4.093209266662598
415,63.5992317199707,880.0,0.15280914306640625,0.8471908569335938,0.42192381620407104,0.0005766503745689988,0.2707398533821106,-0.005782811902463436,4.101007461547852
416,63.44440460205078,889.469970703125,0.1536865234375,0.8463134765625,0.42254507541656494,0.0002562890585977584,0.25894632935523987,-0.003739762818440795,4.113687992095947
417,63.34660720825195,879.0499877929688,0.15447998046875,0.84552001953125,0.4224429726600647,0.00038443360244855285,0.26565641164779663,-0.006453877780586481,4.12465763092041
418,61.31354522705078,855.1599731445312,0.15415191650390625,0.8458480834960938,0.42270728945732117,0.0005766503745689988,0.27208182215690613,-0.008059969171881676,4.122290134429932
419,64.35508728027344,893.5399780273438,0.15720367431640625,0.8427963256835938,0.42253831028938293,0.0008649755618534982,0.27879613637924194,-0.006906576454639435,4.115258693695068
420,57.59003448486328,830.6500244140625,0.1571502685546875,0.8428497314453125,0.4225262701511383,0.0005766503745689988,0.24046772718429565,-0.005830611567944288,4.116504669189453
421,66.91143035888672,917.3400268554688,0.16161346435546875,0.8383865356445312,0.4226043224334717,0.00038443360244855285,0.25324171781539917,-0.0060097831301391125,4.114460468292236
422,62.93914794921875,895.239990234375,0.163299560546875,0.836700439453125,0.42272165417671204,0.00038443360244855285,0.2482190877199173,-0.0044173588976264,4.121292591094971
423,65.29656982421875,905.9299926757812,0.1625823974609375,0.8374176025390625,0.42220717668533325,0.0005766503745689988,0.24822267889976501,-0.007191309705376625,4.113466262817383
424,63.559871673583984,889.6199951171875,0.1631927490234375,0.8368072509765625,0.42272934317588806,0.0005766503745689988,0.25032728910446167,-0.004365300294011831,4.115177631378174
425,65.12342834472656,893.97998046875,0.16553497314453125,0.8344650268554688,0.4238169193267822,0.0005766503745689988,0.2722821533679962,-0.004870681557804346,4.133339881896973
426,62.14447784423828,870.9400024414062,0.1661224365234375,0.8338775634765625,0.42416155338287354,0.0005766503745689988,0.26577597856521606,-0.0042648003436625,4.141839981079102
427,64.69856262207031,892.4600219726562,0.165557861328125,0.834442138671875,0.4246291220188141,0.0002562890585977584,0.24518756568431854,-0.0032928185537457466,4.146796226501465
428,61.945709228515625,867.97998046875,0.16553497314453125,0.8344650268554688,0.4251236617565155,0.00038443360244855285,0.23771417140960693,-0.0075221192091703415,4.1634602546691895
429,64.1686782836914,897.3099975585938,0.16558837890625,0.83441162109375,0.42513036727905273,0.00038443360244855285,0.24291813373565674,-0.006874797400087118,4.1525349617004395
430,63.77777099609375,907.5800170898438,0.1651458740234375,0.8348541259765625,0.42483681440353394,0.0005766503745689988,0.25172117352485657,-0.006179712247103453,4.164954662322998
431,61.79830551147461,863.77001953125,0.1646881103515625,0.8353118896484375,0.4259967803955078,0.0005766503745689988,0.24402466416358948,-0.00462760403752327,4.168441295623779
432,61.352935791015625,861.489990234375,0.163848876953125,0.836151123046875,0.4256953299045563,0.00038443360244855285,0.23544859886169434,-0.0053665051236748695,4.174999713897705
433,63.4780158996582,891.9199829101562,0.1669921875,0.8330078125,0.4250336289405823,0.0005766503745689988,0.22421470284461975,-0.007660386152565479,4.158447265625
434,61.77854537963867,859.4600219726562,0.16744232177734375,0.8325576782226562,0.4252973198890686,0.0008649755618534982,0.24135150015354156,-0.007437719497829676,4.160913467407227
435,61.95066833496094,877.739990234375,0.166015625,0.833984375,0.42462873458862305,0.00038443360244855285,0.22184127569198608,-0.0017555495724081993,4.154871463775635
436,65.2587890625,893.4500122070312,0.16591644287109375,0.8340835571289062,0.4249964654445648,0.0005766503745689988,0.219100683927536,-0.0059498571790754795,4.1542277336120605
437,61.580909729003906,895.739990234375,0.165435791015625,0.834564208984375,0.424833208322525,0.0002562890585977584,0.2163224220275879,-0.005853939801454544,4.148873805999756
438,63.08039474487305,880.7000122070312,0.163665771484375,0.836334228515625,0.42483365535736084,0.0005766503745689988,0.21284230053424835,-0.008017866872251034,4.155963897705078
439,65.90863800048828,917.3099975585938,0.16316986083984375,0.8368301391601562,0.424558162689209,0.0008649755618534982,0.23377245664596558,-0.0049111987464129925,4.1544342041015625
440,63.45575714111328,884.8800048828125,0.16329193115234375,0.8367080688476562,0.42406022548675537,0.0005766503745689988,0.2228497862815857,-0.004126193933188915,4.153748989105225
441,62.97743225097656,899.5700073242188,0.16245269775390625,0.8375473022460938,0.4237959086894989,0.0005766503745689988,0.22017253935337067,-0.00523720495402813,4.134598731994629
442,65.78276824951172,892.9199829101562,0.1608428955078125,0.8391571044921875,0.4236423373222351,0.00038443360244855285,0.23876596987247467,-0.003651621052995324,4.143258094787598
443,64.37202453613281,901.3200073242188,0.15985107421875,0.84014892578125,0.42421096563339233,0.0005766503745689988,0.22121387720108032,-0.005085230804979801,4.136531829833984
444,63.301109313964844,891.1400146484375,0.15962982177734375,0.8403701782226562,0.4253384470939636,0.0005766503745689988,0.2369108647108078,-0.007104178890585899,4.152563095092773
445,62.98100662231445,881.97998046875,0.1595001220703125,0.8404998779296875,0.42453160881996155,0.0005766503745689988,0.22993405163288116,-0.004648932721465826,4.151586532592773
446,61.95851135253906,871.3599853515625,0.16033935546875,0.83966064453125,0.42496633529663086,0.0005766503745689988,0.24609139561653137,-0.005339816212654114,4.151026725769043
447,62.98454284667969,869.5599975585938,0.1613922119140625,0.8386077880859375,0.4243979752063751,0.0005766503745689988,0.2470955103635788,-0.004858475178480148,4.143239498138428
448,64.80673217773438,905.010009765625,0.1617584228515625,0.8382415771484375,0.4245854616165161,0.00038443360244855285,0.24606668949127197,-0.002883882960304618,4.148231029510498
449,62.92420196533203,865.969970703125,0.15875244140625,0.84124755859375,0.42480558156967163,0.0005766503745689988,0.2477802187204361,-0.0056541236117482185,4.146168231964111
450,64.91509246826172,904.0599975585938,0.15946197509765625,0.8405380249023438,0.4262027144432068,0.00038443360244855285,0.2464856207370758,-0.00693398667499423,4.171034812927246
451,64.08812713623047,883.9099731445312,0.157257080078125,0.842742919921875,0.4268346428871155,0.0005766503745689988,0.24353192746639252,-0.009230277501046658,4.187251567840576
452,61.04026412963867,879.260009765625,0.15930938720703125,0.8406906127929688,0.4277563691139221,0.0008649755618534982,0.23841053247451782,-0.005069524049758911,4.202558994293213
453,66.192138671875,905.5999755859375,0.15944671630859375,0.8405532836914062,0.426494300365448,0.0005766503745689988,0.22555343806743622,-0.0044630179181694984,4.204217433929443
454,64.01329803466797,894.1300048828125,0.1594390869140625,0.8405609130859375,0.4262942671775818,0.0005766503745689988,0.24410958588123322,-0.004945585038512945,4.190969467163086
455,63.71846008300781,874.989990234375,0.1588592529296875,0.8411407470703125,0.4255332350730896,0.0002562890585977584,0.23360855877399445,-0.0015648150583729148,4.189594268798828
456,62.515132904052734,865.7899780273438,0.1591796875,0.8408203125,0.42546698451042175,0.0005766503745689988,0.22411872446537018,-0.007510060910135508,4.166862964630127
457,63.35640335083008,888.52001953125,0.15940093994140625,0.8405990600585938,0.4259684085845947,0.00038443360244855285,0.21747936308383942,-0.005075826775282621,4.190289497375488
458,63.38654327392578,907.0499877929688,0.158599853515625,0.841400146484375,0.4258449673652649,0.0005766503745689988,0.23106761276721954,-0.0068746572360396385,4.183689117431641
459,63.932952880859375,894.6300048828125,0.1562347412109375,0.8437652587890625,0.42674142122268677,0.0005766503745689988,0.22439594566822052,-0.006122164893895388,4.195976257324219
460,62.88158416748047,877.7100219726562,0.1559295654296875,0.8440704345703125,0.4269642233848572,0.0005766503745689988,0.26214027404785156,-0.005330533720552921,4.1988983154296875
461,63.41921615600586,899.0800170898438,0.154815673828125,0.845184326171875,0.42748117446899414,0.0005766503745689988,0.25270935893058777,-0.005285322666168213,4.208743572235107
462,62.32550811767578,864.1500244140625,0.1555633544921875,0.8444366455078125,0.4278724789619446,0.0005766503745689988,0.2439178079366684,-0.0034552933648228645,4.221466064453125
463,66.6368179321289,931.530029296875,0.1540374755859375,0.8459625244140625,0.42735886573791504,0.0005766503745689988,0.22164061665534973,-0.0058006402105093,4.211365699768066
464,63.51675796508789,873.6900024414062,0.1520843505859375,0.8479156494140625,0.42851728200912476,0.0005766503745689988,0.2341497242450714,-0.005790268070995808,4.220226287841797
465,65.58924865722656,922.25,0.15053558349609375,0.8494644165039062,0.4291132986545563,0.0005766503745689988,0.24063396453857422,-0.005883552134037018,4.235934257507324
466,62.138309478759766,877.1199951171875,0.149566650390625,0.850433349609375,0.42897331714630127,0.0005766503745689988,0.2139023095369339,-0.00623777462169528,4.245641708374023
467,65.87422180175781,918.4400024414062,0.14922332763671875,0.8507766723632812,0.4294058084487915,0.0005766503745689988,0.21924279630184174,-0.006685223430395126,4.235686779022217
468,61.77460479736328,861.8599853515625,0.14899444580078125,0.8510055541992188,0.43047645688056946,0.00038443360244855285,0.23453330993652344,-0.005837592761963606,4.257740497589111
469,62.089332580566406,876.3800048828125,0.14984130859375,0.85015869140625,0.43036457896232605,0.00038443360244855285,0.21237534284591675,-0.004752888809889555,4.258559226989746
470,61.53217697143555,863.489990234375,0.15099334716796875,0.8490066528320312,0.4302440285682678,0.0005766503745689988,0.22925850749015808,-0.005852282978594303,4.257865905761719
471,63.98163604736328,884.3200073242188,0.1516571044921875,0.8483428955078125,0.43083909153938293,0.0005766503745689988,0.2158687561750412,-0.0035917768254876137,4.264434337615967
472,59.45069122314453,834.6799926757812,0.15412139892578125,0.8458786010742188,0.4312129020690918,0.0005766503745689988,0.23055768013000488,-0.003921670839190483,4.269075393676758
473,66.02225494384766,919.02001953125,0.1545867919921875,0.8454132080078125,0.43090391159057617,0.0005766503745689988,0.22712849080562592,-0.005090812686830759,4.280440330505371
474,67.37450408935547,932.8200073242188,0.15282440185546875,0.8471755981445312,0.42994099855422974,0.0005766503745689988,0.2124653309583664,-0.006177612114697695,4.261065483093262
475,65.33729553222656,899.1699829101562,0.1514434814453125,0.8485565185546875,0.42987269163131714,0.0005766503745689988,0.21608686447143555,-0.0037861394230276346,4.255555152893066
476,62.7929801940918,877.969970703125,0.15179443359375,0.84820556640625,0.4298522472381592,0.0005766503745689988,0.22176210582256317,-0.006765419617295265,4.25241756439209
477,63.61622619628906,888.489990234375,0.1515045166015625,0.8484954833984375,0.4300711452960968,0.0005766503745689988,0.2311335653066635,-0.004922683350741863,4.2513861656188965
478,65.16844177246094,902.780029296875,0.14978790283203125,0.8502120971679688,0.4298640489578247,0.00038443360244855285,0.21731863915920258,-0.004255278035998344,4.259139537811279
479,62.32181167602539,865.75,0.14878082275390625,0.8512191772460938,0.4304235577583313,0.0002562890585977584,0.19561325013637543,-0.0068577369675040245,4.25302791595459
480,64.11371612548828,911.8599853515625,0.14813995361328125,0.8518600463867188,0.4293075203895569,0.00038443360244855285,0.20578809082508087,-0.007241198793053627,4.2504425048828125
481,63.717979431152344,890.5999755859375,0.14818572998046875,0.8518142700195312,0.4290461540222168,0.0008649755618534982,0.20324479043483734,-0.008163987658917904,4.239042282104492
482,60.06922912597656,857.52001953125,0.14612579345703125,0.8538742065429688,0.42861008644104004,0.0005766503745689988,0.2045784592628479,-0.003392318496480584,4.227804183959961
483,65.66677856445312,905.6500244140625,0.14635467529296875,0.8536453247070312,0.42808133363723755,0.0008649755618534982,0.2347378134727478,-0.005773553159087896,4.226230621337891
484,65.38733673095703,911.9400024414062,0.1434783935546875,0.8565216064453125,0.4280916750431061,0.0005766503745689988,0.21993230283260345,-0.0044273389503359795,4.220642566680908
485,64.41970825195312,908.6099853515625,0.14235687255859375,0.8576431274414062,0.4283047318458557,0.0005766503745689988,0.20774710178375244,-0.0069162254221737385,4.218142509460449
486,65.3514404296875,914.75,0.14115142822265625,0.8588485717773438,0.42815977334976196,0.0005766503745689988,0.20708972215652466,-0.005062962882220745,4.225873947143555
487,64.63251495361328,902.5900268554688,0.139556884765625,0.860443115234375,0.4278165102005005,0.0005766503745689988,0.21778684854507446,-0.005519572179764509,4.206716060638428
488,62.74068832397461,897.1199951171875,0.13922119140625,0.86077880859375,0.4274942874908447,0.0002562890585977584,0.22547347843647003,-0.004439890384674072,4.208516597747803
489,64.32960510253906,896.0800170898438,0.14005279541015625,0.8599472045898438,0.42653265595436096,0.0005766503745689988,0.23043721914291382,-0.007084845565259457,4.191713809967041
490,62.15492248535156,875.719970703125,0.140350341796875,0.859649658203125,0.427268922328949,0.0005766503745689988,0.23032747209072113,-0.0056921509094536304,4.200819969177246
491,65.57759857177734,896.75,0.14162445068359375,0.8583755493164062,0.42743247747421265,0.0005766503745689988,0.23730583488941193,-0.006576368119567633,4.195536136627197
492,63.35026168823242,886.7100219726562,0.14075469970703125,0.8592453002929688,0.42810186743736267,0.00038443360244855285,0.21961061656475067,-0.0066515859216451645,4.2185893058776855
493,60.59916305541992,850.6300048828125,0.14235687255859375,0.8576431274414062,0.42829132080078125,0.0005766503745689988,0.2183745801448822,-0.0068345265462994576,4.220799446105957
494,64.32276916503906,892.3300170898438,0.14495849609375,0.85504150390625,0.4291704297065735,0.0005766503745689988,0.23370271921157837,-0.004503949545323849,4.2311625480651855
495,62.759864807128906,893.489990234375,0.14517974853515625,0.8548202514648438,0.4294692277908325,0.0005766503745689988,0.21588100492954254,-0.004494709428399801,4.247325420379639
496,62.55351257324219,873.2100219726562,0.145111083984375,0.854888916015625,0.43024030327796936,0.00038443360244855285,0.22482244670391083,-0.005596013739705086,4.255753517150879
497,63.819644927978516,894.6599731445312,0.14495086669921875,0.8550491333007812,0.43022117018699646,0.0005766503745689988,0.23642301559448242,-0.007516719866544008,4.258152008056641
498,62.76266098022461,892.9199829101562,0.14449310302734375,0.8555068969726562,0.4296875596046448,0.0005766503745689988,0.23033364117145538,-0.0036001713015139103,4.256742000579834
499,65.99869537353516,916.5399780273438,0.145111083984375,0.854888916015625,0.42997363209724426,0.0005766503745689988,0.22627292573451996,-0.004130078945308924,4.246510028839111
500,62.60615539550781,891.0599975585938,0.143310546875,0.856689453125,0.4296988546848297,0.00038443360244855285,0.22877821326255798,-0.005817105527967215,4.246031284332275
501,63.5413818359375,874.1400146484375,0.14238739013671875,0.8576126098632812,0.42955395579338074,0.0005766503745689988,0.2113778442144394,-0.007238995283842087,4.236691951751709
502,65.11630249023438,898.4299926757812,0.14058685302734375,0.8594131469726562,0.4298022985458374,0.0005766503745689988,0.21693430840969086,-0.005955136381089687,4.250626564025879
503,60.164405822753906,860.760009765625,0.14038848876953125,0.8596115112304688,0.4306703209877014,0.0005766503745689988,0.21006540954113007,-0.005026425700634718,4.24858283996582
504,64.59098815917969,901.4600219726562,0.14093780517578125,0.8590621948242188,0.4309863746166229,0.00038443360244855285,0.21687360107898712,-0.003299917560070753,4.264430046081543
505,59.55967330932617,834.4099731445312,0.1423187255859375,0.8576812744140625,0.4312640130519867,0.0005766503745689988,0.21058428287506104,-0.008478457108139992,4.272164344787598
506,66.67324829101562,916.77001953125,0.1420135498046875,0.8579864501953125,0.43186861276626587,0.00038443360244855285,0.2036479413509369,-0.004788056015968323,4.2780866622924805
507,62.745079040527344,892.489990234375,0.140350341796875,0.859649658203125,0.4314136207103729,0.0005766503745689988,0.18554317951202393,-0.007352874148637056,4.281998157501221
508,64.75375366210938,906.6400146484375,0.14090728759765625,0.8590927124023438,0.4315156042575836,0.0008649755618534982,0.19560179114341736,-0.005788515787571669,4.277697563171387
509,69.76701354980469,946.0,0.13953399658203125,0.8604660034179688,0.431841105222702,0.0005766503745689988,0.19654709100723267,-0.005629331339150667,4.274714469909668
510,63.141910552978516,880.3499755859375,0.1372222900390625,0.8627777099609375,0.4315057098865509,0.0002562890585977584,0.19941212236881256,-0.003234876785427332,4.2768964767456055
511,62.9786376953125,873.3499755859375,0.137847900390625,0.862152099609375,0.431561678647995,0.00038443360244855285,0.20858055353164673,-0.007196457590907812,4.277743339538574
512,65.58287811279297,920.4400024414062,0.1398162841796875,0.8601837158203125,0.4306148588657379,0.0005766503745689988,0.19987386465072632,-0.006406784523278475,4.269704818725586
513,66.8847427368164,915.2899780273438,0.13988494873046875,0.8601150512695312,0.43055158853530884,0.00038443360244855285,0.20199409127235413,-0.005839766934514046,4.260663986206055
514,60.206626892089844,860.52001953125,0.14061737060546875,0.8593826293945312,0.4310525357723236,0.0005766503745689988,0.21650871634483337,-0.006471044849604368,4.259429931640625
515,65.27083587646484,903.1599731445312,0.14070892333984375,0.8592910766601562,0.43073195219039917,0.0005766503745689988,0.20759503543376923,-0.004522322677075863,4.262956619262695
516,62.922611236572266,869.8200073242188,0.14002227783203125,0.8599777221679688,0.43070024251937866,0.0005766503745689988,0.20670777559280396,-0.005413234233856201,4.25329065322876
517,65.19220733642578,903.3400268554688,0.14142608642578125,0.8585739135742188,0.43017229437828064,0.00038443360244855285,0.20892667770385742,-0.003082204842939973,4.252628803253174
518,62.54781723022461,876.25,0.14206695556640625,0.8579330444335938,0.4297112822532654,0.0005766503745689988,0.22699876129627228,-0.007921850308775902,4.233398914337158
519,64.32514953613281,915.1699829101562,0.1414794921875,0.8585205078125,0.42956119775772095,0.0005766503745689988,0.19561471045017242,-0.006003914400935173,4.232561111450195
520,63.240753173828125,893.5900268554688,0.14054107666015625,0.8594589233398438,0.4294867515563965,0.0005766503745689988,0.2072029411792755,-0.00559374550357461,4.231480121612549
521,65.65558624267578,903.0999755859375,0.1384735107421875,0.8615264892578125,0.42812520265579224,0.0005766503745689988,0.20711076259613037,-0.0048432862386107445,4.215481281280518
522,66.34891510009766,919.7899780273438,0.13661956787109375,0.8633804321289062,0.42882949113845825,0.0005766503745689988,0.20520839095115662,-0.006271559279412031,4.213545799255371
523,62.212646484375,887.8800048828125,0.134368896484375,0.865631103515625,0.4280928075313568,0.00038443360244855285,0.20180100202560425,-0.004104092717170715,4.21105432510376
524,67.76260375976562,930.9299926757812,0.1316070556640625,0.8683929443359375,0.427615225315094,0.0005766503745689988,0.1900343894958496,-0.00742777856066823,4.197900772094727
525,62.057350158691406,887.1099853515625,0.1298675537109375,0.8701324462890625,0.4278012812137604,0.0005766503745689988,0.21533188223838806,-0.006505745928734541,4.198643684387207
526,66.0360336303711,899.6799926757812,0.1296844482421875,0.8703155517578125,0.42796027660369873,0.0008649755618534982,0.21699222922325134,-0.005786823574453592,4.2032928466796875
527,62.918701171875,884.969970703125,0.1285247802734375,0.8714752197265625,0.4276982843875885,0.0008649755618534982,0.2132255882024765,-0.003538720076903701,4.200016498565674
528,62.52131652832031,870.6900024414062,0.13021087646484375,0.8697891235351562,0.42749732732772827,0.00038443360244855285,0.2007673680782318,-0.0028299186378717422,4.196870803833008
529,65.00091552734375,906.4400024414062,0.13060760498046875,0.8693923950195312,0.4275851249694824,0.0005766503745689988,0.20040175318717957,-0.008110281080007553,4.184972763061523
530,68.21658325195312,947.1300048828125,0.12990570068359375,0.8700942993164062,0.4283210337162018,0.0005766503745689988,0.22695112228393555,-0.0044993325136601925,4.1963629722595215
531,63.27878952026367,886.5900268554688,0.12841033935546875,0.8715896606445312,0.42880722880363464,0.00038443360244855285,0.20945782959461212,-0.005639317911118269,4.207640171051025
532,63.08353805541992,874.7100219726562,0.12883758544921875,0.8711624145507812,0.4286111891269684,0.0005766503745689988,0.21476610004901886,-0.006362066138535738,4.205502986907959
533,62.52864074707031,892.2000122070312,0.12903594970703125,0.8709640502929688,0.42829978466033936,0.00038443360244855285,0.20758426189422607,-0.00469741178676486,4.212705612182617
534,66.70868682861328,937.8400268554688,0.12808990478515625,0.8719100952148438,0.42824846506118774,0.0005766503745689988,0.20249831676483154,-0.0061292885802686214,4.199233531951904
535,64.94136047363281,919.1900024414062,0.125823974609375,0.874176025390625,0.42827773094177246,0.00038443360244855285,0.2000298649072647,-0.005871201399713755,4.204233169555664
536,64.0025405883789,896.3099975585938,0.12432861328125,0.87567138671875,0.42874813079833984,0.0005766503745689988,0.19627806544303894,-0.007121895905584097,4.206165313720703
537,66.1891860961914,918.510009765625,0.12554168701171875,0.8744583129882812,0.4292416572570801,0.00038443360244855285,0.19715029001235962,-0.005967616569250822,4.214375019073486
538,64.03901672363281,889.6300048828125,0.1251220703125,0.8748779296875,0.4301759600639343,0.0005766503745689988,0.22253450751304626,-0.006958827842026949,4.2254767417907715
539,67.20125579833984,929.9000244140625,0.12545013427734375,0.8745498657226562,0.42977777123451233,0.0005766503745689988,0.20418450236320496,-0.006179117131978273,4.2250776290893555
540,63.893310546875,894.219970703125,0.12557220458984375,0.8744277954101562,0.43006932735443115,0.0005766503745689988,0.20790040493011475,-0.0061280932277441025,4.236702919006348
541,61.392433166503906,873.6900024414062,0.12532806396484375,0.8746719360351562,0.43026307225227356,0.00038443360244855285,0.21760426461696625,-0.003296864917501807,4.240177631378174
542,64.61322784423828,907.9000244140625,0.1239013671875,0.8760986328125,0.4307597279548645,0.0005766503745689988,0.2033565491437912,-0.005301673896610737,4.24128532409668
543,64.94135284423828,898.5,0.123199462890625,0.876800537109375,0.4306299388408661,0.0005766503745689988,0.22043052315711975,-0.004487665835767984,4.252898216247559
544,61.322505950927734,879.8200073242188,0.12491607666015625,0.8750839233398438,0.4308242201805115,0.00011390625149942935,0.22640636563301086,0.0028958707116544247,4.252930641174316
545,64.24579620361328,904.8200073242188,0.12540435791015625,0.8745956420898438,0.43036767840385437,0.0002562890585977584,0.22556763887405396,-0.0062714312225580215,4.252768516540527
546,63.6294059753418,881.1900024414062,0.1275177001953125,0.8724822998046875,0.43043047189712524,0.0005766503745689988,0.21505986154079437,-0.007721617352217436,4.242847919464111
547,64.47817993164062,899.2899780273438,0.1282196044921875,0.8717803955078125,0.4308652877807617,0.0005766503745689988,0.2220800817012787,-0.006746426224708557,4.253757953643799
548,64.90684509277344,903.760009765625,0.12747955322265625,0.8725204467773438,0.4307209849357605,0.00038443360244855285,0.2147027850151062,-0.003868646454066038,4.2568440437316895
549,62.2164306640625,864.02001953125,0.12880706787109375,0.8711929321289062,0.4313873052597046,0.0005766503745689988,0.20781944692134857,-0.007447391748428345,4.261302947998047
550,62.43128967285156,893.9400024414062,0.13036346435546875,0.8696365356445312,0.4308190941810608,0.0005766503745689988,0.22140830755233765,-0.004811078310012817,4.253392219543457
551,65.50096130371094,899.0,0.1295318603515625,0.8704681396484375,0.4309978187084198,0.0002562890585977584,0.2030808925628662,-0.0018436878453940153,4.262614727020264
552,64.0870361328125,892.5499877929688,0.13028717041015625,0.8697128295898438,0.4307898283004761,0.0005766503745689988,0.20213496685028076,-0.007407122291624546,4.253727436065674
553,64.73543548583984,909.3300170898438,0.1320343017578125,0.8679656982421875,0.43023642897605896,0.00038443360244855285,0.23258909583091736,-0.0037782173603773117,4.254331111907959
554,64.41487121582031,903.260009765625,0.1319580078125,0.8680419921875,0.43102890253067017,0.00038443360244855285,0.2399238646030426,-0.006936527788639069,4.258480548858643
555,63.02184295654297,885.97998046875,0.13452911376953125,0.8654708862304688,0.4311066269874573,0.0005766503745689988,0.24414072930812836,-0.005470809992402792,4.266365051269531
556,61.190208435058594,855.6300048828125,0.1351165771484375,0.8648834228515625,0.4314817190170288,0.0005766503745689988,0.23852695524692535,-0.005922656040638685,4.277192115783691
557,61.69352722167969,884.489990234375,0.13686370849609375,0.8631362915039062,0.4308815002441406,0.0002562890585977584,0.2134566307067871,-0.005910912528634071,4.269775390625
558,63.801116943359375,889.5599975585938,0.13616943359375,0.86383056640625,0.43049314618110657,0.0005766503745689988,0.2210191935300827,-0.007949549704790115,4.261953353881836
559,61.31896209716797,857.1199951171875,0.13525390625,0.86474609375,0.42995771765708923,0.0002562890585977584,0.2326016128063202,-0.0010803391924127936,4.255214691162109
560,64.49272155761719,903.3699951171875,0.13763427734375,0.86236572265625,0.43007561564445496,0.0005766503745689988,0.23834744095802307,-0.008133122697472572,4.250898361206055
561,66.6036605834961,909.5800170898438,0.13793182373046875,0.8620681762695312,0.4297325611114502,0.00038443360244855285,0.23132748901844025,-0.004707405809313059,4.254724025726318
562,61.10943603515625,867.5900268554688,0.1364898681640625,0.8635101318359375,0.42964816093444824,0.0005766503745689988,0.22746267914772034,-0.006427187938243151,4.2439775466918945
563,62.143531799316406,862.7000122070312,0.13671112060546875,0.8632888793945312,0.43022483587265015,0.00038443360244855285,0.2434956580400467,-0.0067955185659229755,4.253037929534912
564,62.359825134277344,867.0499877929688,0.13936614990234375,0.8606338500976562,0.4305742383003235,0.0005766503745689988,0.24525690078735352,-0.007322357501834631,4.266619682312012
565,62.79884338378906,886.9099731445312,0.14257049560546875,0.8574295043945312,0.4309149980545044,0.0002562890585977584,0.2540550231933594,-0.003765841480344534,4.269459247589111
566,64.76483154296875,894.5499877929688,0.1428375244140625,0.8571624755859375,0.4315345883369446,0.0005766503745689988,0.2267959862947464,-0.00747428834438324,4.286462783813477
567,61.48770523071289,863.6400146484375,0.14410400390625,0.85589599609375,0.4315008521080017,0.0005766503745689988,0.24310655891895294,-0.005393609870225191,4.282482147216797
568,62.804725646972656,871.760009765625,0.1454620361328125,0.8545379638671875,0.4315013885498047,0.0005766503745689988,0.2324671894311905,-0.006808269303292036,4.278659820556641
569,63.49919128417969,894.1799926757812,0.14719390869140625,0.8528060913085938,0.4313807487487793,0.00038443360244855285,0.2154194861650467,-0.004069772083312273,4.2882399559021
570,64.8232192993164,907.780029296875,0.14818572998046875,0.8518142700195312,0.43165862560272217,0.00038443360244855285,0.21132302284240723,-0.005570640321820974,4.280386924743652
571,64.0125503540039,906.8300170898438,0.14705657958984375,0.8529434204101562,0.4313836693763733,0.00038443360244855285,0.21905355155467987,-0.007749488577246666,4.271248817443848
572,62.586788177490234,880.6400146484375,0.146881103515625,0.853118896484375,0.43179023265838623,0.0005766503745689988,0.21650680899620056,-0.006547877099364996,4.285036087036133
573,67.82843780517578,916.0,0.14788055419921875,0.8521194458007812,0.4312681257724762,0.00038443360244855285,0.21168816089630127,-0.004933242220431566,4.2769036293029785
574,61.30043029785156,854.5999755859375,0.14762115478515625,0.8523788452148438,0.4315350353717804,0.0005766503745689988,0.20691168308258057,-0.008082957938313484,4.27730131149292
575,64.63983154296875,898.97998046875,0.14801025390625,0.85198974609375,0.4311046004295349,0.0005766503745689988,0.2250259667634964,-0.006218361668288708,4.270961284637451
576,64.04802703857422,895.7899780273438,0.14633941650390625,0.8536605834960938,0.4310179650783539,0.0005766503745689988,0.19951224327087402,-0.005169332958757877,4.271015167236328
577,65.05860900878906,887.25,0.14569854736328125,0.8543014526367188,0.43113863468170166,0.00038443360244855285,0.19633769989013672,-0.004541379399597645,4.270656585693359
578,64.62165832519531,903.0599975585938,0.147186279296875,0.852813720703125,0.4299832880496979,0.00038443360244855285,0.2085624486207962,-0.0061540077440440655,4.257132530212402
579,65.60208129882812,910.22998046875,0.14510345458984375,0.8548965454101562,0.4295000731945038,0.0005766503745689988,0.2058151364326477,-0.00720111234113574,4.248157024383545
580,61.283111572265625,875.760009765625,0.14398956298828125,0.8560104370117188,0.4295986294746399,0.0005766503745689988,0.21421219408512115,-0.00583154009655118,4.237659931182861
581,61.82748031616211,870.8599853515625,0.14501190185546875,0.8549880981445312,0.42953789234161377,0.0005766503745689988,0.2245020717382431,-0.004969301633536816,4.2441558837890625
582,64.7478256225586,905.6699829101562,0.14685821533203125,0.8531417846679688,0.4296329617500305,0.0005766503745689988,0.21077334880828857,-0.005981608759611845,4.239509105682373
583,64.47021484375,898.1400146484375,0.14501190185546875,0.8549880981445312,0.42959070205688477,0.0005766503745689988,0.22558394074440002,-0.006628004368394613,4.234748840332031
584,62.50830841064453,869.1099853515625,0.1453094482421875,0.8546905517578125,0.4297655522823334,0.0008649755618534982,0.21721015870571136,-0.0066994186490774155,4.247891426086426
585,62.81981658935547,890.4099731445312,0.145172119140625,0.854827880859375,0.4292164742946625,0.00038443360244855285,0.22999833524227142,-0.0050079189240932465,4.2372541427612305
586,63.10784149169922,864.8099975585938,0.14373779296875,0.85626220703125,0.4290822148323059,0.0005766503745689988,0.22106662392616272,-0.007989179342985153,4.2319231033325195
587,61.154930114746094,869.7999877929688,0.14272308349609375,0.8572769165039062,0.4293959140777588,0.0005766503745689988,0.22356458008289337,-0.005357344634830952,4.244271278381348
588,64.75231170654297,911.469970703125,0.1427459716796875,0.8572540283203125,0.4293268322944641,0.0008649755618534982,0.2005043923854828,-0.007632877212017775,4.23362922668457
589,66.12466430664062,900.6400146484375,0.142425537109375,0.857574462890625,0.4301221966743469,0.0005766503745689988,0.21417975425720215,-0.005467474926263094,4.246513366699219
590,60.79817199707031,861.5,0.1419830322265625,0.8580169677734375,0.4304877519607544,0.00038443360244855285,0.24079498648643494,-0.005926709156483412,4.255146503448486
591,64.16040802001953,897.47998046875,0.14328765869140625,0.8567123413085938,0.43135637044906616,0.00038443360244855285,0.21653816103935242,-0.007419108878821135,4.2634711265563965
592,66.10196685791016,906.8699951171875,0.1437225341796875,0.8562774658203125,0.43143346905708313,0.0005766503745689988,0.222527414560318,-0.0076123373582959175,4.278260231018066
593,63.15478515625,888.1599731445312,0.142791748046875,0.857208251953125,0.43146657943725586,0.00038443360244855285,0.21056276559829712,-0.004849010147154331,4.271695137023926
594,63.09222412109375,883.6400146484375,0.1428070068359375,0.8571929931640625,0.43154585361480713,0.0005766503745689988,0.22401686012744904,-0.006441586185246706,4.269465923309326
595,63.643619537353516,878.0,0.1402740478515625,0.8597259521484375,0.4312402904033661,0.00038443360244855285,0.21326494216918945,-0.0042875343933701515,4.269090175628662
596,65.94467163085938,914.5,0.13883209228515625,0.8611679077148438,0.4311416745185852,0.00038443360244855285,0.22926735877990723,-0.006873206701129675,4.261451721191406
597,64.64671325683594,898.719970703125,0.1377105712890625,0.8622894287109375,0.43086910247802734,0.0002562890585977584,0.23370669782161713,-0.002465387573465705,4.262390613555908
598,66.13348388671875,908.3300170898438,0.13775634765625,0.86224365234375,0.43054890632629395,0.0005766503745689988,0.2314673513174057,-0.007226970046758652,4.2510905265808105
599,65.44364929199219,905.9199829101562,0.13719940185546875,0.8628005981445312,0.43148499727249146,0.0005766503745689988,0.21853098273277283,-0.002482375130057335,4.267794609069824
