iteration,mean_reward,mean_episode_length,fall_share,time_out_share,action_noise_std,learning_rate,value_loss,surrogate_loss,entropy
0,-0.5011594891548157,20.81999969482422,0.0,0.02093505859375,0.9901890158653259,0.0005000000237487257,0.03781421482563019,-0.007428244221955538,11.312588691711426
1,-1.678342342376709,58.970001220703125,0.00661468505859375,0.05681610107421875,0.9717702865600586,0.0011249999515712261,0.04157792776823044,-0.009651964530348778,11.19658088684082
2,-2.556858539581299,93.0999984741211,0.0542755126953125,0.089080810546875,0.9441728591918945,0.0025312500074505806,0.03722182288765907,-0.00946297962218523,10.988875389099121
3,-3.185483932495117,120.52999877929688,0.13639068603515625,0.11344146728515625,0.9183060526847839,0.003796875011175871,0.03537972643971443,-0.009048673324286938,10.758033752441406
4,-3.6265361309051514,144.8800048828125,0.22600555419921875,0.12994384765625,0.8973904848098755,0.005695312283933163,0.028821878135204315,-0.007703038863837719,10.534463882446289
5,-3.310857057571411,157.1300048828125,0.3051910400390625,0.1438446044921875,0.8791667222976685,0.005695312283933163,0.029898837208747864,-0.006952725816518068,10.345255851745605
6,-4.037997722625732,187.1999969482422,0.37052154541015625,0.15094757080078125,0.8666248321533203,0.008542968891561031,0.020711036399006844,-0.007230275310575962,10.183725357055664
7,-3.7183704376220703,192.85000610351562,0.42958831787109375,0.1596832275390625,0.8519434928894043,0.006666666828095913,0.019949443638324738,-0.00840719323605299,10.05891227722168
8,-3.8915014266967773,222.92999267578125,0.4782562255859375,0.16351318359375,0.8383046388626099,0.006666666828095913,0.02083553746342659,-0.008827485144138336,9.929160118103027
9,-3.618567943572998,219.19000244140625,0.5230255126953125,0.1662139892578125,0.8240565061569214,0.006666666828095913,0.021257102489471436,-0.004815414547920227,9.807758331298828
10,-3.2506043910980225,226.77000427246094,0.5603103637695312,0.169586181640625,0.8060107231140137,0.004444444552063942,0.022818295285105705,-0.003977830521762371,9.676735877990723
11,-2.569816827774048,216.3000030517578,0.596466064453125,0.16992950439453125,0.7945306897163391,0.006666666828095913,0.019486555829644203,-0.0067230043932795525,9.495682716369629
12,-2.4812405109405518,225.61000061035156,0.6314849853515625,0.16712188720703125,0.7832494378089905,0.006666666828095913,0.01602715626358986,-0.005306167993694544,9.370121002197266
13,-2.283494710922241,241.8300018310547,0.661224365234375,0.16625213623046875,0.7655365467071533,0.00296296295709908,0.013005166314542294,-0.004586630035191774,9.272151947021484
14,-1.8956575393676758,203.75,0.69256591796875,0.1590118408203125,0.7512139081954956,0.004444444552063942,0.010893010534346104,-0.00554011482745409,9.087512969970703
15,-1.1146427392959595,210.30999755859375,0.7148284912109375,0.15496826171875,0.7377586960792542,0.004444444552063942,0.00846112985163927,-0.0039451392367482185,8.955526351928711
16,-1.109930157661438,220.80999755859375,0.7323074340820312,0.15270233154296875,0.729673445224762,0.006666666828095913,0.006727679166942835,-0.004797295201569796,8.796802520751953
17,-0.7986205816268921,213.36000061035156,0.7464523315429688,0.1518096923828125,0.7177397608757019,0.004444444552063942,0.005302942357957363,-0.0020604145247489214,8.705229759216309
18,-0.9946872591972351,229.94000244140625,0.7559814453125,0.15317535400390625,0.7078812122344971,0.004444444552063942,0.004025646485388279,-0.0043341899290680885,8.563375473022461
19,-0.6495712995529175,244.67999267578125,0.764068603515625,0.15616607666015625,0.7003942131996155,0.006666666828095913,0.003616941161453724,-0.005293970461934805,8.468836784362793
20,-0.43270477652549744,230.22000122070312,0.7717742919921875,0.15936279296875,0.6903841495513916,0.004444444552063942,0.003021134529262781,-0.0018847028259187937,8.371223449707031
21,-0.08567395061254501,220.60000610351562,0.77783203125,0.1619873046875,0.6827104687690735,0.006666666828095913,0.0024298536591231823,-0.005267432890832424,8.267851829528809
22,-0.2600792348384857,237.47999572753906,0.7811279296875,0.16629791259765625,0.6743984818458557,0.004444444552063942,0.002038512844592333,-0.004156149923801422,8.16792106628418
23,0.1013164073228836,247.05999755859375,0.7841339111328125,0.1715545654296875,0.6661748886108398,0.006666666828095913,0.0021458661649376154,-0.0038943104445934296,8.078712463378906
24,-0.29841387271881104,305.4100036621094,0.7882614135742188,0.17620849609375,0.6569123268127441,0.00296296295709908,0.0017610356444492936,-0.001565456041134894,7.988893508911133
25,-0.07653557509183884,315.2099914550781,0.7912139892578125,0.18132781982421875,0.6501026153564453,0.004444444552063942,0.0021281130611896515,-0.0036957424599677324,7.875677108764648
26,-0.22935208678245544,305.70001220703125,0.794189453125,0.1857757568359375,0.6439197063446045,0.006666666828095913,0.0022124871611595154,-0.0028925046790391207,7.804868698120117
27,0.2592999339103699,292.3299865722656,0.7971420288085938,0.18914794921875,0.6379709839820862,0.004444444552063942,0.0020856205374002457,-0.002484683645889163,7.724411487579346
28,0.19419577717781067,290.8399963378906,0.8008651733398438,0.1910400390625,0.6344500780105591,0.006666666828095913,0.0024065333418548107,-0.0029925627168267965,7.6800642013549805
29,1.1713002920150757,311.67999267578125,0.8039932250976562,0.19403839111328125,0.6313109397888184,0.006666666828095913,0.002396209863945842,-0.0026509903836995363,7.642684459686279
30,0.5935387015342712,330.3800048828125,0.8058395385742188,0.19416046142578125,0.6265243291854858,0.004444444552063942,0.0023690457455813885,-0.0014267518417909741,7.586199760437012
31,0.31364384293556213,450.80999755859375,0.8063507080078125,0.1936492919921875,0.6238574385643005,0.006666666828095913,0.002685562940314412,-0.003988295793533325,7.543083667755127
32,-0.9723148941993713,485.739990234375,0.8001251220703125,0.1998748779296875,0.62038254737854,0.006666666828095913,0.003391803242266178,-0.0031615151092410088,7.508063793182373
33,0.23145553469657898,480.760009765625,0.781494140625,0.218505859375,0.6178600788116455,0.006666666828095913,0.003598952665925026,-0.0017080899560824037,7.471433162689209
34,1.1038790941238403,470.1300048828125,0.75909423828125,0.24090576171875,0.6124025583267212,0.00296296295709908,0.0038634859956800938,-0.0029791013803333044,7.4260454177856445
35,1.4191348552703857,529.0999755859375,0.737884521484375,0.262115478515625,0.607764720916748,0.00296296295709908,0.00429497379809618,-0.003566023427993059,7.361263751983643
36,1.8505735397338867,520.6799926757812,0.7206497192382812,0.27935028076171875,0.6015818119049072,0.00296296295709908,0.004737791605293751,-0.0046156165190041065,7.2895941734313965
37,1.938197135925293,487.69000244140625,0.7089462280273438,0.29105377197265625,0.598307728767395,0.004444444552063942,0.005228811874985695,-0.005409252364188433,7.218886852264404
38,2.532278299331665,559.760009765625,0.6972503662109375,0.3027496337890625,0.5929341316223145,0.0019753086380660534,0.008888875134289265,-0.0019968231208622456,7.181883335113525
39,2.5065014362335205,487.4700012207031,0.68194580078125,0.31805419921875,0.5891115665435791,0.00296296295709908,0.007334836758673191,-0.00685300724580884,7.106959342956543
40,3.234151601791382,607.010009765625,0.6676788330078125,0.3323211669921875,0.5852239727973938,0.00296296295709908,0.007258252706378698,-0.006773277651518583,7.0590620040893555
41,3.266411304473877,553.9000244140625,0.6512451171875,0.3487548828125,0.5814175605773926,0.00296296295709908,0.008886659517884254,-0.0069303615018725395,7.0062994956970215
42,3.5703132152557373,579.4000244140625,0.637451171875,0.362548828125,0.5770489573478699,0.0019753086380660534,0.009592670015990734,-0.005055727902799845,6.951292037963867
43,3.810641050338745,599.6699829101562,0.6254348754882812,0.37456512451171875,0.5714258551597595,0.001316872425377369,0.012845616787672043,-0.004954352974891663,6.903984069824219
44,4.041851997375488,621.5700073242188,0.6074295043945312,0.39257049560546875,0.5665309429168701,0.001316872425377369,0.014443889260292053,-0.005298164207488298,6.807692527770996
45,4.203639984130859,639.3800048828125,0.5902938842773438,0.40970611572265625,0.5623326301574707,0.0019753086380660534,0.015932204201817513,-0.007057014852762222,6.752444744110107
46,4.684791564941406,654.8300170898438,0.5711593627929688,0.42884063720703125,0.5576980710029602,0.0019753086380660534,0.017455516383051872,-0.005236749071627855,6.6901984214782715
47,4.124453544616699,540.8900146484375,0.5567550659179688,0.44324493408203125,0.5545789003372192,0.0019753086380660534,0.019491765648126602,-0.00411967420950532,6.625658988952637
48,4.777233123779297,593.47998046875,0.54833984375,0.45166015625,0.5516803860664368,0.0019753086380660534,0.020835086703300476,-0.0029855549801141024,6.594077110290527
49,5.318376064300537,613.719970703125,0.5426712036132812,0.45732879638671875,0.5479162931442261,0.0019753086380660534,0.021397491917014122,-0.005874567665159702,6.535670757293701
50,5.1155829429626465,535.3800048828125,0.5375595092773438,0.46244049072265625,0.5446380972862244,0.001316872425377369,0.027013979852199554,-0.004528483375906944,6.485825061798096
51,5.199364185333252,521.0700073242188,0.5410003662109375,0.4589996337890625,0.5412468910217285,0.0019753086380660534,0.02667023055255413,-0.005482299253344536,6.438431262969971
52,5.912318706512451,544.22998046875,0.545684814453125,0.454315185546875,0.537063717842102,0.001316872425377369,0.02642272226512432,-0.002794430358335376,6.396000862121582
53,6.143442153930664,556.02001953125,0.5480880737304688,0.45191192626953125,0.5341048240661621,0.001316872425377369,0.025998637080192566,-0.005211064592003822,6.325295448303223
54,6.2768235206604,545.6400146484375,0.5509719848632812,0.44902801513671875,0.5312355756759644,0.001316872425377369,0.026382731273770332,-0.003635150846093893,6.299655437469482
55,6.265315055847168,517.0,0.5545578002929688,0.44544219970703125,0.5272105932235718,0.001316872425377369,0.026467954739928246,-0.002094457857310772,6.246814250946045
56,6.958954334259033,567.9000244140625,0.556915283203125,0.443084716796875,0.5244600772857666,0.0019753086380660534,0.028514739125967026,-0.0070382049307227135,6.178799152374268
57,7.213486194610596,558.9500122070312,0.5598297119140625,0.4401702880859375,0.5219391584396362,0.001316872425377369,0.02771640568971634,-0.0027167501393705606,6.136833667755127
58,8.443649291992188,662.1099853515625,0.5606765747070312,0.43932342529296875,0.5189398527145386,0.0019753086380660534,0.028129149228334427,-0.005817207507789135,6.0911712646484375
59,8.853084564208984,693.5599975585938,0.5581436157226562,0.44185638427734375,0.51568603515625,0.0008779149502515793,0.03215574845671654,-0.00015556643484160304,6.061817169189453
60,8.958831787109375,642.8499755859375,0.5555877685546875,0.4444122314453125,0.5130740404129028,0.001316872425377369,0.030223015695810318,-0.006428631953895092,6.006294250488281
61,9.39698600769043,675.8800048828125,0.5512924194335938,0.44870758056640625,0.5105069279670715,0.0019753086380660534,0.032669562846422195,-0.006718396209180355,5.951398849487305
62,11.084081649780273,773.0599975585938,0.547027587890625,0.452972412109375,0.5068445205688477,0.001316872425377369,0.03676147386431694,-0.0011622199090197682,5.936760902404785
63,12.488287925720215,801.3499755859375,0.5384750366210938,0.46152496337890625,0.5052487850189209,0.0019753086380660534,0.03421241417527199,-0.004421852994710207,5.871677398681641
64,11.805723190307617,745.3099975585938,0.5292129516601562,0.47078704833984375,0.5024682283401489,0.001316872425377369,0.03578091040253639,-0.0015867704059928656,5.84865665435791
65,12.128039360046387,763.3800048828125,0.5196380615234375,0.4803619384765625,0.4990636706352234,0.001316872425377369,0.03508806228637695,-0.003444195259362459,5.783422946929932
66,12.44377613067627,750.530029296875,0.5155487060546875,0.4844512939453125,0.49580568075180054,0.001316872425377369,0.034592919051647186,-0.004292607307434082,5.747171401977539
67,13.933865547180176,790.3800048828125,0.5090866088867188,0.49091339111328125,0.4928828477859497,0.0008779149502515793,0.03516203537583351,-0.0013453009305521846,5.69114875793457
68,14.905777931213379,826.1300048828125,0.5016860961914062,0.49831390380859375,0.4919179081916809,0.0019753086380660534,0.03569237142801285,-0.00491730123758316,5.642947673797607
69,14.489980697631836,797.6599731445312,0.4914398193359375,0.5085601806640625,0.4895445704460144,0.0008779149502515793,0.036052681505680084,4.4664884626399726e-05,5.636374473571777
70,15.795843124389648,817.4000244140625,0.48345184326171875,0.5165481567382812,0.48820143938064575,0.001316872425377369,0.03664501756429672,-0.003863089019432664,5.582053184509277
71,16.010936737060547,808.8699951171875,0.47499847412109375,0.5250015258789062,0.4876769781112671,0.001316872425377369,0.03832535073161125,-0.003980004228651524,5.583846569061279
72,14.828238487243652,738.1699829101562,0.4676513671875,0.5323486328125,0.4855459928512573,0.0008779149502515793,0.040579989552497864,-0.00012379478721413761,5.563682556152344
73,17.245729446411133,809.72998046875,0.46237945556640625,0.5376205444335938,0.4839138388633728,0.001316872425377369,0.03959892690181732,-0.005775542929768562,5.525359630584717
74,15.594459533691406,733.9000244140625,0.454437255859375,0.545562744140625,0.48155468702316284,0.0008779149502515793,0.04132275655865669,-0.0034512977581471205,5.4946608543396
75,17.015907287597656,805.8300170898438,0.446685791015625,0.553314208984375,0.48001420497894287,0.001316872425377369,0.039417814463377,-0.004372830037027597,5.451745986938477
76,16.84049415588379,771.739990234375,0.43917083740234375,0.5608291625976562,0.4786737263202667,0.001316872425377369,0.03856359422206879,-0.003908722661435604,5.435901641845703
77,17.2165470123291,788.260009765625,0.432159423828125,0.567840576171875,0.4772946238517761,0.001316872425377369,0.04357771947979927,-0.003167737042531371,5.408957004547119
78,17.8970947265625,775.8300170898438,0.42482757568359375,0.5751724243164062,0.47536638379096985,0.001316872425377369,0.04209815710783005,-0.0028721296694129705,5.378542900085449
79,18.117900848388672,782.0999755859375,0.4170074462890625,0.5829925537109375,0.47466540336608887,0.0019753086380660534,0.04236311838030815,-0.0037122461944818497,5.35585355758667
80,18.989477157592773,822.97998046875,0.4065704345703125,0.5934295654296875,0.47270023822784424,0.00039018443203531206,0.04197843000292778,0.0001441660861019045,5.355597019195557
81,17.913543701171875,751.5700073242188,0.39192962646484375,0.6080703735351562,0.47083956003189087,0.0008779149502515793,0.043331705033779144,-0.006012436468154192,5.295239448547363
82,20.96691131591797,838.5499877929688,0.38010406494140625,0.6198959350585938,0.46824580430984497,0.001316872425377369,0.04130776971578598,-0.006379291880875826,5.259797096252441
83,20.689918518066406,811.5800170898438,0.36881256103515625,0.6311874389648438,0.46667516231536865,0.0008779149502515793,0.04400965943932533,-0.0027861986309289932,5.236633777618408
84,19.982086181640625,768.719970703125,0.35965728759765625,0.6403427124023438,0.46324992179870605,0.0005852766335010529,0.047468479722738266,-0.002864512614905834,5.200199604034424
85,18.151212692260742,719.8300170898438,0.35039520263671875,0.6496047973632812,0.46102583408355713,0.0008779149502515793,0.0463753342628479,-0.004848473239690065,5.1364874839782715
86,19.52302360534668,766.0,0.34488677978515625,0.6551132202148438,0.4584760069847107,0.0008779149502515793,0.053257204592227936,-0.001291976310312748,5.101994037628174
87,19.005483627319336,706.3800048828125,0.34023284912109375,0.6597671508789062,0.4574807286262512,0.0008779149502515793,0.05533703416585922,-0.0028937694150954485,5.06471586227417
88,18.428701400756836,716.760009765625,0.34014892578125,0.65985107421875,0.45738524198532104,0.001316872425377369,0.05663048475980759,-0.00697708735242486,5.0503830909729
89,20.597946166992188,748.25,0.3382415771484375,0.6617584228515625,0.4556920528411865,0.0005852766335010529,0.0595068484544754,-0.0019131108419969678,5.044707298278809
90,22.028911590576172,790.9299926757812,0.334259033203125,0.665740966796875,0.45394366979599,0.0008779149502515793,0.05177812650799751,-0.005303779151290655,4.999045372009277
91,22.578577041625977,789.1300048828125,0.3306884765625,0.6693115234375,0.4522819519042969,0.001316872425377369,0.053024545311927795,-0.006217077374458313,4.97658634185791
92,25.983612060546875,881.989990234375,0.324951171875,0.675048828125,0.45013031363487244,0.001316872425377369,0.05475740134716034,-0.0004447804531082511,4.944009304046631
93,24.05617332458496,832.9000244140625,0.32089996337890625,0.6791000366210938,0.44835829734802246,0.0005852766335010529,0.05720314383506775,-0.0009470145450904965,4.909040451049805
94,25.341655731201172,850.3099975585938,0.3177337646484375,0.6822662353515625,0.44689682126045227,0.0008779149502515793,0.056535668671131134,-0.005759997759014368,4.879789352416992
95,26.015483856201172,855.0800170898438,0.31009674072265625,0.6899032592773438,0.44591593742370605,0.0008779149502515793,0.05675359442830086,-0.0029489172156900167,4.855175018310547
96,26.011667251586914,841.1500244140625,0.306396484375,0.693603515625,0.44496554136276245,0.001316872425377369,0.056793730705976486,-0.004322702530771494,4.832789897918701
97,26.150924682617188,846.2899780273438,0.30255126953125,0.69744873046875,0.4440762400627136,0.0008779149502515793,0.06203581020236015,0.0003001182049047202,4.831693172454834
98,25.895418167114258,839.760009765625,0.29967498779296875,0.7003250122070312,0.4421749413013458,0.0008779149502515793,0.05934154987335205,-0.0037475505378097296,4.783548831939697
99,24.278121948242188,793.6199951171875,0.297576904296875,0.702423095703125,0.4418603181838989,0.00017341530474368483,0.06868590414524078,0.001823456259444356,4.77965784072876
100,25.813980102539062,828.3499755859375,0.2952880859375,0.7047119140625,0.4396708011627197,0.0005852766335010529,0.05993210896849632,-0.0027073421515524387,4.74996280670166
101,28.492046356201172,879.5,0.2932891845703125,0.7067108154296875,0.43846774101257324,0.0008779149502515793,0.06200734153389931,-0.00471093412488699,4.716668128967285
102,26.933090209960938,861.3599853515625,0.28600311279296875,0.7139968872070312,0.43728911876678467,0.001316872425377369,0.06244710832834244,-0.0015296069905161858,4.6966447830200195
103,27.242403030395508,837.780029296875,0.280242919921875,0.719757080078125,0.43664535880088806,0.0008779149502515793,0.06099119409918785,-7.176495273597538e-05,4.685266494750977
104,27.43903923034668,832.739990234375,0.2766876220703125,0.7233123779296875,0.4349094033241272,0.00039018443203531206,0.06806854158639908,-0.0013851908734068274,4.651223182678223
105,27.97165870666504,868.4099731445312,0.27487945556640625,0.7251205444335938,0.4327198266983032,0.0005852766335010529,0.0603143684566021,-0.005066914949566126,4.6265549659729
106,27.18526268005371,834.280029296875,0.2703094482421875,0.7296905517578125,0.43205317854881287,0.0008779149502515793,0.06780251115560532,-0.0032580967526882887,4.5850982666015625
107,26.257898330688477,808.6300048828125,0.2652740478515625,0.7347259521484375,0.430467426776886,0.0005852766335010529,0.06626304239034653,-0.0003033728862646967,4.577726364135742
108,27.50718116760254,806.8099975585938,0.2620849609375,0.7379150390625,0.42971980571746826,0.0008779149502515793,0.06699877232313156,-0.004427035339176655,4.539839267730713
109,28.572057723999023,840.719970703125,0.26029205322265625,0.7397079467773438,0.42805373668670654,0.0008779149502515793,0.06761780381202698,-0.0017396972980350256,4.529977321624756
110,27.47808265686035,814.6400146484375,0.258819580078125,0.741180419921875,0.42626258730888367,0.0005852766335010529,0.06904833018779755,-0.0025663713458925486,4.496533393859863
111,29.722562789916992,852.75,0.25673675537109375,0.7432632446289062,0.42461293935775757,0.0008779149502515793,0.06553661078214645,-0.005144726950675249,4.452762126922607
112,29.00494956970215,828.22998046875,0.253204345703125,0.746795654296875,0.42327409982681274,0.0005852766335010529,0.07434238493442535,-0.0010683319997042418,4.437893867492676
113,30.013648986816406,847.75,0.252655029296875,0.747344970703125,0.4217900037765503,0.0008779149502515793,0.0736141949892044,-0.00016107391274999827,4.397314548492432
114,28.999771118164062,821.3300170898438,0.25189971923828125,0.7481002807617188,0.4213131070137024,0.00039018443203531206,0.08039708435535431,0.003193786134943366,4.389444351196289
115,30.9592227935791,858.5599975585938,0.25048828125,0.74951171875,0.420082151889801,0.0008779149502515793,0.0751652643084526,-0.005911439657211304,4.354732513427734
116,30.681758880615234,851.8599853515625,0.24761199951171875,0.7523880004882812,0.41913902759552,0.001316872425377369,0.07902322709560394,-0.0024458589032292366,4.353065490722656
117,30.84174156188965,859.280029296875,0.24419403076171875,0.7558059692382812,0.4183952808380127,0.001316872425377369,0.07691090553998947,-0.0014751387061551213,4.318184852600098
118,27.256729125976562,785.3800048828125,0.239532470703125,0.760467529296875,0.4168826937675476,0.0008779149502515793,0.08275318890810013,-0.001167851616628468,4.311716556549072
119,30.117557525634766,840.72998046875,0.23520660400390625,0.7647933959960938,0.41703131794929504,0.0005852766335010529,0.08735688775777817,-0.0019314322853460908,4.297386169433594
120,29.71000862121582,809.2999877929688,0.2347259521484375,0.7652740478515625,0.416823148727417,0.0008779149502515793,0.0843639224767685,-0.0036899589467793703,4.2896294593811035
121,31.392959594726562,842.1300048828125,0.235260009765625,0.764739990234375,0.4160972833633423,0.0005852766335010529,0.07851681858301163,-0.0002713635331019759,4.286280632019043
122,33.755794525146484,898.9500122070312,0.2350006103515625,0.7649993896484375,0.41533178091049194,0.00039018443203531206,0.07717705518007278,-0.001027790131047368,4.274229049682617
123,32.45641326904297,844.1599731445312,0.23418426513671875,0.7658157348632812,0.4150351285934448,0.0008779149502515793,0.08906622231006622,-0.005088883452117443,4.251649856567383
124,34.29801559448242,890.3699951171875,0.231048583984375,0.768951416015625,0.4138208031654358,0.001316872425377369,0.0769382193684578,-0.0016935395542532206,4.239738941192627
125,32.42765808105469,858.4500122070312,0.23055267333984375,0.7694473266601562,0.4128428101539612,0.0008779149502515793,0.07777192443609238,-0.0027644408401101828,4.220929145812988
126,34.95512390136719,875.8599853515625,0.23235321044921875,0.7676467895507812,0.41158467531204224,0.0005852766335010529,0.0790526494383812,-0.0019167663995176554,4.1983795166015625
127,34.19845199584961,865.239990234375,0.23192596435546875,0.7680740356445312,0.4106937646865845,0.0008779149502515793,0.08270609378814697,-0.004628793336451054,4.1700758934021
128,32.951622009277344,849.4099731445312,0.23175048828125,0.76824951171875,0.41024720668792725,0.0008779149502515793,0.07224314659833908,-0.0012445469619706273,4.160201072692871
129,31.24701499938965,826.9500122070312,0.2307586669921875,0.7692413330078125,0.41091716289520264,0.001316872425377369,0.08670777827501297,-0.002398777287453413,4.159181594848633
130,32.58688735961914,840.52001953125,0.2299652099609375,0.7700347900390625,0.4103166460990906,0.0005852766335010529,0.08622079342603683,0.0004777640278916806,4.176210880279541
131,34.11750030517578,866.3900146484375,0.22972869873046875,0.7702713012695312,0.4097174406051636,0.0008779149502515793,0.08647892624139786,-0.000708844861947,4.145473957061768
132,33.39717483520508,852.3400268554688,0.23052215576171875,0.7694778442382812,0.40873637795448303,0.001316872425377369,0.08893908560276031,-0.0027289872523397207,4.117110252380371
133,32.9530143737793,823.0999755859375,0.2314910888671875,0.7685089111328125,0.4078843593597412,0.0005852766335010529,0.08422479033470154,-0.00018851528875529766,4.126293182373047
134,32.985740661621094,830.010009765625,0.23294830322265625,0.7670516967773438,0.406746506690979,0.00039018443203531206,0.08692343533039093,-0.000259011605521664,4.105491638183594
135,33.85624313354492,857.3599853515625,0.232666015625,0.767333984375,0.40571653842926025,0.0008779149502515793,0.09120941162109375,-0.006040757056325674,4.064139366149902
136,34.92625427246094,873.010009765625,0.23375701904296875,0.7662429809570312,0.40537530183792114,0.001316872425377369,0.08987723290920258,-0.0028934990987181664,4.0726399421691895
137,32.683807373046875,834.3900146484375,0.2331390380859375,0.7668609619140625,0.40534210205078125,0.0008779149502515793,0.09602482616901398,-0.00042429950553923845,4.065338134765625
138,34.219932556152344,851.6599731445312,0.23297882080078125,0.7670211791992188,0.4045845568180084,0.00039018443203531206,0.09503225237131119,-0.002691519446671009,4.037228584289551
139,32.23497009277344,812.7100219726562,0.23430633544921875,0.7656936645507812,0.40394413471221924,0.0005852766335010529,0.09534535557031631,-0.003291262313723564,4.043428421020508
140,33.571372985839844,847.6900024414062,0.23565673828125,0.76434326171875,0.40336036682128906,0.0008779149502515793,0.09712492674589157,-0.0022557119373232126,4.020099639892578
141,30.934574127197266,777.02001953125,0.23700714111328125,0.7629928588867188,0.4032215476036072,0.0002601229352876544,0.0956677719950676,0.0023767452221363783,4.027031898498535
142,32.92784881591797,800.3699951171875,0.23966217041015625,0.7603378295898438,0.40221917629241943,0.0005852766335010529,0.09760305285453796,-0.0055755069479346275,3.9957780838012695
143,35.293792724609375,838.3200073242188,0.2391815185546875,0.7608184814453125,0.40208637714385986,0.0005852766335010529,0.0894174873828888,-0.0025510082487016916,4.006942272186279
144,34.5918083190918,832.0,0.23772430419921875,0.7622756958007812,0.4012332260608673,0.0008779149502515793,0.09355565905570984,-0.0012338991509750485,3.9838554859161377
145,32.549705505371094,795.7999877929688,0.23709869384765625,0.7629013061523438,0.40076327323913574,0.0008779149502515793,0.0974380150437355,-0.002680254401639104,3.9632747173309326
146,33.444576263427734,824.2899780273438,0.24053192138671875,0.7594680786132812,0.40045076608657837,0.001316872425377369,0.09697334468364716,-0.0019852505065500736,3.9565341472625732
147,36.52068328857422,864.0399780273438,0.24120330810546875,0.7587966918945312,0.39854681491851807,0.0008779149502515793,0.09673324227333069,-0.0009047245839610696,3.9441144466400146
148,36.20028305053711,872.739990234375,0.2401580810546875,0.7598419189453125,0.3990572988986969,0.0005852766335010529,0.0971776619553566,-0.0013041268102824688,3.922011137008667
149,35.443458557128906,833.260009765625,0.2386474609375,0.7613525390625,0.3983443081378937,0.0008779149502515793,0.08932358771562576,-0.004603436682373285,3.9146101474761963
150,34.22492980957031,820.5999755859375,0.2377471923828125,0.7622528076171875,0.3980342149734497,0.0002601229352876544,0.09594648331403732,0.0020467243157327175,3.916045904159546
151,36.388710021972656,863.3800048828125,0.23667144775390625,0.7633285522460938,0.397381067276001,0.0005852766335010529,0.09311115741729736,-0.00542469322681427,3.9066860675811768
152,37.174808502197266,858.9600219726562,0.23577117919921875,0.7642288208007812,0.39644819498062134,0.0008779149502515793,0.09676776826381683,-0.0028540585190057755,3.8800048828125
153,36.02143859863281,844.0,0.2373046875,0.7626953125,0.3966210186481476,0.00039018443203531206,0.10242783278226852,-0.0023858039639890194,3.8824920654296875
154,37.26746368408203,887.5700073242188,0.2371063232421875,0.7628936767578125,0.39660096168518066,0.0005852766335010529,0.1002933531999588,0.00033441875712014735,3.885200262069702
155,36.431793212890625,842.989990234375,0.236785888671875,0.763214111328125,0.3967733085155487,0.0008779149502515793,0.10309967398643494,-0.002890793839469552,3.880566358566284
156,37.824893951416016,870.739990234375,0.235443115234375,0.764556884765625,0.39615505933761597,0.0008779149502515793,0.10079474747180939,-0.0006897287676110864,3.869838237762451
157,36.278621673583984,838.6900024414062,0.23578643798828125,0.7642135620117188,0.3959687352180481,0.0008779149502515793,0.09562894701957703,-0.0019141614902764559,3.8695647716522217
158,38.43875503540039,889.0599975585938,0.23625946044921875,0.7637405395507812,0.39504316449165344,0.0008779149502515793,0.09880778938531876,-0.0031359707936644554,3.8551881313323975
159,37.00139236450195,841.02001953125,0.23333740234375,0.76666259765625,0.3941594958305359,0.001316872425377369,0.09596329182386398,-0.00443618418648839,3.831421375274658
160,35.316959381103516,824.9000244140625,0.23256683349609375,0.7674331665039062,0.39436742663383484,0.0008779149502515793,0.10840369760990143,-0.002173359040170908,3.8215463161468506
161,37.8487548828125,852.1199951171875,0.23047637939453125,0.7695236206054688,0.39395689964294434,0.0008779149502515793,0.09856540709733963,-0.0014414723264053464,3.8206450939178467
162,36.29408264160156,831.4299926757812,0.23017120361328125,0.7698287963867188,0.394146203994751,0.0008779149502515793,0.10318154096603394,-0.0009555729338899255,3.818645477294922
163,39.33130645751953,883.4199829101562,0.232635498046875,0.767364501953125,0.39346814155578613,0.0008779149502515793,0.10679630190134048,-0.0018942049937322736,3.8154006004333496
164,37.786720275878906,862.9500122070312,0.23128509521484375,0.7687149047851562,0.3925701975822449,0.0008779149502515793,0.10123606771230698,-0.003078988753259182,3.79852557182312
165,37.106468200683594,852.760009765625,0.23368072509765625,0.7663192749023438,0.39157140254974365,0.0008779149502515793,0.10393010079860687,-0.0023338044993579388,3.7792580127716064
166,34.60667037963867,804.5800170898438,0.23447418212890625,0.7655258178710938,0.3915480673313141,0.0005852766335010529,0.10636038333177567,-0.0013577728532254696,3.7748589515686035
167,35.84712219238281,841.469970703125,0.2360076904296875,0.7639923095703125,0.3914327621459961,0.0008779149502515793,0.10224974155426025,-0.0030560672748833895,3.7665903568267822
168,35.15096664428711,809.3699951171875,0.2363433837890625,0.7636566162109375,0.3906208276748657,0.00039018443203531206,0.10187739133834839,-0.0009433092782273889,3.757737398147583
169,38.05436706542969,853.6799926757812,0.23624420166015625,0.7637557983398438,0.3902395963668823,0.0005852766335010529,0.10004225373268127,-0.0030841536354273558,3.7303526401519775
170,36.110374450683594,856.5999755859375,0.2344818115234375,0.7655181884765625,0.39021703600883484,0.0008779149502515793,0.1042448952794075,-0.002363475738093257,3.7426605224609375
171,37.70090103149414,852.0800170898438,0.2337493896484375,0.7662506103515625,0.3898531198501587,0.0005852766335010529,0.10160817205905914,0.00012643096852116287,3.7310631275177
172,38.27189254760742,854.3200073242188,0.23065948486328125,0.7693405151367188,0.3896937668323517,0.0008779149502515793,0.10826999694108963,-0.004181650932878256,3.72100567817688
173,36.990962982177734,831.6500244140625,0.2291259765625,0.7708740234375,0.3895242512226105,0.0008779149502515793,0.10594357550144196,-0.0021910821087658405,3.73130202293396
174,36.39196014404297,820.6900024414062,0.2294158935546875,0.7705841064453125,0.3899875283241272,0.0008779149502515793,0.10840350389480591,-0.0002974613744299859,3.7235372066497803
175,39.2271842956543,874.8599853515625,0.22772979736328125,0.7722702026367188,0.3898947834968567,0.0008779149502515793,0.10627961158752441,-0.002383490791544318,3.727240562438965
176,38.58122634887695,861.4500122070312,0.22469329833984375,0.7753067016601562,0.3895571529865265,0.0005852766335010529,0.09745209664106369,-0.0032621375285089016,3.7274184226989746
177,38.185916900634766,844.6199951171875,0.22222137451171875,0.7777786254882812,0.38995373249053955,0.0008779149502515793,0.10668552666902542,-0.002750727813690901,3.708575963973999
178,37.56861114501953,869.7899780273438,0.2243499755859375,0.7756500244140625,0.39072781801223755,0.0005852766335010529,0.1115012913942337,-0.0010409223614260554,3.7384719848632812
179,37.86861801147461,835.9299926757812,0.22692108154296875,0.7730789184570312,0.3898366093635559,0.0008779149502515793,0.11497899144887924,-0.003483271226286888,3.725644588470459
180,38.737430572509766,870.739990234375,0.2261505126953125,0.7738494873046875,0.38955551385879517,0.0008779149502515793,0.10975784063339233,-0.001424349844455719,3.710247278213501
181,40.338531494140625,867.6300048828125,0.22379302978515625,0.7762069702148438,0.3896806836128235,0.00039018443203531206,0.10979665815830231,0.0013094779569655657,3.7163238525390625
182,39.45183563232422,846.2100219726562,0.2254180908203125,0.7745819091796875,0.3885115683078766,0.0008779149502515793,0.11144546419382095,-0.0046873246319592,3.691953182220459
183,39.0395622253418,856.25,0.22442626953125,0.77557373046875,0.3872281312942505,0.0005852766335010529,0.10547186434268951,-0.0021435876842588186,3.675522565841675
184,40.3435173034668,876.260009765625,0.22365570068359375,0.7763442993164062,0.38647496700286865,0.0008779149502515793,0.10241857171058655,-0.005666572600603104,3.647977828979492
185,39.09687805175781,839.1500244140625,0.22458648681640625,0.7754135131835938,0.38729551434516907,0.0008779149502515793,0.10908740758895874,-0.002194957807660103,3.656867504119873
186,40.123329162597656,855.969970703125,0.22698211669921875,0.7730178833007812,0.3866443634033203,0.00039018443203531206,0.11537803709506989,0.0012223382946103811,3.6597137451171875
187,40.553565979003906,871.9099731445312,0.225982666015625,0.774017333984375,0.38602134585380554,0.0008779149502515793,0.09635469317436218,-0.0032671806402504444,3.623164653778076
188,39.1296501159668,859.4099731445312,0.2246856689453125,0.7753143310546875,0.38567638397216797,0.0005852766335010529,0.10497783869504929,-0.0016104995738714933,3.634890079498291
189,38.01918029785156,835.1099853515625,0.2247772216796875,0.7752227783203125,0.38506394624710083,0.0008779149502515793,0.10607080161571503,-0.0033798892982304096,3.615180492401123
190,39.36279296875,853.6599731445312,0.22382354736328125,0.7761764526367188,0.38543474674224854,0.0005852766335010529,0.10752169042825699,-0.0032461395021528006,3.6201746463775635
191,38.7983512878418,853.8800048828125,0.22476959228515625,0.7752304077148438,0.384845495223999,0.0008779149502515793,0.11185328662395477,-0.005289859604090452,3.6054816246032715
192,41.584957122802734,887.3200073242188,0.22298431396484375,0.7770156860351562,0.38403987884521484,0.0008779149502515793,0.10911700874567032,-0.0013120581861585379,3.5975348949432373
193,38.68122482299805,840.0399780273438,0.21807861328125,0.78192138671875,0.38381433486938477,0.0005852766335010529,0.11662078648805618,-0.002333560725674033,3.588427782058716
194,41.59161376953125,875.1099853515625,0.217315673828125,0.782684326171875,0.38323771953582764,0.0008779149502515793,0.10625868290662766,-0.004658812656998634,3.5717175006866455
195,38.402591705322266,829.6500244140625,0.21680450439453125,0.7831954956054688,0.38211479783058167,0.0005852766335010529,0.11276591569185257,-0.001332371262833476,3.5618479251861572
196,39.90806198120117,855.739990234375,0.216705322265625,0.783294677734375,0.3814440369606018,0.0008779149502515793,0.1133686900138855,-0.002870838390663266,3.5238051414489746
197,40.53331756591797,872.8499755859375,0.21363067626953125,0.7863693237304688,0.3810470700263977,0.0005852766335010529,0.11882860213518143,-0.0016293904045596719,3.534999370574951
198,39.958229064941406,846.9400024414062,0.21085357666015625,0.7891464233398438,0.3808723986148834,0.0008779149502515793,0.11586260050535202,-0.0028368711937218904,3.5156288146972656
199,42.88321304321289,899.030029296875,0.20684814453125,0.79315185546875,0.3809509873390198,0.0005852766335010529,0.11327332258224487,-0.0006413111696019769,3.5193123817443848
200,40.53229522705078,874.0,0.20655059814453125,0.7934494018554688,0.3805077075958252,0.00039018443203531206,0.12759488821029663,-0.0012279103975743055,3.5174248218536377
201,40.14891815185547,868.52001953125,0.20615386962890625,0.7938461303710938,0.3799406886100769,0.0005852766335010529,0.12559853494167328,-0.005689030513167381,3.499760866165161
202,36.7849235534668,789.4400024414062,0.20893096923828125,0.7910690307617188,0.38045060634613037,0.00039018443203531206,0.12951160967350006,-0.0020518642850220203,3.508716106414795
203,39.114803314208984,836.030029296875,0.210540771484375,0.789459228515625,0.3802264928817749,0.0005852766335010529,0.1318831741809845,-0.005119856912642717,3.494037389755249
204,39.66376876831055,849.02001953125,0.21015167236328125,0.7898483276367188,0.38022613525390625,0.0008779149502515793,0.127778559923172,-0.0033003033604472876,3.5024118423461914
205,39.65877914428711,838.3400268554688,0.21117401123046875,0.7888259887695312,0.3798714280128479,0.0005852766335010529,0.12946681678295135,-0.002098309574648738,3.494286298751831
206,39.30110549926758,857.7999877929688,0.2136383056640625,0.7863616943359375,0.38075119256973267,0.0005852766335010529,0.1259157359600067,-0.002607331844046712,3.5053248405456543
207,39.400146484375,824.010009765625,0.217620849609375,0.782379150390625,0.3816360831260681,0.0008779149502515793,0.1241125538945198,-0.0046076178550720215,3.510181188583374
208,39.236412048339844,839.5900268554688,0.2195892333984375,0.7804107666015625,0.38101643323898315,0.0005852766335010529,0.12151170521974564,-0.0009595841402187943,3.516615629196167
209,38.38633346557617,807.8599853515625,0.22031402587890625,0.7796859741210938,0.3814311623573303,0.0008779149502515793,0.1351131647825241,-0.0039094118401408195,3.5074198246002197
210,40.06505584716797,824.9500122070312,0.21933746337890625,0.7806625366210938,0.38145262002944946,0.0008779149502515793,0.14082956314086914,-0.0014448566362261772,3.518015146255493
211,41.82686996459961,851.6099853515625,0.22252655029296875,0.7774734497070312,0.3804795742034912,0.0005852766335010529,0.14004597067832947,0.001359404530376196,3.507704496383667
212,39.677589416503906,810.9299926757812,0.2230072021484375,0.7769927978515625,0.3801020383834839,0.0008779149502515793,0.1305427998304367,-0.004285477101802826,3.4797863960266113
213,38.16337585449219,812.77001953125,0.22586822509765625,0.7741317749023438,0.37958526611328125,0.0008779149502515793,0.13008995354175568,-0.0028927114326506853,3.4752142429351807
214,41.150047302246094,834.9199829101562,0.22658538818359375,0.7734146118164062,0.3791567385196686,0.0002601229352876544,0.12798000872135162,0.0008398359641432762,3.4710090160369873
215,42.66287612915039,865.8099975585938,0.22522735595703125,0.7747726440429688,0.37862467765808105,0.0005852766335010529,0.12616321444511414,-0.005000941921025515,3.44058895111084
216,40.066444396972656,815.8300170898438,0.224273681640625,0.775726318359375,0.37931832671165466,0.0005852766335010529,0.12847691774368286,-0.0024686872493475676,3.4595701694488525
217,40.49223709106445,818.1799926757812,0.2286529541015625,0.7713470458984375,0.3792624771595001,0.0008779149502515793,0.1403566300868988,-0.00016227392188739032,3.4590790271759033
218,38.55918502807617,802.8499755859375,0.23215484619140625,0.7678451538085938,0.37969017028808594,0.00039018443203531206,0.12774764001369476,-0.00232307449914515,3.462808847427368
219,42.15426254272461,863.010009765625,0.2360382080078125,0.7639617919921875,0.37894684076309204,0.0005852766335010529,0.13121329247951508,-0.0050073047168552876,3.452003002166748
220,39.713890075683594,819.1400146484375,0.2371673583984375,0.7628326416015625,0.3785558342933655,0.0008779149502515793,0.13287368416786194,-0.0018078932771459222,3.446669340133667
221,40.329959869384766,813.5999755859375,0.2371978759765625,0.7628021240234375,0.3781028985977173,0.0008779149502515793,0.11776360869407654,-0.0014069142052903771,3.4344849586486816
222,40.037841796875,824.780029296875,0.2388763427734375,0.7611236572265625,0.3785228133201599,0.0005852766335010529,0.13535363972187042,-0.001019249320961535,3.441835403442383
223,40.9443473815918,843.1699829101562,0.23926544189453125,0.7607345581054688,0.37834179401397705,0.0008779149502515793,0.1260489821434021,-0.0016730516217648983,3.436647653579712
224,42.1585693359375,850.5800170898438,0.24150848388671875,0.7584915161132812,0.378884881734848,0.001316872425377369,0.12849591672420502,-0.003530420595780015,3.4383113384246826
225,41.49476623535156,847.4099731445312,0.24156951904296875,0.7584304809570312,0.37743645906448364,0.0005852766335010529,0.12660789489746094,0.003039891365915537,3.4352951049804688
226,43.259090423583984,878.6199951171875,0.2414398193359375,0.7585601806640625,0.37709784507751465,0.0008779149502515793,0.12233036011457443,-0.0050925156101584435,3.4093222618103027
227,43.91000747680664,895.25,0.2425384521484375,0.7574615478515625,0.37770435214042664,0.0005852766335010529,0.13107134401798248,-0.001731764990836382,3.432988405227661
228,43.273624420166016,855.8599853515625,0.24117279052734375,0.7588272094726562,0.37826672196388245,0.0008779149502515793,0.12328030914068222,-0.004255974665284157,3.4252145290374756
229,40.76626205444336,825.719970703125,0.241912841796875,0.758087158203125,0.37817126512527466,0.0008779149502515793,0.12989525496959686,-0.003164198249578476,3.4298415184020996
230,43.88495635986328,880.280029296875,0.241485595703125,0.758514404296875,0.377349317073822,0.0008779149502515793,0.1251123547554016,-0.0029140599071979523,3.4234867095947266
231,40.88378143310547,840.969970703125,0.24175262451171875,0.7582473754882812,0.3760496973991394,0.0005852766335010529,0.13073548674583435,-0.0022186271380633116,3.406064748764038
232,41.08984375,835.6599731445312,0.2411041259765625,0.7588958740234375,0.3761783242225647,0.0008779149502515793,0.130402073264122,-0.0038375144358724356,3.379809856414795
233,41.86146926879883,856.8499755859375,0.24007415771484375,0.7599258422851562,0.3761846125125885,0.0008779149502515793,0.13443931937217712,-0.0005938649992458522,3.38688588142395
234,40.58616256713867,835.7000122070312,0.239349365234375,0.760650634765625,0.37619802355766296,0.0005852766335010529,0.13396745920181274,-0.0024353484623134136,3.3917040824890137
235,42.78427505493164,865.9099731445312,0.239898681640625,0.760101318359375,0.3766114115715027,0.0005852766335010529,0.13958072662353516,-0.0020521720871329308,3.3887319564819336
236,40.37636947631836,820.6400146484375,0.2392120361328125,0.7607879638671875,0.37641000747680664,0.0005852766335010529,0.14404232800006866,-0.003670609323307872,3.4017064571380615
237,39.24817657470703,789.1300048828125,0.23926544189453125,0.7607345581054688,0.3767220377922058,0.00039018443203531206,0.1407032012939453,0.0012978302547708154,3.402981996536255
238,38.75606155395508,793.8900146484375,0.24078369140625,0.75921630859375,0.3776162564754486,0.0008779149502515793,0.14238858222961426,-0.004214069340378046,3.40456223487854
239,43.33176040649414,858.1099853515625,0.24147796630859375,0.7585220336914062,0.3776158094406128,0.0005852766335010529,0.13339325785636902,-5.4984528105705976e-05,3.4259300231933594
240,43.29933166503906,865.3599853515625,0.24092864990234375,0.7590713500976562,0.37706494331359863,0.0005852766335010529,0.13339576125144958,-0.004448593128472567,3.4078006744384766
241,45.013397216796875,871.0499877929688,0.23947906494140625,0.7605209350585938,0.3769552707672119,0.0008779149502515793,0.13808569312095642,-0.0029864779207855463,3.4083499908447266
242,41.18767547607422,798.9600219726562,0.23785400390625,0.76214599609375,0.376298725605011,0.0005852766335010529,0.15220491588115692,0.0003206180699635297,3.4004597663879395
243,43.4198112487793,849.8400268554688,0.23491668701171875,0.7650833129882812,0.3760460317134857,0.0008779149502515793,0.1465287208557129,-0.0002505179145373404,3.385923147201538
244,44.365638732910156,894.1400146484375,0.232025146484375,0.767974853515625,0.37543103098869324,0.0005852766335010529,0.13610388338565826,-0.0021163341589272022,3.380415201187134
245,41.75132369995117,820.9500122070312,0.23340606689453125,0.7665939331054688,0.3762155771255493,0.0005852766335010529,0.13981197774410248,-0.002293033292517066,3.380040407180786
246,44.2835693359375,863.8400268554688,0.2340545654296875,0.7659454345703125,0.3758864402770996,0.0008779149502515793,0.14526185393333435,-0.005110839381814003,3.3819518089294434
247,40.85786056518555,799.1900024414062,0.232757568359375,0.767242431640625,0.37572598457336426,0.0008779149502515793,0.14608874917030334,-0.0022645348217338324,3.3861331939697266
248,42.8264274597168,860.75,0.2318267822265625,0.7681732177734375,0.3750930428504944,0.0005852766335010529,0.14066243171691895,-0.0015243437374010682,3.3763747215270996
249,41.32008743286133,830.719970703125,0.230010986328125,0.769989013671875,0.37521833181381226,0.0008779149502515793,0.13974887132644653,-0.0009089000523090363,3.369819164276123
250,39.61686325073242,801.8599853515625,0.23130035400390625,0.7686996459960938,0.37490105628967285,0.0005852766335010529,0.1490631103515625,-0.0036111322697252035,3.368587017059326
251,43.90637969970703,863.7999877929688,0.2328643798828125,0.7671356201171875,0.37498944997787476,0.0008779149502515793,0.13825693726539612,-0.0037781100254505873,3.3611769676208496
252,42.0096321105957,830.9500122070312,0.231597900390625,0.768402099609375,0.37540239095687866,0.0008779149502515793,0.136249378323555,-0.002350924303755164,3.378451347351074
253,44.026859283447266,868.02001953125,0.23172760009765625,0.7682723999023438,0.37536656856536865,0.0008779149502515793,0.1301375925540924,-0.0022149186115711927,3.3749866485595703
254,41.751136779785156,832.9299926757812,0.2298736572265625,0.7701263427734375,0.3756079077720642,0.0008779149502515793,0.1502523422241211,-0.0007783898618072271,3.3787753582000732
255,41.07487869262695,819.530029296875,0.2295379638671875,0.7704620361328125,0.3762030601501465,0.0005852766335010529,0.1457972675561905,-0.0030980361625552177,3.38749098777771
256,44.86617660522461,880.6699829101562,0.23032379150390625,0.7696762084960938,0.3761412501335144,0.00039018443203531206,0.14137177169322968,-0.0018546257633715868,3.382946491241455
257,41.571685791015625,844.4500122070312,0.23046875,0.76953125,0.3760235607624054,0.00039018443203531206,0.13786107301712036,-0.0018927345518022776,3.394083023071289
258,44.6020622253418,872.8400268554688,0.23238372802734375,0.7676162719726562,0.3766036629676819,0.0008779149502515793,0.13203547894954681,-0.0028882392216473818,3.383524179458618
259,41.43949508666992,840.77001953125,0.23122406005859375,0.7687759399414062,0.3763054609298706,0.0005852766335010529,0.13647130131721497,-0.0026838823687285185,3.391780138015747
260,42.619850158691406,835.8800048828125,0.2327117919921875,0.7672882080078125,0.3766615390777588,0.0005852766335010529,0.13102802634239197,-0.0048498413525521755,3.3943238258361816
261,41.32817077636719,823.5,0.23326873779296875,0.7667312622070312,0.3764222264289856,0.0008779149502515793,0.13052041828632355,-0.005241446662694216,3.391996383666992
262,45.679866790771484,896.6400146484375,0.233978271484375,0.766021728515625,0.37616151571273804,0.00039018443203531206,0.13528673350811005,0.0008845957927405834,3.387892007827759
263,44.819461822509766,890.219970703125,0.2319793701171875,0.7680206298828125,0.37556785345077515,0.0005852766335010529,0.13971677422523499,-0.004559664987027645,3.3743808269500732
264,44.679534912109375,889.4000244140625,0.2305755615234375,0.7694244384765625,0.37648141384124756,0.0005852766335010529,0.142702117562294,-0.0021008076146245003,3.3894801139831543
265,44.10338592529297,858.0,0.2290496826171875,0.7709503173828125,0.3762761354446411,0.0005852766335010529,0.14648482203483582,-0.001885916106402874,3.379572868347168
266,43.27088165283203,855.75,0.22772979736328125,0.7722702026367188,0.37599122524261475,0.00039018443203531206,0.14972414076328278,-0.0013846688671037555,3.3828253746032715
267,44.66689682006836,854.8599853515625,0.22637176513671875,0.7736282348632812,0.3756907880306244,0.00039018443203531206,0.13264760375022888,-0.003464460838586092,3.369813919067383
268,43.69269561767578,858.280029296875,0.22553253173828125,0.7744674682617188,0.37574121356010437,0.0008779149502515793,0.14436554908752441,-0.004735679365694523,3.3668835163116455
269,42.145320892333984,817.1300048828125,0.22501373291015625,0.7749862670898438,0.374931275844574,0.0005852766335010529,0.15398253500461578,-0.001673696911893785,3.3621559143066406
270,45.44215393066406,889.739990234375,0.22442626953125,0.77557373046875,0.37475740909576416,0.0002601229352876544,0.14414940774440765,0.0019346026238054037,3.3516812324523926
271,45.24473190307617,858.5499877929688,0.22328948974609375,0.7767105102539062,0.3737369477748871,0.00039018443203531206,0.12852604687213898,-0.0016038597095757723,3.3354275226593018
272,43.74026870727539,825.02001953125,0.22423553466796875,0.7757644653320312,0.373587965965271,0.0008779149502515793,0.13352249562740326,-0.004972395952790976,3.314655065536499
273,43.12388229370117,823.280029296875,0.226959228515625,0.773040771484375,0.3736966848373413,0.0005852766335010529,0.13145235180854797,-0.0007734663086012006,3.3274409770965576
274,42.178611755371094,821.75,0.22879791259765625,0.7712020874023438,0.37413936853408813,0.0008779149502515793,0.16164833307266235,-0.001131687662564218,3.329713821411133
275,46.99003982543945,901.1500244140625,0.228607177734375,0.771392822265625,0.3733751177787781,0.00039018443203531206,0.14485464990139008,9.53341877902858e-05,3.315617799758911
276,42.84544372558594,813.4600219726562,0.22594451904296875,0.7740554809570312,0.37306588888168335,0.0008779149502515793,0.13369068503379822,-0.0053473226726055145,3.305036783218384
277,44.131561279296875,830.260009765625,0.22673797607421875,0.7732620239257812,0.3732416033744812,0.0005852766335010529,0.13834573328495026,-0.001393166254274547,3.3174173831939697
278,46.63780212402344,873.6400146484375,0.22594451904296875,0.7740554809570312,0.3730526566505432,0.0008779149502515793,0.14672496914863586,-0.003510884242132306,3.3005566596984863
279,45.657814025878906,863.5399780273438,0.22664642333984375,0.7733535766601562,0.3739645481109619,0.00039018443203531206,0.14075057208538055,-0.0022305832244455814,3.3244266510009766
280,42.9650993347168,826.4099731445312,0.225372314453125,0.774627685546875,0.3730184733867645,0.0005852766335010529,0.14225681126117706,-0.003527481108903885,3.308696985244751
281,43.9006462097168,849.780029296875,0.223968505859375,0.776031494140625,0.373579204082489,0.00039018443203531206,0.14395880699157715,0.00011757283937186003,3.3100428581237793
282,44.3443603515625,852.6599731445312,0.22370147705078125,0.7762985229492188,0.3723888397216797,0.0005852766335010529,0.13983026146888733,-0.003503659041598439,3.2990708351135254
283,45.477943420410156,892.8300170898438,0.220367431640625,0.779632568359375,0.37161508202552795,0.00039018443203531206,0.12875357270240784,-0.0013480562483891845,3.2891039848327637
284,47.050437927246094,885.5599975585938,0.21865081787109375,0.7813491821289062,0.3723093271255493,0.0008779149502515793,0.1398233324289322,-0.00495050149038434,3.270207166671753
285,42.672821044921875,838.5599975585938,0.217254638671875,0.782745361328125,0.37208980321884155,0.0008779149502515793,0.136525496840477,-0.0008531283237971365,3.289072036743164
286,42.99059295654297,832.719970703125,0.217681884765625,0.782318115234375,0.37168657779693604,0.0008779149502515793,0.1527624875307083,-0.0006900169537402689,3.2876105308532715
287,48.86131286621094,911.52001953125,0.21466827392578125,0.7853317260742188,0.3713192343711853,0.0005852766335010529,0.1387920379638672,-0.0008170566870830953,3.2767672538757324
288,45.108577728271484,867.239990234375,0.21222686767578125,0.7877731323242188,0.3711696267127991,0.0008779149502515793,0.145652636885643,-0.002341169398277998,3.260881185531616
289,45.04883575439453,877.1699829101562,0.2129058837890625,0.7870941162109375,0.3702470064163208,0.0008779149502515793,0.15092098712921143,-0.0017895684577524662,3.2627835273742676
290,46.86735153198242,890.5399780273438,0.209503173828125,0.790496826171875,0.3697337508201599,0.00039018443203531206,0.15276817977428436,-0.0004291128134354949,3.2381598949432373
291,43.78829574584961,829.3099975585938,0.20800018310546875,0.7919998168945312,0.3700977563858032,0.0008779149502515793,0.1521068662405014,-0.0047323256731033325,3.2352826595306396
292,46.47419738769531,879.0499877929688,0.20816802978515625,0.7918319702148438,0.3701092004776001,0.0005852766335010529,0.16205301880836487,-0.001289905165322125,3.2463817596435547
293,45.57343673706055,890.8900146484375,0.2073211669921875,0.7926788330078125,0.3695569634437561,0.0008779149502515793,0.1429899036884308,-0.00237306603230536,3.2314562797546387
294,46.592098236083984,876.7000122070312,0.20623016357421875,0.7937698364257812,0.3682344853878021,0.0005852766335010529,0.14490185678005219,-0.0008176435949280858,3.21325945854187
295,46.405757904052734,867.8900146484375,0.20599365234375,0.79400634765625,0.3673593997955322,0.0008779149502515793,0.14133712649345398,-0.0035878715571016073,3.179882049560547
296,42.91530227661133,821.1699829101562,0.20601654052734375,0.7939834594726562,0.3674353063106537,0.00039018443203531206,0.14621451497077942,-0.0017333036521449685,3.187096357345581
297,44.969566345214844,834.1599731445312,0.2065277099609375,0.7934722900390625,0.367530882358551,0.0005852766335010529,0.1601303368806839,-0.0035420709755271673,3.174825668334961
298,45.28725051879883,844.52001953125,0.205657958984375,0.794342041015625,0.36774641275405884,0.00039018443203531206,0.16702260076999664,-0.0015504801413044333,3.1815977096557617
299,45.18394088745117,843.8800048828125,0.2037811279296875,0.7962188720703125,0.36821335554122925,0.0005852766335010529,0.1566784381866455,-0.0036340290680527687,3.1911277770996094
300,46.103824615478516,850.0700073242188,0.202056884765625,0.797943115234375,0.3684152364730835,0.0005852766335010529,0.15901154279708862,-0.0029324376955628395,3.1928491592407227
301,45.688941955566406,830.8300170898438,0.20488739013671875,0.7951126098632812,0.367773175239563,0.0008779149502515793,0.1552838683128357,-8.89114016899839e-05,3.1894431114196777
302,45.261783599853516,818.469970703125,0.206207275390625,0.793792724609375,0.36801445484161377,0.0005852766335010529,0.16886615753173828,-0.0001866492530098185,3.1955695152282715
303,45.52075958251953,840.1599731445312,0.20557403564453125,0.7944259643554688,0.3676524758338928,0.0008779149502515793,0.16142331063747406,-0.00376881449483335,3.1717307567596436
304,49.824581146240234,907.4099731445312,0.20473480224609375,0.7952651977539062,0.36733561754226685,0.00039018443203531206,0.15383291244506836,0.000721016142051667,3.1942944526672363
305,47.85015869140625,861.5999755859375,0.2037506103515625,0.7962493896484375,0.3672814667224884,0.0008779149502515793,0.15324702858924866,-0.003911238629370928,3.168982982635498
306,48.07213592529297,878.25,0.2044677734375,0.7955322265625,0.3676600754261017,0.00039018443203531206,0.15967853367328644,-0.00025990913854911923,3.1885030269622803
307,47.31411361694336,861.0999755859375,0.2042999267578125,0.7957000732421875,0.36831134557724,0.0008779149502515793,0.16231609880924225,-0.005089182406663895,3.1950857639312744
308,47.0084228515625,860.6799926757812,0.20503997802734375,0.7949600219726562,0.3676943778991699,0.0005852766335010529,0.1671128123998642,-0.0023598382249474525,3.198188066482544
309,46.803749084472656,869.02001953125,0.20343780517578125,0.7965621948242188,0.36794984340667725,0.0005852766335010529,0.16788123548030853,-0.0007015467854216695,3.191441535949707
310,46.61060333251953,835.7999877929688,0.20371246337890625,0.7962875366210938,0.36804041266441345,0.00039018443203531206,0.1816522181034088,-0.0032508515287190676,3.189460277557373
311,47.37958526611328,866.47998046875,0.20536041259765625,0.7946395874023438,0.3679337799549103,0.0005852766335010529,0.16171793639659882,-0.00593573646619916,3.201340675354004
312,46.31605911254883,853.1599731445312,0.20787811279296875,0.7921218872070312,0.3676856458187103,0.0008779149502515793,0.16216935217380524,-0.004047962836921215,3.1836235523223877
313,45.632930755615234,853.75,0.21033477783203125,0.7896652221679688,0.36808711290359497,0.0008779149502515793,0.16195783019065857,-0.0011313760187476873,3.2007575035095215
314,47.713104248046875,867.0700073242188,0.2109832763671875,0.7890167236328125,0.36764049530029297,0.0002601229352876544,0.16610009968280792,0.0008038287633098662,3.1958396434783936
315,47.29963684082031,878.2999877929688,0.21047210693359375,0.7895278930664062,0.3675970137119293,0.0005852766335010529,0.16327276825904846,-0.005478012375533581,3.1841225624084473
316,46.558006286621094,857.0499877929688,0.2107696533203125,0.7892303466796875,0.36736685037612915,0.0002601229352876544,0.15496350824832916,-0.0004676600801758468,3.1886849403381348
317,46.59264373779297,866.27001953125,0.21344757080078125,0.7865524291992188,0.36760056018829346,0.0005852766335010529,0.16836604475975037,-0.0055624633096158504,3.1756844520568848
318,46.0802116394043,837.3800048828125,0.21590423583984375,0.7840957641601562,0.36778128147125244,0.0008779149502515793,0.17196239531040192,-0.004909323528409004,3.1857800483703613
319,44.48754119873047,817.1300048828125,0.21791839599609375,0.7820816040039062,0.36733508110046387,0.0005852766335010529,0.16428691148757935,-0.0013243682915344834,3.1943399906158447
320,45.309207916259766,839.969970703125,0.22074127197265625,0.7792587280273438,0.36692094802856445,0.00039018443203531206,0.15586543083190918,-0.0015160279581323266,3.175009250640869
321,46.874759674072266,850.9000244140625,0.2226104736328125,0.7773895263671875,0.3668624460697174,0.00017341530474368483,0.1600015014410019,5.703525312128477e-05,3.1788060665130615
322,46.049339294433594,838.3699951171875,0.22353363037109375,0.7764663696289062,0.367003858089447,0.00039018443203531206,0.15197224915027618,-0.005904534365981817,3.171112298965454
323,47.48340606689453,862.4199829101562,0.2231903076171875,0.7768096923828125,0.36693596839904785,0.0008779149502515793,0.1530362367630005,-0.004715633578598499,3.169828414916992
324,44.95535659790039,828.239990234375,0.2224884033203125,0.7775115966796875,0.3663081228733063,0.0005852766335010529,0.1413092464208603,-0.0015089093940332532,3.1615428924560547
325,46.27193069458008,847.0599975585938,0.2243499755859375,0.7756500244140625,0.36657848954200745,0.0008779149502515793,0.1646648496389389,-0.0033849438186734915,3.1647450923919678
326,46.56431579589844,872.0399780273438,0.225494384765625,0.774505615234375,0.36748823523521423,0.0008779149502515793,0.15435649454593658,-0.0029018293134868145,3.174126148223877
327,48.55065155029297,866.219970703125,0.2259521484375,0.7740478515625,0.367046058177948,0.0002601229352876544,0.14063042402267456,0.0004649869806598872,3.187492609024048
328,47.18327713012695,850.1199951171875,0.22466278076171875,0.7753372192382812,0.3658604025840759,0.0005852766335010529,0.1500146985054016,-0.004452892113476992,3.144838333129883
329,49.581329345703125,884.9299926757812,0.22354888916015625,0.7764511108398438,0.3653475046157837,0.00039018443203531206,0.1517459899187088,0.0005915432702749968,3.1509861946105957
330,47.12493133544922,840.5599975585938,0.22234344482421875,0.7776565551757812,0.36690056324005127,0.0005852766335010529,0.15327218174934387,-0.0039306217804551125,3.1571555137634277
331,46.65168762207031,833.75,0.22148895263671875,0.7785110473632812,0.36770784854888916,0.0002601229352876544,0.15739117562770844,-0.0023858959320932627,3.177037239074707
332,48.383609771728516,871.469970703125,0.22014617919921875,0.7798538208007812,0.3676818609237671,0.0002601229352876544,0.14626149833202362,2.4298806238221005e-05,3.192201614379883
333,47.235469818115234,854.25,0.21778106689453125,0.7822189331054688,0.36761605739593506,0.00039018443203531206,0.16156738996505737,-0.005685432348400354,3.1806437969207764
334,47.975929260253906,854.2000122070312,0.21648406982421875,0.7835159301757812,0.3678244948387146,0.0008779149502515793,0.14153164625167847,-0.003680868772789836,3.178966522216797
335,47.195945739746094,844.1400146484375,0.21540069580078125,0.7845993041992188,0.36759787797927856,0.0005852766335010529,0.14332479238510132,-0.0012146715307608247,3.187755823135376
336,49.5971794128418,865.7999877929688,0.2146759033203125,0.7853240966796875,0.36780500411987305,0.0005852766335010529,0.15334272384643555,-0.0029628556221723557,3.1760003566741943
337,46.60824203491211,849.9600219726562,0.21376800537109375,0.7862319946289062,0.3678494691848755,0.0008779149502515793,0.1522073745727539,-0.004161072429269552,3.183682441711426
338,46.44517517089844,829.4500122070312,0.21346282958984375,0.7865371704101562,0.3679966628551483,0.0005852766335010529,0.1582975685596466,-0.0028283712454140186,3.1767194271087646
339,48.0394401550293,864.9099731445312,0.21466064453125,0.78533935546875,0.36804935336112976,0.0008779149502515793,0.15634785592556,-0.003118437249213457,3.1875619888305664
340,47.89519119262695,852.75,0.2152099609375,0.7847900390625,0.36754733324050903,0.00039018443203531206,0.1695772111415863,-0.0007124647381715477,3.182339668273926
341,47.846126556396484,871.5700073242188,0.21532440185546875,0.7846755981445312,0.3673588037490845,0.0005852766335010529,0.16514383256435394,-0.004091807175427675,3.1697566509246826
342,46.7967414855957,847.9600219726562,0.21405029296875,0.78594970703125,0.3676992654800415,0.0008779149502515793,0.15454642474651337,-0.004634599667042494,3.170449733734131
343,44.98542022705078,809.510009765625,0.2166748046875,0.7833251953125,0.3672139346599579,0.0005852766335010529,0.16343183815479279,-0.0025638288352638483,3.1672661304473877
344,44.0022087097168,789.72998046875,0.2215728759765625,0.7784271240234375,0.36680060625076294,0.0008779149502515793,0.1584600806236267,-0.004232397768646479,3.165015459060669
345,46.695369720458984,849.3800048828125,0.22414398193359375,0.7758560180664062,0.36689069867134094,0.0005852766335010529,0.16064117848873138,-0.003790481947362423,3.147423267364502
346,47.06614303588867,847.7100219726562,0.22570037841796875,0.7742996215820312,0.3670010566711426,0.0008779149502515793,0.1597064584493637,-0.00447575468569994,3.1488022804260254
347,48.48954391479492,862.47998046875,0.225494384765625,0.774505615234375,0.36707502603530884,0.00039018443203531206,0.15653367340564728,-0.0016863180790096521,3.1622095108032227
348,48.823551177978516,883.9299926757812,0.223480224609375,0.776519775390625,0.366780161857605,0.0005852766335010529,0.15540334582328796,-0.004903364460915327,3.151978015899658
349,48.03688049316406,848.3599853515625,0.22088623046875,0.77911376953125,0.3669266700744629,0.0005852766335010529,0.1500629186630249,-0.0027449671179056168,3.158750057220459
350,47.636775970458984,865.0999755859375,0.219451904296875,0.780548095703125,0.36655962467193604,0.0005852766335010529,0.14997918903827667,-0.0031451391987502575,3.1445112228393555
351,48.020999908447266,861.97998046875,0.21795654296875,0.78204345703125,0.367053747177124,0.00039018443203531206,0.14258070290088654,-0.0023142946884036064,3.158125400543213
352,49.310264587402344,881.1900024414062,0.21761322021484375,0.7823867797851562,0.36717134714126587,0.0005852766335010529,0.1586167961359024,-0.003830850124359131,3.156560182571411
353,48.87754821777344,873.0499877929688,0.21659088134765625,0.7834091186523438,0.3668958246707916,0.00017341530474368483,0.14828240871429443,0.00113507523201406,3.162304401397705
354,46.597599029541016,818.9299926757812,0.21441650390625,0.78558349609375,0.36690372228622437,0.00039018443203531206,0.144059956073761,-0.0046677314676344395,3.1541779041290283
355,50.51127624511719,884.22998046875,0.21343994140625,0.78656005859375,0.3669208288192749,0.0005852766335010529,0.15478821098804474,-0.003617461770772934,3.159335136413574
356,45.05548858642578,810.27001953125,0.2121734619140625,0.7878265380859375,0.3664414584636688,0.0008779149502515793,0.14684975147247314,-0.004893614910542965,3.1460254192352295
357,49.292633056640625,851.780029296875,0.212615966796875,0.787384033203125,0.36571770906448364,0.0005852766335010529,0.15863877534866333,-0.0019179100636392832,3.143206834793091
358,48.903076171875,869.8099975585938,0.21173095703125,0.78826904296875,0.3649977445602417,0.0008779149502515793,0.14807724952697754,-0.0038994678761810064,3.120941400527954
359,48.65114212036133,875.4299926757812,0.21114349365234375,0.7888565063476562,0.3652765154838562,0.0005852766335010529,0.14609257876873016,0.00023474001500289887,3.1291778087615967
360,49.598663330078125,879.530029296875,0.21006011962890625,0.7899398803710938,0.3647865355014801,0.0008779149502515793,0.14060641825199127,-0.0025037871673703194,3.124567985534668
361,49.28025817871094,869.469970703125,0.20812225341796875,0.7918777465820312,0.3655409812927246,0.00039018443203531206,0.1348484456539154,0.0012856124667450786,3.1232547760009766
362,50.50519943237305,896.3499755859375,0.2069244384765625,0.7930755615234375,0.36583101749420166,0.0005852766335010529,0.1407298445701599,-0.00424438901245594,3.135166645050049
363,50.86219787597656,897.8300170898438,0.20403289794921875,0.7959671020507812,0.3651323914527893,0.0005852766335010529,0.14513064920902252,-0.0009454211103729904,3.128075361251831
364,51.486167907714844,888.8699951171875,0.2025146484375,0.7974853515625,0.36526286602020264,0.0005852766335010529,0.15325377881526947,-0.002457744674757123,3.122086763381958
365,49.0035285949707,861.260009765625,0.20217132568359375,0.7978286743164062,0.3655335009098053,0.0005852766335010529,0.15890759229660034,-0.002648580353707075,3.131897211074829
366,52.24434280395508,909.9000244140625,0.2011871337890625,0.7988128662109375,0.36529356241226196,0.0005852766335010529,0.1483355164527893,-0.002499004127457738,3.134398937225342
367,47.39411926269531,837.75,0.20068359375,0.79931640625,0.36497437953948975,0.0005852766335010529,0.1526244580745697,-0.003911029547452927,3.1223886013031006
368,50.459835052490234,893.0499877929688,0.1999053955078125,0.8000946044921875,0.3640441298484802,0.00039018443203531206,0.14640310406684875,-0.0018891991348937154,3.121086359024048
369,47.700897216796875,859.3300170898438,0.1980438232421875,0.8019561767578125,0.3638582229614258,0.0005852766335010529,0.13954034447669983,-0.006032089237123728,3.091057300567627
370,47.372615814208984,838.5499877929688,0.19709014892578125,0.8029098510742188,0.3641514182090759,0.0005852766335010529,0.15293505787849426,-0.002681659534573555,3.10686993598938
371,48.83200454711914,858.9199829101562,0.1936187744140625,0.8063812255859375,0.36474546790122986,0.0005852766335010529,0.1557202786207199,-0.003500910010188818,3.115243673324585
372,50.33565902709961,875.8499755859375,0.19258880615234375,0.8074111938476562,0.3651694357395172,0.0008779149502515793,0.1571318358182907,-0.002666717628017068,3.1226532459259033
373,50.93841552734375,901.510009765625,0.18842315673828125,0.8115768432617188,0.3651593327522278,0.0005852766335010529,0.14703141152858734,-0.0018054337706416845,3.123678207397461
374,48.88587951660156,851.1199951171875,0.1844024658203125,0.8155975341796875,0.36480653285980225,0.0008779149502515793,0.16480939090251923,-0.005070209968835115,3.122063159942627
375,49.822532653808594,886.1699829101562,0.18219757080078125,0.8178024291992188,0.36533141136169434,0.0008779149502515793,0.15279237926006317,-0.001976118190214038,3.1271069049835205
376,50.39936828613281,869.6500244140625,0.1790618896484375,0.8209381103515625,0.3650244474411011,0.0005852766335010529,0.1539146453142166,-0.0008992644143290818,3.128761053085327
377,50.42607498168945,877.030029296875,0.1766815185546875,0.8233184814453125,0.365467369556427,0.0008779149502515793,0.15829041600227356,-0.0037463230546563864,3.120734214782715
378,50.65910339355469,866.8800048828125,0.17681884765625,0.82318115234375,0.365628719329834,0.0005852766335010529,0.15205539762973785,-0.0034524339716881514,3.1381821632385254
379,51.41234588623047,897.8900146484375,0.17549896240234375,0.8245010375976562,0.36531755328178406,0.0005852766335010529,0.15851017832756042,-0.0038192514330148697,3.1289024353027344
380,50.32549285888672,878.760009765625,0.17368316650390625,0.8263168334960938,0.3647376298904419,0.0005852766335010529,0.14483511447906494,-0.0015244873939082026,3.119622230529785
381,50.69021224975586,896.9600219726562,0.17401123046875,0.82598876953125,0.36436378955841064,0.0005852766335010529,0.14053580164909363,-0.002159373601898551,3.112823009490967
382,51.140804290771484,886.9500122070312,0.172210693359375,0.827789306640625,0.3646555542945862,0.0005852766335010529,0.15404726564884186,-0.001389609999023378,3.1156904697418213
383,50.90856170654297,889.1699829101562,0.171783447265625,0.828216552734375,0.36479294300079346,0.0005852766335010529,0.1393296718597412,-0.00032542861299589276,3.121115207672119
384,49.522674560546875,872.739990234375,0.1710662841796875,0.8289337158203125,0.3651581406593323,0.0005852766335010529,0.14043080806732178,-0.0034615271724760532,3.121274471282959
385,51.03989028930664,885.75,0.1689453125,0.8310546875,0.3648625612258911,0.00039018443203531206,0.14183250069618225,0.0005955207743681967,3.128654956817627
386,46.210453033447266,824.969970703125,0.17017364501953125,0.8298263549804688,0.3642486333847046,0.0005852766335010529,0.15321841835975647,-0.004919011611491442,3.107135772705078
387,50.83662796020508,883.8200073242188,0.17050933837890625,0.8294906616210938,0.3644915223121643,0.0008779149502515793,0.15623877942562103,-0.005025236401706934,3.113690137863159
388,50.93571853637695,891.7999877929688,0.1697998046875,0.8302001953125,0.3641371726989746,0.0005852766335010529,0.1424497365951538,-0.0013738295529037714,3.1155002117156982
389,49.93620300292969,882.739990234375,0.16979217529296875,0.8302078247070312,0.3635996878147125,0.0005852766335010529,0.15230882167816162,-0.002273425692692399,3.100257635116577
390,52.16219711303711,907.2000122070312,0.170623779296875,0.829376220703125,0.3635540008544922,0.0005852766335010529,0.13998709619045258,-0.0015632666181772947,3.1035573482513428
391,51.043296813964844,865.6400146484375,0.168182373046875,0.831817626953125,0.3629645109176636,0.00039018443203531206,0.15698546171188354,-0.002022550208494067,3.0822651386260986
392,49.1762580871582,846.1500244140625,0.1691131591796875,0.8308868408203125,0.36318662762641907,0.0005852766335010529,0.1538364291191101,-0.002909467089921236,3.0902726650238037
393,49.90081787109375,870.97998046875,0.16948699951171875,0.8305130004882812,0.3619931936264038,0.00039018443203531206,0.15131744742393494,-0.0019517034525051713,3.081759452819824
394,51.610008239746094,886.4299926757812,0.1693267822265625,0.8306732177734375,0.362323522567749,0.0005852766335010529,0.15187153220176697,-0.005355403758585453,3.063324451446533
395,49.640933990478516,868.5800170898438,0.17002105712890625,0.8299789428710938,0.36232244968414307,0.0008779149502515793,0.15064051747322083,-0.0029592011123895645,3.07658314704895
396,53.0145378112793,910.1799926757812,0.168975830078125,0.831024169921875,0.3607804775238037,0.0005852766335010529,0.15487037599086761,-0.0006132665439508855,3.062962293624878
397,51.091148376464844,897.3900146484375,0.167755126953125,0.832244873046875,0.36104992032051086,0.0008779149502515793,0.1558355987071991,-0.003664856543764472,3.037550449371338
398,47.90804672241211,841.8599853515625,0.16730499267578125,0.8326950073242188,0.36136046051979065,0.0005852766335010529,0.16424652934074402,-0.002090863883495331,3.065721273422241
399,50.328468322753906,877.3400268554688,0.17012786865234375,0.8298721313476562,0.36224374175071716,0.0008779149502515793,0.1392771452665329,-0.002384856576099992,3.0674684047698975
400,52.24434280395508,905.219970703125,0.16959381103515625,0.8304061889648438,0.36240342259407043,0.0002601229352876544,0.14698933064937592,-0.00044533368782140315,3.0839974880218506
401,48.40779495239258,874.0,0.1676788330078125,0.8323211669921875,0.3622301518917084,0.0005852766335010529,0.14207135140895844,-0.004643904510885477,3.0780653953552246
402,50.94407272338867,895.739990234375,0.1674346923828125,0.8325653076171875,0.3618084192276001,0.0008779149502515793,0.13593977689743042,-0.003817461896687746,3.0645790100097656
403,49.64017105102539,864.9500122070312,0.1670074462890625,0.8329925537109375,0.3618306517601013,0.0005852766335010529,0.14347194135189056,-0.00085554423276335,3.076730251312256
404,49.38594055175781,865.1099853515625,0.16654205322265625,0.8334579467773438,0.36250269412994385,0.0008779149502515793,0.1541154682636261,-0.0026474250480532646,3.0784966945648193
405,47.359107971191406,840.5399780273438,0.1669158935546875,0.8330841064453125,0.36247512698173523,0.0005852766335010529,0.15598377585411072,-0.0022679497487843037,3.0821053981781006
406,50.09455108642578,854.3200073242188,0.166717529296875,0.833282470703125,0.36263713240623474,0.0005852766335010529,0.14752955734729767,-0.003342806827276945,3.0793702602386475
407,53.61308288574219,928.0399780273438,0.166351318359375,0.833648681640625,0.36195266246795654,0.0005852766335010529,0.14388012886047363,-0.0032397820614278316,3.082278251647949
408,51.48966598510742,894.6400146484375,0.164459228515625,0.835540771484375,0.3615051805973053,0.0008779149502515793,0.15016387403011322,-0.0034950224217027426,3.0620012283325195
409,49.52061462402344,854.5,0.16229248046875,0.83770751953125,0.36148157715797424,0.0008779149502515793,0.15485715866088867,-0.0033885901793837547,3.060140609741211
410,49.26131057739258,855.1500244140625,0.1636810302734375,0.8363189697265625,0.3618031442165375,0.0005852766335010529,0.156356543302536,-0.0003646864206530154,3.0590250492095947
411,51.232177734375,884.0900268554688,0.1638641357421875,0.8361358642578125,0.3616803288459778,0.0008779149502515793,0.14099900424480438,-0.0037060959730297327,3.061929941177368
412,50.223785400390625,861.239990234375,0.16481781005859375,0.8351821899414062,0.3614484369754791,0.0005852766335010529,0.15703409910202026,-0.0013535905163735151,3.0611605644226074
413,49.17781448364258,853.0800170898438,0.16603851318359375,0.8339614868164062,0.36063897609710693,0.0005852766335010529,0.14769694209098816,-0.0016053076833486557,3.0371038913726807
414,50.82740020751953,868.1199951171875,0.16657257080078125,0.8334274291992188,0.3600589334964752,0.0008779149502515793,0.14471857249736786,-0.000810823286883533,3.0252671241760254
415,50.52727508544922,866.7000122070312,0.16762542724609375,0.8323745727539062,0.36071106791496277,0.0005852766335010529,0.15459182858467102,-0.0015585058135911822,3.0316381454467773
416,52.28489685058594,912.5399780273438,0.16602325439453125,0.8339767456054688,0.36078697443008423,0.0005852766335010529,0.1472444385290146,-0.0039014937356114388,3.0316569805145264
417,51.30326843261719,883.5499877929688,0.16290283203125,0.83709716796875,0.3605149984359741,0.00039018443203531206,0.1597457230091095,-0.0036273677833378315,3.036174774169922
418,46.82070541381836,812.0,0.165130615234375,0.834869384765625,0.3608633279800415,0.0005852766335010529,0.16070914268493652,-0.005874847527593374,3.0298118591308594
419,47.93802261352539,823.1900024414062,0.16844940185546875,0.8315505981445312,0.3614552617073059,0.00039018443203531206,0.17133203148841858,-0.003403963753953576,3.049570083618164
420,51.51046371459961,868.3800048828125,0.1704559326171875,0.8295440673828125,0.36278122663497925,0.0005852766335010529,0.16764599084854126,-0.004122562240809202,3.0672407150268555
421,49.492950439453125,830.75,0.173675537109375,0.826324462890625,0.36317548155784607,0.0008779149502515793,0.16989243030548096,-0.004877034109085798,3.090071439743042
422,49.58077621459961,851.780029296875,0.1751556396484375,0.8248443603515625,0.36348938941955566,0.00039018443203531206,0.18219414353370667,0.000487387937027961,3.090851068496704
423,50.147274017333984,856.9299926757812,0.176513671875,0.823486328125,0.3639364242553711,0.0008779149502515793,0.1658264398574829,-0.002814760198816657,3.103111743927002
424,52.33671951293945,900.280029296875,0.1773529052734375,0.8226470947265625,0.3640117645263672,0.0005852766335010529,0.16257736086845398,-0.0035320979077368975,3.1138319969177246
425,50.104251861572266,873.8300170898438,0.1774139404296875,0.8225860595703125,0.363666832447052,0.0002601229352876544,0.16506357491016388,1.3838277482136618e-05,3.1063232421875
426,50.417179107666016,861.0999755859375,0.1763458251953125,0.8236541748046875,0.363955020904541,0.0005852766335010529,0.16715990006923676,-0.005303995683789253,3.105649709701538
427,49.394168853759766,843.3499755859375,0.17803955078125,0.82196044921875,0.3645349144935608,0.00039018443203531206,0.1679355651140213,-0.004393077455461025,3.109868049621582
428,52.50752639770508,893.9400024414062,0.177093505859375,0.822906494140625,0.3645731508731842,0.0005852766335010529,0.1729438453912735,-0.006150000728666782,3.1196532249450684
429,47.10136413574219,835.1799926757812,0.1762847900390625,0.8237152099609375,0.3647195100784302,0.0008779149502515793,0.17951048910617828,-0.0040129004046320915,3.121137857437134
430,51.207462310791016,857.7000122070312,0.1798858642578125,0.8201141357421875,0.3641657829284668,0.00039018443203531206,0.16575515270233154,-0.0014322790084406734,3.1228725910186768
431,52.353641510009766,895.0499877929688,0.18308258056640625,0.8169174194335938,0.3636305332183838,0.0005852766335010529,0.1747797727584839,-0.005301143974065781,3.109046459197998
432,48.08586120605469,841.010009765625,0.1839141845703125,0.8160858154296875,0.3646117150783539,0.0002601229352876544,0.18266373872756958,-0.002546250354498625,3.1146326065063477
433,47.73085021972656,810.9400024414062,0.18659210205078125,0.8134078979492188,0.36345988512039185,0.0005852766335010529,0.16915366053581238,-0.006910255644470453,3.103259801864624
434,51.67850875854492,861.4099731445312,0.18917083740234375,0.8108291625976562,0.36289650201797485,0.0008779149502515793,0.16546489298343658,-0.004448038060218096,3.0931735038757324
435,52.697933197021484,892.8400268554688,0.18939208984375,0.81060791015625,0.3636111617088318,0.0005852766335010529,0.1560261994600296,-0.001183762215077877,3.0976791381835938
436,52.04829025268555,895.6799926757812,0.18639373779296875,0.8136062622070312,0.36420685052871704,0.0008779149502515793,0.17262326180934906,-0.0032149632461369038,3.1123404502868652
437,51.56298065185547,868.739990234375,0.18628692626953125,0.8137130737304688,0.3643141984939575,0.0005852766335010529,0.17392410337924957,-0.0016811344539746642,3.112466335296631
438,53.368350982666016,896.1900024414062,0.1870269775390625,0.8129730224609375,0.3644963204860687,0.0008779149502515793,0.1768847107887268,-0.0017147499602288008,3.1140851974487305
439,49.317378997802734,843.9199829101562,0.18930816650390625,0.8106918334960938,0.3647554814815521,0.0005852766335010529,0.17049482464790344,-0.002576282015070319,3.1249289512634277
440,48.51198196411133,823.6500244140625,0.189666748046875,0.810333251953125,0.36538946628570557,0.0005852766335010529,0.17385205626487732,-0.0037753619253635406,3.127955675125122
441,50.561981201171875,840.4000244140625,0.19103240966796875,0.8089675903320312,0.36544299125671387,0.0005852766335010529,0.1724696308374405,-0.003300221636891365,3.142159938812256
442,49.88612365722656,851.030029296875,0.19248199462890625,0.8075180053710938,0.36562371253967285,0.0005852766335010529,0.15581583976745605,-0.0033049124758690596,3.1287992000579834
443,50.38933181762695,860.3400268554688,0.19405364990234375,0.8059463500976562,0.36532849073410034,0.00039018443203531206,0.16490839421749115,-0.000713721034117043,3.1428885459899902
444,51.06686782836914,854.239990234375,0.19503021240234375,0.8049697875976562,0.3652840852737427,0.0005852766335010529,0.17044243216514587,-0.005913781002163887,3.12583589553833
445,52.10564041137695,877.0399780273438,0.1975860595703125,0.8024139404296875,0.3653446435928345,0.0005852766335010529,0.1617414802312851,-0.0033535247202962637,3.13728666305542
446,50.10679244995117,863.7899780273438,0.19997406005859375,0.8000259399414062,0.36600783467292786,0.00039018443203531206,0.17313052713871002,-0.002004579408094287,3.1345863342285156
447,52.51899719238281,873.5599975585938,0.20171356201171875,0.7982864379882812,0.36587074398994446,0.0005852766335010529,0.16777856647968292,-0.00539927976205945,3.1407103538513184
448,51.97562789916992,878.22998046875,0.201385498046875,0.798614501953125,0.3664853274822235,0.0008779149502515793,0.17053598165512085,-0.00412040064111352,3.1445915699005127
449,49.833709716796875,845.5900268554688,0.20078277587890625,0.7992172241210938,0.3667972683906555,0.0005852766335010529,0.1816059947013855,-0.002866169670596719,3.1554954051971436
450,52.19131851196289,880.760009765625,0.20027923583984375,0.7997207641601562,0.366395503282547,0.00039018443203531206,0.15891042351722717,-0.0031852105166763067,3.1501517295837402
451,53.10968780517578,869.52001953125,0.1993560791015625,0.8006439208984375,0.36619892716407776,0.00017341530474368483,0.16912589967250824,0.002482041483744979,3.1528875827789307
452,52.178077697753906,882.3599853515625,0.19769287109375,0.80230712890625,0.36605608463287354,0.00039018443203531206,0.15994076430797577,-0.004792064893990755,3.1462972164154053
453,49.360713958740234,843.8400268554688,0.19492340087890625,0.8050765991210938,0.366204172372818,0.0005852766335010529,0.14682605862617493,-0.004441571421921253,3.1478185653686523
454,53.62375259399414,891.219970703125,0.197021484375,0.802978515625,0.36694520711898804,0.0005852766335010529,0.1585329920053482,-0.0031524712685495615,3.1572511196136475
455,52.68897247314453,879.0599975585938,0.1951904296875,0.8048095703125,0.36702078580856323,0.0005852766335010529,0.14603754878044128,-0.001714579644612968,3.164645195007324
456,48.985965728759766,825.5800170898438,0.19518280029296875,0.8048171997070312,0.3677166700363159,0.0008779149502515793,0.1557401567697525,-0.003799631493166089,3.177180290222168
457,50.7482795715332,838.0399780273438,0.19547271728515625,0.8045272827148438,0.3681984841823578,0.0005852766335010529,0.16573335230350494,-0.002750533865764737,3.189606189727783
458,48.69548797607422,819.260009765625,0.1981353759765625,0.8018646240234375,0.36886632442474365,0.0008779149502515793,0.1818830817937851,-0.0033170657698065042,3.195117950439453
459,51.071563720703125,883.3200073242188,0.2003631591796875,0.7996368408203125,0.36999696493148804,0.0005852766335010529,0.1805393546819687,-0.0021972027607262135,3.2230477333068848
460,50.166015625,857.3900146484375,0.2003936767578125,0.7996063232421875,0.3704158067703247,0.0008779149502515793,0.1649763584136963,-0.006007268559187651,3.2270045280456543
461,53.01955795288086,885.8499755859375,0.19876861572265625,0.8012313842773438,0.370406836271286,0.0002601229352876544,0.17907597124576569,-0.003282401245087385,3.239572763442993
462,50.77120590209961,854.2899780273438,0.196990966796875,0.803009033203125,0.37046122550964355,0.0005852766335010529,0.16069486737251282,-0.0064668189734220505,3.238861560821533
463,51.71255874633789,861.2899780273438,0.1973876953125,0.8026123046875,0.37081289291381836,0.0005852766335010529,0.15944308042526245,-0.003805707674473524,3.2369327545166016
464,52.96400451660156,884.469970703125,0.19757080078125,0.80242919921875,0.3707442879676819,0.00039018443203531206,0.15582269430160522,-0.0020064993295818567,3.2561075687408447
465,51.313053131103516,855.75,0.19638824462890625,0.8036117553710938,0.37037402391433716,0.0005852766335010529,0.16264976561069489,-0.0034250074531883,3.2276055812835693
466,51.265968322753906,868.489990234375,0.19892120361328125,0.8010787963867188,0.3710193336009979,0.0005852766335010529,0.18248547613620758,-0.003286095568910241,3.253842353820801
467,53.64100646972656,895.219970703125,0.19844818115234375,0.8015518188476562,0.3707355558872223,0.0005852766335010529,0.1665046513080597,-0.003169331466779113,3.2508726119995117
468,49.04692077636719,839.780029296875,0.19724273681640625,0.8027572631835938,0.3705903887748718,0.0005852766335010529,0.1745009571313858,-0.0010039100889116526,3.239163398742676
469,47.76295471191406,792.8499755859375,0.199249267578125,0.800750732421875,0.370172917842865,0.0005852766335010529,0.15647202730178833,-0.005471077747642994,3.228771686553955
470,50.83049392700195,846.8800048828125,0.19983673095703125,0.8001632690429688,0.3711748719215393,0.0008779149502515793,0.16050834953784943,-0.004645167384296656,3.2406015396118164
471,53.28012466430664,894.0399780273438,0.1993560791015625,0.8006439208984375,0.3709522485733032,0.0005852766335010529,0.15607351064682007,-0.002681850455701351,3.2455623149871826
472,52.384742736816406,860.0499877929688,0.19539642333984375,0.8046035766601562,0.3713536858558655,0.00039018443203531206,0.15665963292121887,-0.0013010062975808978,3.2476868629455566
473,51.762168884277344,863.0999755859375,0.194427490234375,0.805572509765625,0.37122395634651184,0.0005852766335010529,0.16496381163597107,-0.003164727706462145,3.2436797618865967
474,50.00566482543945,848.8300170898438,0.194091796875,0.805908203125,0.37048909068107605,0.00039018443203531206,0.1661071628332138,-0.0022219691891223192,3.2485594749450684
475,51.90507507324219,858.5499877929688,0.19379425048828125,0.8062057495117188,0.37085413932800293,0.00039018443203531206,0.17008982598781586,-0.003935137297958136,3.228504180908203
476,51.936641693115234,875.52001953125,0.19208526611328125,0.8079147338867188,0.3698757588863373,0.00039018443203531206,0.1692306101322174,-0.004955673590302467,3.223252773284912
477,55.09213638305664,902.3300170898438,0.1904144287109375,0.8095855712890625,0.3704080283641815,0.0005852766335010529,0.16256234049797058,-0.004458164796233177,3.2292513847351074
478,51.50740051269531,874.239990234375,0.18926239013671875,0.8107376098632812,0.3707644045352936,0.00039018443203531206,0.16592471301555634,-0.002213830593973398,3.2384724617004395
479,54.385379791259766,902.02001953125,0.18796539306640625,0.8120346069335938,0.3712770342826843,0.0008779149502515793,0.1798117607831955,-0.005352088715881109,3.2440919876098633
480,51.4279899597168,866.780029296875,0.1860809326171875,0.8139190673828125,0.3718723654747009,0.0005852766335010529,0.1684299260377884,-0.0033229952678084373,3.2545440196990967
481,50.784629821777344,841.9400024414062,0.1857757568359375,0.8142242431640625,0.3722538352012634,0.0002601229352876544,0.17640043795108795,-0.0024450859054923058,3.2641828060150146
482,51.06706237792969,865.9000244140625,0.18672943115234375,0.8132705688476562,0.37268751859664917,0.0005852766335010529,0.17370769381523132,-0.0055819409899413586,3.2750630378723145
483,50.70876693725586,864.6799926757812,0.18717193603515625,0.8128280639648438,0.37317168712615967,0.0008779149502515793,0.1724480390548706,-0.0032263188622891903,3.2928507328033447
484,50.62550354003906,857.719970703125,0.18610382080078125,0.8138961791992188,0.37360629439353943,0.0008779149502515793,0.16672322154045105,-0.0016153031028807163,3.3022408485412598
485,52.705631256103516,886.02001953125,0.19043731689453125,0.8095626831054688,0.37411463260650635,0.0005852766335010529,0.1708316206932068,-0.0020400467328727245,3.306488275527954
486,50.777427673339844,858.9600219726562,0.19208526611328125,0.8079147338867188,0.374120831489563,0.0005852766335010529,0.16846796870231628,-0.004427907522767782,3.3074939250946045
487,54.32096862792969,879.02001953125,0.193115234375,0.806884765625,0.3738322854042053,0.0008779149502515793,0.15603852272033691,-0.0025664556305855513,3.3184099197387695
488,54.95795440673828,916.2000122070312,0.19002532958984375,0.8099746704101562,0.37299805879592896,0.00039018443203531206,0.15483993291854858,0.0012162639759480953,3.304455041885376
489,50.439857482910156,864.7000122070312,0.18904876708984375,0.8109512329101562,0.37321293354034424,0.0005852766335010529,0.1629975289106369,-0.005135382991284132,3.296274185180664
490,49.42337417602539,838.3400268554688,0.1878204345703125,0.8121795654296875,0.37289029359817505,0.0005852766335010529,0.1618518829345703,-0.0030061861034482718,3.3023431301116943
491,50.999210357666016,862.1500244140625,0.18688201904296875,0.8131179809570312,0.3726707994937897,0.0005852766335010529,0.16100750863552094,-0.002605716697871685,3.2870876789093018
492,53.77289962768555,883.5999755859375,0.18698883056640625,0.8130111694335938,0.3729671537876129,0.0008779149502515793,0.1578981876373291,-0.0035788232926279306,3.2894856929779053
493,52.817100524902344,880.510009765625,0.1859893798828125,0.8140106201171875,0.372455358505249,0.0005852766335010529,0.16485942900180817,-0.0023906619753688574,3.2923266887664795
494,52.252655029296875,876.0599975585938,0.184967041015625,0.815032958984375,0.37222692370414734,0.0005852766335010529,0.15946774184703827,-0.002522182883694768,3.2749977111816406
495,51.942386627197266,876.989990234375,0.18540191650390625,0.8145980834960938,0.3719433546066284,0.0005852766335010529,0.16315007209777832,-0.003242943901568651,3.268777847290039
496,52.782657623291016,867.7899780273438,0.185333251953125,0.814666748046875,0.3726215064525604,0.0008779149502515793,0.17426642775535583,-0.0037008128128945827,3.27584171295166
497,54.20594787597656,910.3099975585938,0.18408203125,0.81591796875,0.3728812336921692,0.0005852766335010529,0.15712322294712067,-0.0015134928980842233,3.28995943069458
498,51.941768646240234,868.9600219726562,0.18268585205078125,0.8173141479492188,0.37315261363983154,0.00039018443203531206,0.16851487755775452,-0.001848804298788309,3.2967793941497803
499,53.285465240478516,878.6699829101562,0.18085479736328125,0.8191452026367188,0.3732517957687378,0.0005852766335010529,0.18089482188224792,-0.00341775338165462,3.29775071144104
500,50.58211135864258,857.719970703125,0.17948150634765625,0.8205184936523438,0.3742462992668152,0.0008779149502515793,0.17237044870853424,-0.0035354676656425,3.3156399726867676
501,54.0173225402832,902.3699951171875,0.1784515380859375,0.8215484619140625,0.3738078773021698,0.0005852766335010529,0.1600051373243332,-0.0022989511489868164,3.3216772079467773
502,52.84502029418945,891.8499755859375,0.18019866943359375,0.8198013305664062,0.3746250867843628,0.0002601229352876544,0.14413322508335114,-0.0032605770975351334,3.3313894271850586
503,53.12216567993164,899.489990234375,0.17952728271484375,0.8204727172851562,0.37469282746315,0.0005852766335010529,0.15747709572315216,-0.005630735773593187,3.3356523513793945
504,50.016395568847656,843.7100219726562,0.1804046630859375,0.8195953369140625,0.37472015619277954,0.0005852766335010529,0.1627577543258667,-0.003817447228357196,3.338961601257324
505,47.65182113647461,815.4299926757812,0.180145263671875,0.819854736328125,0.37443074584007263,0.0005852766335010529,0.16795450448989868,-0.005380750168114901,3.3288052082061768
506,52.9493522644043,892.8599853515625,0.1802520751953125,0.8197479248046875,0.3741891384124756,0.00039018443203531206,0.15176674723625183,-0.0028308939654380083,3.335448741912842
507,49.57307434082031,843.5700073242188,0.18087005615234375,0.8191299438476562,0.373080313205719,0.0005852766335010529,0.16017191112041473,-0.005219308193773031,3.318272590637207
508,48.77821731567383,829.7100219726562,0.18344879150390625,0.8165512084960938,0.3731788396835327,0.0005852766335010529,0.1679488718509674,-0.0027295048348605633,3.306920051574707
509,52.077369689941406,878.2000122070312,0.18548583984375,0.81451416015625,0.3723968267440796,0.0005852766335010529,0.1573283076286316,-0.0033074102830141783,3.3079442977905273
510,53.12224578857422,893.8900146484375,0.187225341796875,0.812774658203125,0.37325233221054077,0.0005852766335010529,0.16889704763889313,-0.004344696179032326,3.30844783782959
511,52.259437561035156,862.5,0.18721771240234375,0.8127822875976562,0.3735162615776062,0.0005852766335010529,0.16274712979793549,-0.003945579752326012,3.318260431289673
512,52.05808639526367,878.4000244140625,0.18829345703125,0.81170654296875,0.37501972913742065,0.0008779149502515793,0.17911094427108765,-0.003763210028409958,3.3383657932281494
513,50.717899322509766,843.9299926757812,0.18836212158203125,0.8116378784179688,0.37463444471359253,0.00039018443203531206,0.17956766486167908,-0.0018054828979074955,3.3514394760131836
514,52.14357376098633,873.0399780273438,0.19042205810546875,0.8095779418945312,0.37411582469940186,0.0005852766335010529,0.16734616458415985,-0.004524745512753725,3.3329269886016846
515,48.90116882324219,834.2000122070312,0.18979644775390625,0.8102035522460938,0.37411099672317505,0.0008779149502515793,0.1776556819677353,-0.004507371690124273,3.3356130123138428
516,54.915618896484375,909.4099731445312,0.190643310546875,0.809356689453125,0.3741908669471741,0.00039018443203531206,0.1638077348470688,-0.0033412445336580276,3.3317935466766357
517,49.344825744628906,831.8900146484375,0.1884307861328125,0.8115692138671875,0.37404710054397583,0.00039018443203531206,0.1732519268989563,-0.0039051047060638666,3.3365612030029297
518,54.197967529296875,889.47998046875,0.18910980224609375,0.8108901977539062,0.3748483657836914,0.0005852766335010529,0.16577236354351044,-0.004317084327340126,3.3419888019561768
519,51.425106048583984,868.3400268554688,0.189697265625,0.810302734375,0.3754025101661682,0.0008779149502515793,0.17705287039279938,-0.004805526230484247,3.3598713874816895
520,51.77812957763672,884.22998046875,0.19091033935546875,0.8090896606445312,0.3751017451286316,0.0005852766335010529,0.1691991090774536,-0.003975681960582733,3.363696575164795
521,51.33355712890625,876.6300048828125,0.19261932373046875,0.8073806762695312,0.37512725591659546,0.0005852766335010529,0.16800786554813385,-0.003483495442196727,3.3573532104492188
522,51.13666534423828,861.510009765625,0.1943511962890625,0.8056488037109375,0.37595921754837036,0.0005852766335010529,0.2031666338443756,-0.003697329666465521,3.3719091415405273
523,48.16264343261719,813.8800048828125,0.19536590576171875,0.8046340942382812,0.3755975365638733,0.0005852766335010529,0.18704348802566528,-0.004681644029915333,3.3615946769714355
524,51.9861946105957,866.6900024414062,0.1985015869140625,0.8014984130859375,0.3754911720752716,0.0008779149502515793,0.16423992812633514,-0.004254565574228764,3.381722927093506
525,51.29258346557617,841.1699829101562,0.20092010498046875,0.7990798950195312,0.37585389614105225,0.0005852766335010529,0.17640410363674164,-0.0016395192360505462,3.3743958473205566
526,52.34825134277344,869.3599853515625,0.20298004150390625,0.7970199584960938,0.375770628452301,0.0005852766335010529,0.17758654057979584,-0.0004129575099796057,3.3761532306671143
527,50.74909591674805,841.010009765625,0.20633697509765625,0.7936630249023438,0.3759877681732178,0.0005852766335010529,0.1801161766052246,-0.0019718671683222055,3.3879735469818115
528,52.085655212402344,873.5700073242188,0.20969390869140625,0.7903060913085938,0.37619394063949585,0.0005852766335010529,0.1901819407939911,-0.00481427414342761,3.3861966133117676
529,53.68483352661133,872.530029296875,0.21038055419921875,0.7896194458007812,0.37603774666786194,0.0005852766335010529,0.18797771632671356,-0.0033229710534214973,3.3882927894592285
530,51.641502380371094,855.6699829101562,0.21024322509765625,0.7897567749023438,0.3759731650352478,0.0008779149502515793,0.18835444748401642,-0.0048994701355695724,3.379138708114624
531,52.281951904296875,854.3499755859375,0.2101287841796875,0.7898712158203125,0.37609195709228516,0.0005852766335010529,0.1823919117450714,-0.0036138901486992836,3.378849506378174
532,52.295005798339844,876.4500122070312,0.21001434326171875,0.7899856567382812,0.3761916756629944,0.0005852766335010529,0.17287667095661163,-0.004124664235860109,3.3819351196289062
533,52.63960266113281,868.77001953125,0.21002960205078125,0.7899703979492188,0.37639856338500977,0.0002601229352876544,0.1956285834312439,-0.0023298251908272505,3.3890645503997803
534,49.82572937011719,834.260009765625,0.20999908447265625,0.7900009155273438,0.3761463463306427,0.0005852766335010529,0.20515063405036926,-0.007069569546729326,3.3815953731536865
535,52.34221267700195,868.47998046875,0.21071624755859375,0.7892837524414062,0.3771905303001404,0.0005852766335010529,0.193906769156456,-0.004251743666827679,3.390282392501831
536,48.274864196777344,820.9600219726562,0.21158599853515625,0.7884140014648438,0.3767848014831543,0.0005852766335010529,0.1958402544260025,-0.003662227187305689,3.3895609378814697
537,53.43003463745117,874.0399780273438,0.21332550048828125,0.7866744995117188,0.3767368793487549,0.00039018443203531206,0.20723660290241241,-0.004356661345809698,3.395158052444458
538,50.69630432128906,858.3900146484375,0.2132110595703125,0.7867889404296875,0.37644660472869873,0.0005852766335010529,0.2014339119195938,-0.007251234259456396,3.3809778690338135
539,52.484649658203125,871.5800170898438,0.21448516845703125,0.7855148315429688,0.37683457136154175,0.0005852766335010529,0.1822119951248169,-0.002965657040476799,3.3875558376312256
540,54.01267623901367,870.0999755859375,0.21572113037109375,0.7842788696289062,0.37685149908065796,0.0005852766335010529,0.19268976151943207,-0.0035916632041335106,3.3920023441314697
541,50.172332763671875,814.969970703125,0.2183685302734375,0.7816314697265625,0.3770500421524048,0.0008779149502515793,0.1886824369430542,-0.004139813594520092,3.390357732772827
542,47.67613983154297,819.760009765625,0.222442626953125,0.777557373046875,0.3777351379394531,0.00039018443203531206,0.18704365193843842,-0.0003396249667275697,3.4106433391571045
543,52.49007034301758,874.52001953125,0.2232513427734375,0.7767486572265625,0.377281129360199,0.0005852766335010529,0.18581920862197876,-0.005939410533756018,3.4019033908843994
544,48.2294807434082,816.489990234375,0.222015380859375,0.777984619140625,0.3776682913303375,0.0008779149502515793,0.18887010216712952,-0.0049506546929478645,3.4098470211029053
545,50.644046783447266,844.5800170898438,0.22368621826171875,0.7763137817382812,0.37759464979171753,0.0005852766335010529,0.17795047163963318,-0.0020015111658722162,3.4177513122558594
546,49.653343200683594,846.9299926757812,0.225250244140625,0.774749755859375,0.3781557083129883,0.0008779149502515793,0.1813085973262787,-0.004833003506064415,3.409337282180786
547,51.372562408447266,853.6900024414062,0.227081298828125,0.772918701171875,0.3782850205898285,0.00039018443203531206,0.1859079897403717,-0.00022148143034428358,3.426842451095581
548,48.20347213745117,824.6099853515625,0.2297210693359375,0.7702789306640625,0.37843623757362366,0.0005852766335010529,0.1873963475227356,-0.004173710476607084,3.4214091300964355
549,52.68156051635742,870.489990234375,0.23084259033203125,0.7691574096679688,0.3785902261734009,0.0005852766335010529,0.18598830699920654,-0.005118352826684713,3.4239158630371094
550,50.17243576049805,837.5399780273438,0.2300872802734375,0.7699127197265625,0.37840330600738525,0.0008779149502515793,0.17559054493904114,-0.0024668551050126553,3.4259023666381836
551,49.70119094848633,838.469970703125,0.23033905029296875,0.7696609497070312,0.37848877906799316,0.0002601229352876544,0.16738444566726685,0.002267578849568963,3.4320755004882812
552,50.685203552246094,821.27001953125,0.23101043701171875,0.7689895629882812,0.3794287443161011,0.0005852766335010529,0.15561413764953613,-0.0060977390967309475,3.431846857070923
553,53.432151794433594,883.3499755859375,0.2294158935546875,0.7705841064453125,0.3790915608406067,0.0002601229352876544,0.1657254993915558,-0.0035724593326449394,3.4412882328033447
554,57.07460403442383,910.510009765625,0.2234649658203125,0.7765350341796875,0.37965160608291626,0.0005852766335010529,0.17029738426208496,-0.006516448687762022,3.4484024047851562
555,53.74345016479492,884.5900268554688,0.2205047607421875,0.7794952392578125,0.3791871666908264,0.0008779149502515793,0.1725037544965744,-0.0011575549142435193,3.4452078342437744
556,53.22130584716797,891.0900268554688,0.21681976318359375,0.7831802368164062,0.37936294078826904,0.0005852766335010529,0.17826347053050995,-0.004075339064002037,3.4503681659698486
557,50.3438720703125,831.9299926757812,0.2142181396484375,0.7857818603515625,0.37901073694229126,0.0005852766335010529,0.16465812921524048,-0.00449535483494401,3.4342851638793945
558,54.06684494018555,886.1500244140625,0.2129364013671875,0.7870635986328125,0.37839990854263306,0.0005852766335010529,0.16756972670555115,-0.003283296013250947,3.433858633041382
559,53.875240325927734,889.1199951171875,0.21123504638671875,0.7887649536132812,0.3783029317855835,0.00039018443203531206,0.17023654282093048,-0.0009567152010276914,3.4296936988830566
560,54.337005615234375,888.3099975585938,0.20900726318359375,0.7909927368164062,0.377801775932312,0.0005852766335010529,0.17490336298942566,-0.005827965214848518,3.415158987045288
561,54.762516021728516,886.6199951171875,0.205841064453125,0.794158935546875,0.3779452443122864,0.0008779149502515793,0.1863027662038803,-0.005274042021483183,3.4176855087280273
562,56.30767059326172,909.510009765625,0.204925537109375,0.795074462890625,0.37865355610847473,0.0008779149502515793,0.1938176304101944,-0.0022630461025983095,3.43070650100708
563,53.824581146240234,890.530029296875,0.2031402587890625,0.7968597412109375,0.37828922271728516,0.0005852766335010529,0.1784570813179016,-0.0038340375758707523,3.4319241046905518
564,52.21437454223633,865.3499755859375,0.20261383056640625,0.7973861694335938,0.3778413236141205,0.00039018443203531206,0.1847650110721588,-0.0040013594552874565,3.4113259315490723
565,52.1712646484375,849.72998046875,0.20090484619140625,0.7990951538085938,0.3783809244632721,0.0005852766335010529,0.1885540783405304,-0.0044076344929635525,3.4274744987487793
566,56.05772399902344,893.9199829101562,0.20038604736328125,0.7996139526367188,0.37790340185165405,0.0005852766335010529,0.1805923581123352,-0.0030512853991240263,3.4144017696380615
567,53.689353942871094,886.510009765625,0.1985626220703125,0.8014373779296875,0.37788477540016174,0.0008779149502515793,0.18114760518074036,-0.004216609988361597,3.4089741706848145
568,53.69684600830078,902.260009765625,0.195526123046875,0.804473876953125,0.3782993257045746,0.0005852766335010529,0.18315617740154266,-0.002364893676713109,3.418544292449951
569,52.657997131347656,874.5399780273438,0.19097900390625,0.80902099609375,0.37826085090637207,0.0008779149502515793,0.1727217584848404,-0.004382211249321699,3.412970542907715
570,54.56917953491211,894.989990234375,0.18906402587890625,0.8109359741210938,0.37813395261764526,0.0005852766335010529,0.19167236983776093,-0.0025383508764207363,3.4182803630828857
571,55.521305084228516,891.5700073242188,0.1874847412109375,0.8125152587890625,0.37815678119659424,0.0005852766335010529,0.1745031774044037,-0.0038536861538887024,3.4100728034973145
572,51.60076141357422,852.4000244140625,0.18296051025390625,0.8170394897460938,0.37856999039649963,0.0008779149502515793,0.17055311799049377,-0.004516866058111191,3.4196014404296875
573,53.104801177978516,858.3599853515625,0.1823577880859375,0.8176422119140625,0.3797644078731537,0.0005852766335010529,0.17280274629592896,-0.0029230036307126284,3.4423882961273193
574,49.536380767822266,818.260009765625,0.18288421630859375,0.8171157836914062,0.37976592779159546,0.0005852766335010529,0.16796056926250458,-0.004207209683954716,3.432406425476074
575,51.52692413330078,836.5,0.1814727783203125,0.8185272216796875,0.37938937544822693,0.0005852766335010529,0.18672944605350494,-0.0039174058474600315,3.453913450241089
576,52.6383171081543,861.0900268554688,0.179168701171875,0.820831298828125,0.37977415323257446,0.0002601229352876544,0.179164856672287,-0.0025609249714761972,3.4437506198883057
577,53.572288513183594,874.4099731445312,0.17992401123046875,0.8200759887695312,0.37998801469802856,0.00039018443203531206,0.1727144420146942,-0.006407265551388264,3.4486684799194336
578,53.27566146850586,865.3300170898438,0.1761016845703125,0.8238983154296875,0.3787383437156677,0.0005852766335010529,0.17716386914253235,-0.006314474157989025,3.439467191696167
579,54.032318115234375,881.0999755859375,0.1762542724609375,0.8237457275390625,0.3784589171409607,0.0008779149502515793,0.16766874492168427,-0.005287972278892994,3.4175519943237305
580,53.7921142578125,868.4199829101562,0.1743316650390625,0.8256683349609375,0.3772890865802765,0.0008779149502515793,0.17225058376789093,-0.003995008300989866,3.4005706310272217
581,53.84303283691406,876.2899780273438,0.17212677001953125,0.8278732299804688,0.3766067922115326,0.0005852766335010529,0.18364958465099335,-0.0037588628474622965,3.3853631019592285
582,57.178829193115234,889.280029296875,0.17044830322265625,0.8295516967773438,0.37647587060928345,0.0002601229352876544,0.17395354807376862,-0.002320013241842389,3.382911443710327
583,53.891143798828125,879.010009765625,0.1691741943359375,0.8308258056640625,0.3760911226272583,0.0005852766335010529,0.1742839813232422,-0.006985685788094997,3.362262487411499
584,54.82646179199219,883.4500122070312,0.17183685302734375,0.8281631469726562,0.37686413526535034,0.0005852766335010529,0.18412935733795166,-0.0042739808559417725,3.380903482437134
585,54.97620391845703,872.0499877929688,0.17431640625,0.82568359375,0.3768404722213745,0.0005852766335010529,0.17858318984508514,-0.0029160904232412577,3.3803000450134277
586,51.669307708740234,851.489990234375,0.17537689208984375,0.8246231079101562,0.3769599199295044,0.0005852766335010529,0.1901136338710785,-0.005113796330988407,3.3915958404541016
587,54.05358123779297,867.3400268554688,0.1755828857421875,0.8244171142578125,0.3775988519191742,0.0005852766335010529,0.1848553717136383,-0.003257251810282469,3.3922808170318604
588,54.8874397277832,890.9199829101562,0.17470550537109375,0.8252944946289062,0.377296507358551,0.0005852766335010529,0.1796732097864151,-0.003972718026489019,3.39858078956604
589,55.68422317504883,903.4400024414062,0.17552947998046875,0.8244705200195312,0.3770318031311035,0.00039018443203531206,0.17445193231105804,-0.001399981090798974,3.3889431953430176
590,54.327693939208984,885.75,0.17700958251953125,0.8229904174804688,0.37639254331588745,0.0005852766335010529,0.17912641167640686,-0.006647972390055656,3.3800394535064697
591,52.57208251953125,844.4400024414062,0.17673492431640625,0.8232650756835938,0.37638968229293823,0.0005852766335010529,0.18648496270179749,-0.004343044478446245,3.3767852783203125
592,55.28372573852539,888.2999877929688,0.17586517333984375,0.8241348266601562,0.37639951705932617,0.0008779149502515793,0.19064702093601227,-0.0052748615853488445,3.3728673458099365
593,53.11469268798828,854.6400146484375,0.17711639404296875,0.8228836059570312,0.3762916028499603,0.00039018443203531206,0.19044345617294312,-0.002550980309024453,3.3794162273406982
594,56.35951614379883,914.27001953125,0.17533111572265625,0.8246688842773438,0.3766266405582428,0.00039018443203531206,0.1857014149427414,-0.003766880137845874,3.3700575828552246
595,56.07032775878906,901.02001953125,0.1722259521484375,0.8277740478515625,0.3767808675765991,0.0005852766335010529,0.20143309235572815,-0.006314010825008154,3.3816306591033936
596,54.75027084350586,878.510009765625,0.17253875732421875,0.8274612426757812,0.37740254402160645,0.0005852766335010529,0.18596987426280975,-0.005829268600791693,3.383671522140503
597,53.95230484008789,869.030029296875,0.1732940673828125,0.8267059326171875,0.37692010402679443,0.0005852766335010529,0.20204494893550873,-0.003963656723499298,3.381309747695923
598,54.20041275024414,867.8400268554688,0.176116943359375,0.823883056640625,0.37759339809417725,0.0005852766335010529,0.17897915840148926,-0.002656132448464632,3.391554594039917
599,53.905784606933594,874.3499755859375,0.17844390869140625,0.8215560913085938,0.3779481053352356,0.0005852766335010529,0.20128992199897766,-0.0026531429030001163,3.394777536392212
600,56.020660400390625,895.5999755859375,0.1774749755859375,0.8225250244140625,0.37794849276542664,0.0002601229352876544,0.2024105042219162,-0.00193868950009346,3.4026951789855957
601,54.69437789916992,854.760009765625,0.17745208740234375,0.8225479125976562,0.3781346380710602,0.0005852766335010529,0.19276376068592072,-0.0056543233804404736,3.394667625427246
602,55.908206939697266,878.510009765625,0.17948150634765625,0.8205184936523438,0.37902534008026123,0.0008779149502515793,0.2015594244003296,-0.005547629203647375,3.417483329772949
603,55.212860107421875,861.469970703125,0.17861175537109375,0.8213882446289062,0.37956541776657104,0.0005852766335010529,0.19627557694911957,-0.0013555537443608046,3.4287126064300537
604,52.60673522949219,839.719970703125,0.1801605224609375,0.8198394775390625,0.37950289249420166,0.00039018443203531206,0.20851166546344757,-0.003066011006012559,3.432234048843384
605,53.574607849121094,844.260009765625,0.180755615234375,0.819244384765625,0.38016778230667114,0.0005852766335010529,0.18975892663002014,-0.005919926799833775,3.431033134460449
606,54.23385238647461,868.3300170898438,0.18141937255859375,0.8185806274414062,0.37982800602912903,0.0005852766335010529,0.19430440664291382,-0.004035160411149263,3.4363560676574707
607,54.40658187866211,859.5999755859375,0.18070220947265625,0.8192977905273438,0.37973448634147644,0.0005852766335010529,0.17560775578022003,-0.005479859653860331,3.4326283931732178
608,57.302371978759766,897.8499755859375,0.18189239501953125,0.8181076049804688,0.37931615114212036,0.00039018443203531206,0.18582971394062042,-0.002914872020483017,3.4395458698272705
609,52.5433349609375,835.2999877929688,0.17879486083984375,0.8212051391601562,0.37939217686653137,0.0005852766335010529,0.20248974859714508,-0.00452157249674201,3.419027805328369
610,54.879852294921875,884.0999755859375,0.17963409423828125,0.8203659057617188,0.3796394169330597,0.00039018443203531206,0.18825483322143555,-0.0028420272283256054,3.433532953262329
611,52.016990661621094,843.75,0.1792755126953125,0.8207244873046875,0.3793298006057739,0.0005852766335010529,0.18180134892463684,-0.003992344718426466,3.4282937049865723
612,57.87883758544922,903.3300170898438,0.18053436279296875,0.8194656372070312,0.3797719180583954,0.00039018443203531206,0.18088416755199432,-0.001243462786078453,3.4335691928863525
613,54.17949295043945,880.469970703125,0.181640625,0.818359375,0.3798283338546753,0.0005852766335010529,0.19355624914169312,-0.00519948685541749,3.438227891921997
614,57.18952178955078,901.5399780273438,0.1807708740234375,0.8192291259765625,0.3798678517341614,0.0008779149502515793,0.17574858665466309,-0.0057573216035962105,3.4374215602874756
615,55.33437728881836,855.1300048828125,0.18018341064453125,0.8198165893554688,0.37981319427490234,0.0005852766335010529,0.1749267429113388,-0.002602590713649988,3.440894365310669
616,56.56309509277344,891.72998046875,0.18016815185546875,0.8198318481445312,0.380682110786438,0.00017341530474368483,0.17048847675323486,-0.0010950980940833688,3.4511961936950684
617,58.25260543823242,916.6900024414062,0.179168701171875,0.820831298828125,0.38088732957839966,0.0002601229352876544,0.1783115714788437,-0.0028305542655289173,3.459435224533081
618,54.402034759521484,875.530029296875,0.17803955078125,0.82196044921875,0.3806876540184021,0.0005852766335010529,0.16998372972011566,-0.006401943042874336,3.4581615924835205
619,56.33604049682617,909.3099975585938,0.1769561767578125,0.8230438232421875,0.3810555040836334,0.0005852766335010529,0.18154431879520416,-0.0030363730620592833,3.4617199897766113
620,53.28300476074219,872.47998046875,0.17620849609375,0.82379150390625,0.3812704384326935,0.00039018443203531206,0.17238502204418182,-0.0011238434817641973,3.4709725379943848
621,53.47797775268555,855.5800170898438,0.17600250244140625,0.8239974975585938,0.38044726848602295,0.0005852766335010529,0.17275658249855042,-0.006572353653609753,3.45554518699646
622,55.50568389892578,869.260009765625,0.175140380859375,0.824859619140625,0.3805624842643738,0.0005852766335010529,0.1821974664926529,-0.003386222291737795,3.4571871757507324
623,53.212860107421875,856.6099853515625,0.175018310546875,0.824981689453125,0.37982285022735596,0.00039018443203531206,0.17183484137058258,-0.0007947051199153066,3.4518730640411377
624,54.91693115234375,888.780029296875,0.1758880615234375,0.8241119384765625,0.37948909401893616,0.0005852766335010529,0.1763419210910797,-0.0065561821684241295,3.4282422065734863
625,56.80320358276367,886.4600219726562,0.17734527587890625,0.8226547241210938,0.37949150800704956,0.0008779149502515793,0.17596516013145447,-0.004732751287519932,3.4282660484313965
626,54.666847229003906,866.47998046875,0.17739105224609375,0.8226089477539062,0.37808287143707275,0.00039018443203531206,0.16263921558856964,-0.002889899304136634,3.415083169937134
627,57.03835678100586,893.739990234375,0.176055908203125,0.823944091796875,0.3782663941383362,0.00039018443203531206,0.16850261390209198,-0.0023883774410933256,3.4018325805664062
628,54.55904006958008,888.8800048828125,0.1758575439453125,0.8241424560546875,0.37931859493255615,0.0008779149502515793,0.1781845986843109,-0.004357124213129282,3.410330057144165
629,55.696990966796875,902.739990234375,0.17583465576171875,0.8241653442382812,0.3785353899002075,0.0005852766335010529,0.16746945679187775,-0.0025757038965821266,3.410921573638916
630,56.12678146362305,887.489990234375,0.17380523681640625,0.8261947631835938,0.37899816036224365,0.0005852766335010529,0.17882509529590607,-0.0028937323950231075,3.4079854488372803
631,57.40464782714844,908.280029296875,0.17081451416015625,0.8291854858398438,0.37891215085983276,0.0005852766335010529,0.17012184858322144,-0.004939767997711897,3.403142213821411
632,54.38568878173828,866.72998046875,0.16761016845703125,0.8323898315429688,0.379271537065506,0.0008779149502515793,0.1732640117406845,-0.003661907045170665,3.420804738998413
633,52.95884704589844,838.5,0.1708221435546875,0.8291778564453125,0.37974900007247925,0.0005852766335010529,0.1754239797592163,-0.0019711011555045843,3.423792600631714
634,57.866302490234375,897.8499755859375,0.17105865478515625,0.8289413452148438,0.3803889751434326,0.0005852766335010529,0.1794668287038803,-0.004583972506225109,3.434154748916626
635,56.7900276184082,891.760009765625,0.1694488525390625,0.8305511474609375,0.38066837191581726,0.0005852766335010529,0.1680554747581482,-0.004870559088885784,3.44545578956604
636,58.727806091308594,924.27001953125,0.16584014892578125,0.8341598510742188,0.3803187906742096,0.00039018443203531206,0.16336944699287415,-0.00419763196259737,3.4457292556762695
637,53.583988189697266,852.8599853515625,0.16297149658203125,0.8370285034179688,0.3797098398208618,0.0005852766335010529,0.1675117462873459,-0.005600554868578911,3.423722982406616
638,56.231300354003906,896.5599975585938,0.16226959228515625,0.8377304077148438,0.37987396121025085,0.00039018443203531206,0.16921068727970123,-0.002275260863825679,3.434959650039673
639,55.273399353027344,859.469970703125,0.16259002685546875,0.8374099731445312,0.38012170791625977,0.0005852766335010529,0.16806229948997498,-0.004126556683331728,3.422396183013916
640,55.43499755859375,887.5900268554688,0.1619873046875,0.8380126953125,0.37949392199516296,0.0008779149502515793,0.1522432118654251,-0.0023510362952947617,3.422255039215088
641,59.229515075683594,914.6199951171875,0.1609954833984375,0.8390045166015625,0.3795078992843628,0.00039018443203531206,0.18067914247512817,-0.0035466207191348076,3.4156672954559326
642,57.12639617919922,885.739990234375,0.15984344482421875,0.8401565551757812,0.3786398470401764,0.0005852766335010529,0.18336182832717896,-0.005174557212740183,3.402658224105835
643,56.601470947265625,901.0499877929688,0.15882110595703125,0.8411788940429688,0.3778532147407532,0.00039018443203531206,0.18793852627277374,-0.0004083825333509594,3.3930504322052
644,58.051788330078125,912.8300170898438,0.158355712890625,0.841644287109375,0.3771241307258606,0.0005852766335010529,0.18278872966766357,-0.006332412827759981,3.368617534637451
645,56.277435302734375,873.8200073242188,0.15590667724609375,0.8440933227539062,0.3767452836036682,0.0005852766335010529,0.17617103457450867,-0.005006080958992243,3.3573460578918457
646,54.61320877075195,855.52001953125,0.153778076171875,0.846221923828125,0.3773149847984314,0.0008779149502515793,0.18578727543354034,-0.0049207075498998165,3.3611021041870117
647,54.72977066040039,868.8499755859375,0.15390777587890625,0.8460922241210938,0.3770676255226135,0.00039018443203531206,0.1779429316520691,-0.0029103278648108244,3.370105743408203
648,53.33551788330078,856.260009765625,0.15543365478515625,0.8445663452148438,0.3773013949394226,0.0005852766335010529,0.17788444459438324,-0.005507816094905138,3.3602328300476074
649,53.460235595703125,852.52001953125,0.157196044921875,0.842803955078125,0.3773881793022156,0.0008779149502515793,0.20326551795005798,-0.0032348264940083027,3.3736679553985596
650,52.082698822021484,846.72998046875,0.1592559814453125,0.8407440185546875,0.3774169087409973,0.0005852766335010529,0.1981949508190155,-0.003834974952042103,3.3675928115844727
651,53.93092346191406,844.4600219726562,0.15993499755859375,0.8400650024414062,0.3776276707649231,0.00039018443203531206,0.18364253640174866,-0.004201199859380722,3.371490001678467
652,57.33734893798828,902.219970703125,0.159454345703125,0.840545654296875,0.3786690831184387,0.0008779149502515793,0.1944725513458252,-0.00513450475409627,3.382755994796753
653,55.63500213623047,884.739990234375,0.16007232666015625,0.8399276733398438,0.37872153520584106,0.0005852766335010529,0.1876482367515564,-0.002668659435585141,3.3937911987304688
654,54.03823471069336,861.5999755859375,0.16001129150390625,0.8399887084960938,0.37884247303009033,0.0008779149502515793,0.178310826420784,-0.004676223732531071,3.3983078002929688
655,56.76195526123047,888.5,0.1607666015625,0.8392333984375,0.3786030411720276,0.0005852766335010529,0.1813962310552597,-0.00349941267631948,3.397341012954712
656,58.013092041015625,916.739990234375,0.15888214111328125,0.8411178588867188,0.37864845991134644,0.0005852766335010529,0.18571944534778595,-0.0018120653694495559,3.400049924850464
657,56.91555404663086,892.47998046875,0.15876007080078125,0.8412399291992188,0.3780170679092407,0.0005852766335010529,0.19047455489635468,-0.0028838261496275663,3.3936989307403564
658,56.802921295166016,867.7100219726562,0.1587982177734375,0.8412017822265625,0.3776313364505768,0.0002601229352876544,0.19000357389450073,-0.00034134546876884997,3.3870275020599365
659,59.292110443115234,923.2999877929688,0.15955352783203125,0.8404464721679688,0.3780933618545532,0.0005852766335010529,0.18795278668403625,-0.0075227064080536366,3.3690855503082275
660,56.17890548706055,865.8099975585938,0.159149169921875,0.840850830078125,0.378454327583313,0.00039018443203531206,0.20249755680561066,-0.0048195063136518,3.387873888015747
661,57.256675720214844,893.27001953125,0.16162109375,0.83837890625,0.37870651483535767,0.0005852766335010529,0.19467797875404358,-0.006619238760322332,3.387988328933716
662,58.31195831298828,896.969970703125,0.163177490234375,0.836822509765625,0.3794611096382141,0.0005852766335010529,0.1931738704442978,-0.004708952270448208,3.3998992443084717
663,49.2523193359375,782.97998046875,0.1620635986328125,0.8379364013671875,0.3797948658466339,0.0008779149502515793,0.22200365364551544,-0.00539250485599041,3.4150376319885254
664,53.75957489013672,855.8300170898438,0.1632080078125,0.8367919921875,0.37945085763931274,0.0005852766335010529,0.20837284624576569,-0.0032306648790836334,3.4086413383483887
665,55.3050651550293,861.010009765625,0.16374969482421875,0.8362503051757812,0.3791009187698364,0.0005852766335010529,0.20869407057762146,-0.0027276629116386175,3.397596836090088
666,54.468868255615234,857.8400268554688,0.1658172607421875,0.8341827392578125,0.379382461309433,0.0005852766335010529,0.19484281539916992,-0.002997554372996092,3.4006340503692627
667,52.2339973449707,837.9500122070312,0.16717529296875,0.83282470703125,0.38001835346221924,0.0005852766335010529,0.1989489644765854,-0.005621917080134153,3.403094530105591
668,57.505680084228516,897.4500122070312,0.16826629638671875,0.8317337036132812,0.37959787249565125,0.00039018443203531206,0.20280975103378296,-0.005598871037364006,3.407579183578491
669,59.21488952636719,914.4400024414062,0.16716766357421875,0.8328323364257812,0.37989798188209534,0.0005852766335010529,0.18658167123794556,-0.0051891496405005455,3.40354061126709
670,55.81721878051758,863.3499755859375,0.1667022705078125,0.8332977294921875,0.3793756365776062,0.00039018443203531206,0.20428168773651123,-0.0034266531001776457,3.4032387733459473
671,55.700477600097656,871.47998046875,0.16729736328125,0.83270263671875,0.3800774812698364,0.00039018443203531206,0.198983833193779,-0.0042610676027834415,3.4005091190338135
672,57.172847747802734,882.3699951171875,0.1689300537109375,0.8310699462890625,0.3805643320083618,0.00039018443203531206,0.19296351075172424,-0.004372233059257269,3.411785364151001
673,56.11983108520508,874.7999877929688,0.17107391357421875,0.8289260864257812,0.3802521824836731,0.00039018443203531206,0.19318784773349762,-0.004046614747494459,3.4151625633239746
674,58.04566192626953,890.989990234375,0.171173095703125,0.828826904296875,0.379829466342926,0.0005852766335010529,0.21070927381515503,-0.004051469266414642,3.3957107067108154
675,55.493106842041016,862.6400146484375,0.171783447265625,0.828216552734375,0.37960106134414673,0.00039018443203531206,0.20090152323246002,-0.0021498259156942368,3.401235342025757
676,55.41428756713867,876.97998046875,0.173675537109375,0.826324462890625,0.3808227777481079,0.0005852766335010529,0.1940925270318985,-0.0059654549695551395,3.3970675468444824
677,55.175445556640625,857.25,0.17493438720703125,0.8250656127929688,0.3813694715499878,0.0008779149502515793,0.19956842064857483,-0.005007680971175432,3.4242892265319824
678,55.20515060424805,863.1199951171875,0.175140380859375,0.824859619140625,0.382108598947525,0.00039018443203531206,0.20010311901569366,-0.004200859926640987,3.4361202716827393
679,54.73242950439453,854.22998046875,0.1751708984375,0.8248291015625,0.3821386396884918,0.0005852766335010529,0.1719074696302414,-0.0053041973151266575,3.4379451274871826
680,54.240421295166016,855.3499755859375,0.17238616943359375,0.8276138305664062,0.38277292251586914,0.0008779149502515793,0.189203143119812,-0.0037540290504693985,3.4540891647338867
681,58.3895378112793,906.25,0.1707916259765625,0.8292083740234375,0.3823916018009186,0.00039018443203531206,0.20480576157569885,0.0005559329292736948,3.4514899253845215
682,54.170413970947266,851.1400146484375,0.17047119140625,0.82952880859375,0.3823390603065491,0.0005852766335010529,0.2040834277868271,-0.006142695900052786,3.437981367111206
683,55.98069763183594,880.4099731445312,0.1706390380859375,0.8293609619140625,0.3824027180671692,0.0005852766335010529,0.20919206738471985,-0.0039556571282446384,3.4505441188812256
684,55.99197006225586,898.0499877929688,0.17020416259765625,0.8297958374023438,0.38259488344192505,0.0005852766335010529,0.1964247077703476,-0.0031402059830725193,3.4495508670806885
685,55.18586730957031,854.4299926757812,0.17070770263671875,0.8292922973632812,0.38262349367141724,0.0005852766335010529,0.19608193635940552,-0.003054819768294692,3.455543041229248
686,53.89084243774414,851.5700073242188,0.1742706298828125,0.8257293701171875,0.38236260414123535,0.0005852766335010529,0.20101240277290344,-0.004886894952505827,3.4473164081573486
687,57.89283752441406,888.5499877929688,0.1748809814453125,0.8251190185546875,0.3832656145095825,0.00039018443203531206,0.21032562851905823,-0.0009075183188542724,3.4688498973846436
688,59.589691162109375,919.6699829101562,0.174560546875,0.825439453125,0.38316118717193604,0.0005852766335010529,0.19305908679962158,-0.004960942082107067,3.46059250831604
689,56.08218002319336,862.5800170898438,0.1739501953125,0.8260498046875,0.38331496715545654,0.0008779149502515793,0.22956891357898712,-0.003909891936928034,3.4659204483032227
690,58.56184387207031,886.510009765625,0.1755828857421875,0.8244171142578125,0.3834468424320221,0.00039018443203531206,0.21083477139472961,-0.002421634504571557,3.480017900466919
691,56.09282302856445,857.510009765625,0.1761474609375,0.8238525390625,0.3834027647972107,0.0005852766335010529,0.21765494346618652,-0.00460395822301507,3.4681479930877686
692,55.89628601074219,858.5,0.1781768798828125,0.8218231201171875,0.3829747438430786,0.0008779149502515793,0.19983594119548798,-0.004619481507688761,3.472504138946533
693,56.78128433227539,879.2000122070312,0.1795501708984375,0.8204498291015625,0.3838433027267456,0.0005852766335010529,0.22635748982429504,-0.00475649069994688,3.4822089672088623
694,54.56386184692383,859.4000244140625,0.1785888671875,0.8214111328125,0.3848455846309662,0.0005852766335010529,0.21152547001838684,-0.004820913076400757,3.4882779121398926
695,55.836273193359375,869.9199829101562,0.1778411865234375,0.8221588134765625,0.38463062047958374,0.00039018443203531206,0.20343509316444397,-0.004573300015181303,3.5003662109375
696,57.15781021118164,883.8900146484375,0.1768951416015625,0.8231048583984375,0.3850584626197815,0.0005852766335010529,0.21176309883594513,-0.004718196578323841,3.4955716133117676
697,57.92543029785156,882.989990234375,0.17687225341796875,0.8231277465820312,0.3853987455368042,0.0005852766335010529,0.20571310818195343,-0.004354735370725393,3.5146028995513916
698,54.188438415527344,840.969970703125,0.17705535888671875,0.8229446411132812,0.3860824406147003,0.00039018443203531206,0.21118679642677307,-0.0016336075495928526,3.521450996398926
699,55.48838424682617,851.5599975585938,0.17913055419921875,0.8208694458007812,0.3860905170440674,0.00039018443203531206,0.2138298749923706,-0.0039398763328790665,3.5293164253234863
700,54.960655212402344,865.260009765625,0.18013763427734375,0.8198623657226562,0.38600409030914307,0.0005852766335010529,0.2111513912677765,-0.0071098883636295795,3.5232415199279785
701,54.19350814819336,835.4299926757812,0.1815032958984375,0.8184967041015625,0.38639944791793823,0.00039018443203531206,0.20629093050956726,-0.004029747098684311,3.5326414108276367
702,56.7301139831543,873.1199951171875,0.1844940185546875,0.8155059814453125,0.3868387043476105,0.0005852766335010529,0.19651684165000916,-0.0058059655129909515,3.5355255603790283
703,57.334346771240234,884.0599975585938,0.183990478515625,0.816009521484375,0.3870736360549927,0.0008779149502515793,0.1916622370481491,-0.0035798244643956423,3.5464534759521484
704,54.12948226928711,839.469970703125,0.18408966064453125,0.8159103393554688,0.38704514503479004,0.00039018443203531206,0.1970759928226471,-0.0022049450781196356,3.547107219696045
705,59.86467742919922,905.97998046875,0.18495941162109375,0.8150405883789062,0.38801413774490356,0.0005852766335010529,0.20355196297168732,-0.004464671481400728,3.5542328357696533
706,55.28896713256836,851.97998046875,0.18541717529296875,0.8145828247070312,0.3877071142196655,0.0005852766335010529,0.20573391020298004,-0.0021028269547969103,3.563258171081543
707,55.518951416015625,858.239990234375,0.18579864501953125,0.8142013549804688,0.3878117799758911,0.00039018443203531206,0.21945011615753174,-0.0024425347801297903,3.55790114402771
708,57.664764404296875,887.75,0.185455322265625,0.814544677734375,0.38834357261657715,0.0005852766335010529,0.1979948878288269,-0.005350407212972641,3.558063507080078
709,56.17759323120117,882.8699951171875,0.1853485107421875,0.8146514892578125,0.38835451006889343,0.00039018443203531206,0.21457979083061218,-0.0036469970364123583,3.574148654937744
710,56.97389221191406,882.0900268554688,0.186492919921875,0.813507080078125,0.3885350525379181,0.0005852766335010529,0.2070128619670868,-0.00646467600017786,3.5676987171173096
711,53.330299377441406,821.7000122070312,0.1888885498046875,0.8111114501953125,0.3878680467605591,0.0005852766335010529,0.1941012740135193,-0.0026113977655768394,3.5675337314605713
712,58.83210372924805,889.7100219726562,0.1905059814453125,0.8094940185546875,0.38820841908454895,0.0008779149502515793,0.19010169804096222,-0.002375206211581826,3.5579774379730225
713,58.358516693115234,895.760009765625,0.188201904296875,0.811798095703125,0.3879827857017517,0.00039018443203531206,0.18863557279109955,-0.003732709214091301,3.559722661972046
714,57.17844772338867,885.1799926757812,0.18779754638671875,0.8122024536132812,0.3874061703681946,0.0005852766335010529,0.19735276699066162,-0.0052985576912760735,3.541268825531006
715,56.935523986816406,876.8099975585938,0.1869964599609375,0.8130035400390625,0.38713890314102173,0.0008779149502515793,0.18969683349132538,-0.004277945961803198,3.5456666946411133
716,56.547637939453125,869.8599853515625,0.18495941162109375,0.8150405883789062,0.38684672117233276,0.00039018443203531206,0.19721460342407227,-0.0038548230659216642,3.5339343547821045
717,58.188697814941406,900.6400146484375,0.1850738525390625,0.8149261474609375,0.3871115446090698,0.0005852766335010529,0.19634376466274261,-0.005669253412634134,3.536559820175171
718,53.82058334350586,843.969970703125,0.1850738525390625,0.8149261474609375,0.386924147605896,0.00039018443203531206,0.18698811531066895,-0.004232295323163271,3.530381202697754
719,55.921363830566406,860.6500244140625,0.18589019775390625,0.8141098022460938,0.387504905462265,0.0005852766335010529,0.19823232293128967,-0.005200974177569151,3.538696765899658
720,59.64081573486328,916.3800048828125,0.18548583984375,0.81451416015625,0.3879179358482361,0.0008779149502515793,0.19385604560375214,-0.003935459069907665,3.5498504638671875
721,59.77064895629883,905.1599731445312,0.18305206298828125,0.8169479370117188,0.38820353150367737,0.00039018443203531206,0.1860494464635849,-0.0004190322360955179,3.5604248046875
722,57.5637321472168,880.6300048828125,0.1810302734375,0.8189697265625,0.3886868953704834,0.0008779149502515793,0.20464864373207092,-0.0032700728625059128,3.5636048316955566
723,57.839176177978516,890.1799926757812,0.18036651611328125,0.8196334838867188,0.3884336054325104,0.0005852766335010529,0.1920616626739502,-0.0039320033974945545,3.564183473587036
724,56.903743743896484,884.9099731445312,0.18032073974609375,0.8196792602539062,0.3884159028530121,0.0005852766335010529,0.17522522807121277,-0.006193738430738449,3.559847116470337
725,55.491641998291016,852.3599853515625,0.18019866943359375,0.8198013305664062,0.38795310258865356,0.00039018443203531206,0.17096379399299622,-0.0032193860970437527,3.5648698806762695
726,57.16251754760742,900.0,0.17794036865234375,0.8220596313476562,0.38766926527023315,0.0005852766335010529,0.16975390911102295,-0.005162206944078207,3.548440933227539
727,57.399566650390625,878.260009765625,0.1757354736328125,0.8242645263671875,0.3874979019165039,0.0008779149502515793,0.1804332137107849,-0.005269878078252077,3.5442447662353516
728,54.457298278808594,835.6199951171875,0.17679595947265625,0.8232040405273438,0.3878033459186554,0.0005852766335010529,0.1960991621017456,-0.0030857801903039217,3.5425853729248047
729,57.63387680053711,879.1300048828125,0.17620086669921875,0.8237991333007812,0.3879709243774414,0.00039018443203531206,0.18228524923324585,-0.0017440244555473328,3.5555262565612793
730,60.21025085449219,910.8499755859375,0.17527008056640625,0.8247299194335938,0.3879334330558777,0.0005852766335010529,0.1813686043024063,-0.005201457068324089,3.556485652923584
731,58.331932067871094,890.489990234375,0.17209625244140625,0.8279037475585938,0.38806089758872986,0.00039018443203531206,0.1850748360157013,-0.0008138305274769664,3.559465169906616
732,56.635108947753906,859.530029296875,0.170623779296875,0.829376220703125,0.38766127824783325,0.0005852766335010529,0.1887974739074707,-0.005989085417240858,3.548370838165283
733,56.93168258666992,881.489990234375,0.17052459716796875,0.8294754028320312,0.38764047622680664,0.0005852766335010529,0.19953855872154236,-0.00426379544660449,3.5570497512817383
734,56.35751724243164,872.3699951171875,0.17115020751953125,0.8288497924804688,0.38782888650894165,0.0005852766335010529,0.17613379657268524,-0.00374847324565053,3.5507264137268066
735,56.87375259399414,867.1500244140625,0.17215728759765625,0.8278427124023438,0.3874334990978241,0.0005852766335010529,0.1983262598514557,-0.0043476540595293045,3.5457680225372314
736,57.99510192871094,893.219970703125,0.17343902587890625,0.8265609741210938,0.38749897480010986,0.0005852766335010529,0.18519829213619232,-0.003558605909347534,3.5385818481445312
737,55.81201171875,851.7899780273438,0.17322540283203125,0.8267745971679688,0.387481689453125,0.0008779149502515793,0.18512305617332458,-0.005061534233391285,3.541537046432495
738,56.27379608154297,864.9299926757812,0.17436981201171875,0.8256301879882812,0.3874065577983856,0.0005852766335010529,0.19331829249858856,-0.0030587136279791594,3.547424554824829
739,57.818092346191406,884.6799926757812,0.17420196533203125,0.8257980346679688,0.3871314525604248,0.0005852766335010529,0.18075858056545258,-0.0016699139960110188,3.5405051708221436
740,55.93312454223633,863.219970703125,0.17371368408203125,0.8262863159179688,0.38656944036483765,0.0005852766335010529,0.18662166595458984,-0.002412110799923539,3.527534246444702
741,58.640785217285156,885.52001953125,0.1732025146484375,0.8267974853515625,0.3873652517795563,0.0005852766335010529,0.19213250279426575,-0.005216460675001144,3.527129650115967
742,57.41457748413086,866.8400268554688,0.17365264892578125,0.8263473510742188,0.3872838020324707,0.0005852766335010529,0.18723276257514954,-0.004157633055001497,3.5390193462371826
743,56.10567855834961,863.8699951171875,0.1740264892578125,0.8259735107421875,0.38701462745666504,0.0005852766335010529,0.17930243909358978,-0.0024977773427963257,3.537024974822998
744,57.61125946044922,893.8400268554688,0.174896240234375,0.825103759765625,0.38615918159484863,0.00039018443203531206,0.21569852530956268,-0.004217145964503288,3.5157463550567627
745,57.55067825317383,873.1199951171875,0.17540740966796875,0.8245925903320312,0.3856118619441986,0.00039018443203531206,0.19957849383354187,-0.002576507395133376,3.516220808029175
746,59.677955627441406,922.7000122070312,0.17508697509765625,0.8249130249023438,0.38531869649887085,0.0005852766335010529,0.1909419298171997,-0.00596518674865365,3.4997198581695557
747,54.960201263427734,838.989990234375,0.1741943359375,0.8258056640625,0.38515299558639526,0.0005852766335010529,0.19599105417728424,-0.002942432649433613,3.5030839443206787
748,57.29119110107422,884.1199951171875,0.17626953125,0.82373046875,0.38514551520347595,0.0005852766335010529,0.1898721307516098,-0.002194903325289488,3.5028560161590576
749,58.21249771118164,889.4299926757812,0.17511749267578125,0.8248825073242188,0.38546818494796753,0.0005852766335010529,0.19118812680244446,-0.006143735721707344,3.4954068660736084
750,58.23295974731445,895.22998046875,0.17523956298828125,0.8247604370117188,0.3853004574775696,0.0008779149502515793,0.18245601654052734,-0.005010911263525486,3.5166513919830322
751,56.05347442626953,858.9000244140625,0.174774169921875,0.825225830078125,0.3850502371788025,0.0002601229352876544,0.17922858893871307,-0.0015133447013795376,3.509984254837036
752,56.20463943481445,860.5499877929688,0.17534637451171875,0.8246536254882812,0.38523152470588684,0.0005852766335010529,0.18931908905506134,-0.005614561028778553,3.4997823238372803
753,57.391029357910156,870.2100219726562,0.17575836181640625,0.8242416381835938,0.38526010513305664,0.0005852766335010529,0.19991430640220642,-0.003773173550143838,3.5150649547576904
754,56.92328643798828,873.0499877929688,0.1753387451171875,0.8246612548828125,0.38434895873069763,0.00039018443203531206,0.17606820166110992,-0.0018830497283488512,3.501857042312622
755,59.26555252075195,888.489990234375,0.17681121826171875,0.8231887817382812,0.3839617669582367,0.0005852766335010529,0.20163150131702423,-0.004309996962547302,3.479358673095703
756,58.95768356323242,905.9400024414062,0.17723846435546875,0.8227615356445312,0.3839784562587738,0.0005852766335010529,0.20180414617061615,-0.006019978784024715,3.480698585510254
757,58.2900505065918,901.4600219726562,0.1776123046875,0.8223876953125,0.38436436653137207,0.00039018443203531206,0.18998214602470398,-0.0028472880367189646,3.4898688793182373
758,55.67074966430664,861.97998046875,0.17720794677734375,0.8227920532226562,0.38401079177856445,0.0005852766335010529,0.178420290350914,-0.0065918234176933765,3.4799070358276367
759,52.02418899536133,812.8200073242188,0.17719268798828125,0.8228073120117188,0.38484326004981995,0.0005852766335010529,0.18864715099334717,-0.003853299655020237,3.497629404067993
760,58.015140533447266,884.27001953125,0.17722320556640625,0.8227767944335938,0.3849921226501465,0.00039018443203531206,0.18146035075187683,-0.004731008782982826,3.4968037605285645
761,56.11582946777344,863.6699829101562,0.180023193359375,0.819976806640625,0.3846716284751892,0.0005852766335010529,0.1754591017961502,-0.007501272484660149,3.492246389389038
762,59.791988372802734,894.7100219726562,0.17990875244140625,0.8200912475585938,0.3853667378425598,0.0005852766335010529,0.188604474067688,-0.00481195654720068,3.5029590129852295
763,59.37668991088867,905.989990234375,0.17882537841796875,0.8211746215820312,0.3860182762145996,0.0005852766335010529,0.2016867995262146,-0.004220244474709034,3.5088460445404053
764,54.83860397338867,848.5800170898438,0.1758575439453125,0.8241424560546875,0.3863319754600525,0.0005852766335010529,0.19907435774803162,-0.004649125039577484,3.5188732147216797
765,57.08255386352539,864.3499755859375,0.17533111572265625,0.8246688842773438,0.3862256407737732,0.0008779149502515793,0.20265036821365356,-0.004577995743602514,3.514772653579712
766,54.43674850463867,846.5599975585938,0.17676544189453125,0.8232345581054688,0.3862650394439697,0.00039018443203531206,0.19293628633022308,-0.0004640679690055549,3.51800537109375
767,54.91060256958008,844.760009765625,0.177520751953125,0.822479248046875,0.3866633176803589,0.0008779149502515793,0.17625191807746887,-0.004623493645340204,3.5164806842803955
768,56.04990005493164,869.2100219726562,0.17767333984375,0.82232666015625,0.38708412647247314,0.0002601229352876544,0.17243917286396027,-0.0010703362058848143,3.5278403759002686
769,54.99685287475586,846.3200073242188,0.1783294677734375,0.8216705322265625,0.3873387277126312,0.0005852766335010529,0.16750063002109528,-0.006341353990137577,3.532139539718628
770,54.4642448425293,826.8599853515625,0.1812744140625,0.8187255859375,0.3872668743133545,0.0008779149502515793,0.17804476618766785,-0.004642341751605272,3.526913642883301
771,54.87605285644531,845.9600219726562,0.18377685546875,0.81622314453125,0.3870532214641571,0.0002601229352876544,0.18451358377933502,-0.0003635545144788921,3.5316860675811768
772,57.72117233276367,887.8499755859375,0.18247222900390625,0.8175277709960938,0.38732200860977173,0.00039018443203531206,0.19797980785369873,-0.006357383448630571,3.5267515182495117
773,57.656864166259766,894.4600219726562,0.18244171142578125,0.8175582885742188,0.38758718967437744,0.0005852766335010529,0.192813441157341,-0.005104330834001303,3.5373988151550293
774,54.968658447265625,840.0900268554688,0.18375396728515625,0.8162460327148438,0.38779857754707336,0.0008779149502515793,0.20532512664794922,-0.005393811501562595,3.5452051162719727
775,59.488067626953125,900.0700073242188,0.1842498779296875,0.8157501220703125,0.38903793692588806,0.0005852766335010529,0.19772869348526,-0.000379522010916844,3.5624001026153564
776,58.48920440673828,892.260009765625,0.18335723876953125,0.8166427612304688,0.38899001479148865,0.00039018443203531206,0.19000327587127686,-0.002966422587633133,3.567659616470337
777,58.02322006225586,871.760009765625,0.18419647216796875,0.8158035278320312,0.38874387741088867,0.0005852766335010529,0.18786343932151794,-0.003754383185878396,3.5686192512512207
778,59.083900451660156,903.6699829101562,0.18255615234375,0.81744384765625,0.388108491897583,0.00039018443203531206,0.18646688759326935,-0.0016836677677929401,3.5621864795684814
779,59.13584518432617,907.7899780273438,0.18135833740234375,0.8186416625976562,0.38832640647888184,0.0005852766335010529,0.1976960003376007,-0.005566045176237822,3.5389702320098877
780,59.42504119873047,894.1799926757812,0.18158721923828125,0.8184127807617188,0.38853272795677185,0.0005852766335010529,0.17859520018100739,-0.004486740101128817,3.560666561126709
781,58.090301513671875,883.5999755859375,0.18193817138671875,0.8180618286132812,0.38859543204307556,0.00039018443203531206,0.18198804557323456,-0.004000925924628973,3.555875778198242
782,57.469478607177734,880.72998046875,0.1813507080078125,0.8186492919921875,0.3882945775985718,0.0005852766335010529,0.18971920013427734,-0.006580154877156019,3.5562822818756104
783,59.59356689453125,885.8900146484375,0.18004608154296875,0.8199539184570312,0.3884051442146301,0.0005852766335010529,0.18785326182842255,-0.004420528654009104,3.5564615726470947
784,59.2102165222168,888.6900024414062,0.18016815185546875,0.8198318481445312,0.3882007896900177,0.00039018443203531206,0.18340352177619934,-0.0029623275622725487,3.5535426139831543
785,56.80831527709961,869.1099853515625,0.1790008544921875,0.8209991455078125,0.3889573812484741,0.0005852766335010529,0.1802200824022293,-0.0050583104602992535,3.555279016494751
786,59.020225524902344,900.1599731445312,0.17893218994140625,0.8210678100585938,0.3896945118904114,0.0005852766335010529,0.18351535499095917,-0.0018182917265221477,3.5721447467803955
787,58.817665100097656,883.5499877929688,0.17856597900390625,0.8214340209960938,0.38851672410964966,0.0008779149502515793,0.17736811935901642,-0.002808511955663562,3.555957317352295
788,57.57545852661133,881.8300170898438,0.17790985107421875,0.8220901489257812,0.388031005859375,0.00039018443203531206,0.19914650917053223,-0.0019381018355488777,3.5547337532043457
789,57.90656661987305,885.7999877929688,0.17597198486328125,0.8240280151367188,0.3884207308292389,0.0005852766335010529,0.19469048082828522,-0.005719324573874474,3.540555000305176
790,58.398704528808594,887.6199951171875,0.17364501953125,0.82635498046875,0.38870787620544434,0.0005852766335010529,0.18574701249599457,-0.005501572974026203,3.5597646236419678
791,58.69233322143555,883.7100219726562,0.17047119140625,0.82952880859375,0.38886767625808716,0.0005852766335010529,0.2116798758506775,-0.004859165288507938,3.556518793106079
792,60.80530548095703,903.739990234375,0.17082977294921875,0.8291702270507812,0.38856494426727295,0.0005852766335010529,0.18789443373680115,-0.002631167648360133,3.5563645362854004
793,59.11994171142578,891.27001953125,0.17107391357421875,0.8289260864257812,0.38884350657463074,0.0005852766335010529,0.2184760719537735,-0.004373699426651001,3.5489211082458496
794,55.33680725097656,856.6799926757812,0.173187255859375,0.826812744140625,0.3885781764984131,0.0005852766335010529,0.20300443470478058,-0.003609340637922287,3.560197353363037
795,60.827335357666016,900.9299926757812,0.17183685302734375,0.8281631469726562,0.388160765171051,0.0005852766335010529,0.19178292155265808,-0.0035246789921075106,3.544440746307373
796,55.6805534362793,846.8400268554688,0.170166015625,0.829833984375,0.3881424367427826,0.0008779149502515793,0.19996464252471924,-0.004807834513485432,3.5375895500183105
797,58.30659103393555,883.47998046875,0.16910552978515625,0.8308944702148438,0.38741570711135864,0.0005852766335010529,0.19288890063762665,-0.00260449992492795,3.5392112731933594
798,57.639957427978516,880.5,0.16687774658203125,0.8331222534179688,0.3879488706588745,0.0005852766335010529,0.19351592659950256,-0.0035019784700125456,3.5254297256469727
799,60.1979866027832,904.510009765625,0.164825439453125,0.835174560546875,0.3883764445781708,0.00039018443203531206,0.19312648475170135,-0.002829172881320119,3.541945457458496
800,57.80488967895508,885.3099975585938,0.16153717041015625,0.8384628295898438,0.3881741166114807,0.0005852766335010529,0.1998143345117569,-0.005345778539776802,3.5381202697753906
801,57.8088264465332,867.72998046875,0.15984344482421875,0.8401565551757812,0.38741201162338257,0.0008779149502515793,0.18776533007621765,-0.0045837778598070145,3.5167360305786133
802,56.418495178222656,856.4299926757812,0.1599578857421875,0.8400421142578125,0.38667118549346924,0.00039018443203531206,0.1883823722600937,-0.0012128923553973436,3.52357816696167
803,56.54584503173828,875.219970703125,0.16020965576171875,0.8397903442382812,0.38710182905197144,0.0005852766335010529,0.18817253410816193,-0.0052451761439442635,3.5075042247772217
804,60.94208526611328,913.0499877929688,0.15966796875,0.84033203125,0.3872324228286743,0.0005852766335010529,0.20093882083892822,-0.00374232092872262,3.52518630027771
805,57.22565841674805,861.9299926757812,0.1588134765625,0.8411865234375,0.38846394419670105,0.0005852766335010529,0.20385968685150146,-0.0044791665859520435,3.536773681640625
806,57.45112228393555,873.25,0.1603851318359375,0.8396148681640625,0.3890364170074463,0.0008779149502515793,0.19743821024894714,-0.0049276528880000114,3.547440528869629
807,55.51583480834961,856.9500122070312,0.160003662109375,0.839996337890625,0.3893086910247803,0.0002601229352876544,0.18740789592266083,0.0032971613109111786,3.565380096435547
808,60.275421142578125,906.0900268554688,0.159820556640625,0.840179443359375,0.3885619342327118,0.00039018443203531206,0.17922551929950714,-0.00645835604518652,3.5476574897766113
809,56.51445770263672,862.260009765625,0.16053009033203125,0.8394699096679688,0.38837793469429016,0.0005852766335010529,0.19505341351032257,-0.005093725398182869,3.5500290393829346
810,58.6202278137207,885.25,0.16091156005859375,0.8390884399414062,0.3891870975494385,0.00039018443203531206,0.17611540853977203,-0.004160149954259396,3.555595874786377
811,58.042781829833984,888.2100219726562,0.16144561767578125,0.8385543823242188,0.3896505832672119,0.0005852766335010529,0.188527449965477,-0.0049319337122142315,3.563938856124878
812,57.06581115722656,881.27001953125,0.1613006591796875,0.8386993408203125,0.3898434638977051,0.00039018443203531206,0.1889011412858963,-0.0010482626967132092,3.5750441551208496
813,57.5743408203125,868.8099975585938,0.16085052490234375,0.8391494750976562,0.3906424343585968,0.0005852766335010529,0.19493454694747925,-0.004906078800559044,3.5833261013031006
814,58.91796112060547,884.7000122070312,0.16199493408203125,0.8380050659179688,0.3911537230014801,0.0005852766335010529,0.19076023995876312,-0.005500974599272013,3.5940194129943848
815,59.49108123779297,906.3400268554688,0.1617279052734375,0.8382720947265625,0.39139318466186523,0.00039018443203531206,0.18170858919620514,-0.0020130013581365347,3.6100494861602783
816,60.17082214355469,907.8699951171875,0.16107940673828125,0.8389205932617188,0.3912595212459564,0.0005852766335010529,0.1797875612974167,-0.005098410882055759,3.6040005683898926
817,59.45063781738281,893.4099731445312,0.16021728515625,0.83978271484375,0.3910994529724121,0.00039018443203531206,0.1790848821401596,-0.0033284632954746485,3.6018619537353516
818,58.57657241821289,888.0800170898438,0.1602325439453125,0.8397674560546875,0.3906201124191284,0.0005852766335010529,0.17059360444545746,-0.005892191082239151,3.5940065383911133
819,59.32466125488281,908.5700073242188,0.160125732421875,0.839874267578125,0.3898438811302185,0.0005852766335010529,0.1754922717809677,-0.0026877825148403645,3.5826828479766846
820,56.00455856323242,862.489990234375,0.15966033935546875,0.8403396606445312,0.39062201976776123,0.0005852766335010529,0.201849564909935,-0.00364003237336874,3.58768367767334
821,62.64494705200195,931.75,0.16059112548828125,0.8394088745117188,0.3910328447818756,0.0005852766335010529,0.21141597628593445,-0.003134911647066474,3.588484287261963
822,57.359413146972656,855.75,0.15995025634765625,0.8400497436523438,0.3902909755706787,0.0005852766335010529,0.20637169480323792,-0.004356591030955315,3.5907559394836426
823,56.93434143066406,887.1099853515625,0.15979766845703125,0.8402023315429688,0.38986510038375854,0.0005852766335010529,0.2137903869152069,-0.004591757897287607,3.581453800201416
824,58.543670654296875,885.0599975585938,0.1587982177734375,0.8412017822265625,0.3899596929550171,0.0005852766335010529,0.18508191406726837,-0.004528044257313013,3.57533860206604
825,56.658363342285156,858.2000122070312,0.15938568115234375,0.8406143188476562,0.3904740810394287,0.0005852766335010529,0.20282216370105743,-0.0017765869852155447,3.587876081466675
826,58.64051818847656,886.969970703125,0.1592864990234375,0.8407135009765625,0.39007818698883057,0.0002601229352876544,0.19284704327583313,-0.00189229438547045,3.588279962539673
827,56.05767822265625,864.780029296875,0.157958984375,0.842041015625,0.38887321949005127,0.0005852766335010529,0.19330495595932007,-0.005400744266808033,3.5699729919433594
828,60.98222351074219,922.530029296875,0.15932464599609375,0.8406753540039062,0.3891828656196594,0.0005852766335010529,0.1787720024585724,-0.0027906729374080896,3.565631866455078
829,58.84708023071289,906.4199829101562,0.157989501953125,0.842010498046875,0.3898891806602478,0.00039018443203531206,0.19144539535045624,-0.001889940700493753,3.5734426975250244
830,57.63019943237305,893.739990234375,0.1595306396484375,0.8404693603515625,0.3903776705265045,0.0002601229352876544,0.17939364910125732,-0.0043053533881902695,3.5881543159484863
831,60.243324279785156,894.52001953125,0.15927886962890625,0.8407211303710938,0.3912281394004822,0.0005852766335010529,0.19275058805942535,-0.006764695979654789,3.596078872680664
832,60.94062423706055,905.75,0.15822601318359375,0.8417739868164062,0.39183005690574646,0.00039018443203531206,0.19200260937213898,-0.0032467306591570377,3.615382194519043
833,54.23036193847656,835.27001953125,0.1584014892578125,0.8415985107421875,0.39226675033569336,0.0008779149502515793,0.21308374404907227,-0.005266448017209768,3.619394540786743
834,56.717979431152344,870.4400024414062,0.15834808349609375,0.8416519165039062,0.3929336667060852,0.0005852766335010529,0.20180296897888184,-0.0017973228823393583,3.6345937252044678
835,59.965972900390625,890.75,0.15765380859375,0.84234619140625,0.3931812644004822,0.0005852766335010529,0.18650497496128082,-0.00498284213244915,3.639256477355957
836,61.096500396728516,921.3300170898438,0.154754638671875,0.845245361328125,0.39354440569877625,0.0005852766335010529,0.18840795755386353,-0.004108264110982418,3.647974729537964
837,56.001827239990234,865.8300170898438,0.15273284912109375,0.8472671508789062,0.394703209400177,0.0002601229352876544,0.19540952146053314,-0.005840836092829704,3.66422700881958
838,58.23824691772461,874.989990234375,0.15282440185546875,0.8471755981445312,0.39457815885543823,0.00039018443203531206,0.190529003739357,-0.00797009002417326,3.6706745624542236
839,57.809974670410156,879.6300048828125,0.15509796142578125,0.8449020385742188,0.39447373151779175,0.0005852766335010529,0.18032030761241913,-0.004494633059948683,3.6691317558288574
840,60.559661865234375,912.3800048828125,0.1556549072265625,0.8443450927734375,0.39455360174179077,0.0008779149502515793,0.18851307034492493,-0.004975173622369766,3.6646013259887695
841,58.901031494140625,894.6900024414062,0.1542510986328125,0.8457489013671875,0.394625723361969,0.0005852766335010529,0.17532965540885925,-0.003125626826658845,3.674906015396118
842,54.751522064208984,845.489990234375,0.154083251953125,0.845916748046875,0.39474156498908997,0.0005852766335010529,0.18323659896850586,-0.004357348661869764,3.6698036193847656
843,61.20471954345703,896.2999877929688,0.15425872802734375,0.8457412719726562,0.39453405141830444,0.00039018443203531206,0.18940527737140656,-0.0033496476244181395,3.666480779647827
844,58.23334503173828,883.75,0.15216064453125,0.84783935546875,0.3944522738456726,0.0005852766335010529,0.1667066216468811,-0.006067970301955938,3.6732540130615234
845,59.03456497192383,889.5499877929688,0.15236663818359375,0.8476333618164062,0.39508378505706787,0.0005852766335010529,0.1968507319688797,-0.004285748582333326,3.6765308380126953
846,58.8089714050293,882.7100219726562,0.15065765380859375,0.8493423461914062,0.39493024349212646,0.00039018443203531206,0.19233781099319458,-0.0026142997667193413,3.678849935531616
847,53.85198211669922,839.530029296875,0.1508331298828125,0.8491668701171875,0.3947954773902893,0.0005852766335010529,0.1843375712633133,-0.006235489621758461,3.678166151046753
848,57.87030792236328,883.030029296875,0.15305328369140625,0.8469467163085938,0.3945421576499939,0.0005852766335010529,0.18206728994846344,-0.00376066449098289,3.6826133728027344
849,58.072959899902344,886.8200073242188,0.1531524658203125,0.8468475341796875,0.3943783938884735,0.00039018443203531206,0.16705171763896942,-0.002521086949855089,3.6738171577453613
850,59.84418487548828,901.469970703125,0.15213775634765625,0.8478622436523438,0.39478498697280884,0.0005852766335010529,0.18112939596176147,-0.006076060235500336,3.6769051551818848
851,58.01518630981445,881.7899780273438,0.1516265869140625,0.8483734130859375,0.39533913135528564,0.0005852766335010529,0.1767120361328125,-0.004229702055454254,3.692172050476074
852,57.87743377685547,875.2899780273438,0.1518402099609375,0.8481597900390625,0.3954314887523651,0.0005852766335010529,0.17853614687919617,-0.004912031814455986,3.691324234008789
853,60.022457122802734,901.1599731445312,0.15128326416015625,0.8487167358398438,0.3956652283668518,0.00039018443203531206,0.1916618049144745,-0.004305124282836914,3.699321985244751
854,57.73240661621094,886.02001953125,0.14987945556640625,0.8501205444335938,0.396470844745636,0.0005852766335010529,0.17609833180904388,-0.003461352316662669,3.7047553062438965
855,56.71644592285156,855.1300048828125,0.1502227783203125,0.8497772216796875,0.3964347243309021,0.0002601229352876544,0.1873103380203247,-0.003939446527510881,3.7119784355163574
856,58.017311096191406,885.75,0.15085601806640625,0.8491439819335938,0.3962874412536621,0.0005852766335010529,0.18894435465335846,-0.006926467642188072,3.7097558975219727
857,57.09272766113281,860.72998046875,0.151458740234375,0.848541259765625,0.39644455909729004,0.0005852766335010529,0.22108058631420135,-0.0026598945260047913,3.7131450176239014
858,58.658302307128906,873.6699829101562,0.15134429931640625,0.8486557006835938,0.3966495990753174,0.0008779149502515793,0.19163958728313446,-0.0038003448862582445,3.7097153663635254
859,56.50741958618164,859.5,0.15346527099609375,0.8465347290039062,0.39578190445899963,0.00039018443203531206,0.1853683888912201,-0.0008546282770112157,3.7094485759735107
860,59.77334213256836,897.3499755859375,0.1533050537109375,0.8466949462890625,0.39495396614074707,0.0005852766335010529,0.18137139081954956,-0.004562353249639273,3.689955949783325
861,59.325721740722656,886.1500244140625,0.15384674072265625,0.8461532592773438,0.39528244733810425,0.0005852766335010529,0.1792815774679184,-0.004398993216454983,3.675525188446045
862,59.689727783203125,899.0800170898438,0.1540985107421875,0.8459014892578125,0.39482808113098145,0.0005852766335010529,0.18247036635875702,-0.003432575147598982,3.676337480545044
863,60.376243591308594,904.7100219726562,0.15415191650390625,0.8458480834960938,0.39490509033203125,0.0005852766335010529,0.174754336476326,-0.004418335389345884,3.6665070056915283
864,57.34067916870117,879.530029296875,0.1528778076171875,0.8471221923828125,0.39485523104667664,0.00039018443203531206,0.17109830677509308,-0.0020690413657575846,3.6642985343933105
865,63.449607849121094,915.3099975585938,0.15325164794921875,0.8467483520507812,0.3947315216064453,0.00039018443203531206,0.19363752007484436,-0.003840080928057432,3.667785406112671
866,57.92628860473633,873.1199951171875,0.15277862548828125,0.8472213745117188,0.39502254128456116,0.0005852766335010529,0.18569634854793549,-0.0066674030385911465,3.659813642501831
867,59.02919387817383,896.4500122070312,0.15326690673828125,0.8467330932617188,0.3943372368812561,0.00039018443203531206,0.1758878082036972,-0.003258436918258667,3.663593053817749
868,57.222408294677734,866.469970703125,0.1516876220703125,0.8483123779296875,0.39455974102020264,0.0008779149502515793,0.17147265374660492,-0.00471524428576231,3.64998722076416
869,58.488670349121094,891.3300170898438,0.14943695068359375,0.8505630493164062,0.3939931392669678,0.0005852766335010529,0.1932479441165924,-0.003036741865798831,3.653648853302002
870,58.51160430908203,890.9299926757812,0.14739990234375,0.85260009765625,0.39394432306289673,0.0005852766335010529,0.19854360818862915,-0.004562850575894117,3.6464009284973145
871,60.79279327392578,917.5800170898438,0.1459197998046875,0.8540802001953125,0.39375758171081543,0.0005852766335010529,0.18725717067718506,-0.005013556219637394,3.6409194469451904
872,58.82036590576172,892.1099853515625,0.14392852783203125,0.8560714721679688,0.3941815495491028,0.0005852766335010529,0.19500942528247833,-0.004059464205056429,3.64910626411438
873,59.84343338012695,888.9500122070312,0.14173126220703125,0.8582687377929688,0.3934352397918701,0.00039018443203531206,0.1964377611875534,-0.00233562383800745,3.640695571899414
874,60.815555572509766,908.5499877929688,0.14211273193359375,0.8578872680664062,0.3923032283782959,0.0005852766335010529,0.18395648896694183,-0.005415128078311682,3.6141445636749268
875,60.1269416809082,892.739990234375,0.14144134521484375,0.8585586547851562,0.3915841579437256,0.0008779149502515793,0.18482673168182373,-0.005094639491289854,3.6007871627807617
876,61.72053527832031,915.1199951171875,0.14153289794921875,0.8584671020507812,0.3912431001663208,0.0005852766335010529,0.18880099058151245,-0.002130313776433468,3.5858967304229736
877,59.523799896240234,895.8699951171875,0.14301300048828125,0.8569869995117188,0.3916977345943451,0.0005852766335010529,0.19258880615234375,-0.005052791442722082,3.58982253074646
878,62.0540885925293,907.3599853515625,0.1404571533203125,0.8595428466796875,0.39158716797828674,0.0005852766335010529,0.19194826483726501,-0.005565759260207415,3.5853517055511475
879,57.43603515625,873.9299926757812,0.13840484619140625,0.8615951538085938,0.3925046920776367,0.00039018443203531206,0.19467176496982574,-0.0031068220268934965,3.6023404598236084
880,56.36553955078125,853.530029296875,0.14102935791015625,0.8589706420898438,0.3920884430408478,0.0005852766335010529,0.1785261631011963,-0.0058616576716303825,3.600640296936035
881,60.39571762084961,896.469970703125,0.1414794921875,0.8585205078125,0.392236590385437,0.00039018443203531206,0.17888793349266052,-0.00317258108407259,3.5930914878845215
882,60.50083923339844,890.489990234375,0.14060211181640625,0.8593978881835938,0.3922986686229706,0.0005852766335010529,0.17117008566856384,-0.006801951210945845,3.6017627716064453
883,57.088104248046875,853.5800170898438,0.140869140625,0.859130859375,0.3923637270927429,0.0005852766335010529,0.1871730089187622,-0.004589863121509552,3.5997698307037354
884,59.546295166015625,879.9000244140625,0.14107513427734375,0.8589248657226562,0.3921893239021301,0.00039018443203531206,0.16950173676013947,-0.004609630908817053,3.5957729816436768
885,58.85857009887695,882.5599975585938,0.139801025390625,0.860198974609375,0.3913794159889221,0.0005852766335010529,0.18845070898532867,-0.0061363582499325275,3.5856900215148926
886,59.103519439697266,890.97998046875,0.1403350830078125,0.8596649169921875,0.39176619052886963,0.00039018443203531206,0.18351618945598602,-0.0031409715302288532,3.5853042602539062
887,61.83136749267578,923.8800048828125,0.14009857177734375,0.8599014282226562,0.39142802357673645,0.0005852766335010529,0.20057149231433868,-0.005772188305854797,3.5805656909942627
888,56.99558639526367,864.77001953125,0.1377716064453125,0.8622283935546875,0.39134687185287476,0.0008779149502515793,0.2039947658777237,-0.0049666790291666985,3.5799262523651123
889,57.92662811279297,869.8900146484375,0.13957977294921875,0.8604202270507812,0.391154944896698,0.00039018443203531206,0.19756221771240234,-0.0048981523141264915,3.5706787109375
890,59.0286865234375,905.0499877929688,0.139984130859375,0.860015869140625,0.39080026745796204,0.0005852766335010529,0.1941729485988617,-0.0056205145083367825,3.565753221511841
891,59.43195343017578,892.489990234375,0.1413421630859375,0.8586578369140625,0.39106959104537964,0.00039018443203531206,0.17876605689525604,-0.003603679593652487,3.5576374530792236
892,60.352237701416016,910.5,0.14165496826171875,0.8583450317382812,0.3911496698856354,0.0005852766335010529,0.18128910660743713,-0.006141717080026865,3.562274932861328
893,56.913246154785156,863.3400268554688,0.141143798828125,0.858856201171875,0.39024388790130615,0.0008779149502515793,0.1923794150352478,-0.004081733990460634,3.5622141361236572
894,60.769317626953125,911.2999877929688,0.14177703857421875,0.8582229614257812,0.39043933153152466,0.00039018443203531206,0.20286352932453156,-0.002167388331145048,3.5478122234344482
895,61.30290603637695,902.7999877929688,0.140869140625,0.859130859375,0.38997793197631836,0.0005852766335010529,0.18752287328243256,-0.005491024814546108,3.5501391887664795
896,60.60737609863281,904.739990234375,0.141143798828125,0.858856201171875,0.3912833333015442,0.0008779149502515793,0.1867290437221527,-0.0016995524056255817,3.5569961071014404
897,58.14720153808594,864.9199829101562,0.1394500732421875,0.8605499267578125,0.39157092571258545,0.00011561020073713735,0.20155027508735657,0.006382637657225132,3.5691215991973877
898,58.0073356628418,866.239990234375,0.14003753662109375,0.8599624633789062,0.39213067293167114,0.00039018443203531206,0.19970794022083282,-0.005798008758574724,3.571153402328491
899,57.10444259643555,860.5999755859375,0.140533447265625,0.859466552734375,0.39250534772872925,0.0005852766335010529,0.21844670176506042,-0.0067107463255524635,3.576507091522217
900,58.39491653442383,872.4000244140625,0.14325714111328125,0.8567428588867188,0.3924020528793335,0.0008779149502515793,0.22019238770008087,-0.0045716832391917706,3.5838215351104736
901,56.830482482910156,868.9000244140625,0.14443206787109375,0.8555679321289062,0.3931807279586792,0.00039018443203531206,0.22444696724414825,-0.0016874911962077022,3.592376947402954
902,59.22661590576172,889.760009765625,0.14775848388671875,0.8522415161132812,0.3925822377204895,0.0005852766335010529,0.19405177235603333,-0.0060005271807312965,3.5829899311065674
903,60.912506103515625,916.6599731445312,0.14797210693359375,0.8520278930664062,0.39316248893737793,0.0005852766335010529,0.20922699570655823,-0.0055783456191420555,3.5998921394348145
904,57.05326461791992,857.9400024414062,0.14817047119140625,0.8518295288085938,0.3938702344894409,0.0005852766335010529,0.21239817142486572,-0.0037532032001763582,3.5972845554351807
905,61.30455017089844,907.6300048828125,0.1492462158203125,0.8507537841796875,0.39417022466659546,0.0005852766335010529,0.21913576126098633,-0.004807956051081419,3.6131765842437744
906,59.10877990722656,868.0399780273438,0.152313232421875,0.847686767578125,0.3947497010231018,0.00039018443203531206,0.20469611883163452,-0.005780762992799282,3.6229543685913086
907,59.17104721069336,872.9400024414062,0.1523590087890625,0.8476409912109375,0.39543914794921875,0.0005852766335010529,0.19369271397590637,-0.003986576106399298,3.6302566528320312
908,58.77870178222656,854.6799926757812,0.1541595458984375,0.8458404541015625,0.39517927169799805,0.0005852766335010529,0.21991409361362457,-0.003963233903050423,3.6363632678985596
909,57.625946044921875,875.1199951171875,0.15488433837890625,0.8451156616210938,0.3952154517173767,0.0002601229352876544,0.19834308326244354,-0.0024586000945419073,3.635150194168091
910,59.19221878051758,876.5499877929688,0.153228759765625,0.846771240234375,0.3958081901073456,0.0005852766335010529,0.2134927362203598,-0.006414577830582857,3.6362881660461426
911,60.36891555786133,889.7899780273438,0.15549468994140625,0.8445053100585938,0.3963391184806824,0.0008779149502515793,0.20197060704231262,-0.005816722754389048,3.649247884750366
912,59.76423645019531,885.77001953125,0.1581878662109375,0.8418121337890625,0.39693915843963623,0.0005852766335010529,0.20722991228103638,-0.0035830712877213955,3.6577978134155273
913,60.38728713989258,888.0900268554688,0.15897369384765625,0.8410263061523438,0.3979525864124298,0.0005852766335010529,0.22851917147636414,-0.005612591747194529,3.668436050415039
914,58.697261810302734,861.5900268554688,0.16019439697265625,0.8398056030273438,0.3974580764770508,0.0005852766335010529,0.20420080423355103,-0.0049889166839420795,3.678497552871704
915,55.730167388916016,830.7100219726562,0.1622772216796875,0.8377227783203125,0.39727669954299927,0.0005852766335010529,0.21784494817256927,-0.0046619209460914135,3.6739892959594727
916,59.767547607421875,897.8099975585938,0.16513824462890625,0.8348617553710938,0.39699071645736694,0.0005852766335010529,0.21011705696582794,-0.004383365157991648,3.672801971435547
917,59.88008117675781,893.2899780273438,0.16416168212890625,0.8358383178710938,0.397077739238739,0.0005852766335010529,0.20467627048492432,-0.004592347890138626,3.6740078926086426
918,58.36349868774414,874.4299926757812,0.1651611328125,0.8348388671875,0.3973490297794342,0.00039018443203531206,0.2046130746603012,-0.00289227906614542,3.6720306873321533
919,61.50714874267578,910.1599731445312,0.16454315185546875,0.8354568481445312,0.39700406789779663,0.0005852766335010529,0.19059067964553833,-0.008032210171222687,3.675513982772827
920,57.77854919433594,872.9500122070312,0.16506195068359375,0.8349380493164062,0.39774566888809204,0.00039018443203531206,0.20664581656455994,-0.0055343834683299065,3.687098503112793
921,61.72512435913086,911.6099853515625,0.1641845703125,0.8358154296875,0.3979033827781677,0.0005852766335010529,0.20949633419513702,-0.006519526708871126,3.6913084983825684
922,60.110496520996094,911.2000122070312,0.164703369140625,0.835296630859375,0.3982880115509033,0.0005852766335010529,0.20661035180091858,-0.003636980429291725,3.6954140663146973
923,58.1533317565918,865.8499755859375,0.16420745849609375,0.8357925415039062,0.3985663056373596,0.0008779149502515793,0.21908314526081085,-0.004523087292909622,3.703296661376953
924,56.96437072753906,850.6699829101562,0.1638641357421875,0.8361358642578125,0.39882892370224,0.0005852766335010529,0.22406138479709625,-0.0032078896183520555,3.703622579574585
925,59.92765426635742,876.2100219726562,0.16420745849609375,0.8357925415039062,0.39864683151245117,0.0005852766335010529,0.21811339259147644,-0.004763447679579258,3.71722149848938
926,59.50204086303711,872.3800048828125,0.1669769287109375,0.8330230712890625,0.398470938205719,0.0005852766335010529,0.21021032333374023,-0.005533080082386732,3.696842908859253
927,57.82244110107422,861.760009765625,0.16907501220703125,0.8309249877929688,0.39928463101387024,0.0005852766335010529,0.20973536372184753,-0.004284280352294445,3.719350576400757
928,60.6307487487793,898.1799926757812,0.1710968017578125,0.8289031982421875,0.39944061636924744,0.0008779149502515793,0.21363359689712524,-0.004878522362560034,3.726731300354004
929,58.07028579711914,849.8499755859375,0.17120361328125,0.82879638671875,0.3989728093147278,0.0005852766335010529,0.21158410608768463,-0.0032776191364973783,3.724912405014038
930,60.79728698730469,888.6500244140625,0.170623779296875,0.829376220703125,0.398274302482605,0.0008779149502515793,0.2062634825706482,-0.006312185898423195,3.707076072692871
931,55.865211486816406,845.1199951171875,0.170501708984375,0.829498291015625,0.3983374834060669,0.00011561020073713735,0.21451732516288757,0.005569643806666136,3.7087912559509277
932,61.2423210144043,927.2999877929688,0.171539306640625,0.828460693359375,0.3977883458137512,0.0002601229352876544,0.20399320125579834,-0.0065641324035823345,3.7006611824035645
933,58.9528923034668,858.8300170898438,0.17121124267578125,0.8287887573242188,0.3983701467514038,0.0005852766335010529,0.21077004075050354,-0.004840781446546316,3.699176788330078
934,58.21141815185547,867.1599731445312,0.1706390380859375,0.8293609619140625,0.3986188769340515,0.0005852766335010529,0.19856183230876923,-0.004209479317069054,3.716383934020996
935,58.49104309082031,865.4500122070312,0.17015838623046875,0.8298416137695312,0.39810025691986084,0.00039018443203531206,0.19987350702285767,-0.00416591577231884,3.7096970081329346
936,60.35430908203125,894.3699951171875,0.1679229736328125,0.8320770263671875,0.3974599242210388,0.0005852766335010529,0.19720280170440674,-0.0067695127800107,3.696834087371826
937,58.66876220703125,871.719970703125,0.16779327392578125,0.8322067260742188,0.3975338339805603,0.00039018443203531206,0.20284710824489594,-0.004070375580340624,3.7012765407562256
938,60.48979187011719,884.5599975585938,0.165618896484375,0.834381103515625,0.39709994196891785,0.0005852766335010529,0.19075347483158112,-0.005797865800559521,3.689598560333252
939,57.01472854614258,858.5800170898438,0.1645050048828125,0.8354949951171875,0.39702141284942627,0.0005852766335010529,0.20442301034927368,-0.005113425198942423,3.6929943561553955
940,58.993980407714844,883.6099853515625,0.16538238525390625,0.8346176147460938,0.39648401737213135,0.0005852766335010529,0.2010187804698944,-0.0053036753088235855,3.683670997619629
941,59.156864166259766,873.530029296875,0.163604736328125,0.836395263671875,0.3966940641403198,0.0005852766335010529,0.1972830444574356,-0.0034398683346807957,3.680943012237549
942,62.10464096069336,908.5499877929688,0.1621246337890625,0.8378753662109375,0.3974151909351349,0.0005852766335010529,0.2048618346452713,-0.005978940520435572,3.6874947547912598
943,61.23450469970703,901.8900146484375,0.16051483154296875,0.8394851684570312,0.3973648250102997,0.0005852766335010529,0.2177930325269699,-0.004552041180431843,3.6893250942230225
944,61.25776290893555,898.9299926757812,0.1576690673828125,0.8423309326171875,0.397233784198761,0.0005852766335010529,0.20419567823410034,-0.004990891553461552,3.6871249675750732
945,61.69282913208008,890.1599731445312,0.15494537353515625,0.8450546264648438,0.3973543345928192,0.00039018443203531206,0.2131829857826233,-0.0031571751460433006,3.698469400405884
946,61.06686019897461,919.0,0.15289306640625,0.84710693359375,0.39743947982788086,0.00039018443203531206,0.19810499250888824,-0.005298095755279064,3.6877942085266113
947,60.48514175415039,875.8099975585938,0.1510009765625,0.8489990234375,0.3971734642982483,0.0005852766335010529,0.20711731910705566,-0.00704415375366807,3.6897010803222656
948,58.71597671508789,871.7100219726562,0.1511688232421875,0.8488311767578125,0.39803701639175415,0.00039018443203531206,0.21346531808376312,-0.007100909948348999,3.695734739303589
949,61.179264068603516,886.7000122070312,0.15093231201171875,0.8490676879882812,0.3970203101634979,0.0005852766335010529,0.22460050880908966,-0.006776387337595224,3.6921257972717285
950,60.13459396362305,905.8499755859375,0.14971923828125,0.85028076171875,0.3976714611053467,0.0002601229352876544,0.20553068816661835,-0.0009389887563884258,3.696437358856201
951,59.3626708984375,872.1799926757812,0.14910888671875,0.85089111328125,0.3973875045776367,0.00039018443203531206,0.226388618350029,-0.00641243252903223,3.6973557472229004
952,59.38742446899414,870.8400268554688,0.14996337890625,0.85003662109375,0.39664655923843384,0.0005852766335010529,0.2149313986301422,-0.005454997532069683,3.6835403442382812
953,58.54533386230469,867.9400024414062,0.15096282958984375,0.8490371704101562,0.3963363766670227,0.00039018443203531206,0.1973504275083542,-0.0023747251834720373,3.6817760467529297
954,58.31241226196289,862.9099731445312,0.150299072265625,0.849700927734375,0.3960631191730499,0.0005852766335010529,0.20756269991397858,-0.006608022376894951,3.6650640964508057
955,62.6463737487793,899.6300048828125,0.1485137939453125,0.8514862060546875,0.3959982991218567,0.00039018443203531206,0.22120784223079681,-0.0020372685976326466,3.6731488704681396
956,58.32539367675781,867.4099731445312,0.14716339111328125,0.8528366088867188,0.3959590792655945,0.00039018443203531206,0.216852068901062,-0.00586317153647542,3.6570565700531006
957,60.47868728637695,880.3599853515625,0.1465606689453125,0.8534393310546875,0.3959205746650696,0.0005852766335010529,0.21027514338493347,-0.006376825738698244,3.664411783218384
958,59.47396469116211,875.9299926757812,0.14550018310546875,0.8544998168945312,0.3959954082965851,0.0002601229352876544,0.2021333873271942,-0.0012046556221321225,3.664931535720825
959,61.49614715576172,900.72998046875,0.1446075439453125,0.8553924560546875,0.39674317836761475,0.0005852766335010529,0.19922670722007751,-0.005570243112742901,3.664306640625
960,60.11665344238281,890.4600219726562,0.143157958984375,0.856842041015625,0.3971486985683441,0.00039018443203531206,0.19449253380298615,-0.0035667726770043373,3.6862354278564453
961,63.16508483886719,924.52001953125,0.14304351806640625,0.8569564819335938,0.3975422978401184,0.0005852766335010529,0.20134057104587555,-0.0069462573155760765,3.6904540061950684
962,63.165199279785156,921.5599975585938,0.141265869140625,0.858734130859375,0.39848846197128296,0.0005852766335010529,0.19457854330539703,-0.00430052587762475,3.7073311805725098
963,61.54521942138672,891.25,0.141632080078125,0.858367919921875,0.3983604907989502,0.00039018443203531206,0.21101072430610657,-0.0010320108849555254,3.711230993270874
964,59.38775634765625,878.7999877929688,0.14147186279296875,0.8585281372070312,0.39818239212036133,0.0005852766335010529,0.2026459127664566,-0.007354037836194038,3.703312397003174
965,59.91220474243164,881.7100219726562,0.1407928466796875,0.8592071533203125,0.39854609966278076,0.0005852766335010529,0.19309675693511963,-0.0022930342238396406,3.7034265995025635
966,63.72557830810547,917.9600219726562,0.14090728759765625,0.8590927124023438,0.3989236354827881,0.00039018443203531206,0.19557224214076996,-0.0030848823953419924,3.710923671722412
967,57.83589172363281,850.0,0.1410980224609375,0.8589019775390625,0.39911356568336487,0.0005852766335010529,0.2024155557155609,-0.007380407303571701,3.71559476852417
968,62.72774887084961,919.6400146484375,0.14183807373046875,0.8581619262695312,0.3984803557395935,0.00039018443203531206,0.19006679952144623,-0.005459495820105076,3.7085893154144287
969,58.57154083251953,878.719970703125,0.141632080078125,0.858367919921875,0.3979949951171875,0.0005852766335010529,0.1820455640554428,-0.005764458328485489,3.706955909729004
970,62.396385192871094,905.6599731445312,0.141143798828125,0.858856201171875,0.39752817153930664,0.00039018443203531206,0.1743106096982956,-0.004118036013096571,3.6983566284179688
971,60.408607482910156,885.989990234375,0.14110565185546875,0.8588943481445312,0.3972630500793457,0.0005852766335010529,0.17555004358291626,-0.0061161634512245655,3.6867318153381348
972,61.587257385253906,891.8099975585938,0.14124298095703125,0.8587570190429688,0.39772406220436096,0.0005852766335010529,0.1730000525712967,-0.0043019759468734264,3.692117929458618
973,63.5875244140625,932.3800048828125,0.1420440673828125,0.8579559326171875,0.39714282751083374,0.00039018443203531206,0.18273384869098663,-0.0023010519798845053,3.6853232383728027
974,62.21562194824219,901.3099975585938,0.1413726806640625,0.8586273193359375,0.39677953720092773,0.0005852766335010529,0.1755048781633377,-0.006591975688934326,3.672632932662964
975,60.50486755371094,894.6599731445312,0.1409912109375,0.8590087890625,0.39698511362075806,0.0005852766335010529,0.1910380870103836,-0.005956752225756645,3.674180746078491
976,60.01768493652344,889.5,0.14060211181640625,0.8593978881835938,0.3968789577484131,0.0005852766335010529,0.19861114025115967,-0.004940935876220465,3.6729347705841064
977,59.89610290527344,878.3699951171875,0.14019012451171875,0.8598098754882812,0.3971485197544098,0.00039018443203531206,0.22956989705562592,-0.0025818648282438517,3.6822962760925293
978,63.18648147583008,909.219970703125,0.13866424560546875,0.8613357543945312,0.397727906703949,0.0005852766335010529,0.20472835004329681,-0.0053320680744946,3.6798760890960693
979,60.992835998535156,862.97998046875,0.13716888427734375,0.8628311157226562,0.39829185605049133,0.00017341530474368483,0.23035772144794464,-0.0040027848444879055,3.698263645172119
980,59.12227249145508,876.489990234375,0.1381378173828125,0.8618621826171875,0.3973267078399658,0.00039018443203531206,0.2096766233444214,-0.007553712464869022,3.6889541149139404
981,55.583465576171875,824.52001953125,0.1397705078125,0.8602294921875,0.39784252643585205,0.0005852766335010529,0.22270774841308594,-0.006968137342482805,3.6848418712615967
982,57.23534393310547,853.5,0.14075469970703125,0.8592453002929688,0.39798736572265625,0.0005852766335010529,0.2346445471048355,-0.004873522557318211,3.693608283996582
983,57.408416748046875,857.4600219726562,0.14098358154296875,0.8590164184570312,0.39780354499816895,0.00039018443203531206,0.20225153863430023,-0.002729118103161454,3.694427967071533
984,61.24916458129883,888.1599731445312,0.14321136474609375,0.8567886352539062,0.39787888526916504,0.0005852766335010529,0.21329732239246368,-0.003732834244146943,3.6889595985412598
985,60.88161087036133,881.8800048828125,0.144073486328125,0.855926513671875,0.39832454919815063,0.0005852766335010529,0.20845723152160645,-0.004773353226482868,3.6964449882507324
986,56.43143081665039,847.8400268554688,0.14620208740234375,0.8537979125976562,0.39872536063194275,0.0005852766335010529,0.2061070054769516,-0.00542431278154254,3.714381694793701
987,60.310916900634766,882.7100219726562,0.14766693115234375,0.8523330688476562,0.3987410068511963,0.00039018443203531206,0.20961366593837738,-0.005477511323988438,3.710021734237671
988,58.29966354370117,869.97998046875,0.1488189697265625,0.8511810302734375,0.3991703987121582,0.0005852766335010529,0.19589540362358093,-0.005967149045318365,3.727569341659546
989,59.72547149658203,870.1400146484375,0.1503753662109375,0.8496246337890625,0.39939969778060913,0.00017341530474368483,0.21331213414669037,8.3836232079193e-05,3.731110095977783
990,61.9593620300293,900.27001953125,0.15105438232421875,0.8489456176757812,0.3994430601596832,0.00039018443203531206,0.22250878810882568,-0.007090588565915823,3.734684944152832
991,57.12448501586914,856.0800170898438,0.15108489990234375,0.8489151000976562,0.3992217183113098,0.0005852766335010529,0.21847577393054962,-0.00779279600828886,3.728050708770752
992,58.56587219238281,864.4299926757812,0.1531219482421875,0.8468780517578125,0.3998061418533325,0.0005852766335010529,0.20616453886032104,-0.002394107636064291,3.7449018955230713
993,59.60033416748047,871.219970703125,0.15396881103515625,0.8460311889648438,0.39918091893196106,0.0002601229352876544,0.21567833423614502,-0.003986246883869171,3.7309322357177734
994,61.3820915222168,889.9600219726562,0.154327392578125,0.845672607421875,0.39945897459983826,0.0005852766335010529,0.2038547843694687,-0.007155259605497122,3.7334365844726562
995,58.19173812866211,858.969970703125,0.15464019775390625,0.8453598022460938,0.3994371294975281,0.00017341530474368483,0.2190430611371994,0.0007483510999009013,3.7399935722351074
996,59.77932357788086,873.02001953125,0.1555328369140625,0.8444671630859375,0.3984125852584839,0.00039018443203531206,0.21898514032363892,-0.007883012294769287,3.7207510471343994
997,57.5474967956543,851.469970703125,0.1568145751953125,0.8431854248046875,0.39829981327056885,0.0005852766335010529,0.21130962669849396,-0.005231667775660753,3.719175338745117
998,63.25643539428711,906.0399780273438,0.15784454345703125,0.8421554565429688,0.3977000117301941,0.0005852766335010529,0.22033454477787018,-0.004426672123372555,3.7095820903778076
999,59.642086029052734,886.260009765625,0.15955352783203125,0.8404464721679688,0.39703646302223206,0.0005852766335010529,0.20687644183635712,-0.004639970138669014,3.697993278503418
