Loading user config located at: '/mnt/ssd970/robotics_simulation_class/env/lib/python3.11/site-packages/isaacsim/kit/data/Kit/Isaac-Sim/5.1/user.config.json'
[Info] [carb] Logging to file: /mnt/ssd970/robotics_simulation_class/env/lib/python3.11/site-packages/isaacsim/kit/logs/Kit/Isaac-Sim/5.1/kit_20260917_152628.log
2026-09-17T06:26:28Z [45ms] [Warning] [omni.usd_config.extension] Enable omni.materialx.libs extension to use MaterialX
2026-09-17T06:26:29Z [291ms] [Warning] [carb] Acquiring non optional plugin interface which is not listed as dependency: [omni::physx::IPhysxBenchmarks v1.0] (plugin: <default plugin>), by client: omni.physics.physx.plugin. Add it to CARB_PLUGIN_IMPL_DEPS() macro of a client.
2026-09-17T06:26:29Z [391ms] [Warning] [omni.isaac.dynamic_control] omni.isaac.dynamic_control is deprecated as of Isaac Sim 4.5. No action is needed from end-users.
2026-09-17T06:26:33Z [4,289ms] [Warning] [gpu.foundation.plugin] Skipping unsupported non-NVIDIA GPU: AMD Ryzen 7 9800X3D 8-Core Processor (RADV RAPHAEL_MENDOCINO)
2026-09-17T06:26:33Z [4,290ms] [Warning] [gpu.foundation.plugin] Skipping unsupported non-NVIDIA GPU: AMD Ryzen 7 9800X3D 8-Core Processor (RADV RAPHAEL_MENDOCINO)

|---------------------------------------------------------------------------------------------|
| Driver Version: 580.173.02    | Graphics API: Vulkan
|=============================================================================================|
| GPU | Name                             | Active | LDA | GPU Memory | Vendor-ID | LUID       |
|     |                                  |        |     |            | Device-ID | UUID       |
|     |                                  |        |     |            | Bus-ID    |            |
|---------------------------------------------------------------------------------------------|
| 0   | NVIDIA GeForce RTX 5080          | Yes: 0 |     | 16303   MB | 10de      | 0          |
|     |                                  |        |     |            | 2c02      | 941a2833.. |
|     |                                  |        |     |            | 1         |            |
|---------------------------------------------------------------------------------------------|
| 1   | NVIDIA GeForce RTX 5070          |        |     | 12227   MB | 10de      | 0          |
|     |                                  |        |     |            | 2f04      | 8f16c27a.. |
|     |                                  |        |     |            | 5         |            |
|---------------------------------------------------------------------------------------------|
| 2   | AMD Ryzen 7 9800X3D 8-Core Pro.. |        |     | 10753   MB | 1002      | 0          |
|     |                                  |        |     |            | 13c0      | 00000000.. |
|     |                                  |        |     |            | b         |            |
|=============================================================================================|
| OS: 24.04.4 LTS (Noble Numbat) ubuntu, Version: 24.04.4, Kernel: 7.0.0-31-generic
| XServer Vendor: The X.Org Foundation, XServer Version: 12101011 (1.21.1.11)
| Processor: AMD Ryzen 7 9800X3D 8-Core Processor
| Cores: 8 | Logical Cores: 16
|---------------------------------------------------------------------------------------------|
| Total Memory (MB): 31236 | Free Memory: 25437
| Total Page/Swap (MB): 8191 | Free Page/Swap: 8113
|---------------------------------------------------------------------------------------------|
2026-09-17T06:26:33Z [4,450ms] [Warning] [gpu.foundation.plugin] IOMMU is enabled.
2026-09-17T06:26:33Z [4,450ms] [Warning] [gpu.foundation.plugin] Detected IOMMU is enabled. Running CUDA peer-to-peer bandwidth and latency validation.
Unidirectional P2P=Enabled Bandwidth (P2P Writes) Matrix (GB/s)
   D\D     0      1 
     0 819.78   6.21 
     1   6.57 587.85 
P2P=Enabled Latency (P2P Writes) Matrix (us)
   GPU     0      1 
     0   2.07  13.81 
     1  15.68   2.07 

   CPU     0      1 
     0   1.82   4.81 
     1   4.60   1.81 
2026-09-17T06:26:33Z [4,720ms] [Warning] [gpu.foundation.plugin] CUDA peer-to-peer observed bandwidth: 6.2 GB/s.
[INFO][AppLauncher]: Using device: cuda:0
[INFO][AppLauncher]: Loading experience file: /mnt/ssd970/robotics_simulation_class/src/IsaacLab_RS/apps/isaaclab.python.headless.kit
[INFO]: Parsing configuration from: week03_ant.tasks.ant_cfg:MildTerrainAntEnvCfg
[INFO]: Parsing configuration from: week03_ant.tasks.agents.rsl_rl_ppo_cfg:Week03AntPPORunnerCfg
2026-09-17T06:26:33Z [4,720ms] [Warning] [gpu.foundation.plugin] CUDA peer-to-peer observed latency: 15.7 us.
2026-09-17T06:26:33Z [4,720ms] [Warning] [gpu.foundation.plugin] Please verify if observed bandwidth and latency are expected.
2026-09-17T06:26:35Z [6,503ms] [Warning] [omni.fabric.plugin] Warning: input prim:attr `/World/envs/env_0:omni:rtx:skip` has no valid data.

2026-09-17T06:26:36Z [7,389ms] [Warning] [omni.physx.plugin] Damping attribute is unsupported for articulation joints and will be ignored (/World/envs/env_0/Robot/joints/front_left_leg).
2026-09-17T06:26:36Z [7,389ms] [Warning] [omni.physx.plugin] Damping attribute is unsupported for articulation joints and will be ignored (/World/envs/env_0/Robot/joints/front_left_foot).
2026-09-17T06:26:36Z [7,389ms] [Warning] [omni.physx.plugin] Damping attribute is unsupported for articulation joints and will be ignored (/World/envs/env_0/Robot/joints/front_right_leg).
2026-09-17T06:26:36Z [7,389ms] [Warning] [omni.physx.plugin] Damping attribute is unsupported for articulation joints and will be ignored (/World/envs/env_0/Robot/joints/front_right_foot).
2026-09-17T06:26:36Z [7,389ms] [Warning] [omni.physx.plugin] Damping attribute is unsupported for articulation joints and will be ignored (/World/envs/env_0/Robot/joints/left_back_leg).
2026-09-17T06:26:36Z [7,389ms] [Warning] [omni.physx.plugin] Damping attribute is unsupported for articulation joints and will be ignored (/World/envs/env_0/Robot/joints/left_back_foot).
2026-09-17T06:26:36Z [7,389ms] [Warning] [omni.physx.plugin] Damping attribute is unsupported for articulation joints and will be ignored (/World/envs/env_0/Robot/joints/right_back_leg).
2026-09-17T06:26:36Z [7,389ms] [Warning] [omni.physx.plugin] Damping attribute is unsupported for articulation joints and will be ignored (/World/envs/env_0/Robot/joints/right_back_foot).
2026-09-17T06:26:36Z [7,389ms] [Warning] [omni.physx.plugin] Damping attribute is unsupported for articulation joints and will be ignored (/World/envs/env_0/Robot/joints/front_right_leg).
2026-09-17T06:26:36Z [7,389ms] [Warning] [omni.physx.plugin] Damping attribute is unsupported for articulation joints and will be ignored (/World/envs/env_0/Robot/joints/front_right_foot).
2026-09-17T06:26:36Z [7,389ms] [Warning] [omni.physx.plugin] Damping attribute is unsupported for articulation joints and will be ignored (/World/envs/env_0/Robot/joints/left_back_leg).
2026-09-17T06:26:36Z [7,389ms] [Warning] [omni.physx.plugin] Damping attribute is unsupported for articulation joints and will be ignored (/World/envs/env_0/Robot/joints/left_back_foot).
2026-09-17T06:26:36Z [7,389ms] [Warning] [omni.physx.plugin] Damping attribute is unsupported for articulation joints and will be ignored (/World/envs/env_0/Robot/joints/right_back_leg).
2026-09-17T06:26:36Z [7,389ms] [Warning] [omni.physx.plugin] Damping attribute is unsupported for articulation joints and will be ignored (/World/envs/env_0/Robot/joints/right_back_foot).
2026-09-17T06:26:36Z [7,389ms] [Warning] [omni.physx.plugin] Damping attribute is unsupported for articulation joints and will be ignored (/World/envs/env_0/Robot/joints/front_right_leg).
2026-09-17T06:26:36Z [7,389ms] [Warning] [omni.physx.plugin] Damping attribute is unsupported for articulation joints and will be ignored (/World/envs/env_0/Robot/joints/front_right_foot).
2026-09-17T06:26:36Z [7,389ms] [Warning] [omni.physx.plugin] Damping attribute is unsupported for articulation joints and will be ignored (/World/envs/env_0/Robot/joints/left_back_leg).
2026-09-17T06:26:36Z [7,389ms] [Warning] [omni.physx.plugin] Damping attribute is unsupported for articulation joints and will be ignored (/World/envs/env_0/Robot/joints/left_back_foot).
2026-09-17T06:26:36Z [7,389ms] [Warning] [omni.physx.plugin] Damping attribute is unsupported for articulation joints and will be ignored (/World/envs/env_0/Robot/joints/right_back_leg).
2026-09-17T06:26:36Z [7,389ms] [Warning] [omni.physx.plugin] Damping attribute is unsupported for articulation joints and will be ignored (/World/envs/env_0/Robot/joints/right_back_foot).
/mnt/ssd970/robotics_simulation_class/env/lib/python3.11/site-packages/rsl_rl/utils/utils.py:244: UserWarning: The observation configuration dictionary 'obs_groups' must contain the 'policy' key. As an observation group with the name 'policy' was found, this is assumed to be the observation set. Consider adding the 'policy' key to the 'obs_groups' dictionary for clarity. This behavior will be removed in a future version.
  warnings.warn(
/mnt/ssd970/robotics_simulation_class/env/lib/python3.11/site-packages/rsl_rl/utils/utils.py:290: UserWarning: The observation configuration dictionary 'obs_groups' must contain the 'critic' key. As the configuration for 'critic' is missing, the observations from the 'policy' set are used. Consider adding the 'critic' key to the 'obs_groups' dictionary for clarity. This behavior will be removed in a future version.
  warnings.warn(
[INFO] Logging experiment in directory: /home/wonker/robotics-simulation-week03-ant-robust/logs/rsl_rl/week03_ant
Exact experiment name requested from command line: 2026-09-17_15-26-34
Setting seed: 42
[INFO]: Base environment:
	Environment device    : cuda:0
	Environment seed      : 42
	Physics step-size     : 0.008333333333333333
	Rendering step-size   : 0.016666666666666666
	Environment step-size : 0.016666666666666666
[INFO] Generating terrains based on curriculum took : 0.139051 seconds
[INFO]: Time taken for scene creation : 1.638375 seconds
[INFO]: Scene manager:  <class InteractiveScene>
	Number of environments: 4096
	Environment spacing   : 6.0
	Source prim name      : /World/envs/env_0
	Global prim paths     : ['/World/ground']
	Replicate physics     : True
[INFO]: Starting the simulation. This may take a few seconds. Please wait...
[INFO]: Time taken for simulation start : 0.995703 seconds
[INFO] Command Manager:  <CommandManager> contains 0 active terms.
+------------------------+
|  Active Command Terms  |
+--------+-------+-------+
| Index  | Name  |  Type |
+--------+-------+-------+
+--------+-------+-------+

[INFO] Event Manager:  <EventManager> contains 1 active terms.
+-------------------------------------+
| Active Event Terms in Mode: 'reset' |
+---------+---------------------------+
|  Index  | Name                      |
+---------+---------------------------+
|    0    | reset_base                |
|    1    | reset_robot_joints        |
+---------+---------------------------+

[INFO] Recorder Manager:  <RecorderManager> contains 0 active terms.
+---------------------+
| Active Recorder Terms |
+-----------+---------+
|   Index   | Name    |
+-----------+---------+
+-----------+---------+

[INFO] Action Manager:  <ActionManager> contains 1 active terms.
+----------------------------------+
|  Active Action Terms (shape: 8)  |
+-------+--------------+-----------+
| Index | Name         | Dimension |
+-------+--------------+-----------+
|   0   | joint_effort |         8 |
+-------+--------------+-----------+

[INFO] Observation Manager: <ObservationManager> contains 1 groups.
+-----------------------------------------------------------+
| Active Observation Terms in Group: 'policy' (shape: (60,)) |
+-----------+-----------------------------------+-----------+
|   Index   | Name                              |   Shape   |
+-----------+-----------------------------------+-----------+
|     0     | base_height                       |    (1,)   |
|     1     | base_lin_vel                      |    (3,)   |
|     2     | base_ang_vel                      |    (3,)   |
|     3     | base_yaw_roll                     |    (2,)   |
|     4     | base_angle_to_target              |    (1,)   |
|     5     | base_up_proj                      |    (1,)   |
|     6     | base_heading_proj                 |    (1,)   |
|     7     | joint_pos_norm                    |    (8,)   |
|     8     | joint_vel_rel                     |    (8,)   |
|     9     | feet_body_forces                  |   (24,)   |
|     10    | actions                           |    (8,)   |
+-----------+-----------------------------------+-----------+

[INFO] Termination Manager:  <TerminationManager> contains 2 active terms.
+---------------------------------+
|     Active Termination Terms    |
+-------+--------------+----------+
| Index | Name         | Time Out |
+-------+--------------+----------+
|   0   | time_out     |   True   |
|   1   | torso_height |  False   |
+-------+--------------+----------+

[INFO] Reward Manager:  <RewardManager> contains 7 active terms.
+-----------------------------------+
|        Active Reward Terms        |
+-------+------------------+--------+
| Index | Name             | Weight |
+-------+------------------+--------+
|   0   | progress         |    1.0 |
|   1   | alive            |    0.5 |
|   2   | upright          |    0.1 |
|   3   | move_to_target   |    0.5 |
|   4   | action_l2        | -0.005 |
|   5   | energy           |  -0.05 |
|   6   | joint_pos_limits |   -0.1 |
+-------+------------------+--------+

[INFO] Curriculum Manager:  <CurriculumManager> contains 0 active terms.
+----------------------+
| Active Curriculum Terms |
+-----------+----------+
|   Index   | Name     |
+-----------+----------+
+-----------+----------+

[INFO]: Completed setting up the environment...
--------------------------------------------------------------------------------
Resolved observation sets: 
	 policy :  ['policy']
	 critic :  ['policy']
--------------------------------------------------------------------------------
Actor MLP: MLP(
  (0): Linear(in_features=60, out_features=400, bias=True)
  (1): ELU(alpha=1.0)
  (2): Linear(in_features=400, out_features=200, bias=True)
  (3): ELU(alpha=1.0)
  (4): Linear(in_features=200, out_features=100, bias=True)
  (5): ELU(alpha=1.0)
  (6): Linear(in_features=100, out_features=8, bias=True)
)
Critic MLP: MLP(
  (0): Linear(in_features=60, out_features=400, bias=True)
  (1): ELU(alpha=1.0)
  (2): Linear(in_features=400, out_features=200, bias=True)
  (3): ELU(alpha=1.0)
  (4): Linear(in_features=200, out_features=100, bias=True)
  (5): ELU(alpha=1.0)
  (6): Linear(in_features=100, out_features=1, bias=True)
)
[INFO]: Loading model checkpoint from: /home/wonker/robotics-simulation-week03-ant-robust/logs/rsl_rl/week03_ant/2026-09-17_15-15-11_terrain_scratch_seed42/model_999.pt
################################################################################
                     [1m Learning iteration 999/1599 [0m                      

                       Computation: 113503 steps/s (collection: 0.996s, learning 0.159s)
             Mean action noise std: 0.09
          Mean value_function loss: 0.0336
               Mean surrogate loss: 0.0154
                 Mean entropy loss: -8.1416
                       Mean reward: 0.49
               Mean episode length: 20.54
           Episode_Reward/progress: 0.0152
              Episode_Reward/alive: 0.0086
            Episode_Reward/upright: 0.0016
     Episode_Reward/move_to_target: 0.0086
          Episode_Reward/action_l2: -0.0002
             Episode_Reward/energy: -0.0082
   Episode_Reward/joint_pos_limits: -0.0028
      Episode_Termination/time_out: 0.0171
  Episode_Termination/torso_height: 0.0000
--------------------------------------------------------------------------------
                   Total timesteps: 131072
                    Iteration time: 1.15s
                      Time elapsed: 00:00:01
                               ETA: 00:11:32

Could not find git repository in /mnt/ssd970/robotics_simulation_class/env/lib/python3.11/site-packages/rsl_rl/__init__.py. Skipping.
Storing git diff for 'robotics-simulation-week03-ant-robust' in: /home/wonker/robotics-simulation-week03-ant-robust/logs/rsl_rl/week03_ant/2026-09-17_15-26-34_terrain_mild_seed42/git/robotics-simulation-week03-ant-robust.diff
################################################################################
                     [1m Learning iteration 1000/1599 [0m                     

                       Computation: 486104 steps/s (collection: 0.198s, learning 0.072s)
             Mean action noise std: 0.09
          Mean value_function loss: 0.0496
               Mean surrogate loss: -0.0029
                 Mean entropy loss: -8.1575
                       Mean reward: 1.49
               Mean episode length: 55.13
           Episode_Reward/progress: 0.0643
              Episode_Reward/alive: 0.0252
            Episode_Reward/upright: 0.0041
     Episode_Reward/move_to_target: 0.0231
          Episode_Reward/action_l2: -0.0005
             Episode_Reward/energy: -0.0193
   Episode_Reward/joint_pos_limits: -0.0129
      Episode_Termination/time_out: 0.0492
  Episode_Termination/torso_height: 0.0013
--------------------------------------------------------------------------------
                   Total timesteps: 262144
                    Iteration time: 0.27s
                      Time elapsed: 00:00:01
                               ETA: 00:07:06

################################################################################
                     [1m Learning iteration 1001/1599 [0m                     

                       Computation: 485100 steps/s (collection: 0.198s, learning 0.072s)
             Mean action noise std: 0.09
          Mean value_function loss: 0.0467
               Mean surrogate loss: -0.0054
                 Mean entropy loss: -8.1997
                       Mean reward: 3.21
               Mean episode length: 87.17
           Episode_Reward/progress: 0.1444
              Episode_Reward/alive: 0.0418
            Episode_Reward/upright: 0.0067
     Episode_Reward/move_to_target: 0.0381
          Episode_Reward/action_l2: -0.0009
             Episode_Reward/energy: -0.0326
   Episode_Reward/joint_pos_limits: -0.0236
      Episode_Termination/time_out: 0.0798
  Episode_Termination/torso_height: 0.0095
--------------------------------------------------------------------------------
                   Total timesteps: 393216
                    Iteration time: 0.27s
                      Time elapsed: 00:00:01
                               ETA: 00:05:37

################################################################################
                     [1m Learning iteration 1002/1599 [0m                     

                       Computation: 488190 steps/s (collection: 0.198s, learning 0.071s)
             Mean action noise std: 0.09
          Mean value_function loss: 0.0317
               Mean surrogate loss: -0.0036
                 Mean entropy loss: -8.2332
                       Mean reward: 4.75
               Mean episode length: 113.51
           Episode_Reward/progress: 0.2461
              Episode_Reward/alive: 0.0585
            Episode_Reward/upright: 0.0098
     Episode_Reward/move_to_target: 0.0550
          Episode_Reward/action_l2: -0.0012
             Episode_Reward/energy: -0.0475
   Episode_Reward/joint_pos_limits: -0.0323
      Episode_Termination/time_out: 0.1091
  Episode_Termination/torso_height: 0.0151
--------------------------------------------------------------------------------
                   Total timesteps: 524288
                    Iteration time: 0.27s
                      Time elapsed: 00:00:01
                               ETA: 00:04:52

################################################################################
                     [1m Learning iteration 1003/1599 [0m                     

                       Computation: 483227 steps/s (collection: 0.200s, learning 0.071s)
             Mean action noise std: 0.09
          Mean value_function loss: 0.0287
               Mean surrogate loss: -0.0019
                 Mean entropy loss: -8.2424
                       Mean reward: 6.86
               Mean episode length: 148.70
           Episode_Reward/progress: 0.3575
              Episode_Reward/alive: 0.0748
            Episode_Reward/upright: 0.0133
     Episode_Reward/move_to_target: 0.0706
          Episode_Reward/action_l2: -0.0014
             Episode_Reward/energy: -0.0633
   Episode_Reward/joint_pos_limits: -0.0385
      Episode_Termination/time_out: 0.1383
  Episode_Termination/torso_height: 0.0192
--------------------------------------------------------------------------------
                   Total timesteps: 655360
                    Iteration time: 0.27s
                      Time elapsed: 00:00:02
                               ETA: 00:04:26

################################################################################
                     [1m Learning iteration 1004/1599 [0m                     

                       Computation: 466093 steps/s (collection: 0.210s, learning 0.071s)
             Mean action noise std: 0.09
          Mean value_function loss: 0.0299
               Mean surrogate loss: -0.0022
                 Mean entropy loss: -8.2739
                       Mean reward: 9.13
               Mean episode length: 180.50
           Episode_Reward/progress: 0.4633
              Episode_Reward/alive: 0.0906
            Episode_Reward/upright: 0.0168
     Episode_Reward/move_to_target: 0.0867
          Episode_Reward/action_l2: -0.0017
             Episode_Reward/energy: -0.0781
   Episode_Reward/joint_pos_limits: -0.0458
      Episode_Termination/time_out: 0.1679
  Episode_Termination/torso_height: 0.0223
--------------------------------------------------------------------------------
                   Total timesteps: 786432
                    Iteration time: 0.28s
                      Time elapsed: 00:00:02
                               ETA: 00:04:09

################################################################################
                     [1m Learning iteration 1005/1599 [0m                     

                       Computation: 491100 steps/s (collection: 0.196s, learning 0.071s)
             Mean action noise std: 0.09
          Mean value_function loss: 0.1376
               Mean surrogate loss: -0.0030
                 Mean entropy loss: -8.2780
                       Mean reward: 11.79
               Mean episode length: 219.16
           Episode_Reward/progress: 0.6080
              Episode_Reward/alive: 0.1083
            Episode_Reward/upright: 0.0203
     Episode_Reward/move_to_target: 0.1038
          Episode_Reward/action_l2: -0.0020
             Episode_Reward/energy: -0.0986
   Episode_Reward/joint_pos_limits: -0.0543
      Episode_Termination/time_out: 0.2032
  Episode_Termination/torso_height: 0.0306
--------------------------------------------------------------------------------
                   Total timesteps: 917504
                    Iteration time: 0.27s
                      Time elapsed: 00:00:02
                               ETA: 00:03:56

################################################################################
                     [1m Learning iteration 1006/1599 [0m                     

                       Computation: 485221 steps/s (collection: 0.198s, learning 0.072s)
             Mean action noise std: 0.09
          Mean value_function loss: 0.2171
               Mean surrogate loss: -0.0020
                 Mean entropy loss: -8.2623
                       Mean reward: 12.86
               Mean episode length: 246.01
           Episode_Reward/progress: 0.7078
              Episode_Reward/alive: 0.1232
            Episode_Reward/upright: 0.0235
     Episode_Reward/move_to_target: 0.1201
          Episode_Reward/action_l2: -0.0022
             Episode_Reward/energy: -0.1179
   Episode_Reward/joint_pos_limits: -0.0617
      Episode_Termination/time_out: 0.2314
  Episode_Termination/torso_height: 0.0755
--------------------------------------------------------------------------------
                   Total timesteps: 1048576
                    Iteration time: 0.27s
                      Time elapsed: 00:00:03
                               ETA: 00:03:46

################################################################################
                     [1m Learning iteration 1007/1599 [0m                     

                       Computation: 467296 steps/s (collection: 0.208s, learning 0.073s)
             Mean action noise std: 0.09
          Mean value_function loss: 0.0869
               Mean surrogate loss: -0.0036
                 Mean entropy loss: -8.2638
                       Mean reward: 14.11
               Mean episode length: 269.66
           Episode_Reward/progress: 0.7606
              Episode_Reward/alive: 0.1372
            Episode_Reward/upright: 0.0259
     Episode_Reward/move_to_target: 0.1338
          Episode_Reward/action_l2: -0.0024
             Episode_Reward/energy: -0.1232
   Episode_Reward/joint_pos_limits: -0.0690
      Episode_Termination/time_out: 0.2516
  Episode_Termination/torso_height: 0.1157
--------------------------------------------------------------------------------
                   Total timesteps: 1179648
                    Iteration time: 0.28s
                      Time elapsed: 00:00:03
                               ETA: 00:03:39

################################################################################
                     [1m Learning iteration 1008/1599 [0m                     

                       Computation: 483253 steps/s (collection: 0.201s, learning 0.071s)
             Mean action noise std: 0.09
          Mean value_function loss: 0.1114
               Mean surrogate loss: -0.0024
                 Mean entropy loss: -8.2885
                       Mean reward: 15.93
               Mean episode length: 291.15
           Episode_Reward/progress: 0.8572
              Episode_Reward/alive: 0.1505
            Episode_Reward/upright: 0.0285
     Episode_Reward/move_to_target: 0.1452
          Episode_Reward/action_l2: -0.0026
             Episode_Reward/energy: -0.1305
   Episode_Reward/joint_pos_limits: -0.0766
      Episode_Termination/time_out: 0.2704
  Episode_Termination/torso_height: 0.1301
--------------------------------------------------------------------------------
                   Total timesteps: 1310720
                    Iteration time: 0.27s
                      Time elapsed: 00:00:03
                               ETA: 00:03:33

################################################################################
                     [1m Learning iteration 1009/1599 [0m                     

                       Computation: 483751 steps/s (collection: 0.200s, learning 0.071s)
             Mean action noise std: 0.09
          Mean value_function loss: 0.2191
               Mean surrogate loss: -0.0030
                 Mean entropy loss: -8.2842
                       Mean reward: 18.82
               Mean episode length: 337.76
           Episode_Reward/progress: 1.0101
              Episode_Reward/alive: 0.1686
            Episode_Reward/upright: 0.0323
     Episode_Reward/move_to_target: 0.1644
          Episode_Reward/action_l2: -0.0029
             Episode_Reward/energy: -0.1550
   Episode_Reward/joint_pos_limits: -0.0848
      Episode_Termination/time_out: 0.2903
  Episode_Termination/torso_height: 0.1588
--------------------------------------------------------------------------------
                   Total timesteps: 1441792
                    Iteration time: 0.27s
                      Time elapsed: 00:00:03
                               ETA: 00:03:27

################################################################################
                     [1m Learning iteration 1010/1599 [0m                     

                       Computation: 483465 steps/s (collection: 0.200s, learning 0.071s)
             Mean action noise std: 0.09
          Mean value_function loss: 0.1483
               Mean surrogate loss: -0.0026
                 Mean entropy loss: -8.2873
                       Mean reward: 19.41
               Mean episode length: 359.93
           Episode_Reward/progress: 1.0501
              Episode_Reward/alive: 0.1820
            Episode_Reward/upright: 0.0346
     Episode_Reward/move_to_target: 0.1770
          Episode_Reward/action_l2: -0.0032
             Episode_Reward/energy: -0.1667
   Episode_Reward/joint_pos_limits: -0.0917
      Episode_Termination/time_out: 0.3103
  Episode_Termination/torso_height: 0.2034
--------------------------------------------------------------------------------
                   Total timesteps: 1572864
                    Iteration time: 0.27s
                      Time elapsed: 00:00:04
                               ETA: 00:03:23

################################################################################
                     [1m Learning iteration 1011/1599 [0m                     

                       Computation: 489970 steps/s (collection: 0.196s, learning 0.072s)
             Mean action noise std: 0.09
          Mean value_function loss: 0.1026
               Mean surrogate loss: -0.0026
                 Mean entropy loss: -8.2810
                       Mean reward: 20.47
               Mean episode length: 374.25
           Episode_Reward/progress: 1.1253
              Episode_Reward/alive: 0.1931
            Episode_Reward/upright: 0.0369
     Episode_Reward/move_to_target: 0.1866
          Episode_Reward/action_l2: -0.0033
             Episode_Reward/energy: -0.1719
   Episode_Reward/joint_pos_limits: -0.0978
      Episode_Termination/time_out: 0.3278
  Episode_Termination/torso_height: 0.2276
--------------------------------------------------------------------------------
                   Total timesteps: 1703936
                    Iteration time: 0.27s
                      Time elapsed: 00:00:04
                               ETA: 00:03:19

################################################################################
                     [1m Learning iteration 1012/1599 [0m                     

                       Computation: 487836 steps/s (collection: 0.197s, learning 0.072s)
             Mean action noise std: 0.09
          Mean value_function loss: 0.2464
               Mean surrogate loss: -0.0027
                 Mean entropy loss: -8.2884
                       Mean reward: 20.46
               Mean episode length: 358.23
           Episode_Reward/progress: 1.1651
              Episode_Reward/alive: 0.1935
            Episode_Reward/upright: 0.0371
     Episode_Reward/move_to_target: 0.1878
          Episode_Reward/action_l2: -0.0034
             Episode_Reward/energy: -0.1781
   Episode_Reward/joint_pos_limits: -0.0975
      Episode_Termination/time_out: 0.3434
  Episode_Termination/torso_height: 0.2486
--------------------------------------------------------------------------------
                   Total timesteps: 1835008
                    Iteration time: 0.27s
                      Time elapsed: 00:00:04
                               ETA: 00:03:16

################################################################################
                     [1m Learning iteration 1013/1599 [0m                     

                       Computation: 489112 steps/s (collection: 0.197s, learning 0.071s)
             Mean action noise std: 0.09
          Mean value_function loss: 0.3609
               Mean surrogate loss: -0.0019
                 Mean entropy loss: -8.2670
                       Mean reward: 19.89
               Mean episode length: 355.32
           Episode_Reward/progress: 1.1365
              Episode_Reward/alive: 0.1892
            Episode_Reward/upright: 0.0364
     Episode_Reward/move_to_target: 0.1852
          Episode_Reward/action_l2: -0.0033
             Episode_Reward/energy: -0.1759
   Episode_Reward/joint_pos_limits: -0.0952
      Episode_Termination/time_out: 0.3595
  Episode_Termination/torso_height: 0.2862
--------------------------------------------------------------------------------
                   Total timesteps: 1966080
                    Iteration time: 0.27s
                      Time elapsed: 00:00:04
                               ETA: 00:03:13

################################################################################
                     [1m Learning iteration 1014/1599 [0m                     

                       Computation: 463078 steps/s (collection: 0.212s, learning 0.071s)
             Mean action noise std: 0.09
          Mean value_function loss: 0.2349
               Mean surrogate loss: -0.0033
                 Mean entropy loss: -8.3020
                       Mean reward: 20.49
               Mean episode length: 374.87
           Episode_Reward/progress: 1.1113
              Episode_Reward/alive: 0.1907
            Episode_Reward/upright: 0.0364
     Episode_Reward/move_to_target: 0.1858
          Episode_Reward/action_l2: -0.0033
             Episode_Reward/energy: -0.1742
   Episode_Reward/joint_pos_limits: -0.0960
      Episode_Termination/time_out: 0.3681
  Episode_Termination/torso_height: 0.3202
--------------------------------------------------------------------------------
                   Total timesteps: 2097152
                    Iteration time: 0.28s
                      Time elapsed: 00:00:05
                               ETA: 00:03:11

################################################################################
                     [1m Learning iteration 1015/1599 [0m                     

                       Computation: 491052 steps/s (collection: 0.196s, learning 0.071s)
             Mean action noise std: 0.09
          Mean value_function loss: 0.1974
               Mean surrogate loss: -0.0022
                 Mean entropy loss: -8.2922
                       Mean reward: 25.10
               Mean episode length: 437.98
           Episode_Reward/progress: 1.2530
              Episode_Reward/alive: 0.2107
            Episode_Reward/upright: 0.0401
     Episode_Reward/move_to_target: 0.2048
          Episode_Reward/action_l2: -0.0036
             Episode_Reward/energy: -0.1880
   Episode_Reward/joint_pos_limits: -0.1074
      Episode_Termination/time_out: 0.3761
  Episode_Termination/torso_height: 0.3418
--------------------------------------------------------------------------------
                   Total timesteps: 2228224
                    Iteration time: 0.27s
                      Time elapsed: 00:00:05
                               ETA: 00:03:08

################################################################################
                     [1m Learning iteration 1016/1599 [0m                     

                       Computation: 479682 steps/s (collection: 0.201s, learning 0.072s)
             Mean action noise std: 0.09
          Mean value_function loss: 0.2351
               Mean surrogate loss: -0.0023
                 Mean entropy loss: -8.2887
                       Mean reward: 28.14
               Mean episode length: 494.55
           Episode_Reward/progress: 1.5379
              Episode_Reward/alive: 0.2533
            Episode_Reward/upright: 0.0489
     Episode_Reward/move_to_target: 0.2472
          Episode_Reward/action_l2: -0.0042
             Episode_Reward/energy: -0.2219
   Episode_Reward/joint_pos_limits: -0.1283
      Episode_Termination/time_out: 0.3854
  Episode_Termination/torso_height: 0.3690
--------------------------------------------------------------------------------
                   Total timesteps: 2359296
                    Iteration time: 0.27s
                      Time elapsed: 00:00:05
                               ETA: 00:03:07

################################################################################
                     [1m Learning iteration 1017/1599 [0m                     

                       Computation: 492781 steps/s (collection: 0.195s, learning 0.071s)
             Mean action noise std: 0.09
          Mean value_function loss: 0.1722
               Mean surrogate loss: -0.0011
                 Mean entropy loss: -8.2857
                       Mean reward: 29.45
               Mean episode length: 519.23
           Episode_Reward/progress: 1.5815
              Episode_Reward/alive: 0.2633
            Episode_Reward/upright: 0.0505
     Episode_Reward/move_to_target: 0.2550
          Episode_Reward/action_l2: -0.0044
             Episode_Reward/energy: -0.2261
   Episode_Reward/joint_pos_limits: -0.1342
      Episode_Termination/time_out: 0.3931
  Episode_Termination/torso_height: 0.4026
--------------------------------------------------------------------------------
                   Total timesteps: 2490368
                    Iteration time: 0.27s
                      Time elapsed: 00:00:06
                               ETA: 00:03:05

################################################################################
                     [1m Learning iteration 1018/1599 [0m                     

                       Computation: 484233 steps/s (collection: 0.200s, learning 0.070s)
             Mean action noise std: 0.09
          Mean value_function loss: 0.1596
               Mean surrogate loss: -0.0043
                 Mean entropy loss: -8.3071
                       Mean reward: 28.62
               Mean episode length: 496.88
           Episode_Reward/progress: 1.6166
              Episode_Reward/alive: 0.2641
            Episode_Reward/upright: 0.0507
     Episode_Reward/move_to_target: 0.2572
          Episode_Reward/action_l2: -0.0044
             Episode_Reward/energy: -0.2306
   Episode_Reward/joint_pos_limits: -0.1345
      Episode_Termination/time_out: 0.3984
  Episode_Termination/torso_height: 0.4250
--------------------------------------------------------------------------------
                   Total timesteps: 2621440
                    Iteration time: 0.27s
                      Time elapsed: 00:00:06
                               ETA: 00:03:03

################################################################################
                     [1m Learning iteration 1019/1599 [0m                     

                       Computation: 486199 steps/s (collection: 0.196s, learning 0.073s)
             Mean action noise std: 0.09
          Mean value_function loss: 0.2831
               Mean surrogate loss: -0.0025
                 Mean entropy loss: -8.3100
                       Mean reward: 24.82
               Mean episode length: 437.03
           Episode_Reward/progress: 1.4813
              Episode_Reward/alive: 0.2434
            Episode_Reward/upright: 0.0464
     Episode_Reward/move_to_target: 0.2370
          Episode_Reward/action_l2: -0.0041
             Episode_Reward/energy: -0.2141
   Episode_Reward/joint_pos_limits: -0.1244
      Episode_Termination/time_out: 0.4054
  Episode_Termination/torso_height: 0.4473
--------------------------------------------------------------------------------
                   Total timesteps: 2752512
                    Iteration time: 0.27s
                      Time elapsed: 00:00:06
                               ETA: 00:03:01

################################################################################
                     [1m Learning iteration 1020/1599 [0m                     

                       Computation: 487471 steps/s (collection: 0.199s, learning 0.070s)
             Mean action noise std: 0.09
          Mean value_function loss: 0.3927
               Mean surrogate loss: -0.0025
                 Mean entropy loss: -8.3304
                       Mean reward: 23.74
               Mean episode length: 419.62
           Episode_Reward/progress: 1.3797
              Episode_Reward/alive: 0.2253
            Episode_Reward/upright: 0.0435
     Episode_Reward/move_to_target: 0.2204
          Episode_Reward/action_l2: -0.0038
             Episode_Reward/energy: -0.2052
   Episode_Reward/joint_pos_limits: -0.1139
      Episode_Termination/time_out: 0.4076
  Episode_Termination/torso_height: 0.4754
--------------------------------------------------------------------------------
                   Total timesteps: 2883584
                    Iteration time: 0.27s
                      Time elapsed: 00:00:06
                               ETA: 00:03:00

################################################################################
                     [1m Learning iteration 1021/1599 [0m                     

                       Computation: 477596 steps/s (collection: 0.199s, learning 0.075s)
             Mean action noise std: 0.09
          Mean value_function loss: 0.2992
               Mean surrogate loss: -0.0015
                 Mean entropy loss: -8.3340
                       Mean reward: 24.18
               Mean episode length: 440.74
           Episode_Reward/progress: 1.3037
              Episode_Reward/alive: 0.2184
            Episode_Reward/upright: 0.0419
     Episode_Reward/move_to_target: 0.2122
          Episode_Reward/action_l2: -0.0038
             Episode_Reward/energy: -0.1994
   Episode_Reward/joint_pos_limits: -0.1107
      Episode_Termination/time_out: 0.4067
  Episode_Termination/torso_height: 0.4989
--------------------------------------------------------------------------------
                   Total timesteps: 3014656
                    Iteration time: 0.27s
                      Time elapsed: 00:00:07
                               ETA: 00:02:59

################################################################################
                     [1m Learning iteration 1022/1599 [0m                     

                       Computation: 490714 steps/s (collection: 0.196s, learning 0.071s)
             Mean action noise std: 0.09
          Mean value_function loss: 0.2477
               Mean surrogate loss: -0.0010
                 Mean entropy loss: -8.3205
                       Mean reward: 28.11
               Mean episode length: 493.21
           Episode_Reward/progress: 1.4512
              Episode_Reward/alive: 0.2402
            Episode_Reward/upright: 0.0461
     Episode_Reward/move_to_target: 0.2347
          Episode_Reward/action_l2: -0.0041
             Episode_Reward/energy: -0.2152
   Episode_Reward/joint_pos_limits: -0.1218
      Episode_Termination/time_out: 0.4046
  Episode_Termination/torso_height: 0.5174
--------------------------------------------------------------------------------
                   Total timesteps: 3145728
                    Iteration time: 0.27s
                      Time elapsed: 00:00:07
                               ETA: 00:02:57

################################################################################
                     [1m Learning iteration 1023/1599 [0m                     

                       Computation: 486438 steps/s (collection: 0.199s, learning 0.071s)
             Mean action noise std: 0.09
          Mean value_function loss: 0.2183
               Mean surrogate loss: -0.0025
                 Mean entropy loss: -8.3520
                       Mean reward: 30.59
               Mean episode length: 535.37
           Episode_Reward/progress: 1.6514
              Episode_Reward/alive: 0.2708
            Episode_Reward/upright: 0.0522
     Episode_Reward/move_to_target: 0.2628
          Episode_Reward/action_l2: -0.0045
             Episode_Reward/energy: -0.2360
   Episode_Reward/joint_pos_limits: -0.1381
      Episode_Termination/time_out: 0.4046
  Episode_Termination/torso_height: 0.5387
--------------------------------------------------------------------------------
                   Total timesteps: 3276800
                    Iteration time: 0.27s
                      Time elapsed: 00:00:07
                               ETA: 00:02:56

################################################################################
                     [1m Learning iteration 1024/1599 [0m                     

                       Computation: 489867 steps/s (collection: 0.197s, learning 0.071s)
             Mean action noise std: 0.09
          Mean value_function loss: 0.1875
               Mean surrogate loss: -0.0012
                 Mean entropy loss: -8.3285
                       Mean reward: 31.30
               Mean episode length: 550.52
           Episode_Reward/progress: 1.6262
              Episode_Reward/alive: 0.2702
            Episode_Reward/upright: 0.0516
     Episode_Reward/move_to_target: 0.2606
          Episode_Reward/action_l2: -0.0046
             Episode_Reward/energy: -0.2372
   Episode_Reward/joint_pos_limits: -0.1374
      Episode_Termination/time_out: 0.4005
  Episode_Termination/torso_height: 0.5593
--------------------------------------------------------------------------------
                   Total timesteps: 3407872
                    Iteration time: 0.27s
                      Time elapsed: 00:00:07
                               ETA: 00:02:55

################################################################################
                     [1m Learning iteration 1025/1599 [0m                     

                       Computation: 482595 steps/s (collection: 0.200s, learning 0.072s)
             Mean action noise std: 0.09
          Mean value_function loss: 0.1988
               Mean surrogate loss: -0.0012
                 Mean entropy loss: -8.3145
                       Mean reward: 33.98
               Mean episode length: 583.46
           Episode_Reward/progress: 1.8462
              Episode_Reward/alive: 0.3015
            Episode_Reward/upright: 0.0581
     Episode_Reward/move_to_target: 0.2933
          Episode_Reward/action_l2: -0.0050
             Episode_Reward/energy: -0.2625
   Episode_Reward/joint_pos_limits: -0.1534
      Episode_Termination/time_out: 0.3941
  Episode_Termination/torso_height: 0.5792
--------------------------------------------------------------------------------
                   Total timesteps: 3538944
                    Iteration time: 0.27s
                      Time elapsed: 00:00:08
                               ETA: 00:02:54

################################################################################
                     [1m Learning iteration 1026/1599 [0m                     

                       Computation: 492110 steps/s (collection: 0.195s, learning 0.072s)
             Mean action noise std: 0.09
          Mean value_function loss: 0.2313
               Mean surrogate loss: -0.0025
                 Mean entropy loss: -8.3499
                       Mean reward: 28.87
               Mean episode length: 497.00
           Episode_Reward/progress: 1.5895
              Episode_Reward/alive: 0.2581
            Episode_Reward/upright: 0.0494
     Episode_Reward/move_to_target: 0.2489
          Episode_Reward/action_l2: -0.0044
             Episode_Reward/energy: -0.2277
   Episode_Reward/joint_pos_limits: -0.1328
      Episode_Termination/time_out: 0.3857
  Episode_Termination/torso_height: 0.5984
--------------------------------------------------------------------------------
                   Total timesteps: 3670016
                    Iteration time: 0.27s
                      Time elapsed: 00:00:08
                               ETA: 00:02:53

################################################################################
                     [1m Learning iteration 1027/1599 [0m                     

                       Computation: 486744 steps/s (collection: 0.197s, learning 0.072s)
             Mean action noise std: 0.09
          Mean value_function loss: 0.2976
               Mean surrogate loss: -0.0020
                 Mean entropy loss: -8.3142
                       Mean reward: 25.98
               Mean episode length: 450.87
           Episode_Reward/progress: 1.5164
              Episode_Reward/alive: 0.2448
            Episode_Reward/upright: 0.0474
     Episode_Reward/move_to_target: 0.2398
          Episode_Reward/action_l2: -0.0042
             Episode_Reward/energy: -0.2246
   Episode_Reward/joint_pos_limits: -0.1243
      Episode_Termination/time_out: 0.3762
  Episode_Termination/torso_height: 0.6154
--------------------------------------------------------------------------------
                   Total timesteps: 3801088
                    Iteration time: 0.27s
                      Time elapsed: 00:00:08
                               ETA: 00:02:52

################################################################################
                     [1m Learning iteration 1028/1599 [0m                     

                       Computation: 491443 steps/s (collection: 0.196s, learning 0.071s)
             Mean action noise std: 0.09
          Mean value_function loss: 0.2706
               Mean surrogate loss: -0.0023
                 Mean entropy loss: -8.3310
                       Mean reward: 26.99
               Mean episode length: 479.33
           Episode_Reward/progress: 1.4415
              Episode_Reward/alive: 0.2373
            Episode_Reward/upright: 0.0458
     Episode_Reward/move_to_target: 0.2322
          Episode_Reward/action_l2: -0.0040
             Episode_Reward/energy: -0.2142
   Episode_Reward/joint_pos_limits: -0.1202
      Episode_Termination/time_out: 0.3658
  Episode_Termination/torso_height: 0.6317
--------------------------------------------------------------------------------
                   Total timesteps: 3932160
                    Iteration time: 0.27s
                      Time elapsed: 00:00:09
                               ETA: 00:02:51

################################################################################
                     [1m Learning iteration 1029/1599 [0m                     

                       Computation: 467684 steps/s (collection: 0.210s, learning 0.070s)
             Mean action noise std: 0.09
          Mean value_function loss: 0.2463
               Mean surrogate loss: -0.0013
                 Mean entropy loss: -8.3178
                       Mean reward: 24.88
               Mean episode length: 438.90
           Episode_Reward/progress: 1.4296
              Episode_Reward/alive: 0.2369
            Episode_Reward/upright: 0.0455
     Episode_Reward/move_to_target: 0.2312
          Episode_Reward/action_l2: -0.0041
             Episode_Reward/energy: -0.2154
   Episode_Reward/joint_pos_limits: -0.1199
      Episode_Termination/time_out: 0.3519
  Episode_Termination/torso_height: 0.6481
--------------------------------------------------------------------------------
                   Total timesteps: 4063232
                    Iteration time: 0.28s
                      Time elapsed: 00:00:09
                               ETA: 00:02:50

################################################################################
                     [1m Learning iteration 1030/1599 [0m                     

                       Computation: 484930 steps/s (collection: 0.199s, learning 0.071s)
             Mean action noise std: 0.09
          Mean value_function loss: 0.2572
               Mean surrogate loss: -0.0022
                 Mean entropy loss: -8.3280
                       Mean reward: 28.06
               Mean episode length: 495.41
           Episode_Reward/progress: 1.4170
              Episode_Reward/alive: 0.2343
            Episode_Reward/upright: 0.0450
     Episode_Reward/move_to_target: 0.2287
          Episode_Reward/action_l2: -0.0040
             Episode_Reward/energy: -0.2100
   Episode_Reward/joint_pos_limits: -0.1199
      Episode_Termination/time_out: 0.3377
  Episode_Termination/torso_height: 0.6623
--------------------------------------------------------------------------------
                   Total timesteps: 4194304
                    Iteration time: 0.27s
                      Time elapsed: 00:00:09
                               ETA: 00:02:49

################################################################################
                     [1m Learning iteration 1031/1599 [0m                     

                       Computation: 485179 steps/s (collection: 0.199s, learning 0.071s)
             Mean action noise std: 0.09
          Mean value_function loss: 0.2697
               Mean surrogate loss: -0.0016
                 Mean entropy loss: -8.3000
                       Mean reward: 28.85
               Mean episode length: 511.79
           Episode_Reward/progress: 1.4876
              Episode_Reward/alive: 0.2439
            Episode_Reward/upright: 0.0468
     Episode_Reward/move_to_target: 0.2382
          Episode_Reward/action_l2: -0.0041
             Episode_Reward/energy: -0.2196
   Episode_Reward/joint_pos_limits: -0.1238
      Episode_Termination/time_out: 0.3207
  Episode_Termination/torso_height: 0.6793
--------------------------------------------------------------------------------
                   Total timesteps: 4325376
                    Iteration time: 0.27s
                      Time elapsed: 00:00:09
                               ETA: 00:02:49

################################################################################
                     [1m Learning iteration 1032/1599 [0m                     

                       Computation: 470834 steps/s (collection: 0.208s, learning 0.071s)
             Mean action noise std: 0.09
          Mean value_function loss: 0.2575
               Mean surrogate loss: -0.0036
                 Mean entropy loss: -8.3104
                       Mean reward: 29.11
               Mean episode length: 515.48
           Episode_Reward/progress: 1.5873
              Episode_Reward/alive: 0.2625
            Episode_Reward/upright: 0.0501
     Episode_Reward/move_to_target: 0.2548
          Episode_Reward/action_l2: -0.0044
             Episode_Reward/energy: -0.2312
   Episode_Reward/joint_pos_limits: -0.1349
      Episode_Termination/time_out: 0.3026
  Episode_Termination/torso_height: 0.6974
--------------------------------------------------------------------------------
                   Total timesteps: 4456448
                    Iteration time: 0.28s
                      Time elapsed: 00:00:10
                               ETA: 00:02:48

################################################################################
                     [1m Learning iteration 1033/1599 [0m                     

                       Computation: 487081 steps/s (collection: 0.197s, learning 0.072s)
             Mean action noise std: 0.09
          Mean value_function loss: 0.2528
               Mean surrogate loss: -0.0023
                 Mean entropy loss: -8.3090
                       Mean reward: 29.69
               Mean episode length: 514.43
           Episode_Reward/progress: 1.6029
              Episode_Reward/alive: 0.2617
            Episode_Reward/upright: 0.0503
     Episode_Reward/move_to_target: 0.2542
          Episode_Reward/action_l2: -0.0044
             Episode_Reward/energy: -0.2300
   Episode_Reward/joint_pos_limits: -0.1343
      Episode_Termination/time_out: 0.2872
  Episode_Termination/torso_height: 0.7128
--------------------------------------------------------------------------------
                   Total timesteps: 4587520
                    Iteration time: 0.27s
                      Time elapsed: 00:00:10
                               ETA: 00:02:47

################################################################################
                     [1m Learning iteration 1034/1599 [0m                     

                       Computation: 488759 steps/s (collection: 0.197s, learning 0.072s)
             Mean action noise std: 0.09
          Mean value_function loss: 0.3130
               Mean surrogate loss: -0.0022
                 Mean entropy loss: -8.3124
                       Mean reward: 30.93
               Mean episode length: 539.42
           Episode_Reward/progress: 1.6053
              Episode_Reward/alive: 0.2623
            Episode_Reward/upright: 0.0507
     Episode_Reward/move_to_target: 0.2566
          Episode_Reward/action_l2: -0.0044
             Episode_Reward/energy: -0.2332
   Episode_Reward/joint_pos_limits: -0.1343
      Episode_Termination/time_out: 0.2747
  Episode_Termination/torso_height: 0.7253
--------------------------------------------------------------------------------
                   Total timesteps: 4718592
                    Iteration time: 0.27s
                      Time elapsed: 00:00:10
                               ETA: 00:02:46

################################################################################
                     [1m Learning iteration 1035/1599 [0m                     

                       Computation: 466552 steps/s (collection: 0.209s, learning 0.072s)
             Mean action noise std: 0.09
          Mean value_function loss: 0.2782
               Mean surrogate loss: -0.0024
                 Mean entropy loss: -8.3124
                       Mean reward: 27.14
               Mean episode length: 478.68
           Episode_Reward/progress: 1.4884
              Episode_Reward/alive: 0.2451
            Episode_Reward/upright: 0.0471
     Episode_Reward/move_to_target: 0.2387
          Episode_Reward/action_l2: -0.0041
             Episode_Reward/energy: -0.2169
   Episode_Reward/joint_pos_limits: -0.1259
      Episode_Termination/time_out: 0.2620
  Episode_Termination/torso_height: 0.7380
--------------------------------------------------------------------------------
                   Total timesteps: 4849664
                    Iteration time: 0.28s
                      Time elapsed: 00:00:10
                               ETA: 00:02:46

################################################################################
                     [1m Learning iteration 1036/1599 [0m                     

                       Computation: 463916 steps/s (collection: 0.212s, learning 0.071s)
             Mean action noise std: 0.09
          Mean value_function loss: 0.2202
               Mean surrogate loss: -0.0019
                 Mean entropy loss: -8.3131
                       Mean reward: 25.78
               Mean episode length: 455.35
           Episode_Reward/progress: 1.4654
              Episode_Reward/alive: 0.2417
            Episode_Reward/upright: 0.0461
     Episode_Reward/move_to_target: 0.2347
          Episode_Reward/action_l2: -0.0040
             Episode_Reward/energy: -0.2109
   Episode_Reward/joint_pos_limits: -0.1236
      Episode_Termination/time_out: 0.2517
  Episode_Termination/torso_height: 0.7483
--------------------------------------------------------------------------------
                   Total timesteps: 4980736
                    Iteration time: 0.28s
                      Time elapsed: 00:00:11
                               ETA: 00:02:45

################################################################################
                     [1m Learning iteration 1037/1599 [0m                     

                       Computation: 492707 steps/s (collection: 0.195s, learning 0.071s)
             Mean action noise std: 0.09
          Mean value_function loss: 0.2202
               Mean surrogate loss: -0.0021
                 Mean entropy loss: -8.3047
                       Mean reward: 26.99
               Mean episode length: 474.53
           Episode_Reward/progress: 1.6614
              Episode_Reward/alive: 0.2725
            Episode_Reward/upright: 0.0527
     Episode_Reward/move_to_target: 0.2664
          Episode_Reward/action_l2: -0.0045
             Episode_Reward/energy: -0.2373
   Episode_Reward/joint_pos_limits: -0.1392
      Episode_Termination/time_out: 0.2402
  Episode_Termination/torso_height: 0.7598
--------------------------------------------------------------------------------
                   Total timesteps: 5111808
                    Iteration time: 0.27s
                      Time elapsed: 00:00:11
                               ETA: 00:02:45

################################################################################
                     [1m Learning iteration 1038/1599 [0m                     

                       Computation: 492621 steps/s (collection: 0.195s, learning 0.071s)
             Mean action noise std: 0.09
          Mean value_function loss: 0.2220
               Mean surrogate loss: -0.0032
                 Mean entropy loss: -8.3209
                       Mean reward: 27.92
               Mean episode length: 489.88
           Episode_Reward/progress: 1.5959
              Episode_Reward/alive: 0.2613
            Episode_Reward/upright: 0.0504
     Episode_Reward/move_to_target: 0.2552
          Episode_Reward/action_l2: -0.0044
             Episode_Reward/energy: -0.2306
   Episode_Reward/joint_pos_limits: -0.1332
      Episode_Termination/time_out: 0.2299
  Episode_Termination/torso_height: 0.7701
--------------------------------------------------------------------------------
                   Total timesteps: 5242880
                    Iteration time: 0.27s
                      Time elapsed: 00:00:11
                               ETA: 00:02:44

################################################################################
                     [1m Learning iteration 1039/1599 [0m                     

                       Computation: 482135 steps/s (collection: 0.196s, learning 0.076s)
             Mean action noise std: 0.09
          Mean value_function loss: 0.2223
               Mean surrogate loss: -0.0015
                 Mean entropy loss: -8.3067
                       Mean reward: 31.73
               Mean episode length: 556.41
           Episode_Reward/progress: 1.7724
              Episode_Reward/alive: 0.2886
            Episode_Reward/upright: 0.0557
     Episode_Reward/move_to_target: 0.2813
          Episode_Reward/action_l2: -0.0048
             Episode_Reward/energy: -0.2557
   Episode_Reward/joint_pos_limits: -0.1469
      Episode_Termination/time_out: 0.2168
  Episode_Termination/torso_height: 0.7832
--------------------------------------------------------------------------------
                   Total timesteps: 5373952
                    Iteration time: 0.27s
                      Time elapsed: 00:00:12
                               ETA: 00:02:43

################################################################################
                     [1m Learning iteration 1040/1599 [0m                     

                       Computation: 498425 steps/s (collection: 0.193s, learning 0.070s)
             Mean action noise std: 0.09
          Mean value_function loss: 0.2933
               Mean surrogate loss: -0.0024
                 Mean entropy loss: -8.3307
                       Mean reward: 29.33
               Mean episode length: 506.66
           Episode_Reward/progress: 1.6905
              Episode_Reward/alive: 0.2739
            Episode_Reward/upright: 0.0527
     Episode_Reward/move_to_target: 0.2684
          Episode_Reward/action_l2: -0.0046
             Episode_Reward/energy: -0.2413
   Episode_Reward/joint_pos_limits: -0.1390
      Episode_Termination/time_out: 0.2043
  Episode_Termination/torso_height: 0.7957
--------------------------------------------------------------------------------
                   Total timesteps: 5505024
                    Iteration time: 0.26s
                      Time elapsed: 00:00:12
                               ETA: 00:02:43

################################################################################
                     [1m Learning iteration 1041/1599 [0m                     

                       Computation: 492622 steps/s (collection: 0.195s, learning 0.071s)
             Mean action noise std: 0.09
          Mean value_function loss: 0.3382
               Mean surrogate loss: 0.0024
                 Mean entropy loss: -8.3437
                       Mean reward: 27.55
               Mean episode length: 479.40
           Episode_Reward/progress: 1.6019
              Episode_Reward/alive: 0.2597
            Episode_Reward/upright: 0.0502
     Episode_Reward/move_to_target: 0.2538
          Episode_Reward/action_l2: -0.0044
             Episode_Reward/energy: -0.2318
   Episode_Reward/joint_pos_limits: -0.1327
      Episode_Termination/time_out: 0.1918
  Episode_Termination/torso_height: 0.8082
--------------------------------------------------------------------------------
                   Total timesteps: 5636096
                    Iteration time: 0.27s
                      Time elapsed: 00:00:12
                               ETA: 00:02:42

################################################################################
                     [1m Learning iteration 1042/1599 [0m                     

                       Computation: 489505 steps/s (collection: 0.197s, learning 0.070s)
             Mean action noise std: 0.09
          Mean value_function loss: 0.3490
               Mean surrogate loss: -0.0031
                 Mean entropy loss: -8.3792
                       Mean reward: 26.56
               Mean episode length: 465.61
           Episode_Reward/progress: 1.5253
              Episode_Reward/alive: 0.2497
            Episode_Reward/upright: 0.0483
     Episode_Reward/move_to_target: 0.2441
          Episode_Reward/action_l2: -0.0042
             Episode_Reward/energy: -0.2241
   Episode_Reward/joint_pos_limits: -0.1265
      Episode_Termination/time_out: 0.1791
  Episode_Termination/torso_height: 0.8209
--------------------------------------------------------------------------------
                   Total timesteps: 5767168
                    Iteration time: 0.27s
                      Time elapsed: 00:00:12
                               ETA: 00:02:42

################################################################################
                     [1m Learning iteration 1043/1599 [0m                     

                       Computation: 470364 steps/s (collection: 0.204s, learning 0.075s)
             Mean action noise std: 0.09
          Mean value_function loss: 0.3067
               Mean surrogate loss: -0.0021
                 Mean entropy loss: -8.3697
                       Mean reward: 25.12
               Mean episode length: 446.94
           Episode_Reward/progress: 1.4700
              Episode_Reward/alive: 0.2429
            Episode_Reward/upright: 0.0469
     Episode_Reward/move_to_target: 0.2376
          Episode_Reward/action_l2: -0.0041
             Episode_Reward/energy: -0.2194
   Episode_Reward/joint_pos_limits: -0.1233
      Episode_Termination/time_out: 0.1702
  Episode_Termination/torso_height: 0.8298
--------------------------------------------------------------------------------
                   Total timesteps: 5898240
                    Iteration time: 0.28s
                      Time elapsed: 00:00:13
                               ETA: 00:02:41

################################################################################
                     [1m Learning iteration 1044/1599 [0m                     

                       Computation: 490909 steps/s (collection: 0.196s, learning 0.071s)
             Mean action noise std: 0.09
          Mean value_function loss: 0.2200
               Mean surrogate loss: -0.0018
                 Mean entropy loss: -8.3908
                       Mean reward: 26.56
               Mean episode length: 473.22
           Episode_Reward/progress: 1.4444
              Episode_Reward/alive: 0.2407
            Episode_Reward/upright: 0.0460
     Episode_Reward/move_to_target: 0.2349
          Episode_Reward/action_l2: -0.0041
             Episode_Reward/energy: -0.2146
   Episode_Reward/joint_pos_limits: -0.1222
      Episode_Termination/time_out: 0.1635
  Episode_Termination/torso_height: 0.8365
--------------------------------------------------------------------------------
                   Total timesteps: 6029312
                    Iteration time: 0.27s
                      Time elapsed: 00:00:13
                               ETA: 00:02:41

################################################################################
                     [1m Learning iteration 1045/1599 [0m                     

                       Computation: 491463 steps/s (collection: 0.196s, learning 0.071s)
             Mean action noise std: 0.09
          Mean value_function loss: 0.2310
               Mean surrogate loss: -0.0026
                 Mean entropy loss: -8.3827
                       Mean reward: 25.85
               Mean episode length: 456.02
           Episode_Reward/progress: 1.5577
              Episode_Reward/alive: 0.2592
            Episode_Reward/upright: 0.0494
     Episode_Reward/move_to_target: 0.2502
          Episode_Reward/action_l2: -0.0044
             Episode_Reward/energy: -0.2297
   Episode_Reward/joint_pos_limits: -0.1325
      Episode_Termination/time_out: 0.1566
  Episode_Termination/torso_height: 0.8434
--------------------------------------------------------------------------------
                   Total timesteps: 6160384
                    Iteration time: 0.27s
                      Time elapsed: 00:00:13
                               ETA: 00:02:40

################################################################################
                     [1m Learning iteration 1046/1599 [0m                     

                       Computation: 468937 steps/s (collection: 0.204s, learning 0.076s)
             Mean action noise std: 0.09
          Mean value_function loss: 0.2138
               Mean surrogate loss: -0.0020
                 Mean entropy loss: -8.3856
                       Mean reward: 30.81
               Mean episode length: 543.49
           Episode_Reward/progress: 1.5845
              Episode_Reward/alive: 0.2615
            Episode_Reward/upright: 0.0502
     Episode_Reward/move_to_target: 0.2543
          Episode_Reward/action_l2: -0.0044
             Episode_Reward/energy: -0.2276
   Episode_Reward/joint_pos_limits: -0.1337
      Episode_Termination/time_out: 0.1497
  Episode_Termination/torso_height: 0.8503
--------------------------------------------------------------------------------
                   Total timesteps: 6291456
                    Iteration time: 0.28s
                      Time elapsed: 00:00:13
                               ETA: 00:02:40

################################################################################
                     [1m Learning iteration 1047/1599 [0m                     

                       Computation: 435628 steps/s (collection: 0.222s, learning 0.078s)
             Mean action noise std: 0.09
          Mean value_function loss: 0.1806
               Mean surrogate loss: -0.0018
                 Mean entropy loss: -8.4129
                       Mean reward: 31.98
               Mean episode length: 552.00
           Episode_Reward/progress: 1.8809
              Episode_Reward/alive: 0.3057
            Episode_Reward/upright: 0.0590
     Episode_Reward/move_to_target: 0.2975
          Episode_Reward/action_l2: -0.0051
             Episode_Reward/energy: -0.2645
   Episode_Reward/joint_pos_limits: -0.1549
      Episode_Termination/time_out: 0.1413
  Episode_Termination/torso_height: 0.8587
--------------------------------------------------------------------------------
                   Total timesteps: 6422528
                    Iteration time: 0.30s
                      Time elapsed: 00:00:14
                               ETA: 00:02:39

################################################################################
                     [1m Learning iteration 1048/1599 [0m                     

                       Computation: 448563 steps/s (collection: 0.220s, learning 0.072s)
             Mean action noise std: 0.09
          Mean value_function loss: 0.2461
               Mean surrogate loss: -0.0013
                 Mean entropy loss: -8.4071
                       Mean reward: 31.92
               Mean episode length: 555.05
           Episode_Reward/progress: 1.7358
              Episode_Reward/alive: 0.2825
            Episode_Reward/upright: 0.0547
     Episode_Reward/move_to_target: 0.2761
          Episode_Reward/action_l2: -0.0047
             Episode_Reward/energy: -0.2481
   Episode_Reward/joint_pos_limits: -0.1441
      Episode_Termination/time_out: 0.1350
  Episode_Termination/torso_height: 0.8650
--------------------------------------------------------------------------------
                   Total timesteps: 6553600
                    Iteration time: 0.29s
                      Time elapsed: 00:00:14
                               ETA: 00:02:39

################################################################################
                     [1m Learning iteration 1049/1599 [0m                     

                       Computation: 504722 steps/s (collection: 0.190s, learning 0.070s)
             Mean action noise std: 0.09
          Mean value_function loss: 0.2328
               Mean surrogate loss: -0.0029
                 Mean entropy loss: -8.4314
                       Mean reward: 26.60
               Mean episode length: 471.38
           Episode_Reward/progress: 1.5332
              Episode_Reward/alive: 0.2532
            Episode_Reward/upright: 0.0485
     Episode_Reward/move_to_target: 0.2464
          Episode_Reward/action_l2: -0.0043
             Episode_Reward/energy: -0.2251
   Episode_Reward/joint_pos_limits: -0.1286
      Episode_Termination/time_out: 0.1308
  Episode_Termination/torso_height: 0.8692
--------------------------------------------------------------------------------
                   Total timesteps: 6684672
                    Iteration time: 0.26s
                      Time elapsed: 00:00:14
                               ETA: 00:02:39

################################################################################
                     [1m Learning iteration 1050/1599 [0m                     

                       Computation: 496788 steps/s (collection: 0.189s, learning 0.075s)
             Mean action noise std: 0.09
          Mean value_function loss: 0.2518
               Mean surrogate loss: -0.0031
                 Mean entropy loss: -8.4460
                       Mean reward: 26.16
               Mean episode length: 463.83
           Episode_Reward/progress: 1.5281
              Episode_Reward/alive: 0.2524
            Episode_Reward/upright: 0.0489
     Episode_Reward/move_to_target: 0.2457
          Episode_Reward/action_l2: -0.0042
             Episode_Reward/energy: -0.2229
   Episode_Reward/joint_pos_limits: -0.1271
      Episode_Termination/time_out: 0.1274
  Episode_Termination/torso_height: 0.8726
--------------------------------------------------------------------------------
                   Total timesteps: 6815744
                    Iteration time: 0.26s
                      Time elapsed: 00:00:15
                               ETA: 00:02:38

################################################################################
                     [1m Learning iteration 1051/1599 [0m                     

                       Computation: 492737 steps/s (collection: 0.196s, learning 0.070s)
             Mean action noise std: 0.09
          Mean value_function loss: 0.2688
               Mean surrogate loss: -0.0025
                 Mean entropy loss: -8.4376
                       Mean reward: 28.26
               Mean episode length: 493.87
           Episode_Reward/progress: 1.5723
              Episode_Reward/alive: 0.2555
            Episode_Reward/upright: 0.0496
     Episode_Reward/move_to_target: 0.2503
          Episode_Reward/action_l2: -0.0043
             Episode_Reward/energy: -0.2304
   Episode_Reward/joint_pos_limits: -0.1287
      Episode_Termination/time_out: 0.1242
  Episode_Termination/torso_height: 0.8758
--------------------------------------------------------------------------------
                   Total timesteps: 6946816
                    Iteration time: 0.27s
                      Time elapsed: 00:00:15
                               ETA: 00:02:37

################################################################################
                     [1m Learning iteration 1052/1599 [0m                     

                       Computation: 497554 steps/s (collection: 0.193s, learning 0.070s)
             Mean action noise std: 0.09
          Mean value_function loss: 0.3070
               Mean surrogate loss: -0.0032
                 Mean entropy loss: -8.4437
                       Mean reward: 29.45
               Mean episode length: 519.62
           Episode_Reward/progress: 1.5988
              Episode_Reward/alive: 0.2626
            Episode_Reward/upright: 0.0509
     Episode_Reward/move_to_target: 0.2569
          Episode_Reward/action_l2: -0.0044
             Episode_Reward/energy: -0.2354
   Episode_Reward/joint_pos_limits: -0.1328
      Episode_Termination/time_out: 0.1227
  Episode_Termination/torso_height: 0.8773
--------------------------------------------------------------------------------
                   Total timesteps: 7077888
                    Iteration time: 0.26s
                      Time elapsed: 00:00:15
                               ETA: 00:02:37

################################################################################
                     [1m Learning iteration 1053/1599 [0m                     

                       Computation: 486841 steps/s (collection: 0.199s, learning 0.071s)
             Mean action noise std: 0.09
          Mean value_function loss: 0.2730
               Mean surrogate loss: -0.0002
                 Mean entropy loss: -8.4305
                       Mean reward: 28.17
               Mean episode length: 493.94
           Episode_Reward/progress: 1.6286
              Episode_Reward/alive: 0.2646
            Episode_Reward/upright: 0.0514
     Episode_Reward/move_to_target: 0.2589
          Episode_Reward/action_l2: -0.0044
             Episode_Reward/energy: -0.2372
   Episode_Reward/joint_pos_limits: -0.1330
      Episode_Termination/time_out: 0.1197
  Episode_Termination/torso_height: 0.8803
--------------------------------------------------------------------------------
                   Total timesteps: 7208960
                    Iteration time: 0.27s
                      Time elapsed: 00:00:15
                               ETA: 00:02:36

################################################################################
                     [1m Learning iteration 1054/1599 [0m                     

                       Computation: 482640 steps/s (collection: 0.196s, learning 0.076s)
             Mean action noise std: 0.09
          Mean value_function loss: 0.2814
               Mean surrogate loss: -0.0042
                 Mean entropy loss: -8.4535
                       Mean reward: 31.71
               Mean episode length: 551.13
           Episode_Reward/progress: 1.6609
              Episode_Reward/alive: 0.2730
            Episode_Reward/upright: 0.0527
     Episode_Reward/move_to_target: 0.2668
          Episode_Reward/action_l2: -0.0045
             Episode_Reward/energy: -0.2411
   Episode_Reward/joint_pos_limits: -0.1370
      Episode_Termination/time_out: 0.1172
  Episode_Termination/torso_height: 0.8828
--------------------------------------------------------------------------------
                   Total timesteps: 7340032
                    Iteration time: 0.27s
                      Time elapsed: 00:00:16
                               ETA: 00:02:36

################################################################################
                     [1m Learning iteration 1055/1599 [0m                     

                       Computation: 426093 steps/s (collection: 0.233s, learning 0.074s)
             Mean action noise std: 0.08
          Mean value_function loss: 0.2775
               Mean surrogate loss: -0.0021
                 Mean entropy loss: -8.4684
                       Mean reward: 25.29
               Mean episode length: 449.39
           Episode_Reward/progress: 1.5653
              Episode_Reward/alive: 0.2584
            Episode_Reward/upright: 0.0497
     Episode_Reward/move_to_target: 0.2517
          Episode_Reward/action_l2: -0.0043
             Episode_Reward/energy: -0.2280
   Episode_Reward/joint_pos_limits: -0.1300
      Episode_Termination/time_out: 0.1154
  Episode_Termination/torso_height: 0.8846
--------------------------------------------------------------------------------
                   Total timesteps: 7471104
                    Iteration time: 0.31s
                      Time elapsed: 00:00:16
                               ETA: 00:02:36

################################################################################
                     [1m Learning iteration 1056/1599 [0m                     

                       Computation: 464848 steps/s (collection: 0.208s, learning 0.074s)
             Mean action noise std: 0.08
          Mean value_function loss: 0.2665
               Mean surrogate loss: -0.0015
                 Mean entropy loss: -8.4787
                       Mean reward: 23.96
               Mean episode length: 427.62
           Episode_Reward/progress: 1.4571
              Episode_Reward/alive: 0.2394
            Episode_Reward/upright: 0.0460
     Episode_Reward/move_to_target: 0.2324
          Episode_Reward/action_l2: -0.0040
             Episode_Reward/energy: -0.2132
   Episode_Reward/joint_pos_limits: -0.1202
      Episode_Termination/time_out: 0.1143
  Episode_Termination/torso_height: 0.8857
--------------------------------------------------------------------------------
                   Total timesteps: 7602176
                    Iteration time: 0.28s
                      Time elapsed: 00:00:16
                               ETA: 00:02:36

################################################################################
                     [1m Learning iteration 1057/1599 [0m                     

                       Computation: 465317 steps/s (collection: 0.204s, learning 0.077s)
             Mean action noise std: 0.08
          Mean value_function loss: 0.2727
               Mean surrogate loss: -0.0024
                 Mean entropy loss: -8.4884
                       Mean reward: 28.34
               Mean episode length: 501.80
           Episode_Reward/progress: 1.5017
              Episode_Reward/alive: 0.2483
            Episode_Reward/upright: 0.0480
     Episode_Reward/move_to_target: 0.2407
          Episode_Reward/action_l2: -0.0042
             Episode_Reward/energy: -0.2229
   Episode_Reward/joint_pos_limits: -0.1245
      Episode_Termination/time_out: 0.1142
  Episode_Termination/torso_height: 0.8858
--------------------------------------------------------------------------------
                   Total timesteps: 7733248
                    Iteration time: 0.28s
                      Time elapsed: 00:00:16
                               ETA: 00:02:35

################################################################################
                     [1m Learning iteration 1058/1599 [0m                     

                       Computation: 394810 steps/s (collection: 0.257s, learning 0.075s)
             Mean action noise std: 0.08
          Mean value_function loss: 0.2497
               Mean surrogate loss: -0.0012
                 Mean entropy loss: -8.5079
                       Mean reward: 29.61
               Mean episode length: 518.11
           Episode_Reward/progress: 1.5649
              Episode_Reward/alive: 0.2586
            Episode_Reward/upright: 0.0500
     Episode_Reward/move_to_target: 0.2521
          Episode_Reward/action_l2: -0.0043
             Episode_Reward/energy: -0.2279
   Episode_Reward/joint_pos_limits: -0.1298
      Episode_Termination/time_out: 0.1140
  Episode_Termination/torso_height: 0.8860
--------------------------------------------------------------------------------
                   Total timesteps: 7864320
                    Iteration time: 0.33s
                      Time elapsed: 00:00:17
                               ETA: 00:02:35

################################################################################
                     [1m Learning iteration 1059/1599 [0m                     

                       Computation: 448192 steps/s (collection: 0.219s, learning 0.073s)
             Mean action noise std: 0.08
          Mean value_function loss: 0.2367
               Mean surrogate loss: -0.0032
                 Mean entropy loss: -8.4911
                       Mean reward: 28.42
               Mean episode length: 500.30
           Episode_Reward/progress: 1.5025
              Episode_Reward/alive: 0.2483
            Episode_Reward/upright: 0.0480
     Episode_Reward/move_to_target: 0.2411
          Episode_Reward/action_l2: -0.0041
             Episode_Reward/energy: -0.2208
   Episode_Reward/joint_pos_limits: -0.1243
      Episode_Termination/time_out: 0.1142
  Episode_Termination/torso_height: 0.8858
--------------------------------------------------------------------------------
                   Total timesteps: 7995392
                    Iteration time: 0.29s
                      Time elapsed: 00:00:17
                               ETA: 00:02:35

################################################################################
                     [1m Learning iteration 1060/1599 [0m                     

                       Computation: 416758 steps/s (collection: 0.242s, learning 0.072s)
             Mean action noise std: 0.08
          Mean value_function loss: 0.2382
               Mean surrogate loss: -0.0016
                 Mean entropy loss: -8.4944
                       Mean reward: 32.45
               Mean episode length: 565.59
           Episode_Reward/progress: 1.7005
              Episode_Reward/alive: 0.2773
            Episode_Reward/upright: 0.0538
     Episode_Reward/move_to_target: 0.2722
          Episode_Reward/action_l2: -0.0046
             Episode_Reward/energy: -0.2420
   Episode_Reward/joint_pos_limits: -0.1390
      Episode_Termination/time_out: 0.1141
  Episode_Termination/torso_height: 0.8859
--------------------------------------------------------------------------------
                   Total timesteps: 8126464
                    Iteration time: 0.31s
                      Time elapsed: 00:00:17
                               ETA: 00:02:35

################################################################################
                     [1m Learning iteration 1061/1599 [0m                     

                       Computation: 465481 steps/s (collection: 0.208s, learning 0.073s)
             Mean action noise std: 0.08
          Mean value_function loss: 0.2350
               Mean surrogate loss: -0.0034
                 Mean entropy loss: -8.5031
                       Mean reward: 33.87
               Mean episode length: 590.49
           Episode_Reward/progress: 1.7383
              Episode_Reward/alive: 0.2835
            Episode_Reward/upright: 0.0545
     Episode_Reward/move_to_target: 0.2750
          Episode_Reward/action_l2: -0.0047
             Episode_Reward/energy: -0.2481
   Episode_Reward/joint_pos_limits: -0.1426
      Episode_Termination/time_out: 0.1143
  Episode_Termination/torso_height: 0.8857
--------------------------------------------------------------------------------
                   Total timesteps: 8257536
                    Iteration time: 0.28s
                      Time elapsed: 00:00:18
                               ETA: 00:02:35

################################################################################
                     [1m Learning iteration 1062/1599 [0m                     

                       Computation: 467916 steps/s (collection: 0.206s, learning 0.074s)
             Mean action noise std: 0.08
          Mean value_function loss: 0.2507
               Mean surrogate loss: -0.0012
                 Mean entropy loss: -8.5131
                       Mean reward: 29.07
               Mean episode length: 508.02
           Episode_Reward/progress: 1.6227
              Episode_Reward/alive: 0.2624
            Episode_Reward/upright: 0.0510
     Episode_Reward/move_to_target: 0.2575
          Episode_Reward/action_l2: -0.0044
             Episode_Reward/energy: -0.2350
   Episode_Reward/joint_pos_limits: -0.1306
      Episode_Termination/time_out: 0.1145
  Episode_Termination/torso_height: 0.8855
--------------------------------------------------------------------------------
                   Total timesteps: 8388608
                    Iteration time: 0.28s
                      Time elapsed: 00:00:18
                               ETA: 00:02:34

################################################################################
                     [1m Learning iteration 1063/1599 [0m                     

                       Computation: 455565 steps/s (collection: 0.214s, learning 0.073s)
             Mean action noise std: 0.08
          Mean value_function loss: 0.2704
               Mean surrogate loss: -0.0024
                 Mean entropy loss: -8.5375
                       Mean reward: 27.10
               Mean episode length: 472.73
           Episode_Reward/progress: 1.5353
              Episode_Reward/alive: 0.2498
            Episode_Reward/upright: 0.0484
     Episode_Reward/move_to_target: 0.2437
          Episode_Reward/action_l2: -0.0041
             Episode_Reward/energy: -0.2201
   Episode_Reward/joint_pos_limits: -0.1250
      Episode_Termination/time_out: 0.1150
  Episode_Termination/torso_height: 0.8850
--------------------------------------------------------------------------------
                   Total timesteps: 8519680
                    Iteration time: 0.29s
                      Time elapsed: 00:00:18
                               ETA: 00:02:34

################################################################################
                     [1m Learning iteration 1064/1599 [0m                     

                       Computation: 395407 steps/s (collection: 0.256s, learning 0.076s)
             Mean action noise std: 0.08
          Mean value_function loss: 0.2711
               Mean surrogate loss: -0.0022
                 Mean entropy loss: -8.5215
                       Mean reward: 28.10
               Mean episode length: 491.22
           Episode_Reward/progress: 1.4844
              Episode_Reward/alive: 0.2433
            Episode_Reward/upright: 0.0472
     Episode_Reward/move_to_target: 0.2381
          Episode_Reward/action_l2: -0.0041
             Episode_Reward/energy: -0.2182
   Episode_Reward/joint_pos_limits: -0.1217
      Episode_Termination/time_out: 0.1151
  Episode_Termination/torso_height: 0.8849
--------------------------------------------------------------------------------
                   Total timesteps: 8650752
                    Iteration time: 0.33s
                      Time elapsed: 00:00:19
                               ETA: 00:02:34

################################################################################
                     [1m Learning iteration 1065/1599 [0m                     

                       Computation: 429808 steps/s (collection: 0.229s, learning 0.076s)
             Mean action noise std: 0.08
          Mean value_function loss: 0.2523
               Mean surrogate loss: -0.0025
                 Mean entropy loss: -8.5165
                       Mean reward: 26.53
               Mean episode length: 458.62
           Episode_Reward/progress: 1.5517
              Episode_Reward/alive: 0.2536
            Episode_Reward/upright: 0.0490
     Episode_Reward/move_to_target: 0.2465
          Episode_Reward/action_l2: -0.0042
             Episode_Reward/energy: -0.2240
   Episode_Reward/joint_pos_limits: -0.1272
      Episode_Termination/time_out: 0.1155
  Episode_Termination/torso_height: 0.8845
--------------------------------------------------------------------------------
                   Total timesteps: 8781824
                    Iteration time: 0.30s
                      Time elapsed: 00:00:19
                               ETA: 00:02:34

################################################################################
                     [1m Learning iteration 1066/1599 [0m                     

                       Computation: 446093 steps/s (collection: 0.218s, learning 0.076s)
             Mean action noise std: 0.08
          Mean value_function loss: 0.2503
               Mean surrogate loss: -0.0019
                 Mean entropy loss: -8.5040
                       Mean reward: 28.62
               Mean episode length: 505.08
           Episode_Reward/progress: 1.5462
              Episode_Reward/alive: 0.2534
            Episode_Reward/upright: 0.0491
     Episode_Reward/move_to_target: 0.2473
          Episode_Reward/action_l2: -0.0042
             Episode_Reward/energy: -0.2277
   Episode_Reward/joint_pos_limits: -0.1267
      Episode_Termination/time_out: 0.1160
  Episode_Termination/torso_height: 0.8840
--------------------------------------------------------------------------------
                   Total timesteps: 8912896
                    Iteration time: 0.29s
                      Time elapsed: 00:00:19
                               ETA: 00:02:34

################################################################################
                     [1m Learning iteration 1067/1599 [0m                     

                       Computation: 440163 steps/s (collection: 0.220s, learning 0.078s)
             Mean action noise std: 0.08
          Mean value_function loss: 0.2623
               Mean surrogate loss: -0.0029
                 Mean entropy loss: -8.4953
                       Mean reward: 28.76
               Mean episode length: 503.36
           Episode_Reward/progress: 1.4875
              Episode_Reward/alive: 0.2461
            Episode_Reward/upright: 0.0474
     Episode_Reward/move_to_target: 0.2399
          Episode_Reward/action_l2: -0.0042
             Episode_Reward/energy: -0.2210
   Episode_Reward/joint_pos_limits: -0.1224
      Episode_Termination/time_out: 0.1165
  Episode_Termination/torso_height: 0.8835
--------------------------------------------------------------------------------
                   Total timesteps: 9043968
                    Iteration time: 0.30s
                      Time elapsed: 00:00:19
                               ETA: 00:02:33

################################################################################
                     [1m Learning iteration 1068/1599 [0m                     

                       Computation: 459815 steps/s (collection: 0.212s, learning 0.073s)
             Mean action noise std: 0.08
          Mean value_function loss: 0.2295
               Mean surrogate loss: -0.0029
                 Mean entropy loss: -8.4879
                       Mean reward: 31.30
               Mean episode length: 543.80
           Episode_Reward/progress: 1.7391
              Episode_Reward/alive: 0.2817
            Episode_Reward/upright: 0.0544
     Episode_Reward/move_to_target: 0.2754
          Episode_Reward/action_l2: -0.0047
             Episode_Reward/energy: -0.2478
   Episode_Reward/joint_pos_limits: -0.1410
      Episode_Termination/time_out: 0.1171
  Episode_Termination/torso_height: 0.8829
--------------------------------------------------------------------------------
                   Total timesteps: 9175040
                    Iteration time: 0.29s
                      Time elapsed: 00:00:20
                               ETA: 00:02:33

################################################################################
                     [1m Learning iteration 1069/1599 [0m                     

                       Computation: 484808 steps/s (collection: 0.199s, learning 0.071s)
             Mean action noise std: 0.08
          Mean value_function loss: 0.2840
               Mean surrogate loss: -0.0015
                 Mean entropy loss: -8.4825
                       Mean reward: 27.27
               Mean episode length: 476.24
           Episode_Reward/progress: 1.6011
              Episode_Reward/alive: 0.2607
            Episode_Reward/upright: 0.0504
     Episode_Reward/move_to_target: 0.2534
          Episode_Reward/action_l2: -0.0043
             Episode_Reward/energy: -0.2274
   Episode_Reward/joint_pos_limits: -0.1304
      Episode_Termination/time_out: 0.1171
  Episode_Termination/torso_height: 0.8829
--------------------------------------------------------------------------------
                   Total timesteps: 9306112
                    Iteration time: 0.27s
                      Time elapsed: 00:00:20
                               ETA: 00:02:33

################################################################################
                     [1m Learning iteration 1070/1599 [0m                     

                       Computation: 476545 steps/s (collection: 0.204s, learning 0.071s)
             Mean action noise std: 0.08
          Mean value_function loss: 0.3058
               Mean surrogate loss: -0.0020
                 Mean entropy loss: -8.4735
                       Mean reward: 31.34
               Mean episode length: 540.35
           Episode_Reward/progress: 1.6405
              Episode_Reward/alive: 0.2676
            Episode_Reward/upright: 0.0518
     Episode_Reward/move_to_target: 0.2611
          Episode_Reward/action_l2: -0.0044
             Episode_Reward/energy: -0.2317
   Episode_Reward/joint_pos_limits: -0.1340
      Episode_Termination/time_out: 0.1178
  Episode_Termination/torso_height: 0.8822
--------------------------------------------------------------------------------
                   Total timesteps: 9437184
                    Iteration time: 0.28s
                      Time elapsed: 00:00:20
                               ETA: 00:02:32

################################################################################
                     [1m Learning iteration 1071/1599 [0m                     

                       Computation: 440265 steps/s (collection: 0.224s, learning 0.074s)
             Mean action noise std: 0.08
          Mean value_function loss: 0.2824
               Mean surrogate loss: -0.0024
                 Mean entropy loss: -8.4841
                       Mean reward: 25.79
               Mean episode length: 454.78
           Episode_Reward/progress: 1.5461
              Episode_Reward/alive: 0.2536
            Episode_Reward/upright: 0.0490
     Episode_Reward/move_to_target: 0.2472
          Episode_Reward/action_l2: -0.0042
             Episode_Reward/energy: -0.2246
   Episode_Reward/joint_pos_limits: -0.1270
      Episode_Termination/time_out: 0.1175
  Episode_Termination/torso_height: 0.8825
--------------------------------------------------------------------------------
                   Total timesteps: 9568256
                    Iteration time: 0.30s
                      Time elapsed: 00:00:21
                               ETA: 00:02:32

################################################################################
                     [1m Learning iteration 1072/1599 [0m                     

                       Computation: 460785 steps/s (collection: 0.211s, learning 0.074s)
             Mean action noise std: 0.08
          Mean value_function loss: 0.2962
               Mean surrogate loss: -0.0018
                 Mean entropy loss: -8.5022
                       Mean reward: 28.33
               Mean episode length: 498.47
           Episode_Reward/progress: 1.5943
              Episode_Reward/alive: 0.2612
            Episode_Reward/upright: 0.0506
     Episode_Reward/move_to_target: 0.2548
          Episode_Reward/action_l2: -0.0043
             Episode_Reward/energy: -0.2247
   Episode_Reward/joint_pos_limits: -0.1314
      Episode_Termination/time_out: 0.1167
  Episode_Termination/torso_height: 0.8833
--------------------------------------------------------------------------------
                   Total timesteps: 9699328
                    Iteration time: 0.28s
                      Time elapsed: 00:00:21
                               ETA: 00:02:32

################################################################################
                     [1m Learning iteration 1073/1599 [0m                     

                       Computation: 447203 steps/s (collection: 0.218s, learning 0.075s)
             Mean action noise std: 0.08
          Mean value_function loss: 0.2726
               Mean surrogate loss: -0.0014
                 Mean entropy loss: -8.5393
                       Mean reward: 26.22
               Mean episode length: 458.73
           Episode_Reward/progress: 1.5535
              Episode_Reward/alive: 0.2563
            Episode_Reward/upright: 0.0496
     Episode_Reward/move_to_target: 0.2457
          Episode_Reward/action_l2: -0.0043
             Episode_Reward/energy: -0.2242
   Episode_Reward/joint_pos_limits: -0.1284
      Episode_Termination/time_out: 0.1165
  Episode_Termination/torso_height: 0.8835
--------------------------------------------------------------------------------
                   Total timesteps: 9830400
                    Iteration time: 0.29s
                      Time elapsed: 00:00:21
                               ETA: 00:02:32

################################################################################
                     [1m Learning iteration 1074/1599 [0m                     

                       Computation: 426970 steps/s (collection: 0.232s, learning 0.075s)
             Mean action noise std: 0.08
          Mean value_function loss: 0.2562
               Mean surrogate loss: -0.0028
                 Mean entropy loss: -8.5305
                       Mean reward: 29.29
               Mean episode length: 514.81
           Episode_Reward/progress: 1.5116
              Episode_Reward/alive: 0.2517
            Episode_Reward/upright: 0.0484
     Episode_Reward/move_to_target: 0.2435
          Episode_Reward/action_l2: -0.0042
             Episode_Reward/energy: -0.2223
   Episode_Reward/joint_pos_limits: -0.1263
      Episode_Termination/time_out: 0.1170
  Episode_Termination/torso_height: 0.8830
--------------------------------------------------------------------------------
                   Total timesteps: 9961472
                    Iteration time: 0.31s
                      Time elapsed: 00:00:21
                               ETA: 00:02:31

################################################################################
                     [1m Learning iteration 1075/1599 [0m                     

                       Computation: 438227 steps/s (collection: 0.225s, learning 0.074s)
             Mean action noise std: 0.08
          Mean value_function loss: 0.2379
               Mean surrogate loss: -0.0021
                 Mean entropy loss: -8.5512
                       Mean reward: 24.96
               Mean episode length: 446.56
           Episode_Reward/progress: 1.5409
              Episode_Reward/alive: 0.2558
            Episode_Reward/upright: 0.0494
     Episode_Reward/move_to_target: 0.2495
          Episode_Reward/action_l2: -0.0042
             Episode_Reward/energy: -0.2239
   Episode_Reward/joint_pos_limits: -0.1283
      Episode_Termination/time_out: 0.1174
  Episode_Termination/torso_height: 0.8826
--------------------------------------------------------------------------------
                   Total timesteps: 10092544
                    Iteration time: 0.30s
                      Time elapsed: 00:00:22
                               ETA: 00:02:31

################################################################################
                     [1m Learning iteration 1076/1599 [0m                     

                       Computation: 462085 steps/s (collection: 0.211s, learning 0.073s)
             Mean action noise std: 0.08
          Mean value_function loss: 0.2430
               Mean surrogate loss: -0.0018
                 Mean entropy loss: -8.5452
                       Mean reward: 29.26
               Mean episode length: 512.37
           Episode_Reward/progress: 1.6675
              Episode_Reward/alive: 0.2717
            Episode_Reward/upright: 0.0526
     Episode_Reward/move_to_target: 0.2657
          Episode_Reward/action_l2: -0.0044
             Episode_Reward/energy: -0.2344
   Episode_Reward/joint_pos_limits: -0.1359
      Episode_Termination/time_out: 0.1172
  Episode_Termination/torso_height: 0.8828
--------------------------------------------------------------------------------
                   Total timesteps: 10223616
                    Iteration time: 0.28s
                      Time elapsed: 00:00:22
                               ETA: 00:02:31

################################################################################
                     [1m Learning iteration 1077/1599 [0m                     

                       Computation: 474579 steps/s (collection: 0.204s, learning 0.072s)
             Mean action noise std: 0.08
          Mean value_function loss: 0.2300
               Mean surrogate loss: -0.0027
                 Mean entropy loss: -8.5334
                       Mean reward: 25.19
               Mean episode length: 437.83
           Episode_Reward/progress: 1.5764
              Episode_Reward/alive: 0.2588
            Episode_Reward/upright: 0.0503
     Episode_Reward/move_to_target: 0.2540
          Episode_Reward/action_l2: -0.0043
             Episode_Reward/energy: -0.2264
   Episode_Reward/joint_pos_limits: -0.1292
      Episode_Termination/time_out: 0.1177
  Episode_Termination/torso_height: 0.8823
--------------------------------------------------------------------------------
                   Total timesteps: 10354688
                    Iteration time: 0.28s
                      Time elapsed: 00:00:22
                               ETA: 00:02:30

################################################################################
                     [1m Learning iteration 1078/1599 [0m                     

                       Computation: 413469 steps/s (collection: 0.244s, learning 0.073s)
             Mean action noise std: 0.08
          Mean value_function loss: 0.2208
               Mean surrogate loss: -0.0002
                 Mean entropy loss: -8.5005
                       Mean reward: 29.71
               Mean episode length: 521.95
           Episode_Reward/progress: 1.4897
              Episode_Reward/alive: 0.2458
            Episode_Reward/upright: 0.0475
     Episode_Reward/move_to_target: 0.2395
          Episode_Reward/action_l2: -0.0041
             Episode_Reward/energy: -0.2197
   Episode_Reward/joint_pos_limits: -0.1223
      Episode_Termination/time_out: 0.1177
  Episode_Termination/torso_height: 0.8823
--------------------------------------------------------------------------------
                   Total timesteps: 10485760
                    Iteration time: 0.32s
                      Time elapsed: 00:00:23
                               ETA: 00:02:30

################################################################################
                     [1m Learning iteration 1079/1599 [0m                     

                       Computation: 463547 steps/s (collection: 0.211s, learning 0.071s)
             Mean action noise std: 0.08
          Mean value_function loss: 0.2286
               Mean surrogate loss: -0.0015
                 Mean entropy loss: -8.5168
                       Mean reward: 25.93
               Mean episode length: 450.90
           Episode_Reward/progress: 1.4143
              Episode_Reward/alive: 0.2332
            Episode_Reward/upright: 0.0451
     Episode_Reward/move_to_target: 0.2269
          Episode_Reward/action_l2: -0.0039
             Episode_Reward/energy: -0.2052
   Episode_Reward/joint_pos_limits: -0.1165
      Episode_Termination/time_out: 0.1171
  Episode_Termination/torso_height: 0.8829
--------------------------------------------------------------------------------
                   Total timesteps: 10616832
                    Iteration time: 0.28s
                      Time elapsed: 00:00:23
                               ETA: 00:02:30

################################################################################
                     [1m Learning iteration 1080/1599 [0m                     

                       Computation: 444849 steps/s (collection: 0.222s, learning 0.073s)
             Mean action noise std: 0.08
          Mean value_function loss: 0.2297
               Mean surrogate loss: -0.0013
                 Mean entropy loss: -8.5050
                       Mean reward: 28.88
               Mean episode length: 501.41
           Episode_Reward/progress: 1.5328
              Episode_Reward/alive: 0.2519
            Episode_Reward/upright: 0.0488
     Episode_Reward/move_to_target: 0.2460
          Episode_Reward/action_l2: -0.0042
             Episode_Reward/energy: -0.2211
   Episode_Reward/joint_pos_limits: -0.1256
      Episode_Termination/time_out: 0.1165
  Episode_Termination/torso_height: 0.8835
--------------------------------------------------------------------------------
                   Total timesteps: 10747904
                    Iteration time: 0.29s
                      Time elapsed: 00:00:23
                               ETA: 00:02:30

################################################################################
                     [1m Learning iteration 1081/1599 [0m                     

                       Computation: 470339 steps/s (collection: 0.207s, learning 0.071s)
             Mean action noise std: 0.08
          Mean value_function loss: 0.2357
               Mean surrogate loss: -0.0030
                 Mean entropy loss: -8.5515
                       Mean reward: 27.23
               Mean episode length: 478.28
           Episode_Reward/progress: 1.5655
              Episode_Reward/alive: 0.2581
            Episode_Reward/upright: 0.0499
     Episode_Reward/move_to_target: 0.2505
          Episode_Reward/action_l2: -0.0043
             Episode_Reward/energy: -0.2277
   Episode_Reward/joint_pos_limits: -0.1288
      Episode_Termination/time_out: 0.1163
  Episode_Termination/torso_height: 0.8837
--------------------------------------------------------------------------------
                   Total timesteps: 10878976
                    Iteration time: 0.28s
                      Time elapsed: 00:00:24
                               ETA: 00:02:29

################################################################################
                     [1m Learning iteration 1082/1599 [0m                     

                       Computation: 459203 steps/s (collection: 0.214s, learning 0.072s)
             Mean action noise std: 0.08
          Mean value_function loss: 0.2308
               Mean surrogate loss: -0.0017
                 Mean entropy loss: -8.5533
                       Mean reward: 28.86
               Mean episode length: 501.57
           Episode_Reward/progress: 1.6340
              Episode_Reward/alive: 0.2661
            Episode_Reward/upright: 0.0514
     Episode_Reward/move_to_target: 0.2598
          Episode_Reward/action_l2: -0.0045
             Episode_Reward/energy: -0.2368
   Episode_Reward/joint_pos_limits: -0.1334
      Episode_Termination/time_out: 0.1158
  Episode_Termination/torso_height: 0.8842
--------------------------------------------------------------------------------
                   Total timesteps: 11010048
                    Iteration time: 0.29s
                      Time elapsed: 00:00:24
                               ETA: 00:02:29

################################################################################
                     [1m Learning iteration 1083/1599 [0m                     

                       Computation: 464815 steps/s (collection: 0.210s, learning 0.072s)
             Mean action noise std: 0.08
          Mean value_function loss: 0.2504
               Mean surrogate loss: -0.0027
                 Mean entropy loss: -8.5950
                       Mean reward: 28.20
               Mean episode length: 487.35
           Episode_Reward/progress: 1.7315
              Episode_Reward/alive: 0.2798
            Episode_Reward/upright: 0.0546
     Episode_Reward/move_to_target: 0.2740
          Episode_Reward/action_l2: -0.0046
             Episode_Reward/energy: -0.2459
   Episode_Reward/joint_pos_limits: -0.1390
      Episode_Termination/time_out: 0.1157
  Episode_Termination/torso_height: 0.8843
--------------------------------------------------------------------------------
                   Total timesteps: 11141120
                    Iteration time: 0.28s
                      Time elapsed: 00:00:24
                               ETA: 00:02:29

################################################################################
                     [1m Learning iteration 1084/1599 [0m                     

                       Computation: 449359 steps/s (collection: 0.215s, learning 0.077s)
             Mean action noise std: 0.08
          Mean value_function loss: 0.2693
               Mean surrogate loss: -0.0026
                 Mean entropy loss: -8.6025
                       Mean reward: 29.91
               Mean episode length: 520.99
           Episode_Reward/progress: 1.6411
              Episode_Reward/alive: 0.2680
            Episode_Reward/upright: 0.0519
     Episode_Reward/move_to_target: 0.2610
          Episode_Reward/action_l2: -0.0045
             Episode_Reward/energy: -0.2372
   Episode_Reward/joint_pos_limits: -0.1334
      Episode_Termination/time_out: 0.1149
  Episode_Termination/torso_height: 0.8851
--------------------------------------------------------------------------------
                   Total timesteps: 11272192
                    Iteration time: 0.29s
                      Time elapsed: 00:00:24
                               ETA: 00:02:28

################################################################################
                     [1m Learning iteration 1085/1599 [0m                     

                       Computation: 447985 steps/s (collection: 0.220s, learning 0.073s)
             Mean action noise std: 0.08
          Mean value_function loss: 0.3019
               Mean surrogate loss: -0.0017
                 Mean entropy loss: -8.6076
                       Mean reward: 31.43
               Mean episode length: 547.99
           Episode_Reward/progress: 1.6590
              Episode_Reward/alive: 0.2727
            Episode_Reward/upright: 0.0526
     Episode_Reward/move_to_target: 0.2660
          Episode_Reward/action_l2: -0.0045
             Episode_Reward/energy: -0.2404
   Episode_Reward/joint_pos_limits: -0.1354
      Episode_Termination/time_out: 0.1146
  Episode_Termination/torso_height: 0.8854
--------------------------------------------------------------------------------
                   Total timesteps: 11403264
                    Iteration time: 0.29s
                      Time elapsed: 00:00:25
                               ETA: 00:02:28

################################################################################
                     [1m Learning iteration 1086/1599 [0m                     

                       Computation: 481146 steps/s (collection: 0.201s, learning 0.072s)
             Mean action noise std: 0.08
          Mean value_function loss: 0.2989
               Mean surrogate loss: 0.0017
                 Mean entropy loss: -8.6096
                       Mean reward: 27.27
               Mean episode length: 479.11
           Episode_Reward/progress: 1.5235
              Episode_Reward/alive: 0.2493
            Episode_Reward/upright: 0.0481
     Episode_Reward/move_to_target: 0.2435
          Episode_Reward/action_l2: -0.0042
             Episode_Reward/energy: -0.2233
   Episode_Reward/joint_pos_limits: -0.1234
      Episode_Termination/time_out: 0.1144
  Episode_Termination/torso_height: 0.8856
--------------------------------------------------------------------------------
                   Total timesteps: 11534336
                    Iteration time: 0.27s
                      Time elapsed: 00:00:25
                               ETA: 00:02:28

################################################################################
                     [1m Learning iteration 1087/1599 [0m                     

                       Computation: 477144 steps/s (collection: 0.203s, learning 0.072s)
             Mean action noise std: 0.08
          Mean value_function loss: 0.2784
               Mean surrogate loss: -0.0032
                 Mean entropy loss: -8.6349
                       Mean reward: 28.11
               Mean episode length: 493.01
           Episode_Reward/progress: 1.5113
              Episode_Reward/alive: 0.2493
            Episode_Reward/upright: 0.0480
     Episode_Reward/move_to_target: 0.2426
          Episode_Reward/action_l2: -0.0042
             Episode_Reward/energy: -0.2229
   Episode_Reward/joint_pos_limits: -0.1237
      Episode_Termination/time_out: 0.1150
  Episode_Termination/torso_height: 0.8850
--------------------------------------------------------------------------------
                   Total timesteps: 11665408
                    Iteration time: 0.27s
                      Time elapsed: 00:00:25
                               ETA: 00:02:27

################################################################################
                     [1m Learning iteration 1088/1599 [0m                     

                       Computation: 475284 steps/s (collection: 0.205s, learning 0.071s)
             Mean action noise std: 0.08
          Mean value_function loss: 0.2761
               Mean surrogate loss: -0.0018
                 Mean entropy loss: -8.6348
                       Mean reward: 28.98
               Mean episode length: 511.18
           Episode_Reward/progress: 1.5397
              Episode_Reward/alive: 0.2547
            Episode_Reward/upright: 0.0492
     Episode_Reward/move_to_target: 0.2485
          Episode_Reward/action_l2: -0.0042
             Episode_Reward/energy: -0.2248
   Episode_Reward/joint_pos_limits: -0.1262
      Episode_Termination/time_out: 0.1155
  Episode_Termination/torso_height: 0.8845
--------------------------------------------------------------------------------
                   Total timesteps: 11796480
                    Iteration time: 0.28s
                      Time elapsed: 00:00:25
                               ETA: 00:02:27

################################################################################
                     [1m Learning iteration 1089/1599 [0m                     

                       Computation: 484298 steps/s (collection: 0.199s, learning 0.071s)
             Mean action noise std: 0.08
          Mean value_function loss: 0.2353
               Mean surrogate loss: -0.0033
                 Mean entropy loss: -8.6624
                       Mean reward: 29.19
               Mean episode length: 515.88
           Episode_Reward/progress: 1.5585
              Episode_Reward/alive: 0.2578
            Episode_Reward/upright: 0.0499
     Episode_Reward/move_to_target: 0.2525
          Episode_Reward/action_l2: -0.0043
             Episode_Reward/energy: -0.2314
   Episode_Reward/joint_pos_limits: -0.1270
      Episode_Termination/time_out: 0.1152
  Episode_Termination/torso_height: 0.8848
--------------------------------------------------------------------------------
                   Total timesteps: 11927552
                    Iteration time: 0.27s
                      Time elapsed: 00:00:26
                               ETA: 00:02:27

################################################################################
                     [1m Learning iteration 1090/1599 [0m                     

                       Computation: 477249 steps/s (collection: 0.203s, learning 0.072s)
             Mean action noise std: 0.08
          Mean value_function loss: 0.2361
               Mean surrogate loss: -0.0027
                 Mean entropy loss: -8.6514
                       Mean reward: 29.05
               Mean episode length: 511.86
           Episode_Reward/progress: 1.5848
              Episode_Reward/alive: 0.2620
            Episode_Reward/upright: 0.0507
     Episode_Reward/move_to_target: 0.2563
          Episode_Reward/action_l2: -0.0044
             Episode_Reward/energy: -0.2332
   Episode_Reward/joint_pos_limits: -0.1290
      Episode_Termination/time_out: 0.1160
  Episode_Termination/torso_height: 0.8840
--------------------------------------------------------------------------------
                   Total timesteps: 12058624
                    Iteration time: 0.27s
                      Time elapsed: 00:00:26
                               ETA: 00:02:26

################################################################################
                     [1m Learning iteration 1091/1599 [0m                     

                       Computation: 482226 steps/s (collection: 0.200s, learning 0.072s)
             Mean action noise std: 0.08
          Mean value_function loss: 0.2197
               Mean surrogate loss: -0.0027
                 Mean entropy loss: -8.6469
                       Mean reward: 28.69
               Mean episode length: 507.34
           Episode_Reward/progress: 1.6214
              Episode_Reward/alive: 0.2669
            Episode_Reward/upright: 0.0514
     Episode_Reward/move_to_target: 0.2603
          Episode_Reward/action_l2: -0.0044
             Episode_Reward/energy: -0.2337
   Episode_Reward/joint_pos_limits: -0.1323
      Episode_Termination/time_out: 0.1165
  Episode_Termination/torso_height: 0.8835
--------------------------------------------------------------------------------
                   Total timesteps: 12189696
                    Iteration time: 0.27s
                      Time elapsed: 00:00:26
                               ETA: 00:02:26

################################################################################
                     [1m Learning iteration 1092/1599 [0m                     

                       Computation: 429551 steps/s (collection: 0.232s, learning 0.073s)
             Mean action noise std: 0.08
          Mean value_function loss: 0.2389
               Mean surrogate loss: -0.0025
                 Mean entropy loss: -8.6257
                       Mean reward: 27.84
               Mean episode length: 488.44
           Episode_Reward/progress: 1.5459
              Episode_Reward/alive: 0.2575
            Episode_Reward/upright: 0.0492
     Episode_Reward/move_to_target: 0.2493
          Episode_Reward/action_l2: -0.0043
             Episode_Reward/energy: -0.2259
   Episode_Reward/joint_pos_limits: -0.1272
      Episode_Termination/time_out: 0.1169
  Episode_Termination/torso_height: 0.8831
--------------------------------------------------------------------------------
                   Total timesteps: 12320768
                    Iteration time: 0.31s
                      Time elapsed: 00:00:27
                               ETA: 00:02:26

################################################################################
                     [1m Learning iteration 1093/1599 [0m                     

                       Computation: 456698 steps/s (collection: 0.214s, learning 0.073s)
             Mean action noise std: 0.08
          Mean value_function loss: 0.2398
               Mean surrogate loss: -0.0027
                 Mean entropy loss: -8.6461
                       Mean reward: 24.94
               Mean episode length: 442.02
           Episode_Reward/progress: 1.4563
              Episode_Reward/alive: 0.2430
            Episode_Reward/upright: 0.0468
     Episode_Reward/move_to_target: 0.2355
          Episode_Reward/action_l2: -0.0041
             Episode_Reward/energy: -0.2203
   Episode_Reward/joint_pos_limits: -0.1187
      Episode_Termination/time_out: 0.1178
  Episode_Termination/torso_height: 0.8822
--------------------------------------------------------------------------------
                   Total timesteps: 12451840
                    Iteration time: 0.29s
                      Time elapsed: 00:00:27
                               ETA: 00:02:25

################################################################################
                     [1m Learning iteration 1094/1599 [0m                     

                       Computation: 478257 steps/s (collection: 0.202s, learning 0.072s)
             Mean action noise std: 0.08
          Mean value_function loss: 0.2651
               Mean surrogate loss: -0.0020
                 Mean entropy loss: -8.6405
                       Mean reward: 26.92
               Mean episode length: 472.96
           Episode_Reward/progress: 1.5385
              Episode_Reward/alive: 0.2527
            Episode_Reward/upright: 0.0487
     Episode_Reward/move_to_target: 0.2454
          Episode_Reward/action_l2: -0.0043
             Episode_Reward/energy: -0.2264
   Episode_Reward/joint_pos_limits: -0.1243
      Episode_Termination/time_out: 0.1178
  Episode_Termination/torso_height: 0.8822
--------------------------------------------------------------------------------
                   Total timesteps: 12582912
                    Iteration time: 0.27s
                      Time elapsed: 00:00:27
                               ETA: 00:02:25

################################################################################
                     [1m Learning iteration 1095/1599 [0m                     

                       Computation: 454657 steps/s (collection: 0.216s, learning 0.072s)
             Mean action noise std: 0.08
          Mean value_function loss: 0.2498
               Mean surrogate loss: -0.0019
                 Mean entropy loss: -8.6538
                       Mean reward: 27.06
               Mean episode length: 476.76
           Episode_Reward/progress: 1.6515
              Episode_Reward/alive: 0.2684
            Episode_Reward/upright: 0.0520
     Episode_Reward/move_to_target: 0.2621
          Episode_Reward/action_l2: -0.0045
             Episode_Reward/energy: -0.2423
   Episode_Reward/joint_pos_limits: -0.1316
      Episode_Termination/time_out: 0.1175
  Episode_Termination/torso_height: 0.8825
--------------------------------------------------------------------------------
                   Total timesteps: 12713984
                    Iteration time: 0.29s
                      Time elapsed: 00:00:27
                               ETA: 00:02:25

################################################################################
                     [1m Learning iteration 1096/1599 [0m                     

                       Computation: 477993 steps/s (collection: 0.203s, learning 0.071s)
             Mean action noise std: 0.08
          Mean value_function loss: 0.2343
               Mean surrogate loss: -0.0014
                 Mean entropy loss: -8.6300
                       Mean reward: 29.18
               Mean episode length: 506.29
           Episode_Reward/progress: 1.6075
              Episode_Reward/alive: 0.2626
            Episode_Reward/upright: 0.0510
     Episode_Reward/move_to_target: 0.2567
          Episode_Reward/action_l2: -0.0044
             Episode_Reward/energy: -0.2381
   Episode_Reward/joint_pos_limits: -0.1272
      Episode_Termination/time_out: 0.1176
  Episode_Termination/torso_height: 0.8824
--------------------------------------------------------------------------------
                   Total timesteps: 12845056
                    Iteration time: 0.27s
                      Time elapsed: 00:00:28
                               ETA: 00:02:24

################################################################################
                     [1m Learning iteration 1097/1599 [0m                     

                       Computation: 473944 steps/s (collection: 0.204s, learning 0.073s)
             Mean action noise std: 0.08
          Mean value_function loss: 0.2587
               Mean surrogate loss: -0.0026
                 Mean entropy loss: -8.6209
                       Mean reward: 30.65
               Mean episode length: 532.86
           Episode_Reward/progress: 1.6119
              Episode_Reward/alive: 0.2662
            Episode_Reward/upright: 0.0514
     Episode_Reward/move_to_target: 0.2582
          Episode_Reward/action_l2: -0.0045
             Episode_Reward/energy: -0.2409
   Episode_Reward/joint_pos_limits: -0.1294
      Episode_Termination/time_out: 0.1173
  Episode_Termination/torso_height: 0.8827
--------------------------------------------------------------------------------
                   Total timesteps: 12976128
                    Iteration time: 0.28s
                      Time elapsed: 00:00:28
                               ETA: 00:02:24

################################################################################
                     [1m Learning iteration 1098/1599 [0m                     

                       Computation: 472152 steps/s (collection: 0.206s, learning 0.072s)
             Mean action noise std: 0.08
          Mean value_function loss: 0.2330
               Mean surrogate loss: -0.0007
                 Mean entropy loss: -8.6078
                       Mean reward: 27.75
               Mean episode length: 491.47
           Episode_Reward/progress: 1.6134
              Episode_Reward/alive: 0.2660
            Episode_Reward/upright: 0.0515
     Episode_Reward/move_to_target: 0.2582
          Episode_Reward/action_l2: -0.0046
             Episode_Reward/energy: -0.2438
   Episode_Reward/joint_pos_limits: -0.1290
      Episode_Termination/time_out: 0.1170
  Episode_Termination/torso_height: 0.8830
--------------------------------------------------------------------------------
                   Total timesteps: 13107200
                    Iteration time: 0.28s
                      Time elapsed: 00:00:28
                               ETA: 00:02:24

################################################################################
                     [1m Learning iteration 1099/1599 [0m                     

                       Computation: 432598 steps/s (collection: 0.230s, learning 0.073s)
             Mean action noise std: 0.08
          Mean value_function loss: 0.2321
               Mean surrogate loss: -0.0025
                 Mean entropy loss: -8.6251
                       Mean reward: 28.34
               Mean episode length: 499.80
           Episode_Reward/progress: 1.5710
              Episode_Reward/alive: 0.2593
            Episode_Reward/upright: 0.0499
     Episode_Reward/move_to_target: 0.2535
          Episode_Reward/action_l2: -0.0043
             Episode_Reward/energy: -0.2329
   Episode_Reward/joint_pos_limits: -0.1267
      Episode_Termination/time_out: 0.1175
  Episode_Termination/torso_height: 0.8825
--------------------------------------------------------------------------------
                   Total timesteps: 13238272
                    Iteration time: 0.30s
                      Time elapsed: 00:00:29
                               ETA: 00:02:24

################################################################################
                     [1m Learning iteration 1100/1599 [0m                     

                       Computation: 463678 steps/s (collection: 0.210s, learning 0.073s)
             Mean action noise std: 0.08
          Mean value_function loss: 0.2508
               Mean surrogate loss: -0.0020
                 Mean entropy loss: -8.6168
                       Mean reward: 27.53
               Mean episode length: 487.76
           Episode_Reward/progress: 1.5410
              Episode_Reward/alive: 0.2534
            Episode_Reward/upright: 0.0492
     Episode_Reward/move_to_target: 0.2485
          Episode_Reward/action_l2: -0.0043
             Episode_Reward/energy: -0.2285
   Episode_Reward/joint_pos_limits: -0.1231
      Episode_Termination/time_out: 0.1172
  Episode_Termination/torso_height: 0.8828
--------------------------------------------------------------------------------
                   Total timesteps: 13369344
                    Iteration time: 0.28s
                      Time elapsed: 00:00:29
                               ETA: 00:02:23

################################################################################
                     [1m Learning iteration 1101/1599 [0m                     

                       Computation: 475779 steps/s (collection: 0.203s, learning 0.073s)
             Mean action noise std: 0.08
          Mean value_function loss: 0.2629
               Mean surrogate loss: -0.0007
                 Mean entropy loss: -8.6214
                       Mean reward: 23.63
               Mean episode length: 422.34
           Episode_Reward/progress: 1.4612
              Episode_Reward/alive: 0.2452
            Episode_Reward/upright: 0.0472
     Episode_Reward/move_to_target: 0.2387
          Episode_Reward/action_l2: -0.0042
             Episode_Reward/energy: -0.2209
   Episode_Reward/joint_pos_limits: -0.1192
      Episode_Termination/time_out: 0.1183
  Episode_Termination/torso_height: 0.8817
--------------------------------------------------------------------------------
                   Total timesteps: 13500416
                    Iteration time: 0.28s
                      Time elapsed: 00:00:29
                               ETA: 00:02:23

################################################################################
                     [1m Learning iteration 1102/1599 [0m                     

                       Computation: 469177 steps/s (collection: 0.208s, learning 0.072s)
             Mean action noise std: 0.08
          Mean value_function loss: 0.2245
               Mean surrogate loss: -0.0037
                 Mean entropy loss: -8.6411
                       Mean reward: 30.88
               Mean episode length: 537.97
           Episode_Reward/progress: 1.5992
              Episode_Reward/alive: 0.2644
            Episode_Reward/upright: 0.0509
     Episode_Reward/move_to_target: 0.2575
          Episode_Reward/action_l2: -0.0044
             Episode_Reward/energy: -0.2351
   Episode_Reward/joint_pos_limits: -0.1287
      Episode_Termination/time_out: 0.1182
  Episode_Termination/torso_height: 0.8818
--------------------------------------------------------------------------------
                   Total timesteps: 13631488
                    Iteration time: 0.28s
                      Time elapsed: 00:00:29
                               ETA: 00:02:23

################################################################################
                     [1m Learning iteration 1103/1599 [0m                     

                       Computation: 472122 steps/s (collection: 0.206s, learning 0.072s)
             Mean action noise std: 0.08
          Mean value_function loss: 0.2315
               Mean surrogate loss: -0.0022
                 Mean entropy loss: -8.6305
                       Mean reward: 27.76
               Mean episode length: 489.38
           Episode_Reward/progress: 1.6439
              Episode_Reward/alive: 0.2693
            Episode_Reward/upright: 0.0523
     Episode_Reward/move_to_target: 0.2634
          Episode_Reward/action_l2: -0.0045
             Episode_Reward/energy: -0.2426
   Episode_Reward/joint_pos_limits: -0.1304
      Episode_Termination/time_out: 0.1184
  Episode_Termination/torso_height: 0.8816
--------------------------------------------------------------------------------
                   Total timesteps: 13762560
                    Iteration time: 0.28s
                      Time elapsed: 00:00:30
                               ETA: 00:02:22

################################################################################
                     [1m Learning iteration 1104/1599 [0m                     

                       Computation: 485242 steps/s (collection: 0.199s, learning 0.071s)
             Mean action noise std: 0.08
          Mean value_function loss: 0.2503
               Mean surrogate loss: -0.0025
                 Mean entropy loss: -8.6347
                       Mean reward: 27.26
               Mean episode length: 485.55
           Episode_Reward/progress: 1.5371
              Episode_Reward/alive: 0.2549
            Episode_Reward/upright: 0.0492
     Episode_Reward/move_to_target: 0.2476
          Episode_Reward/action_l2: -0.0043
             Episode_Reward/energy: -0.2276
   Episode_Reward/joint_pos_limits: -0.1241
      Episode_Termination/time_out: 0.1190
  Episode_Termination/torso_height: 0.8810
--------------------------------------------------------------------------------
                   Total timesteps: 13893632
                    Iteration time: 0.27s
                      Time elapsed: 00:00:30
                               ETA: 00:02:22

################################################################################
                     [1m Learning iteration 1105/1599 [0m                     

                       Computation: 498023 steps/s (collection: 0.193s, learning 0.070s)
             Mean action noise std: 0.08
          Mean value_function loss: 0.2547
               Mean surrogate loss: -0.0018
                 Mean entropy loss: -8.6193
                       Mean reward: 28.16
               Mean episode length: 493.80
           Episode_Reward/progress: 1.5502
              Episode_Reward/alive: 0.2544
            Episode_Reward/upright: 0.0493
     Episode_Reward/move_to_target: 0.2491
          Episode_Reward/action_l2: -0.0043
             Episode_Reward/energy: -0.2284
   Episode_Reward/joint_pos_limits: -0.1234
      Episode_Termination/time_out: 0.1187
  Episode_Termination/torso_height: 0.8813
--------------------------------------------------------------------------------
                   Total timesteps: 14024704
                    Iteration time: 0.26s
                      Time elapsed: 00:00:30
                               ETA: 00:02:21

################################################################################
                     [1m Learning iteration 1106/1599 [0m                     

                       Computation: 442326 steps/s (collection: 0.223s, learning 0.074s)
             Mean action noise std: 0.08
          Mean value_function loss: 0.2637
               Mean surrogate loss: -0.0039
                 Mean entropy loss: -8.6382
                       Mean reward: 30.03
               Mean episode length: 524.69
           Episode_Reward/progress: 1.6627
              Episode_Reward/alive: 0.2722
            Episode_Reward/upright: 0.0526
     Episode_Reward/move_to_target: 0.2652
          Episode_Reward/action_l2: -0.0046
             Episode_Reward/energy: -0.2436
   Episode_Reward/joint_pos_limits: -0.1318
      Episode_Termination/time_out: 0.1182
  Episode_Termination/torso_height: 0.8818
--------------------------------------------------------------------------------
                   Total timesteps: 14155776
                    Iteration time: 0.30s
                      Time elapsed: 00:00:31
                               ETA: 00:02:21

################################################################################
                     [1m Learning iteration 1107/1599 [0m                     

                       Computation: 455985 steps/s (collection: 0.214s, learning 0.073s)
             Mean action noise std: 0.08
          Mean value_function loss: 0.2560
               Mean surrogate loss: -0.0030
                 Mean entropy loss: -8.6381
                       Mean reward: 27.65
               Mean episode length: 484.65
           Episode_Reward/progress: 1.6551
              Episode_Reward/alive: 0.2715
            Episode_Reward/upright: 0.0526
     Episode_Reward/move_to_target: 0.2661
          Episode_Reward/action_l2: -0.0046
             Episode_Reward/energy: -0.2454
   Episode_Reward/joint_pos_limits: -0.1313
      Episode_Termination/time_out: 0.1183
  Episode_Termination/torso_height: 0.8817
--------------------------------------------------------------------------------
                   Total timesteps: 14286848
                    Iteration time: 0.29s
                      Time elapsed: 00:00:31
                               ETA: 00:02:21

################################################################################
                     [1m Learning iteration 1108/1599 [0m                     

                       Computation: 455300 steps/s (collection: 0.215s, learning 0.072s)
             Mean action noise std: 0.08
          Mean value_function loss: 0.2656
               Mean surrogate loss: 0.0011
                 Mean entropy loss: -8.6301
                       Mean reward: 30.91
               Mean episode length: 543.64
           Episode_Reward/progress: 1.6063
              Episode_Reward/alive: 0.2652
            Episode_Reward/upright: 0.0513
     Episode_Reward/move_to_target: 0.2593
          Episode_Reward/action_l2: -0.0045
             Episode_Reward/energy: -0.2368
   Episode_Reward/joint_pos_limits: -0.1272
      Episode_Termination/time_out: 0.1183
  Episode_Termination/torso_height: 0.8817
--------------------------------------------------------------------------------
                   Total timesteps: 14417920
                    Iteration time: 0.29s
                      Time elapsed: 00:00:31
                               ETA: 00:02:21

################################################################################
                     [1m Learning iteration 1109/1599 [0m                     

                       Computation: 440962 steps/s (collection: 0.224s, learning 0.073s)
             Mean action noise std: 0.08
          Mean value_function loss: 0.2766
               Mean surrogate loss: -0.0036
                 Mean entropy loss: -8.6481
                       Mean reward: 30.78
               Mean episode length: 541.15
           Episode_Reward/progress: 1.5837
              Episode_Reward/alive: 0.2612
            Episode_Reward/upright: 0.0506
     Episode_Reward/move_to_target: 0.2556
          Episode_Reward/action_l2: -0.0043
             Episode_Reward/energy: -0.2324
   Episode_Reward/joint_pos_limits: -0.1260
      Episode_Termination/time_out: 0.1187
  Episode_Termination/torso_height: 0.8813
--------------------------------------------------------------------------------
                   Total timesteps: 14548992
                    Iteration time: 0.30s
                      Time elapsed: 00:00:31
                               ETA: 00:02:20

################################################################################
                     [1m Learning iteration 1110/1599 [0m                     

                       Computation: 420919 steps/s (collection: 0.239s, learning 0.073s)
             Mean action noise std: 0.08
          Mean value_function loss: 0.2508
               Mean surrogate loss: -0.0029
                 Mean entropy loss: -8.6409
                       Mean reward: 27.17
               Mean episode length: 485.27
           Episode_Reward/progress: 1.5723
              Episode_Reward/alive: 0.2609
            Episode_Reward/upright: 0.0504
     Episode_Reward/move_to_target: 0.2539
          Episode_Reward/action_l2: -0.0044
             Episode_Reward/energy: -0.2322
   Episode_Reward/joint_pos_limits: -0.1262
      Episode_Termination/time_out: 0.1188
  Episode_Termination/torso_height: 0.8812
--------------------------------------------------------------------------------
                   Total timesteps: 14680064
                    Iteration time: 0.31s
                      Time elapsed: 00:00:32
                               ETA: 00:02:20

################################################################################
                     [1m Learning iteration 1111/1599 [0m                     

                       Computation: 480199 steps/s (collection: 0.202s, learning 0.071s)
             Mean action noise std: 0.08
          Mean value_function loss: 0.2749
               Mean surrogate loss: 0.0009
                 Mean entropy loss: -8.6435
                       Mean reward: 28.17
               Mean episode length: 494.25
           Episode_Reward/progress: 1.5782
              Episode_Reward/alive: 0.2596
            Episode_Reward/upright: 0.0502
     Episode_Reward/move_to_target: 0.2548
          Episode_Reward/action_l2: -0.0043
             Episode_Reward/energy: -0.2330
   Episode_Reward/joint_pos_limits: -0.1247
      Episode_Termination/time_out: 0.1191
  Episode_Termination/torso_height: 0.8809
--------------------------------------------------------------------------------
                   Total timesteps: 14811136
                    Iteration time: 0.27s
                      Time elapsed: 00:00:32
                               ETA: 00:02:20

################################################################################
                     [1m Learning iteration 1112/1599 [0m                     

                       Computation: 498090 steps/s (collection: 0.193s, learning 0.070s)
             Mean action noise std: 0.08
          Mean value_function loss: 0.2266
               Mean surrogate loss: -0.0030
                 Mean entropy loss: -8.6668
                       Mean reward: 29.21
               Mean episode length: 514.91
           Episode_Reward/progress: 1.5722
              Episode_Reward/alive: 0.2599
            Episode_Reward/upright: 0.0503
     Episode_Reward/move_to_target: 0.2540
          Episode_Reward/action_l2: -0.0044
             Episode_Reward/energy: -0.2340
   Episode_Reward/joint_pos_limits: -0.1248
      Episode_Termination/time_out: 0.1188
  Episode_Termination/torso_height: 0.8812
--------------------------------------------------------------------------------
                   Total timesteps: 14942208
                    Iteration time: 0.26s
                      Time elapsed: 00:00:32
                               ETA: 00:02:19

################################################################################
                     [1m Learning iteration 1113/1599 [0m                     

                       Computation: 485295 steps/s (collection: 0.199s, learning 0.071s)
             Mean action noise std: 0.08
          Mean value_function loss: 0.2148
               Mean surrogate loss: -0.0029
                 Mean entropy loss: -8.6617
                       Mean reward: 26.37
               Mean episode length: 466.22
           Episode_Reward/progress: 1.5329
              Episode_Reward/alive: 0.2541
            Episode_Reward/upright: 0.0492
     Episode_Reward/move_to_target: 0.2475
          Episode_Reward/action_l2: -0.0043
             Episode_Reward/energy: -0.2287
   Episode_Reward/joint_pos_limits: -0.1222
      Episode_Termination/time_out: 0.1188
  Episode_Termination/torso_height: 0.8812
--------------------------------------------------------------------------------
                   Total timesteps: 15073280
                    Iteration time: 0.27s
                      Time elapsed: 00:00:33
                               ETA: 00:02:19

################################################################################
                     [1m Learning iteration 1114/1599 [0m                     

                       Computation: 492161 steps/s (collection: 0.196s, learning 0.070s)
             Mean action noise std: 0.08
          Mean value_function loss: 0.2294
               Mean surrogate loss: 0.0005
                 Mean entropy loss: -8.6520
                       Mean reward: 28.08
               Mean episode length: 494.29
           Episode_Reward/progress: 1.6283
              Episode_Reward/alive: 0.2682
            Episode_Reward/upright: 0.0522
     Episode_Reward/move_to_target: 0.2622
          Episode_Reward/action_l2: -0.0045
             Episode_Reward/energy: -0.2412
   Episode_Reward/joint_pos_limits: -0.1275
      Episode_Termination/time_out: 0.1190
  Episode_Termination/torso_height: 0.8810
--------------------------------------------------------------------------------
                   Total timesteps: 15204352
                    Iteration time: 0.27s
                      Time elapsed: 00:00:33
                               ETA: 00:02:19

################################################################################
                     [1m Learning iteration 1115/1599 [0m                     

                       Computation: 498599 steps/s (collection: 0.192s, learning 0.071s)
             Mean action noise std: 0.08
          Mean value_function loss: 0.2749
               Mean surrogate loss: -0.0032
                 Mean entropy loss: -8.6542
                       Mean reward: 26.55
               Mean episode length: 469.98
           Episode_Reward/progress: 1.5055
              Episode_Reward/alive: 0.2485
            Episode_Reward/upright: 0.0482
     Episode_Reward/move_to_target: 0.2422
          Episode_Reward/action_l2: -0.0041
             Episode_Reward/energy: -0.2192
   Episode_Reward/joint_pos_limits: -0.1194
      Episode_Termination/time_out: 0.1185
  Episode_Termination/torso_height: 0.8815
--------------------------------------------------------------------------------
                   Total timesteps: 15335424
                    Iteration time: 0.26s
                      Time elapsed: 00:00:33
                               ETA: 00:02:18

################################################################################
                     [1m Learning iteration 1116/1599 [0m                     

                       Computation: 482636 steps/s (collection: 0.195s, learning 0.076s)
             Mean action noise std: 0.08
          Mean value_function loss: 0.2313
               Mean surrogate loss: -0.0028
                 Mean entropy loss: -8.6729
                       Mean reward: 27.62
               Mean episode length: 487.53
           Episode_Reward/progress: 1.5173
              Episode_Reward/alive: 0.2520
            Episode_Reward/upright: 0.0487
     Episode_Reward/move_to_target: 0.2456
          Episode_Reward/action_l2: -0.0042
             Episode_Reward/energy: -0.2281
   Episode_Reward/joint_pos_limits: -0.1200
      Episode_Termination/time_out: 0.1180
  Episode_Termination/torso_height: 0.8820
--------------------------------------------------------------------------------
                   Total timesteps: 15466496
                    Iteration time: 0.27s
                      Time elapsed: 00:00:33
                               ETA: 00:02:18

################################################################################
                     [1m Learning iteration 1117/1599 [0m                     

                       Computation: 483387 steps/s (collection: 0.193s, learning 0.079s)
             Mean action noise std: 0.08
          Mean value_function loss: 0.2389
               Mean surrogate loss: -0.0026
                 Mean entropy loss: -8.6725
                       Mean reward: 26.38
               Mean episode length: 468.95
           Episode_Reward/progress: 1.4768
              Episode_Reward/alive: 0.2450
            Episode_Reward/upright: 0.0475
     Episode_Reward/move_to_target: 0.2394
          Episode_Reward/action_l2: -0.0041
             Episode_Reward/energy: -0.2209
   Episode_Reward/joint_pos_limits: -0.1168
      Episode_Termination/time_out: 0.1179
  Episode_Termination/torso_height: 0.8821
--------------------------------------------------------------------------------
                   Total timesteps: 15597568
                    Iteration time: 0.27s
                      Time elapsed: 00:00:34
                               ETA: 00:02:18

################################################################################
                     [1m Learning iteration 1118/1599 [0m                     

                       Computation: 463803 steps/s (collection: 0.209s, learning 0.073s)
             Mean action noise std: 0.08
          Mean value_function loss: 0.2381
               Mean surrogate loss: -0.0028
                 Mean entropy loss: -8.6845
                       Mean reward: 28.88
               Mean episode length: 509.12
           Episode_Reward/progress: 1.5526
              Episode_Reward/alive: 0.2588
            Episode_Reward/upright: 0.0500
     Episode_Reward/move_to_target: 0.2525
          Episode_Reward/action_l2: -0.0043
             Episode_Reward/energy: -0.2325
   Episode_Reward/joint_pos_limits: -0.1231
      Episode_Termination/time_out: 0.1186
  Episode_Termination/torso_height: 0.8814
--------------------------------------------------------------------------------
                   Total timesteps: 15728640
                    Iteration time: 0.28s
                      Time elapsed: 00:00:34
                               ETA: 00:02:17

################################################################################
                     [1m Learning iteration 1119/1599 [0m                     

                       Computation: 472309 steps/s (collection: 0.205s, learning 0.072s)
             Mean action noise std: 0.08
          Mean value_function loss: 0.2554
               Mean surrogate loss: -0.0029
                 Mean entropy loss: -8.6907
                       Mean reward: 27.89
               Mean episode length: 490.24
           Episode_Reward/progress: 1.5668
              Episode_Reward/alive: 0.2583
            Episode_Reward/upright: 0.0501
     Episode_Reward/move_to_target: 0.2532
          Episode_Reward/action_l2: -0.0043
             Episode_Reward/energy: -0.2301
   Episode_Reward/joint_pos_limits: -0.1230
      Episode_Termination/time_out: 0.1190
  Episode_Termination/torso_height: 0.8810
--------------------------------------------------------------------------------
                   Total timesteps: 15859712
                    Iteration time: 0.28s
                      Time elapsed: 00:00:34
                               ETA: 00:02:17

################################################################################
                     [1m Learning iteration 1120/1599 [0m                     

                       Computation: 424227 steps/s (collection: 0.235s, learning 0.074s)
             Mean action noise std: 0.08
          Mean value_function loss: 0.2342
               Mean surrogate loss: -0.0024
                 Mean entropy loss: -8.7123
                       Mean reward: 28.69
               Mean episode length: 504.42
           Episode_Reward/progress: 1.6016
              Episode_Reward/alive: 0.2655
            Episode_Reward/upright: 0.0515
     Episode_Reward/move_to_target: 0.2587
          Episode_Reward/action_l2: -0.0044
             Episode_Reward/energy: -0.2368
   Episode_Reward/joint_pos_limits: -0.1262
      Episode_Termination/time_out: 0.1186
  Episode_Termination/torso_height: 0.8814
--------------------------------------------------------------------------------
                   Total timesteps: 15990784
                    Iteration time: 0.31s
                      Time elapsed: 00:00:34
                               ETA: 00:02:17

################################################################################
                     [1m Learning iteration 1121/1599 [0m                     

                       Computation: 470381 steps/s (collection: 0.206s, learning 0.072s)
             Mean action noise std: 0.08
          Mean value_function loss: 0.2393
               Mean surrogate loss: -0.0034
                 Mean entropy loss: -8.7312
                       Mean reward: 28.83
               Mean episode length: 504.70
           Episode_Reward/progress: 1.5862
              Episode_Reward/alive: 0.2615
            Episode_Reward/upright: 0.0506
     Episode_Reward/move_to_target: 0.2556
          Episode_Reward/action_l2: -0.0043
             Episode_Reward/energy: -0.2336
   Episode_Reward/joint_pos_limits: -0.1243
      Episode_Termination/time_out: 0.1182
  Episode_Termination/torso_height: 0.8818
--------------------------------------------------------------------------------
                   Total timesteps: 16121856
                    Iteration time: 0.28s
                      Time elapsed: 00:00:35
                               ETA: 00:02:16

################################################################################
                     [1m Learning iteration 1122/1599 [0m                     

                       Computation: 466216 steps/s (collection: 0.208s, learning 0.073s)
             Mean action noise std: 0.08
          Mean value_function loss: 0.2688
               Mean surrogate loss: -0.0016
                 Mean entropy loss: -8.7193
                       Mean reward: 29.26
               Mean episode length: 513.59
           Episode_Reward/progress: 1.5515
              Episode_Reward/alive: 0.2560
            Episode_Reward/upright: 0.0496
     Episode_Reward/move_to_target: 0.2504
          Episode_Reward/action_l2: -0.0043
             Episode_Reward/energy: -0.2290
   Episode_Reward/joint_pos_limits: -0.1213
      Episode_Termination/time_out: 0.1188
  Episode_Termination/torso_height: 0.8812
--------------------------------------------------------------------------------
                   Total timesteps: 16252928
                    Iteration time: 0.28s
                      Time elapsed: 00:00:35
                               ETA: 00:02:16

################################################################################
                     [1m Learning iteration 1123/1599 [0m                     

                       Computation: 463173 steps/s (collection: 0.205s, learning 0.078s)
             Mean action noise std: 0.08
          Mean value_function loss: 0.2696
               Mean surrogate loss: -0.0016
                 Mean entropy loss: -8.7280
                       Mean reward: 28.92
               Mean episode length: 504.89
           Episode_Reward/progress: 1.5667
              Episode_Reward/alive: 0.2597
            Episode_Reward/upright: 0.0504
     Episode_Reward/move_to_target: 0.2546
          Episode_Reward/action_l2: -0.0043
             Episode_Reward/energy: -0.2321
   Episode_Reward/joint_pos_limits: -0.1235
      Episode_Termination/time_out: 0.1186
  Episode_Termination/torso_height: 0.8814
--------------------------------------------------------------------------------
                   Total timesteps: 16384000
                    Iteration time: 0.28s
                      Time elapsed: 00:00:35
                               ETA: 00:02:16

################################################################################
                     [1m Learning iteration 1124/1599 [0m                     

                       Computation: 463047 steps/s (collection: 0.209s, learning 0.074s)
             Mean action noise std: 0.08
          Mean value_function loss: 0.2541
               Mean surrogate loss: -0.0033
                 Mean entropy loss: -8.7179
                       Mean reward: 27.24
               Mean episode length: 480.49
           Episode_Reward/progress: 1.5642
              Episode_Reward/alive: 0.2574
            Episode_Reward/upright: 0.0498
     Episode_Reward/move_to_target: 0.2518
          Episode_Reward/action_l2: -0.0043
             Episode_Reward/energy: -0.2284
   Episode_Reward/joint_pos_limits: -0.1223
      Episode_Termination/time_out: 0.1186
  Episode_Termination/torso_height: 0.8814
--------------------------------------------------------------------------------
                   Total timesteps: 16515072
                    Iteration time: 0.28s
                      Time elapsed: 00:00:36
                               ETA: 00:02:16

################################################################################
                     [1m Learning iteration 1125/1599 [0m                     

                       Computation: 468110 steps/s (collection: 0.208s, learning 0.072s)
             Mean action noise std: 0.08
          Mean value_function loss: 0.2669
               Mean surrogate loss: -0.0028
                 Mean entropy loss: -8.7241
                       Mean reward: 27.74
               Mean episode length: 488.06
           Episode_Reward/progress: 1.6086
              Episode_Reward/alive: 0.2645
            Episode_Reward/upright: 0.0516
     Episode_Reward/move_to_target: 0.2600
          Episode_Reward/action_l2: -0.0043
             Episode_Reward/energy: -0.2325
   Episode_Reward/joint_pos_limits: -0.1253
      Episode_Termination/time_out: 0.1192
  Episode_Termination/torso_height: 0.8808
--------------------------------------------------------------------------------
                   Total timesteps: 16646144
                    Iteration time: 0.28s
                      Time elapsed: 00:00:36
                               ETA: 00:02:15

################################################################################
                     [1m Learning iteration 1126/1599 [0m                     

                       Computation: 453590 steps/s (collection: 0.216s, learning 0.073s)
             Mean action noise std: 0.08
          Mean value_function loss: 0.2551
               Mean surrogate loss: -0.0022
                 Mean entropy loss: -8.7382
                       Mean reward: 28.14
               Mean episode length: 490.63
           Episode_Reward/progress: 1.5850
              Episode_Reward/alive: 0.2615
            Episode_Reward/upright: 0.0508
     Episode_Reward/move_to_target: 0.2558
          Episode_Reward/action_l2: -0.0043
             Episode_Reward/energy: -0.2296
   Episode_Reward/joint_pos_limits: -0.1237
      Episode_Termination/time_out: 0.1192
  Episode_Termination/torso_height: 0.8808
--------------------------------------------------------------------------------
                   Total timesteps: 16777216
                    Iteration time: 0.29s
                      Time elapsed: 00:00:36
                               ETA: 00:02:15

################################################################################
                     [1m Learning iteration 1127/1599 [0m                     

                       Computation: 424215 steps/s (collection: 0.237s, learning 0.072s)
             Mean action noise std: 0.08
          Mean value_function loss: 0.2715
               Mean surrogate loss: -0.0025
                 Mean entropy loss: -8.7304
                       Mean reward: 30.06
               Mean episode length: 531.16
           Episode_Reward/progress: 1.7463
              Episode_Reward/alive: 0.2890
            Episode_Reward/upright: 0.0559
     Episode_Reward/move_to_target: 0.2815
          Episode_Reward/action_l2: -0.0047
             Episode_Reward/energy: -0.2518
   Episode_Reward/joint_pos_limits: -0.1375
      Episode_Termination/time_out: 0.1199
  Episode_Termination/torso_height: 0.8801
--------------------------------------------------------------------------------
                   Total timesteps: 16908288
                    Iteration time: 0.31s
                      Time elapsed: 00:00:36
                               ETA: 00:02:15

################################################################################
                     [1m Learning iteration 1128/1599 [0m                     

                       Computation: 469294 steps/s (collection: 0.206s, learning 0.073s)
             Mean action noise std: 0.08
          Mean value_function loss: 0.2394
               Mean surrogate loss: -0.0019
                 Mean entropy loss: -8.7249
                       Mean reward: 30.03
               Mean episode length: 527.48
           Episode_Reward/progress: 1.6119
              Episode_Reward/alive: 0.2675
            Episode_Reward/upright: 0.0516
     Episode_Reward/move_to_target: 0.2601
          Episode_Reward/action_l2: -0.0045
             Episode_Reward/energy: -0.2401
   Episode_Reward/joint_pos_limits: -0.1270
      Episode_Termination/time_out: 0.1197
  Episode_Termination/torso_height: 0.8803
--------------------------------------------------------------------------------
                   Total timesteps: 17039360
                    Iteration time: 0.28s
                      Time elapsed: 00:00:37
                               ETA: 00:02:14

################################################################################
                     [1m Learning iteration 1129/1599 [0m                     

                       Computation: 463559 steps/s (collection: 0.207s, learning 0.076s)
             Mean action noise std: 0.08
          Mean value_function loss: 0.2651
               Mean surrogate loss: -0.0021
                 Mean entropy loss: -8.7540
                       Mean reward: 27.51
               Mean episode length: 489.74
           Episode_Reward/progress: 1.6089
              Episode_Reward/alive: 0.2672
            Episode_Reward/upright: 0.0519
     Episode_Reward/move_to_target: 0.2605
          Episode_Reward/action_l2: -0.0044
             Episode_Reward/energy: -0.2360
   Episode_Reward/joint_pos_limits: -0.1272
      Episode_Termination/time_out: 0.1198
  Episode_Termination/torso_height: 0.8802
--------------------------------------------------------------------------------
                   Total timesteps: 17170432
                    Iteration time: 0.28s
                      Time elapsed: 00:00:37
                               ETA: 00:02:14

################################################################################
                     [1m Learning iteration 1130/1599 [0m                     

                       Computation: 454593 steps/s (collection: 0.215s, learning 0.073s)
             Mean action noise std: 0.08
          Mean value_function loss: 0.2537
               Mean surrogate loss: -0.0017
                 Mean entropy loss: -8.7451
                       Mean reward: 27.26
               Mean episode length: 476.12
           Episode_Reward/progress: 1.5384
              Episode_Reward/alive: 0.2543
            Episode_Reward/upright: 0.0494
     Episode_Reward/move_to_target: 0.2487
          Episode_Reward/action_l2: -0.0042
             Episode_Reward/energy: -0.2242
   Episode_Reward/joint_pos_limits: -0.1209
      Episode_Termination/time_out: 0.1197
  Episode_Termination/torso_height: 0.8803
--------------------------------------------------------------------------------
                   Total timesteps: 17301504
                    Iteration time: 0.29s
                      Time elapsed: 00:00:37
                               ETA: 00:02:14

################################################################################
                     [1m Learning iteration 1131/1599 [0m                     

                       Computation: 474378 steps/s (collection: 0.203s, learning 0.073s)
             Mean action noise std: 0.08
          Mean value_function loss: 0.2415
               Mean surrogate loss: -0.0026
                 Mean entropy loss: -8.7580
                       Mean reward: 28.13
               Mean episode length: 502.12
           Episode_Reward/progress: 1.4974
              Episode_Reward/alive: 0.2510
            Episode_Reward/upright: 0.0484
     Episode_Reward/move_to_target: 0.2443
          Episode_Reward/action_l2: -0.0042
             Episode_Reward/energy: -0.2221
   Episode_Reward/joint_pos_limits: -0.1199
      Episode_Termination/time_out: 0.1194
  Episode_Termination/torso_height: 0.8806
--------------------------------------------------------------------------------
                   Total timesteps: 17432576
                    Iteration time: 0.28s
                      Time elapsed: 00:00:38
                               ETA: 00:02:14

################################################################################
                     [1m Learning iteration 1132/1599 [0m                     

                       Computation: 462790 steps/s (collection: 0.211s, learning 0.072s)
             Mean action noise std: 0.08
          Mean value_function loss: 0.2292
               Mean surrogate loss: -0.0024
                 Mean entropy loss: -8.7412
                       Mean reward: 30.44
               Mean episode length: 535.58
           Episode_Reward/progress: 1.5933
              Episode_Reward/alive: 0.2639
            Episode_Reward/upright: 0.0516
     Episode_Reward/move_to_target: 0.2580
          Episode_Reward/action_l2: -0.0043
             Episode_Reward/energy: -0.2356
   Episode_Reward/joint_pos_limits: -0.1250
      Episode_Termination/time_out: 0.1197
  Episode_Termination/torso_height: 0.8803
--------------------------------------------------------------------------------
                   Total timesteps: 17563648
                    Iteration time: 0.28s
                      Time elapsed: 00:00:38
                               ETA: 00:02:13

################################################################################
                     [1m Learning iteration 1133/1599 [0m                     

                       Computation: 471158 steps/s (collection: 0.205s, learning 0.073s)
             Mean action noise std: 0.08
          Mean value_function loss: 0.2489
               Mean surrogate loss: -0.0001
                 Mean entropy loss: -8.7580
                       Mean reward: 26.52
               Mean episode length: 468.29
           Episode_Reward/progress: 1.5368
              Episode_Reward/alive: 0.2577
            Episode_Reward/upright: 0.0499
     Episode_Reward/move_to_target: 0.2512
          Episode_Reward/action_l2: -0.0042
             Episode_Reward/energy: -0.2267
   Episode_Reward/joint_pos_limits: -0.1218
      Episode_Termination/time_out: 0.1202
  Episode_Termination/torso_height: 0.8798
--------------------------------------------------------------------------------
                   Total timesteps: 17694720
                    Iteration time: 0.28s
                      Time elapsed: 00:00:38
                               ETA: 00:02:13

################################################################################
                     [1m Learning iteration 1134/1599 [0m                     

                       Computation: 426127 steps/s (collection: 0.235s, learning 0.072s)
             Mean action noise std: 0.08
          Mean value_function loss: 0.2046
               Mean surrogate loss: -0.0027
                 Mean entropy loss: -8.7539
                       Mean reward: 25.91
               Mean episode length: 463.57
           Episode_Reward/progress: 1.4319
              Episode_Reward/alive: 0.2400
            Episode_Reward/upright: 0.0464
     Episode_Reward/move_to_target: 0.2344
          Episode_Reward/action_l2: -0.0040
             Episode_Reward/energy: -0.2148
   Episode_Reward/joint_pos_limits: -0.1138
      Episode_Termination/time_out: 0.1197
  Episode_Termination/torso_height: 0.8803
--------------------------------------------------------------------------------
                   Total timesteps: 17825792
                    Iteration time: 0.31s
                      Time elapsed: 00:00:38
                               ETA: 00:02:13

################################################################################
                     [1m Learning iteration 1135/1599 [0m                     

                       Computation: 471608 steps/s (collection: 0.205s, learning 0.073s)
             Mean action noise std: 0.08
          Mean value_function loss: 0.2261
               Mean surrogate loss: -0.0026
                 Mean entropy loss: -8.7449
                       Mean reward: 27.46
               Mean episode length: 487.32
           Episode_Reward/progress: 1.5001
              Episode_Reward/alive: 0.2534
            Episode_Reward/upright: 0.0486
     Episode_Reward/move_to_target: 0.2464
          Episode_Reward/action_l2: -0.0043
             Episode_Reward/energy: -0.2239
   Episode_Reward/joint_pos_limits: -0.1211
      Episode_Termination/time_out: 0.1194
  Episode_Termination/torso_height: 0.8806
--------------------------------------------------------------------------------
                   Total timesteps: 17956864
                    Iteration time: 0.28s
                      Time elapsed: 00:00:39
                               ETA: 00:02:12

################################################################################
                     [1m Learning iteration 1136/1599 [0m                     

                       Computation: 441441 steps/s (collection: 0.222s, learning 0.075s)
             Mean action noise std: 0.08
          Mean value_function loss: 0.2236
               Mean surrogate loss: -0.0022
                 Mean entropy loss: -8.7559
                       Mean reward: 29.94
               Mean episode length: 524.24
           Episode_Reward/progress: 1.6141
              Episode_Reward/alive: 0.2673
            Episode_Reward/upright: 0.0520
     Episode_Reward/move_to_target: 0.2625
          Episode_Reward/action_l2: -0.0044
             Episode_Reward/energy: -0.2334
   Episode_Reward/joint_pos_limits: -0.1268
      Episode_Termination/time_out: 0.1191
  Episode_Termination/torso_height: 0.8809
--------------------------------------------------------------------------------
                   Total timesteps: 18087936
                    Iteration time: 0.30s
                      Time elapsed: 00:00:39
                               ETA: 00:02:12

################################################################################
                     [1m Learning iteration 1137/1599 [0m                     

                       Computation: 447262 steps/s (collection: 0.220s, learning 0.074s)
             Mean action noise std: 0.08
          Mean value_function loss: 0.2517
               Mean surrogate loss: -0.0017
                 Mean entropy loss: -8.7346
                       Mean reward: 29.05
               Mean episode length: 512.73
           Episode_Reward/progress: 1.6087
              Episode_Reward/alive: 0.2675
            Episode_Reward/upright: 0.0519
     Episode_Reward/move_to_target: 0.2594
          Episode_Reward/action_l2: -0.0043
             Episode_Reward/energy: -0.2328
   Episode_Reward/joint_pos_limits: -0.1271
      Episode_Termination/time_out: 0.1193
  Episode_Termination/torso_height: 0.8807
--------------------------------------------------------------------------------
                   Total timesteps: 18219008
                    Iteration time: 0.29s
                      Time elapsed: 00:00:39
                               ETA: 00:02:12

################################################################################
                     [1m Learning iteration 1138/1599 [0m                     

                       Computation: 471526 steps/s (collection: 0.206s, learning 0.072s)
             Mean action noise std: 0.08
          Mean value_function loss: 0.2254
               Mean surrogate loss: -0.0030
                 Mean entropy loss: -8.7642
                       Mean reward: 29.33
               Mean episode length: 514.58
           Episode_Reward/progress: 1.5038
              Episode_Reward/alive: 0.2510
            Episode_Reward/upright: 0.0486
     Episode_Reward/move_to_target: 0.2458
          Episode_Reward/action_l2: -0.0041
             Episode_Reward/energy: -0.2173
   Episode_Reward/joint_pos_limits: -0.1193
      Episode_Termination/time_out: 0.1198
  Episode_Termination/torso_height: 0.8802
--------------------------------------------------------------------------------
                   Total timesteps: 18350080
                    Iteration time: 0.28s
                      Time elapsed: 00:00:40
                               ETA: 00:02:12

################################################################################
                     [1m Learning iteration 1139/1599 [0m                     

                       Computation: 474072 steps/s (collection: 0.204s, learning 0.073s)
             Mean action noise std: 0.08
          Mean value_function loss: 0.2298
               Mean surrogate loss: -0.0026
                 Mean entropy loss: -8.7625
                       Mean reward: 28.84
               Mean episode length: 506.99
           Episode_Reward/progress: 1.5383
              Episode_Reward/alive: 0.2561
            Episode_Reward/upright: 0.0496
     Episode_Reward/move_to_target: 0.2507
          Episode_Reward/action_l2: -0.0043
             Episode_Reward/energy: -0.2288
   Episode_Reward/joint_pos_limits: -0.1215
      Episode_Termination/time_out: 0.1196
  Episode_Termination/torso_height: 0.8804
--------------------------------------------------------------------------------
                   Total timesteps: 18481152
                    Iteration time: 0.28s
                      Time elapsed: 00:00:40
                               ETA: 00:02:11

################################################################################
                     [1m Learning iteration 1140/1599 [0m                     

                       Computation: 454190 steps/s (collection: 0.214s, learning 0.074s)
             Mean action noise std: 0.08
          Mean value_function loss: 0.2389
               Mean surrogate loss: -0.0015
                 Mean entropy loss: -8.7657
                       Mean reward: 27.47
               Mean episode length: 487.29
           Episode_Reward/progress: 1.5969
              Episode_Reward/alive: 0.2654
            Episode_Reward/upright: 0.0515
     Episode_Reward/move_to_target: 0.2604
          Episode_Reward/action_l2: -0.0043
             Episode_Reward/energy: -0.2312
   Episode_Reward/joint_pos_limits: -0.1262
      Episode_Termination/time_out: 0.1201
  Episode_Termination/torso_height: 0.8799
--------------------------------------------------------------------------------
                   Total timesteps: 18612224
                    Iteration time: 0.29s
                      Time elapsed: 00:00:40
                               ETA: 00:02:11

################################################################################
                     [1m Learning iteration 1141/1599 [0m                     

                       Computation: 411419 steps/s (collection: 0.245s, learning 0.074s)
             Mean action noise std: 0.08
          Mean value_function loss: 0.2720
               Mean surrogate loss: -0.0002
                 Mean entropy loss: -8.7672
                       Mean reward: 27.93
               Mean episode length: 501.40
           Episode_Reward/progress: 1.6631
              Episode_Reward/alive: 0.2776
            Episode_Reward/upright: 0.0540
     Episode_Reward/move_to_target: 0.2689
          Episode_Reward/action_l2: -0.0045
             Episode_Reward/energy: -0.2441
   Episode_Reward/joint_pos_limits: -0.1313
      Episode_Termination/time_out: 0.1206
  Episode_Termination/torso_height: 0.8794
--------------------------------------------------------------------------------
                   Total timesteps: 18743296
                    Iteration time: 0.32s
                      Time elapsed: 00:00:40
                               ETA: 00:02:11

################################################################################
                     [1m Learning iteration 1142/1599 [0m                     

                       Computation: 453959 steps/s (collection: 0.216s, learning 0.073s)
             Mean action noise std: 0.08
          Mean value_function loss: 0.2544
               Mean surrogate loss: -0.0045
                 Mean entropy loss: -8.7832
                       Mean reward: 30.09
               Mean episode length: 529.24
           Episode_Reward/progress: 1.5983
              Episode_Reward/alive: 0.2658
            Episode_Reward/upright: 0.0518
     Episode_Reward/move_to_target: 0.2613
          Episode_Reward/action_l2: -0.0044
             Episode_Reward/energy: -0.2381
   Episode_Reward/joint_pos_limits: -0.1249
      Episode_Termination/time_out: 0.1213
  Episode_Termination/torso_height: 0.8787
--------------------------------------------------------------------------------
                   Total timesteps: 18874368
                    Iteration time: 0.29s
                      Time elapsed: 00:00:41
                               ETA: 00:02:11

################################################################################
                     [1m Learning iteration 1143/1599 [0m                     

                       Computation: 461711 steps/s (collection: 0.211s, learning 0.073s)
             Mean action noise std: 0.08
          Mean value_function loss: 0.2432
               Mean surrogate loss: -0.0021
                 Mean entropy loss: -8.7857
                       Mean reward: 28.78
               Mean episode length: 512.67
           Episode_Reward/progress: 1.5642
              Episode_Reward/alive: 0.2627
            Episode_Reward/upright: 0.0509
     Episode_Reward/move_to_target: 0.2565
          Episode_Reward/action_l2: -0.0043
             Episode_Reward/energy: -0.2314
   Episode_Reward/joint_pos_limits: -0.1242
      Episode_Termination/time_out: 0.1220
  Episode_Termination/torso_height: 0.8780
--------------------------------------------------------------------------------
                   Total timesteps: 19005440
                    Iteration time: 0.28s
                      Time elapsed: 00:00:41
                               ETA: 00:02:10

################################################################################
                     [1m Learning iteration 1144/1599 [0m                     

                       Computation: 445128 steps/s (collection: 0.222s, learning 0.073s)
             Mean action noise std: 0.08
          Mean value_function loss: 0.2599
               Mean surrogate loss: -0.0021
                 Mean entropy loss: -8.7937
                       Mean reward: 29.26
               Mean episode length: 522.18
           Episode_Reward/progress: 1.4837
              Episode_Reward/alive: 0.2509
            Episode_Reward/upright: 0.0484
     Episode_Reward/move_to_target: 0.2439
          Episode_Reward/action_l2: -0.0042
             Episode_Reward/energy: -0.2225
   Episode_Reward/joint_pos_limits: -0.1193
      Episode_Termination/time_out: 0.1221
  Episode_Termination/torso_height: 0.8779
--------------------------------------------------------------------------------
                   Total timesteps: 19136512
                    Iteration time: 0.29s
                      Time elapsed: 00:00:41
                               ETA: 00:02:10

################################################################################
                     [1m Learning iteration 1145/1599 [0m                     

                       Computation: 473858 steps/s (collection: 0.204s, learning 0.073s)
             Mean action noise std: 0.08
          Mean value_function loss: 0.2719
               Mean surrogate loss: -0.0036
                 Mean entropy loss: -8.7849
                       Mean reward: 26.77
               Mean episode length: 476.87
           Episode_Reward/progress: 1.5569
              Episode_Reward/alive: 0.2590
            Episode_Reward/upright: 0.0502
     Episode_Reward/move_to_target: 0.2533
          Episode_Reward/action_l2: -0.0043
             Episode_Reward/energy: -0.2280
   Episode_Reward/joint_pos_limits: -0.1227
      Episode_Termination/time_out: 0.1228
  Episode_Termination/torso_height: 0.8772
--------------------------------------------------------------------------------
                   Total timesteps: 19267584
                    Iteration time: 0.28s
                      Time elapsed: 00:00:42
                               ETA: 00:02:10

################################################################################
                     [1m Learning iteration 1146/1599 [0m                     

                       Computation: 467807 steps/s (collection: 0.207s, learning 0.073s)
             Mean action noise std: 0.08
          Mean value_function loss: 0.2540
               Mean surrogate loss: -0.0027
                 Mean entropy loss: -8.7703
                       Mean reward: 27.81
               Mean episode length: 499.98
           Episode_Reward/progress: 1.5405
              Episode_Reward/alive: 0.2585
            Episode_Reward/upright: 0.0501
     Episode_Reward/move_to_target: 0.2526
          Episode_Reward/action_l2: -0.0043
             Episode_Reward/energy: -0.2301
   Episode_Reward/joint_pos_limits: -0.1221
      Episode_Termination/time_out: 0.1225
  Episode_Termination/torso_height: 0.8775
--------------------------------------------------------------------------------
                   Total timesteps: 19398656
                    Iteration time: 0.28s
                      Time elapsed: 00:00:42
                               ETA: 00:02:09

################################################################################
                     [1m Learning iteration 1147/1599 [0m                     

                       Computation: 465537 steps/s (collection: 0.205s, learning 0.077s)
             Mean action noise std: 0.08
          Mean value_function loss: 0.2504
               Mean surrogate loss: -0.0024
                 Mean entropy loss: -8.7866
                       Mean reward: 26.90
               Mean episode length: 482.79
           Episode_Reward/progress: 1.6634
              Episode_Reward/alive: 0.2770
            Episode_Reward/upright: 0.0539
     Episode_Reward/move_to_target: 0.2711
          Episode_Reward/action_l2: -0.0046
             Episode_Reward/energy: -0.2450
   Episode_Reward/joint_pos_limits: -0.1312
      Episode_Termination/time_out: 0.1221
  Episode_Termination/torso_height: 0.8779
--------------------------------------------------------------------------------
                   Total timesteps: 19529728
                    Iteration time: 0.28s
                      Time elapsed: 00:00:42
                               ETA: 00:02:09

################################################################################
                     [1m Learning iteration 1148/1599 [0m                     

                       Computation: 448129 steps/s (collection: 0.221s, learning 0.071s)
             Mean action noise std: 0.08
          Mean value_function loss: 0.2498
               Mean surrogate loss: -0.0038
                 Mean entropy loss: -8.7957
                       Mean reward: 29.36
               Mean episode length: 525.55
           Episode_Reward/progress: 1.5808
              Episode_Reward/alive: 0.2658
            Episode_Reward/upright: 0.0514
     Episode_Reward/move_to_target: 0.2584
          Episode_Reward/action_l2: -0.0044
             Episode_Reward/energy: -0.2312
   Episode_Reward/joint_pos_limits: -0.1260
      Episode_Termination/time_out: 0.1219
  Episode_Termination/torso_height: 0.8781
--------------------------------------------------------------------------------
                   Total timesteps: 19660800
                    Iteration time: 0.29s
                      Time elapsed: 00:00:42
                               ETA: 00:02:09

################################################################################
                     [1m Learning iteration 1149/1599 [0m                     

                       Computation: 483362 steps/s (collection: 0.199s, learning 0.072s)
             Mean action noise std: 0.08
          Mean value_function loss: 0.2408
               Mean surrogate loss: -0.0028
                 Mean entropy loss: -8.7940
                       Mean reward: 28.92
               Mean episode length: 509.12
           Episode_Reward/progress: 1.6200
              Episode_Reward/alive: 0.2703
            Episode_Reward/upright: 0.0525
     Episode_Reward/move_to_target: 0.2646
          Episode_Reward/action_l2: -0.0044
             Episode_Reward/energy: -0.2385
   Episode_Reward/joint_pos_limits: -0.1271
      Episode_Termination/time_out: 0.1217
  Episode_Termination/torso_height: 0.8783
--------------------------------------------------------------------------------
                   Total timesteps: 19791872
                    Iteration time: 0.27s
                      Time elapsed: 00:00:43
                               ETA: 00:02:08

################################################################################
                     [1m Learning iteration 1150/1599 [0m                     

                       Computation: 472310 steps/s (collection: 0.204s, learning 0.073s)
             Mean action noise std: 0.08
          Mean value_function loss: 0.2219
               Mean surrogate loss: -0.0016
                 Mean entropy loss: -8.8040
                       Mean reward: 25.90
               Mean episode length: 465.22
           Episode_Reward/progress: 1.5217
              Episode_Reward/alive: 0.2559
            Episode_Reward/upright: 0.0492
     Episode_Reward/move_to_target: 0.2487
          Episode_Reward/action_l2: -0.0043
             Episode_Reward/energy: -0.2240
   Episode_Reward/joint_pos_limits: -0.1224
      Episode_Termination/time_out: 0.1219
  Episode_Termination/torso_height: 0.8781
--------------------------------------------------------------------------------
                   Total timesteps: 19922944
                    Iteration time: 0.28s
                      Time elapsed: 00:00:43
                               ETA: 00:02:08

################################################################################
                     [1m Learning iteration 1151/1599 [0m                     

                       Computation: 473278 steps/s (collection: 0.205s, learning 0.072s)
             Mean action noise std: 0.08
          Mean value_function loss: 0.2327
               Mean surrogate loss: -0.0019
                 Mean entropy loss: -8.8216
                       Mean reward: 32.98
               Mean episode length: 581.83
           Episode_Reward/progress: 1.6179
              Episode_Reward/alive: 0.2692
            Episode_Reward/upright: 0.0525
     Episode_Reward/move_to_target: 0.2636
          Episode_Reward/action_l2: -0.0045
             Episode_Reward/energy: -0.2415
   Episode_Reward/joint_pos_limits: -0.1265
      Episode_Termination/time_out: 0.1216
  Episode_Termination/torso_height: 0.8784
--------------------------------------------------------------------------------
                   Total timesteps: 20054016
                    Iteration time: 0.28s
                      Time elapsed: 00:00:43
                               ETA: 00:02:08

################################################################################
                     [1m Learning iteration 1152/1599 [0m                     

                       Computation: 480201 steps/s (collection: 0.201s, learning 0.072s)
             Mean action noise std: 0.08
          Mean value_function loss: 0.2436
               Mean surrogate loss: -0.0017
                 Mean entropy loss: -8.8162
                       Mean reward: 24.42
               Mean episode length: 434.82
           Episode_Reward/progress: 1.4491
              Episode_Reward/alive: 0.2425
            Episode_Reward/upright: 0.0469
     Episode_Reward/move_to_target: 0.2361
          Episode_Reward/action_l2: -0.0041
             Episode_Reward/energy: -0.2196
   Episode_Reward/joint_pos_limits: -0.1145
      Episode_Termination/time_out: 0.1212
  Episode_Termination/torso_height: 0.8788
--------------------------------------------------------------------------------
                   Total timesteps: 20185088
                    Iteration time: 0.27s
                      Time elapsed: 00:00:44
                               ETA: 00:02:07

################################################################################
                     [1m Learning iteration 1153/1599 [0m                     

                       Computation: 480545 steps/s (collection: 0.200s, learning 0.072s)
             Mean action noise std: 0.08
          Mean value_function loss: 0.2233
               Mean surrogate loss: -0.0037
                 Mean entropy loss: -8.8314
                       Mean reward: 29.04
               Mean episode length: 521.91
           Episode_Reward/progress: 1.5130
              Episode_Reward/alive: 0.2571
            Episode_Reward/upright: 0.0495
     Episode_Reward/move_to_target: 0.2502
          Episode_Reward/action_l2: -0.0043
             Episode_Reward/energy: -0.2312
   Episode_Reward/joint_pos_limits: -0.1207
      Episode_Termination/time_out: 0.1206
  Episode_Termination/torso_height: 0.8794
--------------------------------------------------------------------------------
                   Total timesteps: 20316160
                    Iteration time: 0.27s
                      Time elapsed: 00:00:44
                               ETA: 00:02:07

################################################################################
                     [1m Learning iteration 1154/1599 [0m                     

                       Computation: 467262 steps/s (collection: 0.207s, learning 0.074s)
             Mean action noise std: 0.08
          Mean value_function loss: 0.2386
               Mean surrogate loss: -0.0028
                 Mean entropy loss: -8.8244
                       Mean reward: 28.79
               Mean episode length: 507.89
           Episode_Reward/progress: 1.5483
              Episode_Reward/alive: 0.2603
            Episode_Reward/upright: 0.0507
     Episode_Reward/move_to_target: 0.2547
          Episode_Reward/action_l2: -0.0044
             Episode_Reward/energy: -0.2335
   Episode_Reward/joint_pos_limits: -0.1228
      Episode_Termination/time_out: 0.1211
  Episode_Termination/torso_height: 0.8789
--------------------------------------------------------------------------------
                   Total timesteps: 20447232
                    Iteration time: 0.28s
                      Time elapsed: 00:00:44
                               ETA: 00:02:07

################################################################################
                     [1m Learning iteration 1155/1599 [0m                     

                       Computation: 445585 steps/s (collection: 0.222s, learning 0.072s)
             Mean action noise std: 0.08
          Mean value_function loss: 0.2437
               Mean surrogate loss: -0.0018
                 Mean entropy loss: -8.8210
                       Mean reward: 27.05
               Mean episode length: 480.05
           Episode_Reward/progress: 1.5903
              Episode_Reward/alive: 0.2661
            Episode_Reward/upright: 0.0516
     Episode_Reward/move_to_target: 0.2593
          Episode_Reward/action_l2: -0.0044
             Episode_Reward/energy: -0.2375
   Episode_Reward/joint_pos_limits: -0.1252
      Episode_Termination/time_out: 0.1209
  Episode_Termination/torso_height: 0.8791
--------------------------------------------------------------------------------
                   Total timesteps: 20578304
                    Iteration time: 0.29s
                      Time elapsed: 00:00:44
                               ETA: 00:02:07

################################################################################
                     [1m Learning iteration 1156/1599 [0m                     

                       Computation: 469647 steps/s (collection: 0.206s, learning 0.073s)
             Mean action noise std: 0.08
          Mean value_function loss: 0.2151
               Mean surrogate loss: -0.0028
                 Mean entropy loss: -8.8300
                       Mean reward: 28.56
               Mean episode length: 513.03
           Episode_Reward/progress: 1.5781
              Episode_Reward/alive: 0.2654
            Episode_Reward/upright: 0.0515
     Episode_Reward/move_to_target: 0.2590
          Episode_Reward/action_l2: -0.0045
             Episode_Reward/energy: -0.2398
   Episode_Reward/joint_pos_limits: -0.1246
      Episode_Termination/time_out: 0.1214
  Episode_Termination/torso_height: 0.8786
--------------------------------------------------------------------------------
                   Total timesteps: 20709376
                    Iteration time: 0.28s
                      Time elapsed: 00:00:45
                               ETA: 00:02:06

################################################################################
                     [1m Learning iteration 1157/1599 [0m                     

                       Computation: 467025 steps/s (collection: 0.208s, learning 0.073s)
             Mean action noise std: 0.08
          Mean value_function loss: 0.2284
               Mean surrogate loss: -0.0018
                 Mean entropy loss: -8.8626
                       Mean reward: 30.71
               Mean episode length: 546.86
           Episode_Reward/progress: 1.6821
              Episode_Reward/alive: 0.2833
            Episode_Reward/upright: 0.0547
     Episode_Reward/move_to_target: 0.2743
          Episode_Reward/action_l2: -0.0047
             Episode_Reward/energy: -0.2520
   Episode_Reward/joint_pos_limits: -0.1336
      Episode_Termination/time_out: 0.1225
  Episode_Termination/torso_height: 0.8775
--------------------------------------------------------------------------------
                   Total timesteps: 20840448
                    Iteration time: 0.28s
                      Time elapsed: 00:00:45
                               ETA: 00:02:06

################################################################################
                     [1m Learning iteration 1158/1599 [0m                     

                       Computation: 471708 steps/s (collection: 0.206s, learning 0.071s)
             Mean action noise std: 0.08
          Mean value_function loss: 0.2383
               Mean surrogate loss: 0.0001
                 Mean entropy loss: -8.8500
                       Mean reward: 26.76
               Mean episode length: 483.12
           Episode_Reward/progress: 1.5126
              Episode_Reward/alive: 0.2558
            Episode_Reward/upright: 0.0493
     Episode_Reward/move_to_target: 0.2496
          Episode_Reward/action_l2: -0.0043
             Episode_Reward/energy: -0.2289
   Episode_Reward/joint_pos_limits: -0.1204
      Episode_Termination/time_out: 0.1246
  Episode_Termination/torso_height: 0.8754
--------------------------------------------------------------------------------
                   Total timesteps: 20971520
                    Iteration time: 0.28s
                      Time elapsed: 00:00:45
                               ETA: 00:02:06

################################################################################
                     [1m Learning iteration 1159/1599 [0m                     

                       Computation: 492695 steps/s (collection: 0.195s, learning 0.071s)
             Mean action noise std: 0.08
          Mean value_function loss: 0.2345
               Mean surrogate loss: -0.0035
                 Mean entropy loss: -8.8653
                       Mean reward: 26.83
               Mean episode length: 478.87
           Episode_Reward/progress: 1.4836
              Episode_Reward/alive: 0.2500
            Episode_Reward/upright: 0.0484
     Episode_Reward/move_to_target: 0.2441
          Episode_Reward/action_l2: -0.0042
             Episode_Reward/energy: -0.2250
   Episode_Reward/joint_pos_limits: -0.1169
      Episode_Termination/time_out: 0.1257
  Episode_Termination/torso_height: 0.8743
--------------------------------------------------------------------------------
                   Total timesteps: 21102592
                    Iteration time: 0.27s
                      Time elapsed: 00:00:46
                               ETA: 00:02:05

################################################################################
                     [1m Learning iteration 1160/1599 [0m                     

                       Computation: 463976 steps/s (collection: 0.207s, learning 0.076s)
             Mean action noise std: 0.08
          Mean value_function loss: 0.2527
               Mean surrogate loss: -0.0015
                 Mean entropy loss: -8.8539
                       Mean reward: 28.95
               Mean episode length: 513.39
           Episode_Reward/progress: 1.5646
              Episode_Reward/alive: 0.2642
            Episode_Reward/upright: 0.0511
     Episode_Reward/move_to_target: 0.2574
          Episode_Reward/action_l2: -0.0044
             Episode_Reward/energy: -0.2371
   Episode_Reward/joint_pos_limits: -0.1244
      Episode_Termination/time_out: 0.1260
  Episode_Termination/torso_height: 0.8740
--------------------------------------------------------------------------------
                   Total timesteps: 21233664
                    Iteration time: 0.28s
                      Time elapsed: 00:00:46
                               ETA: 00:02:05

################################################################################
                     [1m Learning iteration 1161/1599 [0m                     

                       Computation: 457408 steps/s (collection: 0.214s, learning 0.073s)
             Mean action noise std: 0.08
          Mean value_function loss: 0.2511
               Mean surrogate loss: -0.0022
                 Mean entropy loss: -8.8635
                       Mean reward: 27.55
               Mean episode length: 491.86
           Episode_Reward/progress: 1.5797
              Episode_Reward/alive: 0.2641
            Episode_Reward/upright: 0.0512
     Episode_Reward/move_to_target: 0.2573
          Episode_Reward/action_l2: -0.0044
             Episode_Reward/energy: -0.2347
   Episode_Reward/joint_pos_limits: -0.1238
      Episode_Termination/time_out: 0.1261
  Episode_Termination/torso_height: 0.8739
--------------------------------------------------------------------------------
                   Total timesteps: 21364736
                    Iteration time: 0.29s
                      Time elapsed: 00:00:46
                               ETA: 00:02:05

################################################################################
                     [1m Learning iteration 1162/1599 [0m                     

                       Computation: 437450 steps/s (collection: 0.227s, learning 0.073s)
             Mean action noise std: 0.08
          Mean value_function loss: 0.2235
               Mean surrogate loss: -0.0024
                 Mean entropy loss: -8.8725
                       Mean reward: 30.80
               Mean episode length: 550.26
           Episode_Reward/progress: 1.6041
              Episode_Reward/alive: 0.2698
            Episode_Reward/upright: 0.0519
     Episode_Reward/move_to_target: 0.2616
          Episode_Reward/action_l2: -0.0045
             Episode_Reward/energy: -0.2413
   Episode_Reward/joint_pos_limits: -0.1264
      Episode_Termination/time_out: 0.1265
  Episode_Termination/torso_height: 0.8735
--------------------------------------------------------------------------------
                   Total timesteps: 21495808
                    Iteration time: 0.30s
                      Time elapsed: 00:00:46
                               ETA: 00:02:05

################################################################################
                     [1m Learning iteration 1163/1599 [0m                     

                       Computation: 473016 steps/s (collection: 0.204s, learning 0.073s)
             Mean action noise std: 0.08
          Mean value_function loss: 0.2297
               Mean surrogate loss: -0.0026
                 Mean entropy loss: -8.8738
                       Mean reward: 26.51
               Mean episode length: 475.10
           Episode_Reward/progress: 1.5477
              Episode_Reward/alive: 0.2607
            Episode_Reward/upright: 0.0503
     Episode_Reward/move_to_target: 0.2535
          Episode_Reward/action_l2: -0.0044
             Episode_Reward/energy: -0.2339
   Episode_Reward/joint_pos_limits: -0.1230
      Episode_Termination/time_out: 0.1271
  Episode_Termination/torso_height: 0.8729
--------------------------------------------------------------------------------
                   Total timesteps: 21626880
                    Iteration time: 0.28s
                      Time elapsed: 00:00:47
                               ETA: 00:02:04

################################################################################
                     [1m Learning iteration 1164/1599 [0m                     

                       Computation: 468864 steps/s (collection: 0.208s, learning 0.072s)
             Mean action noise std: 0.08
          Mean value_function loss: 0.2279
               Mean surrogate loss: -0.0022
                 Mean entropy loss: -8.8732
                       Mean reward: 27.56
               Mean episode length: 494.88
           Episode_Reward/progress: 1.4927
              Episode_Reward/alive: 0.2538
            Episode_Reward/upright: 0.0491
     Episode_Reward/move_to_target: 0.2464
          Episode_Reward/action_l2: -0.0043
             Episode_Reward/energy: -0.2277
   Episode_Reward/joint_pos_limits: -0.1194
      Episode_Termination/time_out: 0.1275
  Episode_Termination/torso_height: 0.8725
--------------------------------------------------------------------------------
                   Total timesteps: 21757952
                    Iteration time: 0.28s
                      Time elapsed: 00:00:47
                               ETA: 00:02:04

################################################################################
                     [1m Learning iteration 1165/1599 [0m                     

                       Computation: 462297 steps/s (collection: 0.211s, learning 0.072s)
             Mean action noise std: 0.08
          Mean value_function loss: 0.2322
               Mean surrogate loss: -0.0008
                 Mean entropy loss: -8.8595
                       Mean reward: 26.42
               Mean episode length: 472.75
           Episode_Reward/progress: 1.4550
              Episode_Reward/alive: 0.2455
            Episode_Reward/upright: 0.0474
     Episode_Reward/move_to_target: 0.2407
          Episode_Reward/action_l2: -0.0041
             Episode_Reward/energy: -0.2204
   Episode_Reward/joint_pos_limits: -0.1147
      Episode_Termination/time_out: 0.1282
  Episode_Termination/torso_height: 0.8718
--------------------------------------------------------------------------------
                   Total timesteps: 21889024
                    Iteration time: 0.28s
                      Time elapsed: 00:00:47
                               ETA: 00:02:04

################################################################################
                     [1m Learning iteration 1166/1599 [0m                     

                       Computation: 471395 steps/s (collection: 0.205s, learning 0.073s)
             Mean action noise std: 0.08
          Mean value_function loss: 0.2406
               Mean surrogate loss: -0.0038
                 Mean entropy loss: -8.8792
                       Mean reward: 29.89
               Mean episode length: 531.46
           Episode_Reward/progress: 1.5783
              Episode_Reward/alive: 0.2658
            Episode_Reward/upright: 0.0516
     Episode_Reward/move_to_target: 0.2599
          Episode_Reward/action_l2: -0.0044
             Episode_Reward/energy: -0.2378
   Episode_Reward/joint_pos_limits: -0.1241
      Episode_Termination/time_out: 0.1293
  Episode_Termination/torso_height: 0.8707
--------------------------------------------------------------------------------
                   Total timesteps: 22020096
                    Iteration time: 0.28s
                      Time elapsed: 00:00:48
                               ETA: 00:02:03

################################################################################
                     [1m Learning iteration 1167/1599 [0m                     

                       Computation: 472881 steps/s (collection: 0.204s, learning 0.073s)
             Mean action noise std: 0.08
          Mean value_function loss: 0.2417
               Mean surrogate loss: -0.0015
                 Mean entropy loss: -8.8783
                       Mean reward: 28.66
               Mean episode length: 508.90
           Episode_Reward/progress: 1.5762
              Episode_Reward/alive: 0.2666
            Episode_Reward/upright: 0.0516
     Episode_Reward/move_to_target: 0.2608
          Episode_Reward/action_l2: -0.0044
             Episode_Reward/energy: -0.2372
   Episode_Reward/joint_pos_limits: -0.1243
      Episode_Termination/time_out: 0.1297
  Episode_Termination/torso_height: 0.8703
--------------------------------------------------------------------------------
                   Total timesteps: 22151168
                    Iteration time: 0.28s
                      Time elapsed: 00:00:48
                               ETA: 00:02:03

################################################################################
                     [1m Learning iteration 1168/1599 [0m                     

                       Computation: 475247 steps/s (collection: 0.204s, learning 0.072s)
             Mean action noise std: 0.08
          Mean value_function loss: 0.2275
               Mean surrogate loss: -0.0014
                 Mean entropy loss: -8.8806
                       Mean reward: 29.66
               Mean episode length: 532.43
           Episode_Reward/progress: 1.5204
              Episode_Reward/alive: 0.2587
            Episode_Reward/upright: 0.0497
     Episode_Reward/move_to_target: 0.2512
          Episode_Reward/action_l2: -0.0044
             Episode_Reward/energy: -0.2327
   Episode_Reward/joint_pos_limits: -0.1216
      Episode_Termination/time_out: 0.1303
  Episode_Termination/torso_height: 0.8697
--------------------------------------------------------------------------------
                   Total timesteps: 22282240
                    Iteration time: 0.28s
                      Time elapsed: 00:00:48
                               ETA: 00:02:03

################################################################################
                     [1m Learning iteration 1169/1599 [0m                     

                       Computation: 424232 steps/s (collection: 0.236s, learning 0.073s)
             Mean action noise std: 0.08
          Mean value_function loss: 0.2184
               Mean surrogate loss: -0.0030
                 Mean entropy loss: -8.8962
                       Mean reward: 28.57
               Mean episode length: 507.67
           Episode_Reward/progress: 1.5570
              Episode_Reward/alive: 0.2614
            Episode_Reward/upright: 0.0505
     Episode_Reward/move_to_target: 0.2551
          Episode_Reward/action_l2: -0.0044
             Episode_Reward/energy: -0.2332
   Episode_Reward/joint_pos_limits: -0.1222
      Episode_Termination/time_out: 0.1318
  Episode_Termination/torso_height: 0.8682
--------------------------------------------------------------------------------
                   Total timesteps: 22413312
                    Iteration time: 0.31s
                      Time elapsed: 00:00:48
                               ETA: 00:02:02

################################################################################
                     [1m Learning iteration 1170/1599 [0m                     

                       Computation: 471954 steps/s (collection: 0.205s, learning 0.073s)
             Mean action noise std: 0.08
          Mean value_function loss: 0.2478
               Mean surrogate loss: -0.0023
                 Mean entropy loss: -8.8874
                       Mean reward: 31.50
               Mean episode length: 561.33
           Episode_Reward/progress: 1.5606
              Episode_Reward/alive: 0.2618
            Episode_Reward/upright: 0.0508
     Episode_Reward/move_to_target: 0.2560
          Episode_Reward/action_l2: -0.0044
             Episode_Reward/energy: -0.2379
   Episode_Reward/joint_pos_limits: -0.1214
      Episode_Termination/time_out: 0.1327
  Episode_Termination/torso_height: 0.8673
--------------------------------------------------------------------------------
                   Total timesteps: 22544384
                    Iteration time: 0.28s
                      Time elapsed: 00:00:49
                               ETA: 00:02:02

################################################################################
                     [1m Learning iteration 1171/1599 [0m                     

                       Computation: 465820 steps/s (collection: 0.208s, learning 0.073s)
             Mean action noise std: 0.08
          Mean value_function loss: 0.2257
               Mean surrogate loss: -0.0019
                 Mean entropy loss: -8.8863
                       Mean reward: 27.78
               Mean episode length: 496.64
           Episode_Reward/progress: 1.6490
              Episode_Reward/alive: 0.2761
            Episode_Reward/upright: 0.0535
     Episode_Reward/move_to_target: 0.2692
          Episode_Reward/action_l2: -0.0046
             Episode_Reward/energy: -0.2480
   Episode_Reward/joint_pos_limits: -0.1278
      Episode_Termination/time_out: 0.1330
  Episode_Termination/torso_height: 0.8670
--------------------------------------------------------------------------------
                   Total timesteps: 22675456
                    Iteration time: 0.28s
                      Time elapsed: 00:00:49
                               ETA: 00:02:02

################################################################################
                     [1m Learning iteration 1172/1599 [0m                     

                       Computation: 458135 steps/s (collection: 0.214s, learning 0.072s)
             Mean action noise std: 0.08
          Mean value_function loss: 0.2310
               Mean surrogate loss: -0.0033
                 Mean entropy loss: -8.8835
                       Mean reward: 29.38
               Mean episode length: 523.84
           Episode_Reward/progress: 1.6537
              Episode_Reward/alive: 0.2772
            Episode_Reward/upright: 0.0537
     Episode_Reward/move_to_target: 0.2708
          Episode_Reward/action_l2: -0.0047
             Episode_Reward/energy: -0.2516
   Episode_Reward/joint_pos_limits: -0.1290
      Episode_Termination/time_out: 0.1336
  Episode_Termination/torso_height: 0.8664
--------------------------------------------------------------------------------
                   Total timesteps: 22806528
                    Iteration time: 0.29s
                      Time elapsed: 00:00:49
                               ETA: 00:02:02

################################################################################
                     [1m Learning iteration 1173/1599 [0m                     

                       Computation: 484556 steps/s (collection: 0.198s, learning 0.072s)
             Mean action noise std: 0.08
          Mean value_function loss: 0.2474
               Mean surrogate loss: -0.0024
                 Mean entropy loss: -8.8798
                       Mean reward: 27.64
               Mean episode length: 490.09
           Episode_Reward/progress: 1.5928
              Episode_Reward/alive: 0.2665
            Episode_Reward/upright: 0.0517
     Episode_Reward/move_to_target: 0.2598
          Episode_Reward/action_l2: -0.0045
             Episode_Reward/energy: -0.2398
   Episode_Reward/joint_pos_limits: -0.1235
      Episode_Termination/time_out: 0.1334
  Episode_Termination/torso_height: 0.8666
--------------------------------------------------------------------------------
                   Total timesteps: 22937600
                    Iteration time: 0.27s
                      Time elapsed: 00:00:50
                               ETA: 00:02:01

################################################################################
                     [1m Learning iteration 1174/1599 [0m                     

                       Computation: 484675 steps/s (collection: 0.198s, learning 0.072s)
             Mean action noise std: 0.08
          Mean value_function loss: 0.2338
               Mean surrogate loss: -0.0017
                 Mean entropy loss: -8.8878
                       Mean reward: 29.09
               Mean episode length: 521.71
           Episode_Reward/progress: 1.6160
              Episode_Reward/alive: 0.2731
            Episode_Reward/upright: 0.0527
     Episode_Reward/move_to_target: 0.2665
          Episode_Reward/action_l2: -0.0046
             Episode_Reward/energy: -0.2437
   Episode_Reward/joint_pos_limits: -0.1268
      Episode_Termination/time_out: 0.1332
  Episode_Termination/torso_height: 0.8668
--------------------------------------------------------------------------------
                   Total timesteps: 23068672
                    Iteration time: 0.27s
                      Time elapsed: 00:00:50
                               ETA: 00:02:01

################################################################################
                     [1m Learning iteration 1175/1599 [0m                     

                       Computation: 477742 steps/s (collection: 0.202s, learning 0.072s)
             Mean action noise std: 0.08
          Mean value_function loss: 0.2296
               Mean surrogate loss: -0.0026
                 Mean entropy loss: -8.8962
                       Mean reward: 29.88
               Mean episode length: 530.85
           Episode_Reward/progress: 1.5611
              Episode_Reward/alive: 0.2615
            Episode_Reward/upright: 0.0506
     Episode_Reward/move_to_target: 0.2557
          Episode_Reward/action_l2: -0.0044
             Episode_Reward/energy: -0.2351
   Episode_Reward/joint_pos_limits: -0.1216
      Episode_Termination/time_out: 0.1335
  Episode_Termination/torso_height: 0.8665
--------------------------------------------------------------------------------
                   Total timesteps: 23199744
                    Iteration time: 0.27s
                      Time elapsed: 00:00:50
                               ETA: 00:02:01

################################################################################
                     [1m Learning iteration 1176/1599 [0m                     

                       Computation: 436918 steps/s (collection: 0.228s, learning 0.072s)
             Mean action noise std: 0.08
          Mean value_function loss: 0.2549
               Mean surrogate loss: -0.0022
                 Mean entropy loss: -8.9012
                       Mean reward: 26.95
               Mean episode length: 487.66
           Episode_Reward/progress: 1.5165
              Episode_Reward/alive: 0.2582
            Episode_Reward/upright: 0.0498
     Episode_Reward/move_to_target: 0.2504
          Episode_Reward/action_l2: -0.0043
             Episode_Reward/energy: -0.2324
   Episode_Reward/joint_pos_limits: -0.1203
      Episode_Termination/time_out: 0.1338
  Episode_Termination/torso_height: 0.8662
--------------------------------------------------------------------------------
                   Total timesteps: 23330816
                    Iteration time: 0.30s
                      Time elapsed: 00:00:50
                               ETA: 00:02:00

################################################################################
                     [1m Learning iteration 1177/1599 [0m                     

                       Computation: 478612 steps/s (collection: 0.202s, learning 0.072s)
             Mean action noise std: 0.08
          Mean value_function loss: 0.2541
               Mean surrogate loss: -0.0015
                 Mean entropy loss: -8.9133
                       Mean reward: 28.30
               Mean episode length: 507.11
           Episode_Reward/progress: 1.4817
              Episode_Reward/alive: 0.2500
            Episode_Reward/upright: 0.0481
     Episode_Reward/move_to_target: 0.2427
          Episode_Reward/action_l2: -0.0042
             Episode_Reward/energy: -0.2265
   Episode_Reward/joint_pos_limits: -0.1160
      Episode_Termination/time_out: 0.1344
  Episode_Termination/torso_height: 0.8656
--------------------------------------------------------------------------------
                   Total timesteps: 23461888
                    Iteration time: 0.27s
                      Time elapsed: 00:00:51
                               ETA: 00:02:00

################################################################################
                     [1m Learning iteration 1178/1599 [0m                     

                       Computation: 466492 steps/s (collection: 0.208s, learning 0.073s)
             Mean action noise std: 0.08
          Mean value_function loss: 0.2192
               Mean surrogate loss: -0.0028
                 Mean entropy loss: -8.9026
                       Mean reward: 29.18
               Mean episode length: 523.57
           Episode_Reward/progress: 1.6275
              Episode_Reward/alive: 0.2741
            Episode_Reward/upright: 0.0529
     Episode_Reward/move_to_target: 0.2668
          Episode_Reward/action_l2: -0.0046
             Episode_Reward/energy: -0.2512
   Episode_Reward/joint_pos_limits: -0.1270
      Episode_Termination/time_out: 0.1353
  Episode_Termination/torso_height: 0.8647
--------------------------------------------------------------------------------
                   Total timesteps: 23592960
                    Iteration time: 0.28s
                      Time elapsed: 00:00:51
                               ETA: 00:02:00

################################################################################
                     [1m Learning iteration 1179/1599 [0m                     

                       Computation: 461301 steps/s (collection: 0.211s, learning 0.074s)
             Mean action noise std: 0.08
          Mean value_function loss: 0.2355
               Mean surrogate loss: -0.0029
                 Mean entropy loss: -8.9026
                       Mean reward: 29.78
               Mean episode length: 531.31
           Episode_Reward/progress: 1.5726
              Episode_Reward/alive: 0.2641
            Episode_Reward/upright: 0.0513
     Episode_Reward/move_to_target: 0.2598
          Episode_Reward/action_l2: -0.0044
             Episode_Reward/energy: -0.2381
   Episode_Reward/joint_pos_limits: -0.1222
      Episode_Termination/time_out: 0.1354
  Episode_Termination/torso_height: 0.8646
--------------------------------------------------------------------------------
                   Total timesteps: 23724032
                    Iteration time: 0.28s
                      Time elapsed: 00:00:51
                               ETA: 00:01:59

################################################################################
                     [1m Learning iteration 1180/1599 [0m                     

                       Computation: 472640 steps/s (collection: 0.205s, learning 0.073s)
             Mean action noise std: 0.08
          Mean value_function loss: 0.2393
               Mean surrogate loss: -0.0001
                 Mean entropy loss: -8.8989
                       Mean reward: 27.15
               Mean episode length: 484.60
           Episode_Reward/progress: 1.5518
              Episode_Reward/alive: 0.2607
            Episode_Reward/upright: 0.0501
     Episode_Reward/move_to_target: 0.2533
          Episode_Reward/action_l2: -0.0044
             Episode_Reward/energy: -0.2362
   Episode_Reward/joint_pos_limits: -0.1209
      Episode_Termination/time_out: 0.1357
  Episode_Termination/torso_height: 0.8643
--------------------------------------------------------------------------------
                   Total timesteps: 23855104
                    Iteration time: 0.28s
                      Time elapsed: 00:00:51
                               ETA: 00:01:59

################################################################################
                     [1m Learning iteration 1181/1599 [0m                     

                       Computation: 481330 steps/s (collection: 0.201s, learning 0.071s)
             Mean action noise std: 0.08
          Mean value_function loss: 0.2315
               Mean surrogate loss: -0.0029
                 Mean entropy loss: -8.9173
                       Mean reward: 29.23
               Mean episode length: 524.53
           Episode_Reward/progress: 1.5456
              Episode_Reward/alive: 0.2607
            Episode_Reward/upright: 0.0504
     Episode_Reward/move_to_target: 0.2538
          Episode_Reward/action_l2: -0.0044
             Episode_Reward/energy: -0.2364
   Episode_Reward/joint_pos_limits: -0.1205
      Episode_Termination/time_out: 0.1359
  Episode_Termination/torso_height: 0.8641
--------------------------------------------------------------------------------
                   Total timesteps: 23986176
                    Iteration time: 0.27s
                      Time elapsed: 00:00:52
                               ETA: 00:01:59

################################################################################
                     [1m Learning iteration 1182/1599 [0m                     

                       Computation: 476176 steps/s (collection: 0.204s, learning 0.072s)
             Mean action noise std: 0.08
          Mean value_function loss: 0.2392
               Mean surrogate loss: -0.0032
                 Mean entropy loss: -8.8970
                       Mean reward: 27.61
               Mean episode length: 494.16
           Episode_Reward/progress: 1.4351
              Episode_Reward/alive: 0.2419
            Episode_Reward/upright: 0.0467
     Episode_Reward/move_to_target: 0.2369
          Episode_Reward/action_l2: -0.0041
             Episode_Reward/energy: -0.2210
   Episode_Reward/joint_pos_limits: -0.1117
      Episode_Termination/time_out: 0.1362
  Episode_Termination/torso_height: 0.8638
--------------------------------------------------------------------------------
                   Total timesteps: 24117248
                    Iteration time: 0.28s
                      Time elapsed: 00:00:52
                               ETA: 00:01:59

################################################################################
                     [1m Learning iteration 1183/1599 [0m                     

                       Computation: 440456 steps/s (collection: 0.223s, learning 0.074s)
             Mean action noise std: 0.08
          Mean value_function loss: 0.2519
               Mean surrogate loss: -0.0027
                 Mean entropy loss: -8.9048
                       Mean reward: 27.28
               Mean episode length: 488.11
           Episode_Reward/progress: 1.5181
              Episode_Reward/alive: 0.2562
            Episode_Reward/upright: 0.0494
     Episode_Reward/move_to_target: 0.2502
          Episode_Reward/action_l2: -0.0043
             Episode_Reward/energy: -0.2285
   Episode_Reward/joint_pos_limits: -0.1186
      Episode_Termination/time_out: 0.1359
  Episode_Termination/torso_height: 0.8641
--------------------------------------------------------------------------------
                   Total timesteps: 24248320
                    Iteration time: 0.30s
                      Time elapsed: 00:00:52
                               ETA: 00:01:58

################################################################################
                     [1m Learning iteration 1184/1599 [0m                     

                       Computation: 477803 steps/s (collection: 0.202s, learning 0.072s)
             Mean action noise std: 0.08
          Mean value_function loss: 0.2372
               Mean surrogate loss: -0.0024
                 Mean entropy loss: -8.9018
                       Mean reward: 27.11
               Mean episode length: 485.89
           Episode_Reward/progress: 1.5443
              Episode_Reward/alive: 0.2591
            Episode_Reward/upright: 0.0501
     Episode_Reward/move_to_target: 0.2532
          Episode_Reward/action_l2: -0.0044
             Episode_Reward/energy: -0.2362
   Episode_Reward/joint_pos_limits: -0.1194
      Episode_Termination/time_out: 0.1351
  Episode_Termination/torso_height: 0.8649
--------------------------------------------------------------------------------
                   Total timesteps: 24379392
                    Iteration time: 0.27s
                      Time elapsed: 00:00:53
                               ETA: 00:01:58

################################################################################
                     [1m Learning iteration 1185/1599 [0m                     

                       Computation: 474107 steps/s (collection: 0.202s, learning 0.074s)
             Mean action noise std: 0.08
          Mean value_function loss: 0.2524
               Mean surrogate loss: -0.0029
                 Mean entropy loss: -8.9023
                       Mean reward: 25.32
               Mean episode length: 453.59
           Episode_Reward/progress: 1.5241
              Episode_Reward/alive: 0.2546
            Episode_Reward/upright: 0.0492
     Episode_Reward/move_to_target: 0.2489
          Episode_Reward/action_l2: -0.0043
             Episode_Reward/energy: -0.2305
   Episode_Reward/joint_pos_limits: -0.1179
      Episode_Termination/time_out: 0.1356
  Episode_Termination/torso_height: 0.8644
--------------------------------------------------------------------------------
                   Total timesteps: 24510464
                    Iteration time: 0.28s
                      Time elapsed: 00:00:53
                               ETA: 00:01:58

################################################################################
                     [1m Learning iteration 1186/1599 [0m                     

                       Computation: 468094 steps/s (collection: 0.207s, learning 0.073s)
             Mean action noise std: 0.08
          Mean value_function loss: 0.2351
               Mean surrogate loss: -0.0016
                 Mean entropy loss: -8.8715
                       Mean reward: 29.03
               Mean episode length: 507.91
           Episode_Reward/progress: 1.5598
              Episode_Reward/alive: 0.2587
            Episode_Reward/upright: 0.0501
     Episode_Reward/move_to_target: 0.2536
          Episode_Reward/action_l2: -0.0043
             Episode_Reward/energy: -0.2346
   Episode_Reward/joint_pos_limits: -0.1188
      Episode_Termination/time_out: 0.1346
  Episode_Termination/torso_height: 0.8654
--------------------------------------------------------------------------------
                   Total timesteps: 24641536
                    Iteration time: 0.28s
                      Time elapsed: 00:00:53
                               ETA: 00:01:57

################################################################################
                     [1m Learning iteration 1187/1599 [0m                     

                       Computation: 475544 steps/s (collection: 0.202s, learning 0.074s)
             Mean action noise std: 0.08
          Mean value_function loss: 0.2187
               Mean surrogate loss: -0.0019
                 Mean entropy loss: -8.8611
                       Mean reward: 28.33
               Mean episode length: 503.24
           Episode_Reward/progress: 1.5901
              Episode_Reward/alive: 0.2671
            Episode_Reward/upright: 0.0514
     Episode_Reward/move_to_target: 0.2609
          Episode_Reward/action_l2: -0.0045
             Episode_Reward/energy: -0.2408
   Episode_Reward/joint_pos_limits: -0.1235
      Episode_Termination/time_out: 0.1341
  Episode_Termination/torso_height: 0.8659
--------------------------------------------------------------------------------
                   Total timesteps: 24772608
                    Iteration time: 0.28s
                      Time elapsed: 00:00:53
                               ETA: 00:01:57

################################################################################
                     [1m Learning iteration 1188/1599 [0m                     

                       Computation: 465817 steps/s (collection: 0.209s, learning 0.073s)
             Mean action noise std: 0.08
          Mean value_function loss: 0.2172
               Mean surrogate loss: -0.0019
                 Mean entropy loss: -8.8508
                       Mean reward: 27.82
               Mean episode length: 493.02
           Episode_Reward/progress: 1.5062
              Episode_Reward/alive: 0.2522
            Episode_Reward/upright: 0.0488
     Episode_Reward/move_to_target: 0.2469
          Episode_Reward/action_l2: -0.0042
             Episode_Reward/energy: -0.2257
   Episode_Reward/joint_pos_limits: -0.1165
      Episode_Termination/time_out: 0.1333
  Episode_Termination/torso_height: 0.8667
--------------------------------------------------------------------------------
                   Total timesteps: 24903680
                    Iteration time: 0.28s
                      Time elapsed: 00:00:54
                               ETA: 00:01:57

################################################################################
                     [1m Learning iteration 1189/1599 [0m                     

                       Computation: 472825 steps/s (collection: 0.205s, learning 0.072s)
             Mean action noise std: 0.08
          Mean value_function loss: 0.2181
               Mean surrogate loss: -0.0037
                 Mean entropy loss: -8.8575
                       Mean reward: 29.27
               Mean episode length: 520.63
           Episode_Reward/progress: 1.5549
              Episode_Reward/alive: 0.2613
            Episode_Reward/upright: 0.0502
     Episode_Reward/move_to_target: 0.2551
          Episode_Reward/action_l2: -0.0044
             Episode_Reward/energy: -0.2383
   Episode_Reward/joint_pos_limits: -0.1210
      Episode_Termination/time_out: 0.1324
  Episode_Termination/torso_height: 0.8676
--------------------------------------------------------------------------------
                   Total timesteps: 25034752
                    Iteration time: 0.28s
                      Time elapsed: 00:00:54
                               ETA: 00:01:56

################################################################################
                     [1m Learning iteration 1190/1599 [0m                     

                       Computation: 428860 steps/s (collection: 0.233s, learning 0.072s)
             Mean action noise std: 0.08
          Mean value_function loss: 0.2314
               Mean surrogate loss: -0.0027
                 Mean entropy loss: -8.8555
                       Mean reward: 30.31
               Mean episode length: 539.65
           Episode_Reward/progress: 1.5878
              Episode_Reward/alive: 0.2679
            Episode_Reward/upright: 0.0518
     Episode_Reward/move_to_target: 0.2623
          Episode_Reward/action_l2: -0.0045
             Episode_Reward/energy: -0.2407
   Episode_Reward/joint_pos_limits: -0.1228
      Episode_Termination/time_out: 0.1317
  Episode_Termination/torso_height: 0.8683
--------------------------------------------------------------------------------
                   Total timesteps: 25165824
                    Iteration time: 0.31s
                      Time elapsed: 00:00:54
                               ETA: 00:01:56

################################################################################
                     [1m Learning iteration 1191/1599 [0m                     

                       Computation: 483407 steps/s (collection: 0.199s, learning 0.072s)
             Mean action noise std: 0.08
          Mean value_function loss: 0.2549
               Mean surrogate loss: -0.0009
                 Mean entropy loss: -8.8394
                       Mean reward: 27.38
               Mean episode length: 487.06
           Episode_Reward/progress: 1.5536
              Episode_Reward/alive: 0.2587
            Episode_Reward/upright: 0.0501
     Episode_Reward/move_to_target: 0.2531
          Episode_Reward/action_l2: -0.0043
             Episode_Reward/energy: -0.2370
   Episode_Reward/joint_pos_limits: -0.1178
      Episode_Termination/time_out: 0.1319
  Episode_Termination/torso_height: 0.8681
--------------------------------------------------------------------------------
                   Total timesteps: 25296896
                    Iteration time: 0.27s
                      Time elapsed: 00:00:55
                               ETA: 00:01:56

################################################################################
                     [1m Learning iteration 1192/1599 [0m                     

                       Computation: 474932 steps/s (collection: 0.204s, learning 0.072s)
             Mean action noise std: 0.08
          Mean value_function loss: 0.2491
               Mean surrogate loss: -0.0038
                 Mean entropy loss: -8.8811
                       Mean reward: 30.87
               Mean episode length: 543.79
           Episode_Reward/progress: 1.5121
              Episode_Reward/alive: 0.2528
            Episode_Reward/upright: 0.0487
     Episode_Reward/move_to_target: 0.2478
          Episode_Reward/action_l2: -0.0042
             Episode_Reward/energy: -0.2298
   Episode_Reward/joint_pos_limits: -0.1154
      Episode_Termination/time_out: 0.1319
  Episode_Termination/torso_height: 0.8681
--------------------------------------------------------------------------------
                   Total timesteps: 25427968
                    Iteration time: 0.28s
                      Time elapsed: 00:00:55
                               ETA: 00:01:56

################################################################################
                     [1m Learning iteration 1193/1599 [0m                     

                       Computation: 471722 steps/s (collection: 0.202s, learning 0.076s)
             Mean action noise std: 0.08
          Mean value_function loss: 0.2387
               Mean surrogate loss: -0.0025
                 Mean entropy loss: -8.9053
                       Mean reward: 25.92
               Mean episode length: 462.99
           Episode_Reward/progress: 1.5740
              Episode_Reward/alive: 0.2622
            Episode_Reward/upright: 0.0508
     Episode_Reward/move_to_target: 0.2567
          Episode_Reward/action_l2: -0.0044
             Episode_Reward/energy: -0.2381
   Episode_Reward/joint_pos_limits: -0.1204
      Episode_Termination/time_out: 0.1324
  Episode_Termination/torso_height: 0.8676
--------------------------------------------------------------------------------
                   Total timesteps: 25559040
                    Iteration time: 0.28s
                      Time elapsed: 00:00:55
                               ETA: 00:01:55

################################################################################
                     [1m Learning iteration 1194/1599 [0m                     

                       Computation: 477823 steps/s (collection: 0.204s, learning 0.071s)
             Mean action noise std: 0.08
          Mean value_function loss: 0.2201
               Mean surrogate loss: -0.0026
                 Mean entropy loss: -8.9261
                       Mean reward: 26.55
               Mean episode length: 476.25
           Episode_Reward/progress: 1.5008
              Episode_Reward/alive: 0.2521
            Episode_Reward/upright: 0.0488
     Episode_Reward/move_to_target: 0.2467
          Episode_Reward/action_l2: -0.0042
             Episode_Reward/energy: -0.2295
   Episode_Reward/joint_pos_limits: -0.1145
      Episode_Termination/time_out: 0.1327
  Episode_Termination/torso_height: 0.8673
--------------------------------------------------------------------------------
                   Total timesteps: 25690112
                    Iteration time: 0.27s
                      Time elapsed: 00:00:55
                               ETA: 00:01:55

################################################################################
                     [1m Learning iteration 1195/1599 [0m                     

                       Computation: 488262 steps/s (collection: 0.197s, learning 0.072s)
             Mean action noise std: 0.08
          Mean value_function loss: 0.2362
               Mean surrogate loss: 0.0011
                 Mean entropy loss: -8.9104
                       Mean reward: 28.36
               Mean episode length: 499.01
           Episode_Reward/progress: 1.5207
              Episode_Reward/alive: 0.2551
            Episode_Reward/upright: 0.0491
     Episode_Reward/move_to_target: 0.2490
          Episode_Reward/action_l2: -0.0042
             Episode_Reward/energy: -0.2279
   Episode_Reward/joint_pos_limits: -0.1163
      Episode_Termination/time_out: 0.1328
  Episode_Termination/torso_height: 0.8672
--------------------------------------------------------------------------------
                   Total timesteps: 25821184
                    Iteration time: 0.27s
                      Time elapsed: 00:00:56
                               ETA: 00:01:55

################################################################################
                     [1m Learning iteration 1196/1599 [0m                     

                       Computation: 467886 steps/s (collection: 0.208s, learning 0.072s)
             Mean action noise std: 0.08
          Mean value_function loss: 0.2471
               Mean surrogate loss: -0.0024
                 Mean entropy loss: -8.9302
                       Mean reward: 29.78
               Mean episode length: 520.53
           Episode_Reward/progress: 1.5532
              Episode_Reward/alive: 0.2577
            Episode_Reward/upright: 0.0499
     Episode_Reward/move_to_target: 0.2532
          Episode_Reward/action_l2: -0.0043
             Episode_Reward/energy: -0.2362
   Episode_Reward/joint_pos_limits: -0.1170
      Episode_Termination/time_out: 0.1317
  Episode_Termination/torso_height: 0.8683
--------------------------------------------------------------------------------
                   Total timesteps: 25952256
                    Iteration time: 0.28s
                      Time elapsed: 00:00:56
                               ETA: 00:01:54

################################################################################
                     [1m Learning iteration 1197/1599 [0m                     

                       Computation: 441121 steps/s (collection: 0.226s, learning 0.072s)
             Mean action noise std: 0.08
          Mean value_function loss: 0.2580
               Mean surrogate loss: -0.0040
                 Mean entropy loss: -8.9198
                       Mean reward: 29.35
               Mean episode length: 519.06
           Episode_Reward/progress: 1.6576
              Episode_Reward/alive: 0.2760
            Episode_Reward/upright: 0.0534
     Episode_Reward/move_to_target: 0.2698
          Episode_Reward/action_l2: -0.0046
             Episode_Reward/energy: -0.2478
   Episode_Reward/joint_pos_limits: -0.1256
      Episode_Termination/time_out: 0.1302
  Episode_Termination/torso_height: 0.8698
--------------------------------------------------------------------------------
                   Total timesteps: 26083328
                    Iteration time: 0.30s
                      Time elapsed: 00:00:56
                               ETA: 00:01:54

################################################################################
                     [1m Learning iteration 1198/1599 [0m                     

                       Computation: 479387 steps/s (collection: 0.202s, learning 0.072s)
             Mean action noise std: 0.08
          Mean value_function loss: 0.2600
               Mean surrogate loss: -0.0023
                 Mean entropy loss: -8.9302
                       Mean reward: 26.94
               Mean episode length: 482.48
           Episode_Reward/progress: 1.5538
              Episode_Reward/alive: 0.2597
            Episode_Reward/upright: 0.0501
     Episode_Reward/move_to_target: 0.2533
          Episode_Reward/action_l2: -0.0043
             Episode_Reward/energy: -0.2349
   Episode_Reward/joint_pos_limits: -0.1183
      Episode_Termination/time_out: 0.1301
  Episode_Termination/torso_height: 0.8699
--------------------------------------------------------------------------------
                   Total timesteps: 26214400
                    Iteration time: 0.27s
                      Time elapsed: 00:00:57
                               ETA: 00:01:54

################################################################################
                     [1m Learning iteration 1199/1599 [0m                     

                       Computation: 481316 steps/s (collection: 0.200s, learning 0.072s)
             Mean action noise std: 0.08
          Mean value_function loss: 0.2669
               Mean surrogate loss: -0.0029
                 Mean entropy loss: -8.9288
                       Mean reward: 30.74
               Mean episode length: 536.66
           Episode_Reward/progress: 1.6674
              Episode_Reward/alive: 0.2761
            Episode_Reward/upright: 0.0534
     Episode_Reward/move_to_target: 0.2699
          Episode_Reward/action_l2: -0.0045
             Episode_Reward/energy: -0.2475
   Episode_Reward/joint_pos_limits: -0.1257
      Episode_Termination/time_out: 0.1299
  Episode_Termination/torso_height: 0.8701
--------------------------------------------------------------------------------
                   Total timesteps: 26345472
                    Iteration time: 0.27s
                      Time elapsed: 00:00:57
                               ETA: 00:01:53

################################################################################
                     [1m Learning iteration 1200/1599 [0m                     

                       Computation: 483601 steps/s (collection: 0.194s, learning 0.077s)
             Mean action noise std: 0.08
          Mean value_function loss: 0.2562
               Mean surrogate loss: -0.0023
                 Mean entropy loss: -8.9438
                       Mean reward: 29.59
               Mean episode length: 522.76
           Episode_Reward/progress: 1.5720
              Episode_Reward/alive: 0.2626
            Episode_Reward/upright: 0.0506
     Episode_Reward/move_to_target: 0.2571
          Episode_Reward/action_l2: -0.0043
             Episode_Reward/energy: -0.2321
   Episode_Reward/joint_pos_limits: -0.1195
      Episode_Termination/time_out: 0.1290
  Episode_Termination/torso_height: 0.8710
--------------------------------------------------------------------------------
                   Total timesteps: 26476544
                    Iteration time: 0.27s
                      Time elapsed: 00:00:57
                               ETA: 00:01:53

################################################################################
                     [1m Learning iteration 1201/1599 [0m                     

                       Computation: 471819 steps/s (collection: 0.205s, learning 0.073s)
             Mean action noise std: 0.08
          Mean value_function loss: 0.2256
               Mean surrogate loss: -0.0026
                 Mean entropy loss: -8.9201
                       Mean reward: 29.51
               Mean episode length: 520.70
           Episode_Reward/progress: 1.6103
              Episode_Reward/alive: 0.2687
            Episode_Reward/upright: 0.0517
     Episode_Reward/move_to_target: 0.2608
          Episode_Reward/action_l2: -0.0045
             Episode_Reward/energy: -0.2402
   Episode_Reward/joint_pos_limits: -0.1226
      Episode_Termination/time_out: 0.1281
  Episode_Termination/torso_height: 0.8719
--------------------------------------------------------------------------------
                   Total timesteps: 26607616
                    Iteration time: 0.28s
                      Time elapsed: 00:00:57
                               ETA: 00:01:53

################################################################################
                     [1m Learning iteration 1202/1599 [0m                     

                       Computation: 472941 steps/s (collection: 0.205s, learning 0.072s)
             Mean action noise std: 0.08
          Mean value_function loss: 0.2544
               Mean surrogate loss: -0.0041
                 Mean entropy loss: -8.9391
                       Mean reward: 26.69
               Mean episode length: 472.87
           Episode_Reward/progress: 1.5418
              Episode_Reward/alive: 0.2592
            Episode_Reward/upright: 0.0501
     Episode_Reward/move_to_target: 0.2529
          Episode_Reward/action_l2: -0.0043
             Episode_Reward/energy: -0.2335
   Episode_Reward/joint_pos_limits: -0.1174
      Episode_Termination/time_out: 0.1279
  Episode_Termination/torso_height: 0.8721
--------------------------------------------------------------------------------
                   Total timesteps: 26738688
                    Iteration time: 0.28s
                      Time elapsed: 00:00:58
                               ETA: 00:01:53

################################################################################
                     [1m Learning iteration 1203/1599 [0m                     

                       Computation: 471959 steps/s (collection: 0.204s, learning 0.073s)
             Mean action noise std: 0.08
          Mean value_function loss: 0.2222
               Mean surrogate loss: -0.0026
                 Mean entropy loss: -8.9348
                       Mean reward: 27.16
               Mean episode length: 483.69
           Episode_Reward/progress: 1.5860
              Episode_Reward/alive: 0.2652
            Episode_Reward/upright: 0.0511
     Episode_Reward/move_to_target: 0.2574
          Episode_Reward/action_l2: -0.0043
             Episode_Reward/energy: -0.2355
   Episode_Reward/joint_pos_limits: -0.1203
      Episode_Termination/time_out: 0.1278
  Episode_Termination/torso_height: 0.8722
--------------------------------------------------------------------------------
                   Total timesteps: 26869760
                    Iteration time: 0.28s
                      Time elapsed: 00:00:58
                               ETA: 00:01:52

################################################################################
                     [1m Learning iteration 1204/1599 [0m                     

                       Computation: 436000 steps/s (collection: 0.227s, learning 0.074s)
             Mean action noise std: 0.08
          Mean value_function loss: 0.2474
               Mean surrogate loss: -0.0029
                 Mean entropy loss: -8.9501
                       Mean reward: 26.47
               Mean episode length: 474.76
           Episode_Reward/progress: 1.4106
              Episode_Reward/alive: 0.2407
            Episode_Reward/upright: 0.0462
     Episode_Reward/move_to_target: 0.2346
          Episode_Reward/action_l2: -0.0041
             Episode_Reward/energy: -0.2209
   Episode_Reward/joint_pos_limits: -0.1097
      Episode_Termination/time_out: 0.1276
  Episode_Termination/torso_height: 0.8724
--------------------------------------------------------------------------------
                   Total timesteps: 27000832
                    Iteration time: 0.30s
                      Time elapsed: 00:00:58
                               ETA: 00:01:52

################################################################################
                     [1m Learning iteration 1205/1599 [0m                     

                       Computation: 471643 steps/s (collection: 0.206s, learning 0.072s)
             Mean action noise std: 0.08
          Mean value_function loss: 0.2276
               Mean surrogate loss: -0.0022
                 Mean entropy loss: -8.9785
                       Mean reward: 29.83
               Mean episode length: 532.09
           Episode_Reward/progress: 1.5111
              Episode_Reward/alive: 0.2548
            Episode_Reward/upright: 0.0487
     Episode_Reward/move_to_target: 0.2472
          Episode_Reward/action_l2: -0.0044
             Episode_Reward/energy: -0.2309
   Episode_Reward/joint_pos_limits: -0.1170
      Episode_Termination/time_out: 0.1272
  Episode_Termination/torso_height: 0.8728
--------------------------------------------------------------------------------
                   Total timesteps: 27131904
                    Iteration time: 0.28s
                      Time elapsed: 00:00:58
                               ETA: 00:01:52

################################################################################
                     [1m Learning iteration 1206/1599 [0m                     

                       Computation: 466380 steps/s (collection: 0.209s, learning 0.073s)
             Mean action noise std: 0.08
          Mean value_function loss: 0.2417
               Mean surrogate loss: -0.0021
                 Mean entropy loss: -8.9654
                       Mean reward: 28.61
               Mean episode length: 503.69
           Episode_Reward/progress: 1.5601
              Episode_Reward/alive: 0.2609
            Episode_Reward/upright: 0.0506
     Episode_Reward/move_to_target: 0.2559
          Episode_Reward/action_l2: -0.0043
             Episode_Reward/energy: -0.2367
   Episode_Reward/joint_pos_limits: -0.1179
      Episode_Termination/time_out: 0.1271
  Episode_Termination/torso_height: 0.8729
--------------------------------------------------------------------------------
                   Total timesteps: 27262976
                    Iteration time: 0.28s
                      Time elapsed: 00:00:59
                               ETA: 00:01:51

################################################################################
                     [1m Learning iteration 1207/1599 [0m                     

                       Computation: 463330 steps/s (collection: 0.205s, learning 0.078s)
             Mean action noise std: 0.08
          Mean value_function loss: 0.2574
               Mean surrogate loss: -0.0016
                 Mean entropy loss: -8.9700
                       Mean reward: 28.79
               Mean episode length: 507.60
           Episode_Reward/progress: 1.5705
              Episode_Reward/alive: 0.2620
            Episode_Reward/upright: 0.0505
     Episode_Reward/move_to_target: 0.2562
          Episode_Reward/action_l2: -0.0044
             Episode_Reward/energy: -0.2388
   Episode_Reward/joint_pos_limits: -0.1190
      Episode_Termination/time_out: 0.1264
  Episode_Termination/torso_height: 0.8736
--------------------------------------------------------------------------------
                   Total timesteps: 27394048
                    Iteration time: 0.28s
                      Time elapsed: 00:00:59
                               ETA: 00:01:51

################################################################################
                     [1m Learning iteration 1208/1599 [0m                     

                       Computation: 473009 steps/s (collection: 0.204s, learning 0.073s)
             Mean action noise std: 0.08
          Mean value_function loss: 0.2350
               Mean surrogate loss: -0.0039
                 Mean entropy loss: -8.9596
                       Mean reward: 28.22
               Mean episode length: 509.66
           Episode_Reward/progress: 1.5335
              Episode_Reward/alive: 0.2596
            Episode_Reward/upright: 0.0500
     Episode_Reward/move_to_target: 0.2525
          Episode_Reward/action_l2: -0.0043
             Episode_Reward/energy: -0.2333
   Episode_Reward/joint_pos_limits: -0.1174
      Episode_Termination/time_out: 0.1253
  Episode_Termination/torso_height: 0.8747
--------------------------------------------------------------------------------
                   Total timesteps: 27525120
                    Iteration time: 0.28s
                      Time elapsed: 00:00:59
                               ETA: 00:01:51

################################################################################
                     [1m Learning iteration 1209/1599 [0m                     

                       Computation: 473330 steps/s (collection: 0.204s, learning 0.073s)
             Mean action noise std: 0.08
          Mean value_function loss: 0.2148
               Mean surrogate loss: -0.0021
                 Mean entropy loss: -8.9548
                       Mean reward: 27.68
               Mean episode length: 497.55
           Episode_Reward/progress: 1.5074
              Episode_Reward/alive: 0.2543
            Episode_Reward/upright: 0.0487
     Episode_Reward/move_to_target: 0.2483
          Episode_Reward/action_l2: -0.0042
             Episode_Reward/energy: -0.2295
   Episode_Reward/joint_pos_limits: -0.1159
      Episode_Termination/time_out: 0.1262
  Episode_Termination/torso_height: 0.8738
--------------------------------------------------------------------------------
                   Total timesteps: 27656192
                    Iteration time: 0.28s
                      Time elapsed: 00:01:00
                               ETA: 00:01:51

################################################################################
                     [1m Learning iteration 1210/1599 [0m                     

                       Computation: 473275 steps/s (collection: 0.205s, learning 0.072s)
             Mean action noise std: 0.08
          Mean value_function loss: 0.2278
               Mean surrogate loss: -0.0020
                 Mean entropy loss: -8.9297
                       Mean reward: 26.17
               Mean episode length: 470.34
           Episode_Reward/progress: 1.5235
              Episode_Reward/alive: 0.2550
            Episode_Reward/upright: 0.0493
     Episode_Reward/move_to_target: 0.2500
          Episode_Reward/action_l2: -0.0043
             Episode_Reward/energy: -0.2322
   Episode_Reward/joint_pos_limits: -0.1153
      Episode_Termination/time_out: 0.1259
  Episode_Termination/torso_height: 0.8741
--------------------------------------------------------------------------------
                   Total timesteps: 27787264
                    Iteration time: 0.28s
                      Time elapsed: 00:01:00
                               ETA: 00:01:50

################################################################################
                     [1m Learning iteration 1211/1599 [0m                     

                       Computation: 435893 steps/s (collection: 0.227s, learning 0.073s)
             Mean action noise std: 0.08
          Mean value_function loss: 0.2413
               Mean surrogate loss: -0.0020
                 Mean entropy loss: -8.9372
                       Mean reward: 28.47
               Mean episode length: 503.12
           Episode_Reward/progress: 1.5186
              Episode_Reward/alive: 0.2552
            Episode_Reward/upright: 0.0490
     Episode_Reward/move_to_target: 0.2477
          Episode_Reward/action_l2: -0.0043
             Episode_Reward/energy: -0.2291
   Episode_Reward/joint_pos_limits: -0.1163
      Episode_Termination/time_out: 0.1264
  Episode_Termination/torso_height: 0.8736
--------------------------------------------------------------------------------
                   Total timesteps: 27918336
                    Iteration time: 0.30s
                      Time elapsed: 00:01:00
                               ETA: 00:01:50

################################################################################
                     [1m Learning iteration 1212/1599 [0m                     

                       Computation: 472861 steps/s (collection: 0.205s, learning 0.072s)
             Mean action noise std: 0.08
          Mean value_function loss: 0.2465
               Mean surrogate loss: -0.0019
                 Mean entropy loss: -8.9247
                       Mean reward: 29.55
               Mean episode length: 524.97
           Episode_Reward/progress: 1.5741
              Episode_Reward/alive: 0.2643
            Episode_Reward/upright: 0.0512
     Episode_Reward/move_to_target: 0.2587
          Episode_Reward/action_l2: -0.0044
             Episode_Reward/energy: -0.2401
   Episode_Reward/joint_pos_limits: -0.1193
      Episode_Termination/time_out: 0.1269
  Episode_Termination/torso_height: 0.8731
--------------------------------------------------------------------------------
                   Total timesteps: 28049408
                    Iteration time: 0.28s
                      Time elapsed: 00:01:00
                               ETA: 00:01:50

################################################################################
                     [1m Learning iteration 1213/1599 [0m                     

                       Computation: 477780 steps/s (collection: 0.202s, learning 0.072s)
             Mean action noise std: 0.08
          Mean value_function loss: 0.2518
               Mean surrogate loss: -0.0031
                 Mean entropy loss: -8.9112
                       Mean reward: 26.42
               Mean episode length: 469.97
           Episode_Reward/progress: 1.5326
              Episode_Reward/alive: 0.2578
            Episode_Reward/upright: 0.0496
     Episode_Reward/move_to_target: 0.2519
          Episode_Reward/action_l2: -0.0043
             Episode_Reward/energy: -0.2335
   Episode_Reward/joint_pos_limits: -0.1171
      Episode_Termination/time_out: 0.1274
  Episode_Termination/torso_height: 0.8726
--------------------------------------------------------------------------------
                   Total timesteps: 28180480
                    Iteration time: 0.27s
                      Time elapsed: 00:01:01
                               ETA: 00:01:49

################################################################################
                     [1m Learning iteration 1214/1599 [0m                     

                       Computation: 474285 steps/s (collection: 0.202s, learning 0.075s)
             Mean action noise std: 0.08
          Mean value_function loss: 0.2688
               Mean surrogate loss: -0.0021
                 Mean entropy loss: -8.8993
                       Mean reward: 27.96
               Mean episode length: 493.50
           Episode_Reward/progress: 1.6014
              Episode_Reward/alive: 0.2667
            Episode_Reward/upright: 0.0517
     Episode_Reward/move_to_target: 0.2610
          Episode_Reward/action_l2: -0.0044
             Episode_Reward/energy: -0.2429
   Episode_Reward/joint_pos_limits: -0.1202
      Episode_Termination/time_out: 0.1275
  Episode_Termination/torso_height: 0.8725
--------------------------------------------------------------------------------
                   Total timesteps: 28311552
                    Iteration time: 0.28s
                      Time elapsed: 00:01:01
                               ETA: 00:01:49

################################################################################
                     [1m Learning iteration 1215/1599 [0m                     

                       Computation: 478044 steps/s (collection: 0.202s, learning 0.072s)
             Mean action noise std: 0.08
          Mean value_function loss: 0.2384
               Mean surrogate loss: -0.0023
                 Mean entropy loss: -8.8886
                       Mean reward: 32.43
               Mean episode length: 573.31
           Episode_Reward/progress: 1.6728
              Episode_Reward/alive: 0.2803
            Episode_Reward/upright: 0.0542
     Episode_Reward/move_to_target: 0.2733
          Episode_Reward/action_l2: -0.0046
             Episode_Reward/energy: -0.2523
   Episode_Reward/joint_pos_limits: -0.1267
      Episode_Termination/time_out: 0.1278
  Episode_Termination/torso_height: 0.8722
--------------------------------------------------------------------------------
                   Total timesteps: 28442624
                    Iteration time: 0.27s
                      Time elapsed: 00:01:01
                               ETA: 00:01:49

################################################################################
                     [1m Learning iteration 1216/1599 [0m                     

                       Computation: 480568 steps/s (collection: 0.201s, learning 0.072s)
             Mean action noise std: 0.08
          Mean value_function loss: 0.2320
               Mean surrogate loss: -0.0020
                 Mean entropy loss: -8.8730
                       Mean reward: 29.57
               Mean episode length: 526.46
           Episode_Reward/progress: 1.6189
              Episode_Reward/alive: 0.2716
            Episode_Reward/upright: 0.0524
     Episode_Reward/move_to_target: 0.2647
          Episode_Reward/action_l2: -0.0045
             Episode_Reward/energy: -0.2473
   Episode_Reward/joint_pos_limits: -0.1230
      Episode_Termination/time_out: 0.1285
  Episode_Termination/torso_height: 0.8715
--------------------------------------------------------------------------------
                   Total timesteps: 28573696
                    Iteration time: 0.27s
                      Time elapsed: 00:01:02
                               ETA: 00:01:48

################################################################################
                     [1m Learning iteration 1217/1599 [0m                     

                       Computation: 479072 steps/s (collection: 0.202s, learning 0.072s)
             Mean action noise std: 0.08
          Mean value_function loss: 0.2265
               Mean surrogate loss: -0.0018
                 Mean entropy loss: -8.8549
                       Mean reward: 26.71
               Mean episode length: 478.37
           Episode_Reward/progress: 1.5615
              Episode_Reward/alive: 0.2625
            Episode_Reward/upright: 0.0504
     Episode_Reward/move_to_target: 0.2562
          Episode_Reward/action_l2: -0.0044
             Episode_Reward/energy: -0.2398
   Episode_Reward/joint_pos_limits: -0.1190
      Episode_Termination/time_out: 0.1291
  Episode_Termination/torso_height: 0.8709
--------------------------------------------------------------------------------
                   Total timesteps: 28704768
                    Iteration time: 0.27s
                      Time elapsed: 00:01:02
                               ETA: 00:01:48

################################################################################
                     [1m Learning iteration 1218/1599 [0m                     

                       Computation: 460902 steps/s (collection: 0.208s, learning 0.076s)
             Mean action noise std: 0.08
          Mean value_function loss: 0.2410
               Mean surrogate loss: -0.0030
                 Mean entropy loss: -8.8478
                       Mean reward: 27.13
               Mean episode length: 483.40
           Episode_Reward/progress: 1.5523
              Episode_Reward/alive: 0.2588
            Episode_Reward/upright: 0.0502
     Episode_Reward/move_to_target: 0.2520
          Episode_Reward/action_l2: -0.0043
             Episode_Reward/energy: -0.2375
   Episode_Reward/joint_pos_limits: -0.1170
      Episode_Termination/time_out: 0.1290
  Episode_Termination/torso_height: 0.8710
--------------------------------------------------------------------------------
                   Total timesteps: 28835840
                    Iteration time: 0.28s
                      Time elapsed: 00:01:02
                               ETA: 00:01:48

################################################################################
                     [1m Learning iteration 1219/1599 [0m                     

                       Computation: 471561 steps/s (collection: 0.206s, learning 0.071s)
             Mean action noise std: 0.08
          Mean value_function loss: 0.2212
               Mean surrogate loss: -0.0023
                 Mean entropy loss: -8.8408
                       Mean reward: 29.92
               Mean episode length: 532.57
           Episode_Reward/progress: 1.6004
              Episode_Reward/alive: 0.2689
            Episode_Reward/upright: 0.0523
     Episode_Reward/move_to_target: 0.2629
          Episode_Reward/action_l2: -0.0045
             Episode_Reward/energy: -0.2486
   Episode_Reward/joint_pos_limits: -0.1204
      Episode_Termination/time_out: 0.1290
  Episode_Termination/torso_height: 0.8710
--------------------------------------------------------------------------------
                   Total timesteps: 28966912
                    Iteration time: 0.28s
                      Time elapsed: 00:01:02
                               ETA: 00:01:48

################################################################################
                     [1m Learning iteration 1220/1599 [0m                     

                       Computation: 479705 steps/s (collection: 0.201s, learning 0.073s)
             Mean action noise std: 0.08
          Mean value_function loss: 0.2383
               Mean surrogate loss: -0.0029
                 Mean entropy loss: -8.8550
                       Mean reward: 28.31
               Mean episode length: 506.65
           Episode_Reward/progress: 1.5755
              Episode_Reward/alive: 0.2639
            Episode_Reward/upright: 0.0511
     Episode_Reward/move_to_target: 0.2582
          Episode_Reward/action_l2: -0.0044
             Episode_Reward/energy: -0.2396
   Episode_Reward/joint_pos_limits: -0.1187
      Episode_Termination/time_out: 0.1293
  Episode_Termination/torso_height: 0.8707
--------------------------------------------------------------------------------
                   Total timesteps: 29097984
                    Iteration time: 0.27s
                      Time elapsed: 00:01:03
                               ETA: 00:01:47

################################################################################
                     [1m Learning iteration 1221/1599 [0m                     

                       Computation: 477108 steps/s (collection: 0.203s, learning 0.071s)
             Mean action noise std: 0.08
          Mean value_function loss: 0.2354
               Mean surrogate loss: -0.0016
                 Mean entropy loss: -8.8605
                       Mean reward: 28.67
               Mean episode length: 510.64
           Episode_Reward/progress: 1.5103
              Episode_Reward/alive: 0.2554
            Episode_Reward/upright: 0.0494
     Episode_Reward/move_to_target: 0.2496
          Episode_Reward/action_l2: -0.0043
             Episode_Reward/energy: -0.2349
   Episode_Reward/joint_pos_limits: -0.1156
      Episode_Termination/time_out: 0.1284
  Episode_Termination/torso_height: 0.8716
--------------------------------------------------------------------------------
                   Total timesteps: 29229056
                    Iteration time: 0.27s
                      Time elapsed: 00:01:03
                               ETA: 00:01:47

################################################################################
                     [1m Learning iteration 1222/1599 [0m                     

                       Computation: 472998 steps/s (collection: 0.205s, learning 0.072s)
             Mean action noise std: 0.08
          Mean value_function loss: 0.2214
               Mean surrogate loss: -0.0028
                 Mean entropy loss: -8.8656
                       Mean reward: 28.04
               Mean episode length: 503.58
           Episode_Reward/progress: 1.5214
              Episode_Reward/alive: 0.2581
            Episode_Reward/upright: 0.0497
     Episode_Reward/move_to_target: 0.2525
          Episode_Reward/action_l2: -0.0043
             Episode_Reward/energy: -0.2350
   Episode_Reward/joint_pos_limits: -0.1167
      Episode_Termination/time_out: 0.1282
  Episode_Termination/torso_height: 0.8718
--------------------------------------------------------------------------------
                   Total timesteps: 29360128
                    Iteration time: 0.28s
                      Time elapsed: 00:01:03
                               ETA: 00:01:47

################################################################################
                     [1m Learning iteration 1223/1599 [0m                     

                       Computation: 482062 steps/s (collection: 0.200s, learning 0.072s)
             Mean action noise std: 0.08
          Mean value_function loss: 0.2245
               Mean surrogate loss: 0.0006
                 Mean entropy loss: -8.8686
                       Mean reward: 27.60
               Mean episode length: 491.35
           Episode_Reward/progress: 1.5482
              Episode_Reward/alive: 0.2612
            Episode_Reward/upright: 0.0506
     Episode_Reward/move_to_target: 0.2519
          Episode_Reward/action_l2: -0.0044
             Episode_Reward/energy: -0.2382
   Episode_Reward/joint_pos_limits: -0.1186
      Episode_Termination/time_out: 0.1283
  Episode_Termination/torso_height: 0.8717
--------------------------------------------------------------------------------
                   Total timesteps: 29491200
                    Iteration time: 0.27s
                      Time elapsed: 00:01:03
                               ETA: 00:01:46

################################################################################
                     [1m Learning iteration 1224/1599 [0m                     

                       Computation: 473758 steps/s (collection: 0.205s, learning 0.072s)
             Mean action noise std: 0.08
          Mean value_function loss: 0.2254
               Mean surrogate loss: -0.0036
                 Mean entropy loss: -8.9004
                       Mean reward: 27.03
               Mean episode length: 487.33
           Episode_Reward/progress: 1.5238
              Episode_Reward/alive: 0.2591
            Episode_Reward/upright: 0.0497
     Episode_Reward/move_to_target: 0.2513
          Episode_Reward/action_l2: -0.0044
             Episode_Reward/energy: -0.2357
   Episode_Reward/joint_pos_limits: -0.1178
      Episode_Termination/time_out: 0.1281
  Episode_Termination/torso_height: 0.8719
--------------------------------------------------------------------------------
                   Total timesteps: 29622272
                    Iteration time: 0.28s
                      Time elapsed: 00:01:04
                               ETA: 00:01:46

################################################################################
                     [1m Learning iteration 1225/1599 [0m                     

                       Computation: 454807 steps/s (collection: 0.210s, learning 0.078s)
             Mean action noise std: 0.08
          Mean value_function loss: 0.2293
               Mean surrogate loss: -0.0023
                 Mean entropy loss: -8.9222
                       Mean reward: 28.10
               Mean episode length: 507.32
           Episode_Reward/progress: 1.5623
              Episode_Reward/alive: 0.2649
            Episode_Reward/upright: 0.0511
     Episode_Reward/move_to_target: 0.2587
          Episode_Reward/action_l2: -0.0044
             Episode_Reward/energy: -0.2375
   Episode_Reward/joint_pos_limits: -0.1194
      Episode_Termination/time_out: 0.1277
  Episode_Termination/torso_height: 0.8723
--------------------------------------------------------------------------------
                   Total timesteps: 29753344
                    Iteration time: 0.29s
                      Time elapsed: 00:01:04
                               ETA: 00:01:46

################################################################################
                     [1m Learning iteration 1226/1599 [0m                     

                       Computation: 464992 steps/s (collection: 0.209s, learning 0.073s)
             Mean action noise std: 0.08
          Mean value_function loss: 0.2297
               Mean surrogate loss: -0.0030
                 Mean entropy loss: -8.9410
                       Mean reward: 28.93
               Mean episode length: 521.19
           Episode_Reward/progress: 1.4954
              Episode_Reward/alive: 0.2557
            Episode_Reward/upright: 0.0493
     Episode_Reward/move_to_target: 0.2488
          Episode_Reward/action_l2: -0.0042
             Episode_Reward/energy: -0.2296
   Episode_Reward/joint_pos_limits: -0.1150
      Episode_Termination/time_out: 0.1276
  Episode_Termination/torso_height: 0.8724
--------------------------------------------------------------------------------
                   Total timesteps: 29884416
                    Iteration time: 0.28s
                      Time elapsed: 00:01:04
                               ETA: 00:01:46

################################################################################
                     [1m Learning iteration 1227/1599 [0m                     

                       Computation: 475904 steps/s (collection: 0.203s, learning 0.072s)
             Mean action noise std: 0.08
          Mean value_function loss: 0.2399
               Mean surrogate loss: -0.0006
                 Mean entropy loss: -8.9651
                       Mean reward: 27.35
               Mean episode length: 496.81
           Episode_Reward/progress: 1.5980
              Episode_Reward/alive: 0.2712
            Episode_Reward/upright: 0.0524
     Episode_Reward/move_to_target: 0.2643
          Episode_Reward/action_l2: -0.0045
             Episode_Reward/energy: -0.2444
   Episode_Reward/joint_pos_limits: -0.1228
      Episode_Termination/time_out: 0.1281
  Episode_Termination/torso_height: 0.8719
--------------------------------------------------------------------------------
                   Total timesteps: 30015488
                    Iteration time: 0.28s
                      Time elapsed: 00:01:05
                               ETA: 00:01:45

################################################################################
                     [1m Learning iteration 1228/1599 [0m                     

                       Computation: 479479 steps/s (collection: 0.201s, learning 0.072s)
             Mean action noise std: 0.08
          Mean value_function loss: 0.2392
               Mean surrogate loss: -0.0036
                 Mean entropy loss: -8.9802
                       Mean reward: 28.87
               Mean episode length: 514.51
           Episode_Reward/progress: 1.4980
              Episode_Reward/alive: 0.2532
            Episode_Reward/upright: 0.0490
     Episode_Reward/move_to_target: 0.2488
          Episode_Reward/action_l2: -0.0042
             Episode_Reward/energy: -0.2278
   Episode_Reward/joint_pos_limits: -0.1136
      Episode_Termination/time_out: 0.1269
  Episode_Termination/torso_height: 0.8731
--------------------------------------------------------------------------------
                   Total timesteps: 30146560
                    Iteration time: 0.27s
                      Time elapsed: 00:01:05
                               ETA: 00:01:45

################################################################################
                     [1m Learning iteration 1229/1599 [0m                     

                       Computation: 471244 steps/s (collection: 0.206s, learning 0.073s)
             Mean action noise std: 0.08
          Mean value_function loss: 0.2422
               Mean surrogate loss: -0.0008
                 Mean entropy loss: -8.9638
                       Mean reward: 25.97
               Mean episode length: 468.86
           Episode_Reward/progress: 1.5128
              Episode_Reward/alive: 0.2575
            Episode_Reward/upright: 0.0494
     Episode_Reward/move_to_target: 0.2508
          Episode_Reward/action_l2: -0.0043
             Episode_Reward/energy: -0.2333
   Episode_Reward/joint_pos_limits: -0.1164
      Episode_Termination/time_out: 0.1265
  Episode_Termination/torso_height: 0.8735
--------------------------------------------------------------------------------
                   Total timesteps: 30277632
                    Iteration time: 0.28s
                      Time elapsed: 00:01:05
                               ETA: 00:01:45

################################################################################
                     [1m Learning iteration 1230/1599 [0m                     

                       Computation: 486196 steps/s (collection: 0.199s, learning 0.071s)
             Mean action noise std: 0.08
          Mean value_function loss: 0.2315
               Mean surrogate loss: -0.0034
                 Mean entropy loss: -8.9606
                       Mean reward: 30.74
               Mean episode length: 547.43
           Episode_Reward/progress: 1.6224
              Episode_Reward/alive: 0.2731
            Episode_Reward/upright: 0.0530
     Episode_Reward/move_to_target: 0.2671
          Episode_Reward/action_l2: -0.0045
             Episode_Reward/energy: -0.2474
   Episode_Reward/joint_pos_limits: -0.1230
      Episode_Termination/time_out: 0.1260
  Episode_Termination/torso_height: 0.8740
--------------------------------------------------------------------------------
                   Total timesteps: 30408704
                    Iteration time: 0.27s
                      Time elapsed: 00:01:05
                               ETA: 00:01:44

################################################################################
                     [1m Learning iteration 1231/1599 [0m                     

                       Computation: 479656 steps/s (collection: 0.201s, learning 0.072s)
             Mean action noise std: 0.08
          Mean value_function loss: 0.2045
               Mean surrogate loss: -0.0016
                 Mean entropy loss: -8.9530
                       Mean reward: 25.75
               Mean episode length: 463.84
           Episode_Reward/progress: 1.5767
              Episode_Reward/alive: 0.2655
            Episode_Reward/upright: 0.0514
     Episode_Reward/move_to_target: 0.2589
          Episode_Reward/action_l2: -0.0044
             Episode_Reward/energy: -0.2387
   Episode_Reward/joint_pos_limits: -0.1191
      Episode_Termination/time_out: 0.1262
  Episode_Termination/torso_height: 0.8738
--------------------------------------------------------------------------------
                   Total timesteps: 30539776
                    Iteration time: 0.27s
                      Time elapsed: 00:01:06
                               ETA: 00:01:44

################################################################################
                     [1m Learning iteration 1232/1599 [0m                     

                       Computation: 476988 steps/s (collection: 0.198s, learning 0.076s)
             Mean action noise std: 0.08
          Mean value_function loss: 0.2319
               Mean surrogate loss: -0.0019
                 Mean entropy loss: -8.9580
                       Mean reward: 25.86
               Mean episode length: 464.85
           Episode_Reward/progress: 1.4355
              Episode_Reward/alive: 0.2439
            Episode_Reward/upright: 0.0471
     Episode_Reward/move_to_target: 0.2382
          Episode_Reward/action_l2: -0.0040
             Episode_Reward/energy: -0.2187
   Episode_Reward/joint_pos_limits: -0.1099
      Episode_Termination/time_out: 0.1265
  Episode_Termination/torso_height: 0.8735
--------------------------------------------------------------------------------
                   Total timesteps: 30670848
                    Iteration time: 0.27s
                      Time elapsed: 00:01:06
                               ETA: 00:01:44

################################################################################
                     [1m Learning iteration 1233/1599 [0m                     

                       Computation: 444896 steps/s (collection: 0.224s, learning 0.071s)
             Mean action noise std: 0.08
          Mean value_function loss: 0.2369
               Mean surrogate loss: -0.0039
                 Mean entropy loss: -8.9747
                       Mean reward: 30.74
               Mean episode length: 545.99
           Episode_Reward/progress: 1.5771
              Episode_Reward/alive: 0.2670
            Episode_Reward/upright: 0.0517
     Episode_Reward/move_to_target: 0.2608
          Episode_Reward/action_l2: -0.0043
             Episode_Reward/energy: -0.2373
   Episode_Reward/joint_pos_limits: -0.1201
      Episode_Termination/time_out: 0.1272
  Episode_Termination/torso_height: 0.8728
--------------------------------------------------------------------------------
                   Total timesteps: 30801920
                    Iteration time: 0.29s
                      Time elapsed: 00:01:06
                               ETA: 00:01:43

################################################################################
                     [1m Learning iteration 1234/1599 [0m                     

                       Computation: 476357 steps/s (collection: 0.203s, learning 0.072s)
             Mean action noise std: 0.08
          Mean value_function loss: 0.2268
               Mean surrogate loss: -0.0024
                 Mean entropy loss: -8.9806
                       Mean reward: 29.82
               Mean episode length: 529.35
           Episode_Reward/progress: 1.5871
              Episode_Reward/alive: 0.2672
            Episode_Reward/upright: 0.0519
     Episode_Reward/move_to_target: 0.2608
          Episode_Reward/action_l2: -0.0044
             Episode_Reward/energy: -0.2421
   Episode_Reward/joint_pos_limits: -0.1199
      Episode_Termination/time_out: 0.1273
  Episode_Termination/torso_height: 0.8727
--------------------------------------------------------------------------------
                   Total timesteps: 30932992
                    Iteration time: 0.28s
                      Time elapsed: 00:01:07
                               ETA: 00:01:43

################################################################################
                     [1m Learning iteration 1235/1599 [0m                     

                       Computation: 476681 steps/s (collection: 0.203s, learning 0.072s)
             Mean action noise std: 0.08
          Mean value_function loss: 0.2383
               Mean surrogate loss: -0.0030
                 Mean entropy loss: -8.9797
                       Mean reward: 31.54
               Mean episode length: 560.08
           Episode_Reward/progress: 1.6131
              Episode_Reward/alive: 0.2732
            Episode_Reward/upright: 0.0529
     Episode_Reward/move_to_target: 0.2666
          Episode_Reward/action_l2: -0.0045
             Episode_Reward/energy: -0.2461
   Episode_Reward/joint_pos_limits: -0.1219
      Episode_Termination/time_out: 0.1277
  Episode_Termination/torso_height: 0.8723
--------------------------------------------------------------------------------
                   Total timesteps: 31064064
                    Iteration time: 0.27s
                      Time elapsed: 00:01:07
                               ETA: 00:01:43

################################################################################
                     [1m Learning iteration 1236/1599 [0m                     

                       Computation: 471925 steps/s (collection: 0.206s, learning 0.072s)
             Mean action noise std: 0.08
          Mean value_function loss: 0.2279
               Mean surrogate loss: -0.0005
                 Mean entropy loss: -8.9601
                       Mean reward: 29.48
               Mean episode length: 521.92
           Episode_Reward/progress: 1.5188
              Episode_Reward/alive: 0.2561
            Episode_Reward/upright: 0.0498
     Episode_Reward/move_to_target: 0.2513
          Episode_Reward/action_l2: -0.0042
             Episode_Reward/energy: -0.2290
   Episode_Reward/joint_pos_limits: -0.1138
      Episode_Termination/time_out: 0.1281
  Episode_Termination/torso_height: 0.8719
--------------------------------------------------------------------------------
                   Total timesteps: 31195136
                    Iteration time: 0.28s
                      Time elapsed: 00:01:07
                               ETA: 00:01:43

################################################################################
                     [1m Learning iteration 1237/1599 [0m                     

                       Computation: 482474 steps/s (collection: 0.200s, learning 0.072s)
             Mean action noise std: 0.08
          Mean value_function loss: 0.2442
               Mean surrogate loss: -0.0037
                 Mean entropy loss: -8.9986
                       Mean reward: 27.13
               Mean episode length: 488.92
           Episode_Reward/progress: 1.5589
              Episode_Reward/alive: 0.2673
            Episode_Reward/upright: 0.0513
     Episode_Reward/move_to_target: 0.2555
          Episode_Reward/action_l2: -0.0044
             Episode_Reward/energy: -0.2347
   Episode_Reward/joint_pos_limits: -0.1208
      Episode_Termination/time_out: 0.1292
  Episode_Termination/torso_height: 0.8708
--------------------------------------------------------------------------------
                   Total timesteps: 31326208
                    Iteration time: 0.27s
                      Time elapsed: 00:01:07
                               ETA: 00:01:42

################################################################################
                     [1m Learning iteration 1238/1599 [0m                     

                       Computation: 483125 steps/s (collection: 0.199s, learning 0.073s)
             Mean action noise std: 0.08
          Mean value_function loss: 0.2468
               Mean surrogate loss: -0.0023
                 Mean entropy loss: -9.0040
                       Mean reward: 27.16
               Mean episode length: 487.04
           Episode_Reward/progress: 1.5417
              Episode_Reward/alive: 0.2625
            Episode_Reward/upright: 0.0506
     Episode_Reward/move_to_target: 0.2557
          Episode_Reward/action_l2: -0.0043
             Episode_Reward/energy: -0.2344
   Episode_Reward/joint_pos_limits: -0.1174
      Episode_Termination/time_out: 0.1301
  Episode_Termination/torso_height: 0.8699
--------------------------------------------------------------------------------
                   Total timesteps: 31457280
                    Iteration time: 0.27s
                      Time elapsed: 00:01:08
                               ETA: 00:01:42

################################################################################
                     [1m Learning iteration 1239/1599 [0m                     

                       Computation: 485102 steps/s (collection: 0.198s, learning 0.072s)
             Mean action noise std: 0.08
          Mean value_function loss: 0.2429
               Mean surrogate loss: -0.0014
                 Mean entropy loss: -9.0167
                       Mean reward: 28.69
               Mean episode length: 508.03
           Episode_Reward/progress: 1.4082
              Episode_Reward/alive: 0.2417
            Episode_Reward/upright: 0.0461
     Episode_Reward/move_to_target: 0.2338
          Episode_Reward/action_l2: -0.0040
             Episode_Reward/energy: -0.2127
   Episode_Reward/joint_pos_limits: -0.1099
      Episode_Termination/time_out: 0.1292
  Episode_Termination/torso_height: 0.8708
--------------------------------------------------------------------------------
                   Total timesteps: 31588352
                    Iteration time: 0.27s
                      Time elapsed: 00:01:08
                               ETA: 00:01:42

################################################################################
                     [1m Learning iteration 1240/1599 [0m                     

                       Computation: 441489 steps/s (collection: 0.225s, learning 0.072s)
             Mean action noise std: 0.08
          Mean value_function loss: 0.2356
               Mean surrogate loss: -0.0011
                 Mean entropy loss: -9.0246
                       Mean reward: 27.98
               Mean episode length: 497.45
           Episode_Reward/progress: 1.6079
              Episode_Reward/alive: 0.2716
            Episode_Reward/upright: 0.0527
     Episode_Reward/move_to_target: 0.2664
          Episode_Reward/action_l2: -0.0044
             Episode_Reward/energy: -0.2420
   Episode_Reward/joint_pos_limits: -0.1203
      Episode_Termination/time_out: 0.1300
  Episode_Termination/torso_height: 0.8700
--------------------------------------------------------------------------------
                   Total timesteps: 31719424
                    Iteration time: 0.30s
                      Time elapsed: 00:01:08
                               ETA: 00:01:41

################################################################################
                     [1m Learning iteration 1241/1599 [0m                     

                       Computation: 479089 steps/s (collection: 0.200s, learning 0.074s)
             Mean action noise std: 0.08
          Mean value_function loss: 0.2148
               Mean surrogate loss: -0.0026
                 Mean entropy loss: -9.0222
                       Mean reward: 26.70
               Mean episode length: 478.59
           Episode_Reward/progress: 1.4662
              Episode_Reward/alive: 0.2487
            Episode_Reward/upright: 0.0481
     Episode_Reward/move_to_target: 0.2428
          Episode_Reward/action_l2: -0.0041
             Episode_Reward/energy: -0.2234
   Episode_Reward/joint_pos_limits: -0.1112
      Episode_Termination/time_out: 0.1297
  Episode_Termination/torso_height: 0.8703
--------------------------------------------------------------------------------
                   Total timesteps: 31850496
                    Iteration time: 0.27s
                      Time elapsed: 00:01:08
                               ETA: 00:01:41

################################################################################
                     [1m Learning iteration 1242/1599 [0m                     

                       Computation: 469680 steps/s (collection: 0.206s, learning 0.073s)
             Mean action noise std: 0.08
          Mean value_function loss: 0.2208
               Mean surrogate loss: -0.0024
                 Mean entropy loss: -9.0533
                       Mean reward: 26.78
               Mean episode length: 480.49
           Episode_Reward/progress: 1.6002
              Episode_Reward/alive: 0.2698
            Episode_Reward/upright: 0.0524
     Episode_Reward/move_to_target: 0.2643
          Episode_Reward/action_l2: -0.0044
             Episode_Reward/energy: -0.2425
   Episode_Reward/joint_pos_limits: -0.1199
      Episode_Termination/time_out: 0.1294
  Episode_Termination/torso_height: 0.8706
--------------------------------------------------------------------------------
                   Total timesteps: 31981568
                    Iteration time: 0.28s
                      Time elapsed: 00:01:09
                               ETA: 00:01:41

################################################################################
                     [1m Learning iteration 1243/1599 [0m                     

                       Computation: 465834 steps/s (collection: 0.210s, learning 0.072s)
             Mean action noise std: 0.08
          Mean value_function loss: 0.2398
               Mean surrogate loss: -0.0026
                 Mean entropy loss: -9.0668
                       Mean reward: 29.56
               Mean episode length: 525.22
           Episode_Reward/progress: 1.5710
              Episode_Reward/alive: 0.2635
            Episode_Reward/upright: 0.0511
     Episode_Reward/move_to_target: 0.2582
          Episode_Reward/action_l2: -0.0042
             Episode_Reward/energy: -0.2324
   Episode_Reward/joint_pos_limits: -0.1166
      Episode_Termination/time_out: 0.1288
  Episode_Termination/torso_height: 0.8712
--------------------------------------------------------------------------------
                   Total timesteps: 32112640
                    Iteration time: 0.28s
                      Time elapsed: 00:01:09
                               ETA: 00:01:41

################################################################################
                     [1m Learning iteration 1244/1599 [0m                     

                       Computation: 482372 steps/s (collection: 0.201s, learning 0.071s)
             Mean action noise std: 0.08
          Mean value_function loss: 0.2276
               Mean surrogate loss: -0.0026
                 Mean entropy loss: -9.0685
                       Mean reward: 28.34
               Mean episode length: 508.97
           Episode_Reward/progress: 1.5804
              Episode_Reward/alive: 0.2675
            Episode_Reward/upright: 0.0518
     Episode_Reward/move_to_target: 0.2618
          Episode_Reward/action_l2: -0.0043
             Episode_Reward/energy: -0.2377
   Episode_Reward/joint_pos_limits: -0.1192
      Episode_Termination/time_out: 0.1290
  Episode_Termination/torso_height: 0.8710
--------------------------------------------------------------------------------
                   Total timesteps: 32243712
                    Iteration time: 0.27s
                      Time elapsed: 00:01:09
                               ETA: 00:01:40

################################################################################
                     [1m Learning iteration 1245/1599 [0m                     

                       Computation: 479326 steps/s (collection: 0.202s, learning 0.071s)
             Mean action noise std: 0.08
          Mean value_function loss: 0.2238
               Mean surrogate loss: -0.0019
                 Mean entropy loss: -9.0408
                       Mean reward: 30.82
               Mean episode length: 549.87
           Episode_Reward/progress: 1.6422
              Episode_Reward/alive: 0.2775
            Episode_Reward/upright: 0.0536
     Episode_Reward/move_to_target: 0.2704
          Episode_Reward/action_l2: -0.0045
             Episode_Reward/energy: -0.2461
   Episode_Reward/joint_pos_limits: -0.1235
      Episode_Termination/time_out: 0.1290
  Episode_Termination/torso_height: 0.8710
--------------------------------------------------------------------------------
                   Total timesteps: 32374784
                    Iteration time: 0.27s
                      Time elapsed: 00:01:10
                               ETA: 00:01:40

################################################################################
                     [1m Learning iteration 1246/1599 [0m                     

                       Computation: 479305 steps/s (collection: 0.201s, learning 0.073s)
             Mean action noise std: 0.08
          Mean value_function loss: 0.2245
               Mean surrogate loss: -0.0021
                 Mean entropy loss: -9.0488
                       Mean reward: 25.89
               Mean episode length: 463.98
           Episode_Reward/progress: 1.4452
              Episode_Reward/alive: 0.2449
            Episode_Reward/upright: 0.0474
     Episode_Reward/move_to_target: 0.2396
          Episode_Reward/action_l2: -0.0039
             Episode_Reward/energy: -0.2144
   Episode_Reward/joint_pos_limits: -0.1090
      Episode_Termination/time_out: 0.1303
  Episode_Termination/torso_height: 0.8697
--------------------------------------------------------------------------------
                   Total timesteps: 32505856
                    Iteration time: 0.27s
                      Time elapsed: 00:01:10
                               ETA: 00:01:40

################################################################################
                     [1m Learning iteration 1247/1599 [0m                     

                       Computation: 440818 steps/s (collection: 0.224s, learning 0.073s)
             Mean action noise std: 0.08
          Mean value_function loss: 0.2128
               Mean surrogate loss: -0.0029
                 Mean entropy loss: -9.0294
                       Mean reward: 29.38
               Mean episode length: 521.62
           Episode_Reward/progress: 1.6264
              Episode_Reward/alive: 0.2744
            Episode_Reward/upright: 0.0530
     Episode_Reward/move_to_target: 0.2688
          Episode_Reward/action_l2: -0.0044
             Episode_Reward/energy: -0.2421
   Episode_Reward/joint_pos_limits: -0.1230
      Episode_Termination/time_out: 0.1323
  Episode_Termination/torso_height: 0.8677
--------------------------------------------------------------------------------
                   Total timesteps: 32636928
                    Iteration time: 0.30s
                      Time elapsed: 00:01:10
                               ETA: 00:01:39

################################################################################
                     [1m Learning iteration 1248/1599 [0m                     

                       Computation: 476265 steps/s (collection: 0.203s, learning 0.072s)
             Mean action noise std: 0.08
          Mean value_function loss: 0.2356
               Mean surrogate loss: -0.0028
                 Mean entropy loss: -9.0516
                       Mean reward: 27.54
               Mean episode length: 493.95
           Episode_Reward/progress: 1.5880
              Episode_Reward/alive: 0.2683
            Episode_Reward/upright: 0.0520
     Episode_Reward/move_to_target: 0.2618
          Episode_Reward/action_l2: -0.0044
             Episode_Reward/energy: -0.2405
   Episode_Reward/joint_pos_limits: -0.1204
      Episode_Termination/time_out: 0.1327
  Episode_Termination/torso_height: 0.8673
--------------------------------------------------------------------------------
                   Total timesteps: 32768000
                    Iteration time: 0.28s
                      Time elapsed: 00:01:10
                               ETA: 00:01:39

################################################################################
                     [1m Learning iteration 1249/1599 [0m                     

                       Computation: 475391 steps/s (collection: 0.204s, learning 0.072s)
             Mean action noise std: 0.08
          Mean value_function loss: 0.2377
               Mean surrogate loss: -0.0040
                 Mean entropy loss: -9.0674
                       Mean reward: 27.63
               Mean episode length: 492.54
           Episode_Reward/progress: 1.5105
              Episode_Reward/alive: 0.2551
            Episode_Reward/upright: 0.0493
     Episode_Reward/move_to_target: 0.2479
          Episode_Reward/action_l2: -0.0041
             Episode_Reward/energy: -0.2267
   Episode_Reward/joint_pos_limits: -0.1130
      Episode_Termination/time_out: 0.1325
  Episode_Termination/torso_height: 0.8675
--------------------------------------------------------------------------------
                   Total timesteps: 32899072
                    Iteration time: 0.28s
                      Time elapsed: 00:01:11
                               ETA: 00:01:39

################################################################################
                     [1m Learning iteration 1250/1599 [0m                     

                       Computation: 464886 steps/s (collection: 0.210s, learning 0.072s)
             Mean action noise std: 0.08
          Mean value_function loss: 0.2459
               Mean surrogate loss: -0.0027
                 Mean entropy loss: -9.0538
                       Mean reward: 28.41
               Mean episode length: 511.57
           Episode_Reward/progress: 1.5352
              Episode_Reward/alive: 0.2595
            Episode_Reward/upright: 0.0502
     Episode_Reward/move_to_target: 0.2536
          Episode_Reward/action_l2: -0.0042
             Episode_Reward/energy: -0.2294
   Episode_Reward/joint_pos_limits: -0.1152
      Episode_Termination/time_out: 0.1330
  Episode_Termination/torso_height: 0.8670
--------------------------------------------------------------------------------
                   Total timesteps: 33030144
                    Iteration time: 0.28s
                      Time elapsed: 00:01:11
                               ETA: 00:01:38

################################################################################
                     [1m Learning iteration 1251/1599 [0m                     

                       Computation: 478372 steps/s (collection: 0.202s, learning 0.072s)
             Mean action noise std: 0.08
          Mean value_function loss: 0.2424
               Mean surrogate loss: -0.0022
                 Mean entropy loss: -9.0690
                       Mean reward: 28.63
               Mean episode length: 504.84
           Episode_Reward/progress: 1.5883
              Episode_Reward/alive: 0.2670
            Episode_Reward/upright: 0.0519
     Episode_Reward/move_to_target: 0.2615
          Episode_Reward/action_l2: -0.0042
             Episode_Reward/energy: -0.2343
   Episode_Reward/joint_pos_limits: -0.1183
      Episode_Termination/time_out: 0.1342
  Episode_Termination/torso_height: 0.8658
--------------------------------------------------------------------------------
                   Total timesteps: 33161216
                    Iteration time: 0.27s
                      Time elapsed: 00:01:11
                               ETA: 00:01:38

################################################################################
                     [1m Learning iteration 1252/1599 [0m                     

                       Computation: 484146 steps/s (collection: 0.199s, learning 0.072s)
             Mean action noise std: 0.08
          Mean value_function loss: 0.2619
               Mean surrogate loss: -0.0027
                 Mean entropy loss: -9.0799
                       Mean reward: 28.90
               Mean episode length: 516.02
           Episode_Reward/progress: 1.5484
              Episode_Reward/alive: 0.2630
            Episode_Reward/upright: 0.0507
     Episode_Reward/move_to_target: 0.2570
          Episode_Reward/action_l2: -0.0042
             Episode_Reward/energy: -0.2342
   Episode_Reward/joint_pos_limits: -0.1165
      Episode_Termination/time_out: 0.1348
  Episode_Termination/torso_height: 0.8652
--------------------------------------------------------------------------------
                   Total timesteps: 33292288
                    Iteration time: 0.27s
                      Time elapsed: 00:01:12
                               ETA: 00:01:38

################################################################################
                     [1m Learning iteration 1253/1599 [0m                     

                       Computation: 482924 steps/s (collection: 0.200s, learning 0.071s)
             Mean action noise std: 0.08
          Mean value_function loss: 0.2162
               Mean surrogate loss: -0.0033
                 Mean entropy loss: -9.0777
                       Mean reward: 27.04
               Mean episode length: 489.87
           Episode_Reward/progress: 1.5632
              Episode_Reward/alive: 0.2651
            Episode_Reward/upright: 0.0511
     Episode_Reward/move_to_target: 0.2579
          Episode_Reward/action_l2: -0.0044
             Episode_Reward/energy: -0.2403
   Episode_Reward/joint_pos_limits: -0.1183
      Episode_Termination/time_out: 0.1350
  Episode_Termination/torso_height: 0.8650
--------------------------------------------------------------------------------
                   Total timesteps: 33423360
                    Iteration time: 0.27s
                      Time elapsed: 00:01:12
                               ETA: 00:01:38

################################################################################
                     [1m Learning iteration 1254/1599 [0m                     

                       Computation: 437071 steps/s (collection: 0.228s, learning 0.072s)
             Mean action noise std: 0.08
          Mean value_function loss: 0.2154
               Mean surrogate loss: -0.0032
                 Mean entropy loss: -9.0817
                       Mean reward: 26.72
               Mean episode length: 480.97
           Episode_Reward/progress: 1.5280
              Episode_Reward/alive: 0.2592
            Episode_Reward/upright: 0.0500
     Episode_Reward/move_to_target: 0.2523
          Episode_Reward/action_l2: -0.0042
             Episode_Reward/energy: -0.2302
   Episode_Reward/joint_pos_limits: -0.1150
      Episode_Termination/time_out: 0.1356
  Episode_Termination/torso_height: 0.8644
--------------------------------------------------------------------------------
                   Total timesteps: 33554432
                    Iteration time: 0.30s
                      Time elapsed: 00:01:12
                               ETA: 00:01:37

################################################################################
                     [1m Learning iteration 1255/1599 [0m                     

                       Computation: 477795 steps/s (collection: 0.202s, learning 0.072s)
             Mean action noise std: 0.08
          Mean value_function loss: 0.2781
               Mean surrogate loss: -0.0011
                 Mean entropy loss: -9.0735
                       Mean reward: 30.64
               Mean episode length: 543.61
           Episode_Reward/progress: 1.5640
              Episode_Reward/alive: 0.2664
            Episode_Reward/upright: 0.0512
     Episode_Reward/move_to_target: 0.2591
          Episode_Reward/action_l2: -0.0043
             Episode_Reward/energy: -0.2340
   Episode_Reward/joint_pos_limits: -0.1190
      Episode_Termination/time_out: 0.1366
  Episode_Termination/torso_height: 0.8634
--------------------------------------------------------------------------------
                   Total timesteps: 33685504
                    Iteration time: 0.27s
                      Time elapsed: 00:01:12
                               ETA: 00:01:37

################################################################################
                     [1m Learning iteration 1256/1599 [0m                     

                       Computation: 481743 steps/s (collection: 0.200s, learning 0.072s)
             Mean action noise std: 0.08
          Mean value_function loss: 0.2464
               Mean surrogate loss: -0.0036
                 Mean entropy loss: -9.0749
                       Mean reward: 29.14
               Mean episode length: 514.48
           Episode_Reward/progress: 1.5804
              Episode_Reward/alive: 0.2655
            Episode_Reward/upright: 0.0513
     Episode_Reward/move_to_target: 0.2594
          Episode_Reward/action_l2: -0.0042
             Episode_Reward/energy: -0.2335
   Episode_Reward/joint_pos_limits: -0.1180
      Episode_Termination/time_out: 0.1369
  Episode_Termination/torso_height: 0.8631
--------------------------------------------------------------------------------
                   Total timesteps: 33816576
                    Iteration time: 0.27s
                      Time elapsed: 00:01:13
                               ETA: 00:01:37

################################################################################
                     [1m Learning iteration 1257/1599 [0m                     

                       Computation: 467130 steps/s (collection: 0.203s, learning 0.078s)
             Mean action noise std: 0.08
          Mean value_function loss: 0.2410
               Mean surrogate loss: -0.0027
                 Mean entropy loss: -9.0934
                       Mean reward: 26.52
               Mean episode length: 469.89
           Episode_Reward/progress: 1.5053
              Episode_Reward/alive: 0.2540
            Episode_Reward/upright: 0.0492
     Episode_Reward/move_to_target: 0.2485
          Episode_Reward/action_l2: -0.0041
             Episode_Reward/energy: -0.2278
   Episode_Reward/joint_pos_limits: -0.1131
      Episode_Termination/time_out: 0.1378
  Episode_Termination/torso_height: 0.8622
--------------------------------------------------------------------------------
                   Total timesteps: 33947648
                    Iteration time: 0.28s
                      Time elapsed: 00:01:13
                               ETA: 00:01:36

################################################################################
                     [1m Learning iteration 1258/1599 [0m                     

                       Computation: 483348 steps/s (collection: 0.200s, learning 0.071s)
             Mean action noise std: 0.08
          Mean value_function loss: 0.2205
               Mean surrogate loss: -0.0027
                 Mean entropy loss: -9.0918
                       Mean reward: 28.97
               Mean episode length: 531.57
           Episode_Reward/progress: 1.5723
              Episode_Reward/alive: 0.2686
            Episode_Reward/upright: 0.0513
     Episode_Reward/move_to_target: 0.2591
          Episode_Reward/action_l2: -0.0044
             Episode_Reward/energy: -0.2369
   Episode_Reward/joint_pos_limits: -0.1206
      Episode_Termination/time_out: 0.1387
  Episode_Termination/torso_height: 0.8613
--------------------------------------------------------------------------------
                   Total timesteps: 34078720
                    Iteration time: 0.27s
                      Time elapsed: 00:01:13
                               ETA: 00:01:36

################################################################################
                     [1m Learning iteration 1259/1599 [0m                     

                       Computation: 481298 steps/s (collection: 0.201s, learning 0.072s)
             Mean action noise std: 0.08
          Mean value_function loss: 0.2422
               Mean surrogate loss: -0.0016
                 Mean entropy loss: -9.0983
                       Mean reward: 29.32
               Mean episode length: 519.71
           Episode_Reward/progress: 1.5740
              Episode_Reward/alive: 0.2638
            Episode_Reward/upright: 0.0509
     Episode_Reward/move_to_target: 0.2593
          Episode_Reward/action_l2: -0.0043
             Episode_Reward/energy: -0.2357
   Episode_Reward/joint_pos_limits: -0.1171
      Episode_Termination/time_out: 0.1396
  Episode_Termination/torso_height: 0.8604
--------------------------------------------------------------------------------
                   Total timesteps: 34209792
                    Iteration time: 0.27s
                      Time elapsed: 00:01:13
                               ETA: 00:01:36

################################################################################
                     [1m Learning iteration 1260/1599 [0m                     

                       Computation: 481627 steps/s (collection: 0.200s, learning 0.072s)
             Mean action noise std: 0.08
          Mean value_function loss: 0.2206
               Mean surrogate loss: -0.0037
                 Mean entropy loss: -9.1029
                       Mean reward: 27.82
               Mean episode length: 499.11
           Episode_Reward/progress: 1.5665
              Episode_Reward/alive: 0.2656
            Episode_Reward/upright: 0.0514
     Episode_Reward/move_to_target: 0.2602
          Episode_Reward/action_l2: -0.0043
             Episode_Reward/energy: -0.2360
   Episode_Reward/joint_pos_limits: -0.1172
      Episode_Termination/time_out: 0.1403
  Episode_Termination/torso_height: 0.8597
--------------------------------------------------------------------------------
                   Total timesteps: 34340864
                    Iteration time: 0.27s
                      Time elapsed: 00:01:14
                               ETA: 00:01:36

################################################################################
                     [1m Learning iteration 1261/1599 [0m                     

                       Computation: 448586 steps/s (collection: 0.219s, learning 0.073s)
             Mean action noise std: 0.08
          Mean value_function loss: 0.2139
               Mean surrogate loss: -0.0027
                 Mean entropy loss: -9.0785
                       Mean reward: 26.60
               Mean episode length: 472.41
           Episode_Reward/progress: 1.4695
              Episode_Reward/alive: 0.2479
            Episode_Reward/upright: 0.0479
     Episode_Reward/move_to_target: 0.2423
          Episode_Reward/action_l2: -0.0040
             Episode_Reward/energy: -0.2197
   Episode_Reward/joint_pos_limits: -0.1096
      Episode_Termination/time_out: 0.1405
  Episode_Termination/torso_height: 0.8595
--------------------------------------------------------------------------------
                   Total timesteps: 34471936
                    Iteration time: 0.29s
                      Time elapsed: 00:01:14
                               ETA: 00:01:35

################################################################################
                     [1m Learning iteration 1262/1599 [0m                     

                       Computation: 476884 steps/s (collection: 0.203s, learning 0.072s)
             Mean action noise std: 0.08
          Mean value_function loss: 0.2293
               Mean surrogate loss: -0.0032
                 Mean entropy loss: -9.0863
                       Mean reward: 27.61
               Mean episode length: 497.14
           Episode_Reward/progress: 1.5106
              Episode_Reward/alive: 0.2566
            Episode_Reward/upright: 0.0494
     Episode_Reward/move_to_target: 0.2498
          Episode_Reward/action_l2: -0.0041
             Episode_Reward/energy: -0.2242
   Episode_Reward/joint_pos_limits: -0.1139
      Episode_Termination/time_out: 0.1407
  Episode_Termination/torso_height: 0.8593
--------------------------------------------------------------------------------
                   Total timesteps: 34603008
                    Iteration time: 0.27s
                      Time elapsed: 00:01:14
                               ETA: 00:01:35

################################################################################
                     [1m Learning iteration 1263/1599 [0m                     

                       Computation: 475478 steps/s (collection: 0.203s, learning 0.073s)
             Mean action noise std: 0.08
          Mean value_function loss: 0.2322
               Mean surrogate loss: -0.0029
                 Mean entropy loss: -9.0745
                       Mean reward: 27.33
               Mean episode length: 493.66
           Episode_Reward/progress: 1.5427
              Episode_Reward/alive: 0.2608
            Episode_Reward/upright: 0.0503
     Episode_Reward/move_to_target: 0.2547
          Episode_Reward/action_l2: -0.0042
             Episode_Reward/energy: -0.2338
   Episode_Reward/joint_pos_limits: -0.1149
      Episode_Termination/time_out: 0.1407
  Episode_Termination/torso_height: 0.8593
--------------------------------------------------------------------------------
                   Total timesteps: 34734080
                    Iteration time: 0.28s
                      Time elapsed: 00:01:15
                               ETA: 00:01:35

################################################################################
                     [1m Learning iteration 1264/1599 [0m                     

                       Computation: 468518 steps/s (collection: 0.202s, learning 0.078s)
             Mean action noise std: 0.08
          Mean value_function loss: 0.2404
               Mean surrogate loss: -0.0036
                 Mean entropy loss: -9.0613
                       Mean reward: 27.26
               Mean episode length: 491.45
           Episode_Reward/progress: 1.6143
              Episode_Reward/alive: 0.2724
            Episode_Reward/upright: 0.0528
     Episode_Reward/move_to_target: 0.2676
          Episode_Reward/action_l2: -0.0043
             Episode_Reward/energy: -0.2400
   Episode_Reward/joint_pos_limits: -0.1195
      Episode_Termination/time_out: 0.1411
  Episode_Termination/torso_height: 0.8589
--------------------------------------------------------------------------------
                   Total timesteps: 34865152
                    Iteration time: 0.28s
                      Time elapsed: 00:01:15
                               ETA: 00:01:34

################################################################################
                     [1m Learning iteration 1265/1599 [0m                     

                       Computation: 477656 steps/s (collection: 0.203s, learning 0.072s)
             Mean action noise std: 0.08
          Mean value_function loss: 0.2376
               Mean surrogate loss: -0.0032
                 Mean entropy loss: -9.0495
                       Mean reward: 29.17
               Mean episode length: 526.21
           Episode_Reward/progress: 1.5846
              Episode_Reward/alive: 0.2689
            Episode_Reward/upright: 0.0521
     Episode_Reward/move_to_target: 0.2634
          Episode_Reward/action_l2: -0.0043
             Episode_Reward/energy: -0.2394
   Episode_Reward/joint_pos_limits: -0.1179
      Episode_Termination/time_out: 0.1402
  Episode_Termination/torso_height: 0.8598
--------------------------------------------------------------------------------
                   Total timesteps: 34996224
                    Iteration time: 0.27s
                      Time elapsed: 00:01:15
                               ETA: 00:01:34

################################################################################
                     [1m Learning iteration 1266/1599 [0m                     

                       Computation: 483257 steps/s (collection: 0.199s, learning 0.072s)
             Mean action noise std: 0.08
          Mean value_function loss: 0.2231
               Mean surrogate loss: -0.0021
                 Mean entropy loss: -9.0525
                       Mean reward: 28.03
               Mean episode length: 495.37
           Episode_Reward/progress: 1.4614
              Episode_Reward/alive: 0.2479
            Episode_Reward/upright: 0.0478
     Episode_Reward/move_to_target: 0.2431
          Episode_Reward/action_l2: -0.0040
             Episode_Reward/energy: -0.2196
   Episode_Reward/joint_pos_limits: -0.1098
      Episode_Termination/time_out: 0.1394
  Episode_Termination/torso_height: 0.8606
--------------------------------------------------------------------------------
                   Total timesteps: 35127296
                    Iteration time: 0.27s
                      Time elapsed: 00:01:15
                               ETA: 00:01:34

################################################################################
                     [1m Learning iteration 1267/1599 [0m                     

                       Computation: 473144 steps/s (collection: 0.205s, learning 0.072s)
             Mean action noise std: 0.08
          Mean value_function loss: 0.2051
               Mean surrogate loss: -0.0008
                 Mean entropy loss: -9.0698
                       Mean reward: 29.35
               Mean episode length: 522.89
           Episode_Reward/progress: 1.6363
              Episode_Reward/alive: 0.2747
            Episode_Reward/upright: 0.0535
     Episode_Reward/move_to_target: 0.2700
          Episode_Reward/action_l2: -0.0044
             Episode_Reward/energy: -0.2460
   Episode_Reward/joint_pos_limits: -0.1202
      Episode_Termination/time_out: 0.1387
  Episode_Termination/torso_height: 0.8613
--------------------------------------------------------------------------------
                   Total timesteps: 35258368
                    Iteration time: 0.28s
                      Time elapsed: 00:01:16
                               ETA: 00:01:34

################################################################################
                     [1m Learning iteration 1268/1599 [0m                     

                       Computation: 465602 steps/s (collection: 0.208s, learning 0.074s)
             Mean action noise std: 0.08
          Mean value_function loss: 0.2146
               Mean surrogate loss: -0.0046
                 Mean entropy loss: -9.0923
                       Mean reward: 29.75
               Mean episode length: 530.17
           Episode_Reward/progress: 1.5376
              Episode_Reward/alive: 0.2607
            Episode_Reward/upright: 0.0505
     Episode_Reward/move_to_target: 0.2562
          Episode_Reward/action_l2: -0.0042
             Episode_Reward/energy: -0.2296
   Episode_Reward/joint_pos_limits: -0.1147
      Episode_Termination/time_out: 0.1389
  Episode_Termination/torso_height: 0.8611
--------------------------------------------------------------------------------
                   Total timesteps: 35389440
                    Iteration time: 0.28s
                      Time elapsed: 00:01:16
                               ETA: 00:01:33

################################################################################
                     [1m Learning iteration 1269/1599 [0m                     

                       Computation: 469622 steps/s (collection: 0.206s, learning 0.073s)
             Mean action noise std: 0.08
          Mean value_function loss: 0.2276
               Mean surrogate loss: -0.0023
                 Mean entropy loss: -9.0929
                       Mean reward: 28.39
               Mean episode length: 506.97
           Episode_Reward/progress: 1.5866
              Episode_Reward/alive: 0.2673
            Episode_Reward/upright: 0.0517
     Episode_Reward/move_to_target: 0.2609
          Episode_Reward/action_l2: -0.0043
             Episode_Reward/energy: -0.2384
   Episode_Reward/joint_pos_limits: -0.1178
      Episode_Termination/time_out: 0.1393
  Episode_Termination/torso_height: 0.8607
--------------------------------------------------------------------------------
                   Total timesteps: 35520512
                    Iteration time: 0.28s
                      Time elapsed: 00:01:16
                               ETA: 00:01:33

################################################################################
                     [1m Learning iteration 1270/1599 [0m                     

                       Computation: 479848 steps/s (collection: 0.201s, learning 0.072s)
             Mean action noise std: 0.08
          Mean value_function loss: 0.2243
               Mean surrogate loss: -0.0024
                 Mean entropy loss: -9.0963
                       Mean reward: 26.17
               Mean episode length: 467.06
           Episode_Reward/progress: 1.5372
              Episode_Reward/alive: 0.2597
            Episode_Reward/upright: 0.0505
     Episode_Reward/move_to_target: 0.2558
          Episode_Reward/action_l2: -0.0042
             Episode_Reward/energy: -0.2339
   Episode_Reward/joint_pos_limits: -0.1140
      Episode_Termination/time_out: 0.1396
  Episode_Termination/torso_height: 0.8604
--------------------------------------------------------------------------------
                   Total timesteps: 35651584
                    Iteration time: 0.27s
                      Time elapsed: 00:01:17
                               ETA: 00:01:33

################################################################################
                     [1m Learning iteration 1271/1599 [0m                     

                       Computation: 482102 steps/s (collection: 0.200s, learning 0.072s)
             Mean action noise std: 0.08
          Mean value_function loss: 0.2508
               Mean surrogate loss: -0.0029
                 Mean entropy loss: -9.0943
                       Mean reward: 27.18
               Mean episode length: 486.20
           Episode_Reward/progress: 1.5092
              Episode_Reward/alive: 0.2566
            Episode_Reward/upright: 0.0496
     Episode_Reward/move_to_target: 0.2511
          Episode_Reward/action_l2: -0.0042
             Episode_Reward/energy: -0.2308
   Episode_Reward/joint_pos_limits: -0.1124
      Episode_Termination/time_out: 0.1405
  Episode_Termination/torso_height: 0.8595
--------------------------------------------------------------------------------
                   Total timesteps: 35782656
                    Iteration time: 0.27s
                      Time elapsed: 00:01:17
                               ETA: 00:01:32

################################################################################
                     [1m Learning iteration 1272/1599 [0m                     

                       Computation: 466332 steps/s (collection: 0.210s, learning 0.071s)
             Mean action noise std: 0.08
          Mean value_function loss: 0.2453
               Mean surrogate loss: -0.0025
                 Mean entropy loss: -9.0851
                       Mean reward: 27.86
               Mean episode length: 504.94
           Episode_Reward/progress: 1.5873
              Episode_Reward/alive: 0.2703
            Episode_Reward/upright: 0.0522
     Episode_Reward/move_to_target: 0.2636
          Episode_Reward/action_l2: -0.0044
             Episode_Reward/energy: -0.2403
   Episode_Reward/joint_pos_limits: -0.1187
      Episode_Termination/time_out: 0.1414
  Episode_Termination/torso_height: 0.8586
--------------------------------------------------------------------------------
                   Total timesteps: 35913728
                    Iteration time: 0.28s
                      Time elapsed: 00:01:17
                               ETA: 00:01:32

################################################################################
                     [1m Learning iteration 1273/1599 [0m                     

                       Computation: 486195 steps/s (collection: 0.199s, learning 0.071s)
             Mean action noise std: 0.08
          Mean value_function loss: 0.2600
               Mean surrogate loss: -0.0041
                 Mean entropy loss: -9.1020
                       Mean reward: 30.52
               Mean episode length: 544.81
           Episode_Reward/progress: 1.6205
              Episode_Reward/alive: 0.2756
            Episode_Reward/upright: 0.0533
     Episode_Reward/move_to_target: 0.2680
          Episode_Reward/action_l2: -0.0045
             Episode_Reward/energy: -0.2454
   Episode_Reward/joint_pos_limits: -0.1205
      Episode_Termination/time_out: 0.1422
  Episode_Termination/torso_height: 0.8578
--------------------------------------------------------------------------------
                   Total timesteps: 36044800
                    Iteration time: 0.27s
                      Time elapsed: 00:01:17
                               ETA: 00:01:32

################################################################################
                     [1m Learning iteration 1274/1599 [0m                     

                       Computation: 481325 steps/s (collection: 0.202s, learning 0.071s)
             Mean action noise std: 0.08
          Mean value_function loss: 0.2376
               Mean surrogate loss: -0.0025
                 Mean entropy loss: -9.0975
                       Mean reward: 31.12
               Mean episode length: 548.99
           Episode_Reward/progress: 1.5382
              Episode_Reward/alive: 0.2598
            Episode_Reward/upright: 0.0504
     Episode_Reward/move_to_target: 0.2550
          Episode_Reward/action_l2: -0.0042
             Episode_Reward/energy: -0.2312
   Episode_Reward/joint_pos_limits: -0.1140
      Episode_Termination/time_out: 0.1434
  Episode_Termination/torso_height: 0.8566
--------------------------------------------------------------------------------
                   Total timesteps: 36175872
                    Iteration time: 0.27s
                      Time elapsed: 00:01:18
                               ETA: 00:01:31

################################################################################
                     [1m Learning iteration 1275/1599 [0m                     

                       Computation: 467573 steps/s (collection: 0.204s, learning 0.076s)
             Mean action noise std: 0.08
          Mean value_function loss: 0.2109
               Mean surrogate loss: -0.0039
                 Mean entropy loss: -9.1051
                       Mean reward: 29.27
               Mean episode length: 516.40
           Episode_Reward/progress: 1.6657
              Episode_Reward/alive: 0.2790
            Episode_Reward/upright: 0.0540
     Episode_Reward/move_to_target: 0.2733
          Episode_Reward/action_l2: -0.0045
             Episode_Reward/energy: -0.2486
   Episode_Reward/joint_pos_limits: -0.1220
      Episode_Termination/time_out: 0.1438
  Episode_Termination/torso_height: 0.8562
--------------------------------------------------------------------------------
                   Total timesteps: 36306944
                    Iteration time: 0.28s
                      Time elapsed: 00:01:18
                               ETA: 00:01:31

################################################################################
                     [1m Learning iteration 1276/1599 [0m                     

                       Computation: 461040 steps/s (collection: 0.213s, learning 0.071s)
             Mean action noise std: 0.08
          Mean value_function loss: 0.2433
               Mean surrogate loss: -0.0024
                 Mean entropy loss: -9.0984
                       Mean reward: 28.87
               Mean episode length: 515.00
           Episode_Reward/progress: 1.5770
              Episode_Reward/alive: 0.2658
            Episode_Reward/upright: 0.0513
     Episode_Reward/move_to_target: 0.2598
          Episode_Reward/action_l2: -0.0043
             Episode_Reward/energy: -0.2350
   Episode_Reward/joint_pos_limits: -0.1171
      Episode_Termination/time_out: 0.1430
  Episode_Termination/torso_height: 0.8570
--------------------------------------------------------------------------------
                   Total timesteps: 36438016
                    Iteration time: 0.28s
                      Time elapsed: 00:01:18
                               ETA: 00:01:31

################################################################################
                     [1m Learning iteration 1277/1599 [0m                     

                       Computation: 480223 steps/s (collection: 0.200s, learning 0.072s)
             Mean action noise std: 0.08
          Mean value_function loss: 0.2191
               Mean surrogate loss: -0.0029
                 Mean entropy loss: -9.0937
                       Mean reward: 29.20
               Mean episode length: 516.18
           Episode_Reward/progress: 1.6003
              Episode_Reward/alive: 0.2690
            Episode_Reward/upright: 0.0521
     Episode_Reward/move_to_target: 0.2640
          Episode_Reward/action_l2: -0.0043
             Episode_Reward/energy: -0.2407
   Episode_Reward/joint_pos_limits: -0.1178
      Episode_Termination/time_out: 0.1421
  Episode_Termination/torso_height: 0.8579
--------------------------------------------------------------------------------
                   Total timesteps: 36569088
                    Iteration time: 0.27s
                      Time elapsed: 00:01:18
                               ETA: 00:01:31

################################################################################
                     [1m Learning iteration 1278/1599 [0m                     

                       Computation: 476423 steps/s (collection: 0.203s, learning 0.072s)
             Mean action noise std: 0.08
          Mean value_function loss: 0.2207
               Mean surrogate loss: -0.0028
                 Mean entropy loss: -9.0937
                       Mean reward: 26.33
               Mean episode length: 473.95
           Episode_Reward/progress: 1.5341
              Episode_Reward/alive: 0.2599
            Episode_Reward/upright: 0.0500
     Episode_Reward/move_to_target: 0.2547
          Episode_Reward/action_l2: -0.0042
             Episode_Reward/energy: -0.2325
   Episode_Reward/joint_pos_limits: -0.1143
      Episode_Termination/time_out: 0.1419
  Episode_Termination/torso_height: 0.8581
--------------------------------------------------------------------------------
                   Total timesteps: 36700160
                    Iteration time: 0.28s
                      Time elapsed: 00:01:19
                               ETA: 00:01:30

################################################################################
                     [1m Learning iteration 1279/1599 [0m                     

                       Computation: 471709 steps/s (collection: 0.206s, learning 0.072s)
             Mean action noise std: 0.08
          Mean value_function loss: 0.2412
               Mean surrogate loss: -0.0021
                 Mean entropy loss: -9.0919
                       Mean reward: 26.79
               Mean episode length: 477.81
           Episode_Reward/progress: 1.5169
              Episode_Reward/alive: 0.2579
            Episode_Reward/upright: 0.0497
     Episode_Reward/move_to_target: 0.2517
          Episode_Reward/action_l2: -0.0042
             Episode_Reward/energy: -0.2277
   Episode_Reward/joint_pos_limits: -0.1142
      Episode_Termination/time_out: 0.1418
  Episode_Termination/torso_height: 0.8582
--------------------------------------------------------------------------------
                   Total timesteps: 36831232
                    Iteration time: 0.28s
                      Time elapsed: 00:01:19
                               ETA: 00:01:30

################################################################################
                     [1m Learning iteration 1280/1599 [0m                     

                       Computation: 483819 steps/s (collection: 0.200s, learning 0.071s)
             Mean action noise std: 0.08
          Mean value_function loss: 0.2117
               Mean surrogate loss: -0.0030
                 Mean entropy loss: -9.1148
                       Mean reward: 31.67
               Mean episode length: 567.97
           Episode_Reward/progress: 1.6489
              Episode_Reward/alive: 0.2798
            Episode_Reward/upright: 0.0538
     Episode_Reward/move_to_target: 0.2735
          Episode_Reward/action_l2: -0.0045
             Episode_Reward/energy: -0.2474
   Episode_Reward/joint_pos_limits: -0.1244
      Episode_Termination/time_out: 0.1412
  Episode_Termination/torso_height: 0.8588
--------------------------------------------------------------------------------
                   Total timesteps: 36962304
                    Iteration time: 0.27s
                      Time elapsed: 00:01:19
                               ETA: 00:01:30

################################################################################
                     [1m Learning iteration 1281/1599 [0m                     

                       Computation: 482669 steps/s (collection: 0.200s, learning 0.072s)
             Mean action noise std: 0.08
          Mean value_function loss: 0.2479
               Mean surrogate loss: -0.0022
                 Mean entropy loss: -9.1352
                       Mean reward: 28.68
               Mean episode length: 513.47
           Episode_Reward/progress: 1.5638
              Episode_Reward/alive: 0.2650
            Episode_Reward/upright: 0.0513
     Episode_Reward/move_to_target: 0.2602
          Episode_Reward/action_l2: -0.0043
             Episode_Reward/energy: -0.2350
   Episode_Reward/joint_pos_limits: -0.1174
      Episode_Termination/time_out: 0.1409
  Episode_Termination/torso_height: 0.8591
--------------------------------------------------------------------------------
                   Total timesteps: 37093376
                    Iteration time: 0.27s
                      Time elapsed: 00:01:20
                               ETA: 00:01:29

################################################################################
                     [1m Learning iteration 1282/1599 [0m                     

                       Computation: 471325 steps/s (collection: 0.202s, learning 0.076s)
             Mean action noise std: 0.08
          Mean value_function loss: 0.2130
               Mean surrogate loss: -0.0040
                 Mean entropy loss: -9.1500
                       Mean reward: 29.17
               Mean episode length: 520.45
           Episode_Reward/progress: 1.5492
              Episode_Reward/alive: 0.2624
            Episode_Reward/upright: 0.0509
     Episode_Reward/move_to_target: 0.2579
          Episode_Reward/action_l2: -0.0042
             Episode_Reward/energy: -0.2318
   Episode_Reward/joint_pos_limits: -0.1151
      Episode_Termination/time_out: 0.1408
  Episode_Termination/torso_height: 0.8592
--------------------------------------------------------------------------------
                   Total timesteps: 37224448
                    Iteration time: 0.28s
                      Time elapsed: 00:01:20
                               ETA: 00:01:29

################################################################################
                     [1m Learning iteration 1283/1599 [0m                     

                       Computation: 451290 steps/s (collection: 0.218s, learning 0.072s)
             Mean action noise std: 0.08
          Mean value_function loss: 0.2306
               Mean surrogate loss: -0.0022
                 Mean entropy loss: -9.1430
                       Mean reward: 28.34
               Mean episode length: 504.24
           Episode_Reward/progress: 1.5269
              Episode_Reward/alive: 0.2587
            Episode_Reward/upright: 0.0501
     Episode_Reward/move_to_target: 0.2541
          Episode_Reward/action_l2: -0.0042
             Episode_Reward/energy: -0.2305
   Episode_Reward/joint_pos_limits: -0.1141
      Episode_Termination/time_out: 0.1412
  Episode_Termination/torso_height: 0.8588
--------------------------------------------------------------------------------
                   Total timesteps: 37355520
                    Iteration time: 0.29s
                      Time elapsed: 00:01:20
                               ETA: 00:01:29

################################################################################
                     [1m Learning iteration 1284/1599 [0m                     

                       Computation: 481450 steps/s (collection: 0.201s, learning 0.071s)
             Mean action noise std: 0.08
          Mean value_function loss: 0.2424
               Mean surrogate loss: 0.0007
                 Mean entropy loss: -9.1438
                       Mean reward: 27.17
               Mean episode length: 489.04
           Episode_Reward/progress: 1.4905
              Episode_Reward/alive: 0.2539
            Episode_Reward/upright: 0.0488
     Episode_Reward/move_to_target: 0.2475
          Episode_Reward/action_l2: -0.0042
             Episode_Reward/energy: -0.2300
   Episode_Reward/joint_pos_limits: -0.1120
      Episode_Termination/time_out: 0.1420
  Episode_Termination/torso_height: 0.8580
--------------------------------------------------------------------------------
                   Total timesteps: 37486592
                    Iteration time: 0.27s
                      Time elapsed: 00:01:20
                               ETA: 00:01:29

################################################################################
                     [1m Learning iteration 1285/1599 [0m                     

                       Computation: 474261 steps/s (collection: 0.204s, learning 0.072s)
             Mean action noise std: 0.08
          Mean value_function loss: 0.2453
               Mean surrogate loss: -0.0030
                 Mean entropy loss: -9.1630
                       Mean reward: 30.17
               Mean episode length: 531.14
           Episode_Reward/progress: 1.6137
              Episode_Reward/alive: 0.2705
            Episode_Reward/upright: 0.0526
     Episode_Reward/move_to_target: 0.2649
          Episode_Reward/action_l2: -0.0043
             Episode_Reward/energy: -0.2409
   Episode_Reward/joint_pos_limits: -0.1191
      Episode_Termination/time_out: 0.1415
  Episode_Termination/torso_height: 0.8585
--------------------------------------------------------------------------------
                   Total timesteps: 37617664
                    Iteration time: 0.28s
                      Time elapsed: 00:01:21
                               ETA: 00:01:28

################################################################################
                     [1m Learning iteration 1286/1599 [0m                     

                       Computation: 473669 steps/s (collection: 0.205s, learning 0.072s)
             Mean action noise std: 0.08
          Mean value_function loss: 0.2334
               Mean surrogate loss: -0.0020
                 Mean entropy loss: -9.1297
                       Mean reward: 27.41
               Mean episode length: 491.66
           Episode_Reward/progress: 1.5027
              Episode_Reward/alive: 0.2549
            Episode_Reward/upright: 0.0493
     Episode_Reward/move_to_target: 0.2497
          Episode_Reward/action_l2: -0.0041
             Episode_Reward/energy: -0.2271
   Episode_Reward/joint_pos_limits: -0.1117
      Episode_Termination/time_out: 0.1412
  Episode_Termination/torso_height: 0.8588
--------------------------------------------------------------------------------
                   Total timesteps: 37748736
                    Iteration time: 0.28s
                      Time elapsed: 00:01:21
                               ETA: 00:01:28

################################################################################
                     [1m Learning iteration 1287/1599 [0m                     

                       Computation: 485099 steps/s (collection: 0.199s, learning 0.072s)
             Mean action noise std: 0.08
          Mean value_function loss: 0.2284
               Mean surrogate loss: -0.0017
                 Mean entropy loss: -9.1213
                       Mean reward: 29.77
               Mean episode length: 529.41
           Episode_Reward/progress: 1.5836
              Episode_Reward/alive: 0.2655
            Episode_Reward/upright: 0.0515
     Episode_Reward/move_to_target: 0.2599
          Episode_Reward/action_l2: -0.0043
             Episode_Reward/energy: -0.2404
   Episode_Reward/joint_pos_limits: -0.1170
      Episode_Termination/time_out: 0.1416
  Episode_Termination/torso_height: 0.8584
--------------------------------------------------------------------------------
                   Total timesteps: 37879808
                    Iteration time: 0.27s
                      Time elapsed: 00:01:21
                               ETA: 00:01:28

################################################################################
                     [1m Learning iteration 1288/1599 [0m                     

                       Computation: 483235 steps/s (collection: 0.198s, learning 0.073s)
             Mean action noise std: 0.08
          Mean value_function loss: 0.2152
               Mean surrogate loss: -0.0028
                 Mean entropy loss: -9.1324
                       Mean reward: 28.10
               Mean episode length: 506.49
           Episode_Reward/progress: 1.5752
              Episode_Reward/alive: 0.2679
            Episode_Reward/upright: 0.0519
     Episode_Reward/move_to_target: 0.2631
          Episode_Reward/action_l2: -0.0043
             Episode_Reward/energy: -0.2411
   Episode_Reward/joint_pos_limits: -0.1182
      Episode_Termination/time_out: 0.1408
  Episode_Termination/torso_height: 0.8592
--------------------------------------------------------------------------------
                   Total timesteps: 38010880
                    Iteration time: 0.27s
                      Time elapsed: 00:01:21
                               ETA: 00:01:27

################################################################################
                     [1m Learning iteration 1289/1599 [0m                     

                       Computation: 478315 steps/s (collection: 0.202s, learning 0.072s)
             Mean action noise std: 0.08
          Mean value_function loss: 0.2272
               Mean surrogate loss: -0.0032
                 Mean entropy loss: -9.1243
                       Mean reward: 27.35
               Mean episode length: 490.12
           Episode_Reward/progress: 1.5258
              Episode_Reward/alive: 0.2590
            Episode_Reward/upright: 0.0499
     Episode_Reward/move_to_target: 0.2535
          Episode_Reward/action_l2: -0.0042
             Episode_Reward/energy: -0.2334
   Episode_Reward/joint_pos_limits: -0.1137
      Episode_Termination/time_out: 0.1422
  Episode_Termination/torso_height: 0.8578
--------------------------------------------------------------------------------
                   Total timesteps: 38141952
                    Iteration time: 0.27s
                      Time elapsed: 00:01:22
                               ETA: 00:01:27

################################################################################
                     [1m Learning iteration 1290/1599 [0m                     

                       Computation: 435102 steps/s (collection: 0.229s, learning 0.072s)
             Mean action noise std: 0.08
          Mean value_function loss: 0.2237
               Mean surrogate loss: -0.0019
                 Mean entropy loss: -9.1197
                       Mean reward: 26.56
               Mean episode length: 477.75
           Episode_Reward/progress: 1.5757
              Episode_Reward/alive: 0.2680
            Episode_Reward/upright: 0.0518
     Episode_Reward/move_to_target: 0.2623
          Episode_Reward/action_l2: -0.0043
             Episode_Reward/energy: -0.2379
   Episode_Reward/joint_pos_limits: -0.1175
      Episode_Termination/time_out: 0.1427
  Episode_Termination/torso_height: 0.8573
--------------------------------------------------------------------------------
                   Total timesteps: 38273024
                    Iteration time: 0.30s
                      Time elapsed: 00:01:22
                               ETA: 00:01:27

################################################################################
                     [1m Learning iteration 1291/1599 [0m                     

                       Computation: 475967 steps/s (collection: 0.204s, learning 0.071s)
             Mean action noise std: 0.08
          Mean value_function loss: 0.2427
               Mean surrogate loss: -0.0025
                 Mean entropy loss: -9.1526
                       Mean reward: 29.31
               Mean episode length: 520.75
           Episode_Reward/progress: 1.6690
              Episode_Reward/alive: 0.2807
            Episode_Reward/upright: 0.0543
     Episode_Reward/move_to_target: 0.2753
          Episode_Reward/action_l2: -0.0044
             Episode_Reward/energy: -0.2470
   Episode_Reward/joint_pos_limits: -0.1234
      Episode_Termination/time_out: 0.1424
  Episode_Termination/torso_height: 0.8576
--------------------------------------------------------------------------------
                   Total timesteps: 38404096
                    Iteration time: 0.28s
                      Time elapsed: 00:01:22
                               ETA: 00:01:27

################################################################################
                     [1m Learning iteration 1292/1599 [0m                     

                       Computation: 478318 steps/s (collection: 0.202s, learning 0.072s)
             Mean action noise std: 0.08
          Mean value_function loss: 0.2056
               Mean surrogate loss: -0.0027
                 Mean entropy loss: -9.1527
                       Mean reward: 27.28
               Mean episode length: 490.81
           Episode_Reward/progress: 1.5686
              Episode_Reward/alive: 0.2659
            Episode_Reward/upright: 0.0515
     Episode_Reward/move_to_target: 0.2611
          Episode_Reward/action_l2: -0.0043
             Episode_Reward/energy: -0.2373
   Episode_Reward/joint_pos_limits: -0.1172
      Episode_Termination/time_out: 0.1425
  Episode_Termination/torso_height: 0.8575
--------------------------------------------------------------------------------
                   Total timesteps: 38535168
                    Iteration time: 0.27s
                      Time elapsed: 00:01:23
                               ETA: 00:01:26

################################################################################
                     [1m Learning iteration 1293/1599 [0m                     

                       Computation: 470406 steps/s (collection: 0.206s, learning 0.073s)
             Mean action noise std: 0.08
          Mean value_function loss: 0.2249
               Mean surrogate loss: -0.0027
                 Mean entropy loss: -9.1635
                       Mean reward: 29.31
               Mean episode length: 523.17
           Episode_Reward/progress: 1.5440
              Episode_Reward/alive: 0.2607
            Episode_Reward/upright: 0.0506
     Episode_Reward/move_to_target: 0.2563
          Episode_Reward/action_l2: -0.0043
             Episode_Reward/energy: -0.2368
   Episode_Reward/joint_pos_limits: -0.1143
      Episode_Termination/time_out: 0.1416
  Episode_Termination/torso_height: 0.8584
--------------------------------------------------------------------------------
                   Total timesteps: 38666240
                    Iteration time: 0.28s
                      Time elapsed: 00:01:23
                               ETA: 00:01:26

################################################################################
                     [1m Learning iteration 1294/1599 [0m                     

                       Computation: 483060 steps/s (collection: 0.199s, learning 0.072s)
             Mean action noise std: 0.08
          Mean value_function loss: 0.2499
               Mean surrogate loss: 0.0016
                 Mean entropy loss: -9.1664
                       Mean reward: 28.19
               Mean episode length: 504.86
           Episode_Reward/progress: 1.6015
              Episode_Reward/alive: 0.2696
            Episode_Reward/upright: 0.0526
     Episode_Reward/move_to_target: 0.2655
          Episode_Reward/action_l2: -0.0043
             Episode_Reward/energy: -0.2431
   Episode_Reward/joint_pos_limits: -0.1184
      Episode_Termination/time_out: 0.1414
  Episode_Termination/torso_height: 0.8586
--------------------------------------------------------------------------------
                   Total timesteps: 38797312
                    Iteration time: 0.27s
                      Time elapsed: 00:01:23
                               ETA: 00:01:26

################################################################################
                     [1m Learning iteration 1295/1599 [0m                     

                       Computation: 482135 steps/s (collection: 0.199s, learning 0.073s)
             Mean action noise std: 0.08
          Mean value_function loss: 0.2132
               Mean surrogate loss: -0.0026
                 Mean entropy loss: -9.1770
                       Mean reward: 28.49
               Mean episode length: 514.50
           Episode_Reward/progress: 1.5381
              Episode_Reward/alive: 0.2616
            Episode_Reward/upright: 0.0503
     Episode_Reward/move_to_target: 0.2565
          Episode_Reward/action_l2: -0.0042
             Episode_Reward/energy: -0.2346
   Episode_Reward/joint_pos_limits: -0.1156
      Episode_Termination/time_out: 0.1415
  Episode_Termination/torso_height: 0.8585
--------------------------------------------------------------------------------
                   Total timesteps: 38928384
                    Iteration time: 0.27s
                      Time elapsed: 00:01:23
                               ETA: 00:01:25

################################################################################
                     [1m Learning iteration 1296/1599 [0m                     

                       Computation: 481855 steps/s (collection: 0.201s, learning 0.071s)
             Mean action noise std: 0.08
          Mean value_function loss: 0.2376
               Mean surrogate loss: -0.0022
                 Mean entropy loss: -9.1770
                       Mean reward: 28.89
               Mean episode length: 519.13
           Episode_Reward/progress: 1.5426
              Episode_Reward/alive: 0.2614
            Episode_Reward/upright: 0.0505
     Episode_Reward/move_to_target: 0.2565
          Episode_Reward/action_l2: -0.0043
             Episode_Reward/energy: -0.2348
   Episode_Reward/joint_pos_limits: -0.1151
      Episode_Termination/time_out: 0.1415
  Episode_Termination/torso_height: 0.8585
--------------------------------------------------------------------------------
                   Total timesteps: 39059456
                    Iteration time: 0.27s
                      Time elapsed: 00:01:24
                               ETA: 00:01:25

################################################################################
                     [1m Learning iteration 1297/1599 [0m                     

                       Computation: 444501 steps/s (collection: 0.223s, learning 0.072s)
             Mean action noise std: 0.08
          Mean value_function loss: 0.2215
               Mean surrogate loss: -0.0013
                 Mean entropy loss: -9.1760
                       Mean reward: 27.18
               Mean episode length: 485.08
           Episode_Reward/progress: 1.5823
              Episode_Reward/alive: 0.2685
            Episode_Reward/upright: 0.0519
     Episode_Reward/move_to_target: 0.2631
          Episode_Reward/action_l2: -0.0044
             Episode_Reward/energy: -0.2459
   Episode_Reward/joint_pos_limits: -0.1179
      Episode_Termination/time_out: 0.1413
  Episode_Termination/torso_height: 0.8587
--------------------------------------------------------------------------------
                   Total timesteps: 39190528
                    Iteration time: 0.29s
                      Time elapsed: 00:01:24
                               ETA: 00:01:25

################################################################################
                     [1m Learning iteration 1298/1599 [0m                     

                       Computation: 478750 steps/s (collection: 0.201s, learning 0.073s)
             Mean action noise std: 0.08
          Mean value_function loss: 0.2074
               Mean surrogate loss: -0.0022
                 Mean entropy loss: -9.2009
                       Mean reward: 28.87
               Mean episode length: 516.68
           Episode_Reward/progress: 1.5326
              Episode_Reward/alive: 0.2606
            Episode_Reward/upright: 0.0504
     Episode_Reward/move_to_target: 0.2541
          Episode_Reward/action_l2: -0.0042
             Episode_Reward/energy: -0.2337
   Episode_Reward/joint_pos_limits: -0.1150
      Episode_Termination/time_out: 0.1417
  Episode_Termination/torso_height: 0.8583
--------------------------------------------------------------------------------
                   Total timesteps: 39321600
                    Iteration time: 0.27s
                      Time elapsed: 00:01:24
                               ETA: 00:01:25

################################################################################
                     [1m Learning iteration 1299/1599 [0m                     

                       Computation: 478288 steps/s (collection: 0.202s, learning 0.072s)
             Mean action noise std: 0.08
          Mean value_function loss: 0.2576
               Mean surrogate loss: -0.0023
                 Mean entropy loss: -9.2074
                       Mean reward: 27.85
               Mean episode length: 501.57
           Episode_Reward/progress: 1.5126
              Episode_Reward/alive: 0.2587
            Episode_Reward/upright: 0.0498
     Episode_Reward/move_to_target: 0.2525
          Episode_Reward/action_l2: -0.0042
             Episode_Reward/energy: -0.2325
   Episode_Reward/joint_pos_limits: -0.1146
      Episode_Termination/time_out: 0.1423
  Episode_Termination/torso_height: 0.8577
--------------------------------------------------------------------------------
                   Total timesteps: 39452672
                    Iteration time: 0.27s
                      Time elapsed: 00:01:25
                               ETA: 00:01:24

################################################################################
                     [1m Learning iteration 1300/1599 [0m                     

                       Computation: 472268 steps/s (collection: 0.200s, learning 0.078s)
             Mean action noise std: 0.08
          Mean value_function loss: 0.2358
               Mean surrogate loss: -0.0019
                 Mean entropy loss: -9.2044
                       Mean reward: 29.79
               Mean episode length: 526.98
           Episode_Reward/progress: 1.5553
              Episode_Reward/alive: 0.2612
            Episode_Reward/upright: 0.0509
     Episode_Reward/move_to_target: 0.2569
          Episode_Reward/action_l2: -0.0042
             Episode_Reward/energy: -0.2385
   Episode_Reward/joint_pos_limits: -0.1140
      Episode_Termination/time_out: 0.1419
  Episode_Termination/torso_height: 0.8581
--------------------------------------------------------------------------------
                   Total timesteps: 39583744
                    Iteration time: 0.28s
                      Time elapsed: 00:01:25
                               ETA: 00:01:24

################################################################################
                     [1m Learning iteration 1301/1599 [0m                     

                       Computation: 483944 steps/s (collection: 0.199s, learning 0.072s)
             Mean action noise std: 0.08
          Mean value_function loss: 0.2497
               Mean surrogate loss: -0.0022
                 Mean entropy loss: -9.1964
                       Mean reward: 31.43
               Mean episode length: 563.42
           Episode_Reward/progress: 1.5768
              Episode_Reward/alive: 0.2678
            Episode_Reward/upright: 0.0519
     Episode_Reward/move_to_target: 0.2623
          Episode_Reward/action_l2: -0.0043
             Episode_Reward/energy: -0.2378
   Episode_Reward/joint_pos_limits: -0.1179
      Episode_Termination/time_out: 0.1414
  Episode_Termination/torso_height: 0.8586
--------------------------------------------------------------------------------
                   Total timesteps: 39714816
                    Iteration time: 0.27s
                      Time elapsed: 00:01:25
                               ETA: 00:01:24

################################################################################
                     [1m Learning iteration 1302/1599 [0m                     

                       Computation: 483158 steps/s (collection: 0.200s, learning 0.071s)
             Mean action noise std: 0.08
          Mean value_function loss: 0.2487
               Mean surrogate loss: -0.0009
                 Mean entropy loss: -9.1904
                       Mean reward: 28.66
               Mean episode length: 516.17
           Episode_Reward/progress: 1.5970
              Episode_Reward/alive: 0.2704
            Episode_Reward/upright: 0.0524
     Episode_Reward/move_to_target: 0.2643
          Episode_Reward/action_l2: -0.0044
             Episode_Reward/energy: -0.2429
   Episode_Reward/joint_pos_limits: -0.1191
      Episode_Termination/time_out: 0.1396
  Episode_Termination/torso_height: 0.8604
--------------------------------------------------------------------------------
                   Total timesteps: 39845888
                    Iteration time: 0.27s
                      Time elapsed: 00:01:25
                               ETA: 00:01:23

################################################################################
                     [1m Learning iteration 1303/1599 [0m                     

                       Computation: 477771 steps/s (collection: 0.203s, learning 0.071s)
             Mean action noise std: 0.08
          Mean value_function loss: 0.2471
               Mean surrogate loss: -0.0034
                 Mean entropy loss: -9.2235
                       Mean reward: 29.72
               Mean episode length: 531.00
           Episode_Reward/progress: 1.5856
              Episode_Reward/alive: 0.2694
            Episode_Reward/upright: 0.0521
     Episode_Reward/move_to_target: 0.2641
          Episode_Reward/action_l2: -0.0043
             Episode_Reward/energy: -0.2424
   Episode_Reward/joint_pos_limits: -0.1180
      Episode_Termination/time_out: 0.1395
  Episode_Termination/torso_height: 0.8605
--------------------------------------------------------------------------------
                   Total timesteps: 39976960
                    Iteration time: 0.27s
                      Time elapsed: 00:01:26
                               ETA: 00:01:23

################################################################################
                     [1m Learning iteration 1304/1599 [0m                     

                       Computation: 450727 steps/s (collection: 0.217s, learning 0.074s)
             Mean action noise std: 0.08
          Mean value_function loss: 0.2174
               Mean surrogate loss: -0.0026
                 Mean entropy loss: -9.2479
                       Mean reward: 30.56
               Mean episode length: 549.56
           Episode_Reward/progress: 1.6580
              Episode_Reward/alive: 0.2812
            Episode_Reward/upright: 0.0542
     Episode_Reward/move_to_target: 0.2755
          Episode_Reward/action_l2: -0.0045
             Episode_Reward/energy: -0.2471
   Episode_Reward/joint_pos_limits: -0.1242
      Episode_Termination/time_out: 0.1381
  Episode_Termination/torso_height: 0.8619
--------------------------------------------------------------------------------
                   Total timesteps: 40108032
                    Iteration time: 0.29s
                      Time elapsed: 00:01:26
                               ETA: 00:01:23

################################################################################
                     [1m Learning iteration 1305/1599 [0m                     

                       Computation: 474392 steps/s (collection: 0.204s, learning 0.072s)
             Mean action noise std: 0.08
          Mean value_function loss: 0.2365
               Mean surrogate loss: -0.0033
                 Mean entropy loss: -9.2657
                       Mean reward: 29.26
               Mean episode length: 523.43
           Episode_Reward/progress: 1.5477
              Episode_Reward/alive: 0.2627
            Episode_Reward/upright: 0.0507
     Episode_Reward/move_to_target: 0.2561
          Episode_Reward/action_l2: -0.0043
             Episode_Reward/energy: -0.2377
   Episode_Reward/joint_pos_limits: -0.1156
      Episode_Termination/time_out: 0.1380
  Episode_Termination/torso_height: 0.8620
--------------------------------------------------------------------------------
                   Total timesteps: 40239104
                    Iteration time: 0.28s
                      Time elapsed: 00:01:26
                               ETA: 00:01:23

################################################################################
                     [1m Learning iteration 1306/1599 [0m                     

                       Computation: 471173 steps/s (collection: 0.206s, learning 0.072s)
             Mean action noise std: 0.08
          Mean value_function loss: 0.2419
               Mean surrogate loss: -0.0037
                 Mean entropy loss: -9.2609
                       Mean reward: 27.98
               Mean episode length: 497.34
           Episode_Reward/progress: 1.5677
              Episode_Reward/alive: 0.2647
            Episode_Reward/upright: 0.0514
     Episode_Reward/move_to_target: 0.2608
          Episode_Reward/action_l2: -0.0042
             Episode_Reward/energy: -0.2341
   Episode_Reward/joint_pos_limits: -0.1158
      Episode_Termination/time_out: 0.1390
  Episode_Termination/torso_height: 0.8610
--------------------------------------------------------------------------------
                   Total timesteps: 40370176
                    Iteration time: 0.28s
                      Time elapsed: 00:01:26
                               ETA: 00:01:22

################################################################################
                     [1m Learning iteration 1307/1599 [0m                     

                       Computation: 469186 steps/s (collection: 0.204s, learning 0.076s)
             Mean action noise std: 0.08
          Mean value_function loss: 0.2455
               Mean surrogate loss: -0.0001
                 Mean entropy loss: -9.2670
                       Mean reward: 26.19
               Mean episode length: 469.81
           Episode_Reward/progress: 1.5412
              Episode_Reward/alive: 0.2595
            Episode_Reward/upright: 0.0502
     Episode_Reward/move_to_target: 0.2545
          Episode_Reward/action_l2: -0.0042
             Episode_Reward/energy: -0.2332
   Episode_Reward/joint_pos_limits: -0.1140
      Episode_Termination/time_out: 0.1391
  Episode_Termination/torso_height: 0.8609
--------------------------------------------------------------------------------
                   Total timesteps: 40501248
                    Iteration time: 0.28s
                      Time elapsed: 00:01:27
                               ETA: 00:01:22

################################################################################
                     [1m Learning iteration 1308/1599 [0m                     

                       Computation: 485008 steps/s (collection: 0.198s, learning 0.073s)
             Mean action noise std: 0.08
          Mean value_function loss: 0.2542
               Mean surrogate loss: -0.0042
                 Mean entropy loss: -9.3046
                       Mean reward: 27.63
               Mean episode length: 492.48
           Episode_Reward/progress: 1.5876
              Episode_Reward/alive: 0.2682
            Episode_Reward/upright: 0.0521
     Episode_Reward/move_to_target: 0.2639
          Episode_Reward/action_l2: -0.0043
             Episode_Reward/energy: -0.2432
   Episode_Reward/joint_pos_limits: -0.1163
      Episode_Termination/time_out: 0.1388
  Episode_Termination/torso_height: 0.8612
--------------------------------------------------------------------------------
                   Total timesteps: 40632320
                    Iteration time: 0.27s
                      Time elapsed: 00:01:27
                               ETA: 00:01:22

################################################################################
                     [1m Learning iteration 1309/1599 [0m                     

                       Computation: 478408 steps/s (collection: 0.201s, learning 0.073s)
             Mean action noise std: 0.08
          Mean value_function loss: 0.2285
               Mean surrogate loss: -0.0031
                 Mean entropy loss: -9.2981
                       Mean reward: 27.44
               Mean episode length: 491.29
           Episode_Reward/progress: 1.5990
              Episode_Reward/alive: 0.2697
            Episode_Reward/upright: 0.0523
     Episode_Reward/move_to_target: 0.2647
          Episode_Reward/action_l2: -0.0043
             Episode_Reward/energy: -0.2427
   Episode_Reward/joint_pos_limits: -0.1177
      Episode_Termination/time_out: 0.1389
  Episode_Termination/torso_height: 0.8611
--------------------------------------------------------------------------------
                   Total timesteps: 40763392
                    Iteration time: 0.27s
                      Time elapsed: 00:01:27
                               ETA: 00:01:21

################################################################################
                     [1m Learning iteration 1310/1599 [0m                     

                       Computation: 482345 steps/s (collection: 0.200s, learning 0.071s)
             Mean action noise std: 0.08
          Mean value_function loss: 0.2188
               Mean surrogate loss: -0.0005
                 Mean entropy loss: -9.3033
                       Mean reward: 29.36
               Mean episode length: 525.40
           Episode_Reward/progress: 1.6044
              Episode_Reward/alive: 0.2720
            Episode_Reward/upright: 0.0524
     Episode_Reward/move_to_target: 0.2655
          Episode_Reward/action_l2: -0.0044
             Episode_Reward/energy: -0.2429
   Episode_Reward/joint_pos_limits: -0.1192
      Episode_Termination/time_out: 0.1396
  Episode_Termination/torso_height: 0.8604
--------------------------------------------------------------------------------
                   Total timesteps: 40894464
                    Iteration time: 0.27s
                      Time elapsed: 00:01:28
                               ETA: 00:01:21

################################################################################
                     [1m Learning iteration 1311/1599 [0m                     

                       Computation: 460577 steps/s (collection: 0.210s, learning 0.075s)
             Mean action noise std: 0.08
          Mean value_function loss: 0.2192
               Mean surrogate loss: -0.0034
                 Mean entropy loss: -9.3178
                       Mean reward: 25.43
               Mean episode length: 454.32
           Episode_Reward/progress: 1.4932
              Episode_Reward/alive: 0.2519
            Episode_Reward/upright: 0.0487
     Episode_Reward/move_to_target: 0.2477
          Episode_Reward/action_l2: -0.0040
             Episode_Reward/energy: -0.2279
   Episode_Reward/joint_pos_limits: -0.1095
      Episode_Termination/time_out: 0.1402
  Episode_Termination/torso_height: 0.8598
--------------------------------------------------------------------------------
                   Total timesteps: 41025536
                    Iteration time: 0.28s
                      Time elapsed: 00:01:28
                               ETA: 00:01:21

################################################################################
                     [1m Learning iteration 1312/1599 [0m                     

                       Computation: 472957 steps/s (collection: 0.204s, learning 0.073s)
             Mean action noise std: 0.08
          Mean value_function loss: 0.2509
               Mean surrogate loss: -0.0026
                 Mean entropy loss: -9.3272
                       Mean reward: 28.11
               Mean episode length: 499.51
           Episode_Reward/progress: 1.5419
              Episode_Reward/alive: 0.2625
            Episode_Reward/upright: 0.0505
     Episode_Reward/move_to_target: 0.2551
          Episode_Reward/action_l2: -0.0043
             Episode_Reward/energy: -0.2367
   Episode_Reward/joint_pos_limits: -0.1148
      Episode_Termination/time_out: 0.1413
  Episode_Termination/torso_height: 0.8587
--------------------------------------------------------------------------------
                   Total timesteps: 41156608
                    Iteration time: 0.28s
                      Time elapsed: 00:01:28
                               ETA: 00:01:21

################################################################################
                     [1m Learning iteration 1313/1599 [0m                     

                       Computation: 476695 steps/s (collection: 0.202s, learning 0.073s)
             Mean action noise std: 0.08
          Mean value_function loss: 0.2483
               Mean surrogate loss: -0.0021
                 Mean entropy loss: -9.3205
                       Mean reward: 29.74
               Mean episode length: 527.37
           Episode_Reward/progress: 1.6492
              Episode_Reward/alive: 0.2765
            Episode_Reward/upright: 0.0536
     Episode_Reward/move_to_target: 0.2709
          Episode_Reward/action_l2: -0.0044
             Episode_Reward/energy: -0.2486
   Episode_Reward/joint_pos_limits: -0.1200
      Episode_Termination/time_out: 0.1408
  Episode_Termination/torso_height: 0.8592
--------------------------------------------------------------------------------
                   Total timesteps: 41287680
                    Iteration time: 0.27s
                      Time elapsed: 00:01:28
                               ETA: 00:01:20

################################################################################
                     [1m Learning iteration 1314/1599 [0m                     

                       Computation: 480743 steps/s (collection: 0.200s, learning 0.072s)
             Mean action noise std: 0.08
          Mean value_function loss: 0.2153
               Mean surrogate loss: -0.0026
                 Mean entropy loss: -9.3259
                       Mean reward: 27.89
               Mean episode length: 496.37
           Episode_Reward/progress: 1.5359
              Episode_Reward/alive: 0.2590
            Episode_Reward/upright: 0.0501
     Episode_Reward/move_to_target: 0.2536
          Episode_Reward/action_l2: -0.0041
             Episode_Reward/energy: -0.2278
   Episode_Reward/joint_pos_limits: -0.1129
      Episode_Termination/time_out: 0.1407
  Episode_Termination/torso_height: 0.8593
--------------------------------------------------------------------------------
                   Total timesteps: 41418752
                    Iteration time: 0.27s
                      Time elapsed: 00:01:29
                               ETA: 00:01:20

################################################################################
                     [1m Learning iteration 1315/1599 [0m                     

                       Computation: 474882 steps/s (collection: 0.205s, learning 0.071s)
             Mean action noise std: 0.08
          Mean value_function loss: 0.2458
               Mean surrogate loss: -0.0007
                 Mean entropy loss: -9.3188
                       Mean reward: 26.63
               Mean episode length: 474.71
           Episode_Reward/progress: 1.5159
              Episode_Reward/alive: 0.2543
            Episode_Reward/upright: 0.0493
     Episode_Reward/move_to_target: 0.2503
          Episode_Reward/action_l2: -0.0040
             Episode_Reward/energy: -0.2275
   Episode_Reward/joint_pos_limits: -0.1105
      Episode_Termination/time_out: 0.1399
  Episode_Termination/torso_height: 0.8601
--------------------------------------------------------------------------------
                   Total timesteps: 41549824
                    Iteration time: 0.28s
                      Time elapsed: 00:01:29
                               ETA: 00:01:20

################################################################################
                     [1m Learning iteration 1316/1599 [0m                     

                       Computation: 483093 steps/s (collection: 0.200s, learning 0.071s)
             Mean action noise std: 0.08
          Mean value_function loss: 0.2425
               Mean surrogate loss: -0.0020
                 Mean entropy loss: -9.3241
                       Mean reward: 28.98
               Mean episode length: 511.44
           Episode_Reward/progress: 1.4977
              Episode_Reward/alive: 0.2516
            Episode_Reward/upright: 0.0487
     Episode_Reward/move_to_target: 0.2468
          Episode_Reward/action_l2: -0.0040
             Episode_Reward/energy: -0.2247
   Episode_Reward/joint_pos_limits: -0.1095
      Episode_Termination/time_out: 0.1397
  Episode_Termination/torso_height: 0.8603
--------------------------------------------------------------------------------
                   Total timesteps: 41680896
                    Iteration time: 0.27s
                      Time elapsed: 00:01:29
                               ETA: 00:01:19

################################################################################
                     [1m Learning iteration 1317/1599 [0m                     

                       Computation: 484415 steps/s (collection: 0.200s, learning 0.071s)
             Mean action noise std: 0.08
          Mean value_function loss: 0.2317
               Mean surrogate loss: -0.0011
                 Mean entropy loss: -9.3176
                       Mean reward: 29.27
               Mean episode length: 515.65
           Episode_Reward/progress: 1.5851
              Episode_Reward/alive: 0.2659
            Episode_Reward/upright: 0.0515
     Episode_Reward/move_to_target: 0.2611
          Episode_Reward/action_l2: -0.0042
             Episode_Reward/energy: -0.2337
   Episode_Reward/joint_pos_limits: -0.1152
      Episode_Termination/time_out: 0.1389
  Episode_Termination/torso_height: 0.8611
--------------------------------------------------------------------------------
                   Total timesteps: 41811968
                    Iteration time: 0.27s
                      Time elapsed: 00:01:29
                               ETA: 00:01:19

################################################################################
                     [1m Learning iteration 1318/1599 [0m                     

                       Computation: 462632 steps/s (collection: 0.205s, learning 0.078s)
             Mean action noise std: 0.08
          Mean value_function loss: 0.2292
               Mean surrogate loss: -0.0023
                 Mean entropy loss: -9.3024
                       Mean reward: 27.86
               Mean episode length: 490.22
           Episode_Reward/progress: 1.5501
              Episode_Reward/alive: 0.2615
            Episode_Reward/upright: 0.0504
     Episode_Reward/move_to_target: 0.2567
          Episode_Reward/action_l2: -0.0042
             Episode_Reward/energy: -0.2348
   Episode_Reward/joint_pos_limits: -0.1146
      Episode_Termination/time_out: 0.1377
  Episode_Termination/torso_height: 0.8623
--------------------------------------------------------------------------------
                   Total timesteps: 41943040
                    Iteration time: 0.28s
                      Time elapsed: 00:01:30
                               ETA: 00:01:19

################################################################################
                     [1m Learning iteration 1319/1599 [0m                     

                       Computation: 470313 steps/s (collection: 0.206s, learning 0.072s)
             Mean action noise std: 0.08
          Mean value_function loss: 0.2198
               Mean surrogate loss: -0.0024
                 Mean entropy loss: -9.3213
                       Mean reward: 28.29
               Mean episode length: 500.78
           Episode_Reward/progress: 1.6150
              Episode_Reward/alive: 0.2697
            Episode_Reward/upright: 0.0522
     Episode_Reward/move_to_target: 0.2649
          Episode_Reward/action_l2: -0.0043
             Episode_Reward/energy: -0.2405
   Episode_Reward/joint_pos_limits: -0.1178
      Episode_Termination/time_out: 0.1369
  Episode_Termination/torso_height: 0.8631
--------------------------------------------------------------------------------
                   Total timesteps: 42074112
                    Iteration time: 0.28s
                      Time elapsed: 00:01:30
                               ETA: 00:01:18

################################################################################
                     [1m Learning iteration 1320/1599 [0m                     

                       Computation: 472243 steps/s (collection: 0.204s, learning 0.074s)
             Mean action noise std: 0.08
          Mean value_function loss: 0.2268
               Mean surrogate loss: -0.0025
                 Mean entropy loss: -9.3163
                       Mean reward: 26.88
               Mean episode length: 480.69
           Episode_Reward/progress: 1.5641
              Episode_Reward/alive: 0.2649
            Episode_Reward/upright: 0.0514
     Episode_Reward/move_to_target: 0.2612
          Episode_Reward/action_l2: -0.0042
             Episode_Reward/energy: -0.2326
   Episode_Reward/joint_pos_limits: -0.1146
      Episode_Termination/time_out: 0.1372
  Episode_Termination/torso_height: 0.8628
--------------------------------------------------------------------------------
                   Total timesteps: 42205184
                    Iteration time: 0.28s
                      Time elapsed: 00:01:30
                               ETA: 00:01:18

################################################################################
                     [1m Learning iteration 1321/1599 [0m                     

                       Computation: 481165 steps/s (collection: 0.201s, learning 0.072s)
             Mean action noise std: 0.08
          Mean value_function loss: 0.2254
               Mean surrogate loss: -0.0026
                 Mean entropy loss: -9.3108
                       Mean reward: 27.00
               Mean episode length: 478.60
           Episode_Reward/progress: 1.5316
              Episode_Reward/alive: 0.2574
            Episode_Reward/upright: 0.0499
     Episode_Reward/move_to_target: 0.2524
          Episode_Reward/action_l2: -0.0040
             Episode_Reward/energy: -0.2267
   Episode_Reward/joint_pos_limits: -0.1120
      Episode_Termination/time_out: 0.1379
  Episode_Termination/torso_height: 0.8621
--------------------------------------------------------------------------------
                   Total timesteps: 42336256
                    Iteration time: 0.27s
                      Time elapsed: 00:01:31
                               ETA: 00:01:18

################################################################################
                     [1m Learning iteration 1322/1599 [0m                     

                       Computation: 473350 steps/s (collection: 0.206s, learning 0.071s)
             Mean action noise std: 0.08
          Mean value_function loss: 0.2298
               Mean surrogate loss: -0.0019
                 Mean entropy loss: -9.2880
                       Mean reward: 27.35
               Mean episode length: 488.32
           Episode_Reward/progress: 1.5793
              Episode_Reward/alive: 0.2660
            Episode_Reward/upright: 0.0517
     Episode_Reward/move_to_target: 0.2618
          Episode_Reward/action_l2: -0.0042
             Episode_Reward/energy: -0.2369
   Episode_Reward/joint_pos_limits: -0.1155
      Episode_Termination/time_out: 0.1369
  Episode_Termination/torso_height: 0.8631
--------------------------------------------------------------------------------
                   Total timesteps: 42467328
                    Iteration time: 0.28s
                      Time elapsed: 00:01:31
                               ETA: 00:01:18

################################################################################
                     [1m Learning iteration 1323/1599 [0m                     

                       Computation: 481102 steps/s (collection: 0.201s, learning 0.071s)
             Mean action noise std: 0.08
          Mean value_function loss: 0.2426
               Mean surrogate loss: -0.0037
                 Mean entropy loss: -9.2858
                       Mean reward: 29.70
               Mean episode length: 524.17
           Episode_Reward/progress: 1.6674
              Episode_Reward/alive: 0.2799
            Episode_Reward/upright: 0.0544
     Episode_Reward/move_to_target: 0.2758
          Episode_Reward/action_l2: -0.0043
             Episode_Reward/energy: -0.2423
   Episode_Reward/joint_pos_limits: -0.1208
      Episode_Termination/time_out: 0.1375
  Episode_Termination/torso_height: 0.8625
--------------------------------------------------------------------------------
                   Total timesteps: 42598400
                    Iteration time: 0.27s
                      Time elapsed: 00:01:31
                               ETA: 00:01:17

################################################################################
                     [1m Learning iteration 1324/1599 [0m                     

                       Computation: 484591 steps/s (collection: 0.199s, learning 0.071s)
             Mean action noise std: 0.08
          Mean value_function loss: 0.2441
               Mean surrogate loss: -0.0023
                 Mean entropy loss: -9.2800
                       Mean reward: 30.94
               Mean episode length: 550.97
           Episode_Reward/progress: 1.6439
              Episode_Reward/alive: 0.2762
            Episode_Reward/upright: 0.0534
     Episode_Reward/move_to_target: 0.2712
          Episode_Reward/action_l2: -0.0043
             Episode_Reward/energy: -0.2415
   Episode_Reward/joint_pos_limits: -0.1196
      Episode_Termination/time_out: 0.1384
  Episode_Termination/torso_height: 0.8616
--------------------------------------------------------------------------------
                   Total timesteps: 42729472
                    Iteration time: 0.27s
                      Time elapsed: 00:01:31
                               ETA: 00:01:17

################################################################################
                     [1m Learning iteration 1325/1599 [0m                     

                       Computation: 473767 steps/s (collection: 0.201s, learning 0.076s)
             Mean action noise std: 0.08
          Mean value_function loss: 0.2461
               Mean surrogate loss: -0.0019
                 Mean entropy loss: -9.2652
                       Mean reward: 28.64
               Mean episode length: 503.63
           Episode_Reward/progress: 1.5290
              Episode_Reward/alive: 0.2576
            Episode_Reward/upright: 0.0499
     Episode_Reward/move_to_target: 0.2527
          Episode_Reward/action_l2: -0.0040
             Episode_Reward/energy: -0.2264
   Episode_Reward/joint_pos_limits: -0.1115
      Episode_Termination/time_out: 0.1378
  Episode_Termination/torso_height: 0.8622
--------------------------------------------------------------------------------
                   Total timesteps: 42860544
                    Iteration time: 0.28s
                      Time elapsed: 00:01:32
                               ETA: 00:01:17

################################################################################
                     [1m Learning iteration 1326/1599 [0m                     

                       Computation: 455490 steps/s (collection: 0.215s, learning 0.073s)
             Mean action noise std: 0.08
          Mean value_function loss: 0.2221
               Mean surrogate loss: -0.0018
                 Mean entropy loss: -9.2804
                       Mean reward: 29.94
               Mean episode length: 527.91
           Episode_Reward/progress: 1.6280
              Episode_Reward/alive: 0.2740
            Episode_Reward/upright: 0.0532
     Episode_Reward/move_to_target: 0.2683
          Episode_Reward/action_l2: -0.0042
             Episode_Reward/energy: -0.2365
   Episode_Reward/joint_pos_limits: -0.1192
      Episode_Termination/time_out: 0.1372
  Episode_Termination/torso_height: 0.8628
--------------------------------------------------------------------------------
                   Total timesteps: 42991616
                    Iteration time: 0.29s
                      Time elapsed: 00:01:32
                               ETA: 00:01:16

################################################################################
                     [1m Learning iteration 1327/1599 [0m                     

                       Computation: 481792 steps/s (collection: 0.201s, learning 0.071s)
             Mean action noise std: 0.08
          Mean value_function loss: 0.2401
               Mean surrogate loss: -0.0041
                 Mean entropy loss: -9.2921
                       Mean reward: 27.26
               Mean episode length: 488.06
           Episode_Reward/progress: 1.6200
              Episode_Reward/alive: 0.2728
            Episode_Reward/upright: 0.0529
     Episode_Reward/move_to_target: 0.2671
          Episode_Reward/action_l2: -0.0043
             Episode_Reward/energy: -0.2385
   Episode_Reward/joint_pos_limits: -0.1184
      Episode_Termination/time_out: 0.1364
  Episode_Termination/torso_height: 0.8636
--------------------------------------------------------------------------------
                   Total timesteps: 43122688
                    Iteration time: 0.27s
                      Time elapsed: 00:01:32
                               ETA: 00:01:16

################################################################################
                     [1m Learning iteration 1328/1599 [0m                     

                       Computation: 475235 steps/s (collection: 0.204s, learning 0.072s)
             Mean action noise std: 0.08
          Mean value_function loss: 0.2432
               Mean surrogate loss: -0.0028
                 Mean entropy loss: -9.3094
                       Mean reward: 28.73
               Mean episode length: 507.60
           Episode_Reward/progress: 1.5155
              Episode_Reward/alive: 0.2559
            Episode_Reward/upright: 0.0497
     Episode_Reward/move_to_target: 0.2509
          Episode_Reward/action_l2: -0.0040
             Episode_Reward/energy: -0.2249
   Episode_Reward/joint_pos_limits: -0.1098
      Episode_Termination/time_out: 0.1365
  Episode_Termination/torso_height: 0.8635
--------------------------------------------------------------------------------
                   Total timesteps: 43253760
                    Iteration time: 0.28s
                      Time elapsed: 00:01:33
                               ETA: 00:01:16

################################################################################
                     [1m Learning iteration 1329/1599 [0m                     

                       Computation: 468095 steps/s (collection: 0.207s, learning 0.073s)
             Mean action noise std: 0.08
          Mean value_function loss: 0.2352
               Mean surrogate loss: -0.0024
                 Mean entropy loss: -9.3141
                       Mean reward: 27.89
               Mean episode length: 499.54
           Episode_Reward/progress: 1.5533
              Episode_Reward/alive: 0.2625
            Episode_Reward/upright: 0.0508
     Episode_Reward/move_to_target: 0.2576
          Episode_Reward/action_l2: -0.0041
             Episode_Reward/energy: -0.2287
   Episode_Reward/joint_pos_limits: -0.1132
      Episode_Termination/time_out: 0.1361
  Episode_Termination/torso_height: 0.8639
--------------------------------------------------------------------------------
                   Total timesteps: 43384832
                    Iteration time: 0.28s
                      Time elapsed: 00:01:33
                               ETA: 00:01:16

################################################################################
                     [1m Learning iteration 1330/1599 [0m                     

                       Computation: 478429 steps/s (collection: 0.200s, learning 0.073s)
             Mean action noise std: 0.08
          Mean value_function loss: 0.2343
               Mean surrogate loss: -0.0034
                 Mean entropy loss: -9.3014
                       Mean reward: 28.43
               Mean episode length: 505.60
           Episode_Reward/progress: 1.5937
              Episode_Reward/alive: 0.2689
            Episode_Reward/upright: 0.0521
     Episode_Reward/move_to_target: 0.2652
          Episode_Reward/action_l2: -0.0041
             Episode_Reward/energy: -0.2326
   Episode_Reward/joint_pos_limits: -0.1157
      Episode_Termination/time_out: 0.1360
  Episode_Termination/torso_height: 0.8640
--------------------------------------------------------------------------------
                   Total timesteps: 43515904
                    Iteration time: 0.27s
                      Time elapsed: 00:01:33
                               ETA: 00:01:15

################################################################################
                     [1m Learning iteration 1331/1599 [0m                     

                       Computation: 480596 steps/s (collection: 0.200s, learning 0.073s)
             Mean action noise std: 0.08
          Mean value_function loss: 0.2585
               Mean surrogate loss: -0.0022
                 Mean entropy loss: -9.2883
                       Mean reward: 28.97
               Mean episode length: 515.05
           Episode_Reward/progress: 1.5134
              Episode_Reward/alive: 0.2579
            Episode_Reward/upright: 0.0498
     Episode_Reward/move_to_target: 0.2536
          Episode_Reward/action_l2: -0.0040
             Episode_Reward/energy: -0.2231
   Episode_Reward/joint_pos_limits: -0.1106
      Episode_Termination/time_out: 0.1365
  Episode_Termination/torso_height: 0.8635
--------------------------------------------------------------------------------
                   Total timesteps: 43646976
                    Iteration time: 0.27s
                      Time elapsed: 00:01:33
                               ETA: 00:01:15

################################################################################
                     [1m Learning iteration 1332/1599 [0m                     

                       Computation: 484074 steps/s (collection: 0.200s, learning 0.071s)
             Mean action noise std: 0.08
          Mean value_function loss: 0.2353
               Mean surrogate loss: -0.0030
                 Mean entropy loss: -9.2936
                       Mean reward: 29.05
               Mean episode length: 515.68
           Episode_Reward/progress: 1.5985
              Episode_Reward/alive: 0.2701
            Episode_Reward/upright: 0.0525
     Episode_Reward/move_to_target: 0.2662
          Episode_Reward/action_l2: -0.0042
             Episode_Reward/energy: -0.2320
   Episode_Reward/joint_pos_limits: -0.1162
      Episode_Termination/time_out: 0.1373
  Episode_Termination/torso_height: 0.8627
--------------------------------------------------------------------------------
                   Total timesteps: 43778048
                    Iteration time: 0.27s
                      Time elapsed: 00:01:34
                               ETA: 00:01:15

################################################################################
                     [1m Learning iteration 1333/1599 [0m                     

                       Computation: 437215 steps/s (collection: 0.229s, learning 0.071s)
             Mean action noise std: 0.08
          Mean value_function loss: 0.2228
               Mean surrogate loss: -0.0018
                 Mean entropy loss: -9.2823
                       Mean reward: 28.05
               Mean episode length: 500.72
           Episode_Reward/progress: 1.5287
              Episode_Reward/alive: 0.2619
            Episode_Reward/upright: 0.0507
     Episode_Reward/move_to_target: 0.2563
          Episode_Reward/action_l2: -0.0041
             Episode_Reward/energy: -0.2289
   Episode_Reward/joint_pos_limits: -0.1129
      Episode_Termination/time_out: 0.1382
  Episode_Termination/torso_height: 0.8618
--------------------------------------------------------------------------------
                   Total timesteps: 43909120
                    Iteration time: 0.30s
                      Time elapsed: 00:01:34
                               ETA: 00:01:14

################################################################################
                     [1m Learning iteration 1334/1599 [0m                     

                       Computation: 478437 steps/s (collection: 0.202s, learning 0.072s)
             Mean action noise std: 0.08
          Mean value_function loss: 0.2331
               Mean surrogate loss: -0.0025
                 Mean entropy loss: -9.3070
                       Mean reward: 31.30
               Mean episode length: 549.64
           Episode_Reward/progress: 1.5847
              Episode_Reward/alive: 0.2685
            Episode_Reward/upright: 0.0520
     Episode_Reward/move_to_target: 0.2639
          Episode_Reward/action_l2: -0.0042
             Episode_Reward/energy: -0.2336
   Episode_Reward/joint_pos_limits: -0.1159
      Episode_Termination/time_out: 0.1382
  Episode_Termination/torso_height: 0.8618
--------------------------------------------------------------------------------
                   Total timesteps: 44040192
                    Iteration time: 0.27s
                      Time elapsed: 00:01:34
                               ETA: 00:01:14

################################################################################
                     [1m Learning iteration 1335/1599 [0m                     

                       Computation: 486166 steps/s (collection: 0.198s, learning 0.072s)
             Mean action noise std: 0.08
          Mean value_function loss: 0.2407
               Mean surrogate loss: -0.0026
                 Mean entropy loss: -9.3120
                       Mean reward: 25.26
               Mean episode length: 453.73
           Episode_Reward/progress: 1.4728
              Episode_Reward/alive: 0.2490
            Episode_Reward/upright: 0.0483
     Episode_Reward/move_to_target: 0.2454
          Episode_Reward/action_l2: -0.0039
             Episode_Reward/energy: -0.2192
   Episode_Reward/joint_pos_limits: -0.1069
      Episode_Termination/time_out: 0.1385
  Episode_Termination/torso_height: 0.8615
--------------------------------------------------------------------------------
                   Total timesteps: 44171264
                    Iteration time: 0.27s
                      Time elapsed: 00:01:34
                               ETA: 00:01:14

################################################################################
                     [1m Learning iteration 1336/1599 [0m                     

                       Computation: 483581 steps/s (collection: 0.201s, learning 0.070s)
             Mean action noise std: 0.08
          Mean value_function loss: 0.2403
               Mean surrogate loss: -0.0021
                 Mean entropy loss: -9.3059
                       Mean reward: 27.95
               Mean episode length: 496.83
           Episode_Reward/progress: 1.5297
              Episode_Reward/alive: 0.2582
            Episode_Reward/upright: 0.0501
     Episode_Reward/move_to_target: 0.2543
          Episode_Reward/action_l2: -0.0040
             Episode_Reward/energy: -0.2262
   Episode_Reward/joint_pos_limits: -0.1114
      Episode_Termination/time_out: 0.1373
  Episode_Termination/torso_height: 0.8627
--------------------------------------------------------------------------------
                   Total timesteps: 44302336
                    Iteration time: 0.27s
                      Time elapsed: 00:01:35
                               ETA: 00:01:14

################################################################################
                     [1m Learning iteration 1337/1599 [0m                     

                       Computation: 488289 steps/s (collection: 0.197s, learning 0.071s)
             Mean action noise std: 0.08
          Mean value_function loss: 0.2300
               Mean surrogate loss: -0.0040
                 Mean entropy loss: -9.3162
                       Mean reward: 28.33
               Mean episode length: 499.40
           Episode_Reward/progress: 1.5795
              Episode_Reward/alive: 0.2681
            Episode_Reward/upright: 0.0520
     Episode_Reward/move_to_target: 0.2635
          Episode_Reward/action_l2: -0.0041
             Episode_Reward/energy: -0.2309
   Episode_Reward/joint_pos_limits: -0.1146
      Episode_Termination/time_out: 0.1376
  Episode_Termination/torso_height: 0.8624
--------------------------------------------------------------------------------
                   Total timesteps: 44433408
                    Iteration time: 0.27s
                      Time elapsed: 00:01:35
                               ETA: 00:01:13

################################################################################
                     [1m Learning iteration 1338/1599 [0m                     

                       Computation: 491159 steps/s (collection: 0.196s, learning 0.071s)
             Mean action noise std: 0.08
          Mean value_function loss: 0.2217
               Mean surrogate loss: -0.0030
                 Mean entropy loss: -9.2886
                       Mean reward: 29.54
               Mean episode length: 525.18
           Episode_Reward/progress: 1.5757
              Episode_Reward/alive: 0.2649
            Episode_Reward/upright: 0.0515
     Episode_Reward/move_to_target: 0.2608
          Episode_Reward/action_l2: -0.0040
             Episode_Reward/energy: -0.2299
   Episode_Reward/joint_pos_limits: -0.1134
      Episode_Termination/time_out: 0.1381
  Episode_Termination/torso_height: 0.8619
--------------------------------------------------------------------------------
                   Total timesteps: 44564480
                    Iteration time: 0.27s
                      Time elapsed: 00:01:35
                               ETA: 00:01:13

################################################################################
                     [1m Learning iteration 1339/1599 [0m                     

                       Computation: 492576 steps/s (collection: 0.195s, learning 0.071s)
             Mean action noise std: 0.08
          Mean value_function loss: 0.2260
               Mean surrogate loss: -0.0011
                 Mean entropy loss: -9.2914
                       Mean reward: 28.16
               Mean episode length: 499.97
           Episode_Reward/progress: 1.5765
              Episode_Reward/alive: 0.2654
            Episode_Reward/upright: 0.0515
     Episode_Reward/move_to_target: 0.2610
          Episode_Reward/action_l2: -0.0041
             Episode_Reward/energy: -0.2318
   Episode_Reward/joint_pos_limits: -0.1144
      Episode_Termination/time_out: 0.1373
  Episode_Termination/torso_height: 0.8627
--------------------------------------------------------------------------------
                   Total timesteps: 44695552
                    Iteration time: 0.27s
                      Time elapsed: 00:01:36
                               ETA: 00:01:13

################################################################################
                     [1m Learning iteration 1340/1599 [0m                     

                       Computation: 466729 steps/s (collection: 0.210s, learning 0.071s)
             Mean action noise std: 0.08
          Mean value_function loss: 0.2172
               Mean surrogate loss: -0.0022
                 Mean entropy loss: -9.3044
                       Mean reward: 30.51
               Mean episode length: 538.65
           Episode_Reward/progress: 1.5218
              Episode_Reward/alive: 0.2566
            Episode_Reward/upright: 0.0499
     Episode_Reward/move_to_target: 0.2542
          Episode_Reward/action_l2: -0.0040
             Episode_Reward/energy: -0.2256
   Episode_Reward/joint_pos_limits: -0.1097
      Episode_Termination/time_out: 0.1373
  Episode_Termination/torso_height: 0.8627
--------------------------------------------------------------------------------
                   Total timesteps: 44826624
                    Iteration time: 0.28s
                      Time elapsed: 00:01:36
                               ETA: 00:01:12

################################################################################
                     [1m Learning iteration 1341/1599 [0m                     

                       Computation: 492164 steps/s (collection: 0.196s, learning 0.070s)
             Mean action noise std: 0.08
          Mean value_function loss: 0.2320
               Mean surrogate loss: 0.0004
                 Mean entropy loss: -9.2924
                       Mean reward: 29.49
               Mean episode length: 523.70
           Episode_Reward/progress: 1.6327
              Episode_Reward/alive: 0.2757
            Episode_Reward/upright: 0.0537
     Episode_Reward/move_to_target: 0.2701
          Episode_Reward/action_l2: -0.0043
             Episode_Reward/energy: -0.2406
   Episode_Reward/joint_pos_limits: -0.1184
      Episode_Termination/time_out: 0.1368
  Episode_Termination/torso_height: 0.8632
--------------------------------------------------------------------------------
                   Total timesteps: 44957696
                    Iteration time: 0.27s
                      Time elapsed: 00:01:36
                               ETA: 00:01:12

################################################################################
                     [1m Learning iteration 1342/1599 [0m                     

                       Computation: 485737 steps/s (collection: 0.198s, learning 0.071s)
             Mean action noise std: 0.08
          Mean value_function loss: 0.2333
               Mean surrogate loss: -0.0036
                 Mean entropy loss: -9.3008
                       Mean reward: 28.76
               Mean episode length: 508.58
           Episode_Reward/progress: 1.5735
              Episode_Reward/alive: 0.2650
            Episode_Reward/upright: 0.0515
     Episode_Reward/move_to_target: 0.2608
          Episode_Reward/action_l2: -0.0042
             Episode_Reward/energy: -0.2355
   Episode_Reward/joint_pos_limits: -0.1135
      Episode_Termination/time_out: 0.1363
  Episode_Termination/torso_height: 0.8637
--------------------------------------------------------------------------------
                   Total timesteps: 45088768
                    Iteration time: 0.27s
                      Time elapsed: 00:01:36
                               ETA: 00:01:12

################################################################################
                     [1m Learning iteration 1343/1599 [0m                     

                       Computation: 479709 steps/s (collection: 0.197s, learning 0.076s)
             Mean action noise std: 0.08
          Mean value_function loss: 0.2468
               Mean surrogate loss: -0.0025
                 Mean entropy loss: -9.2881
                       Mean reward: 27.74
               Mean episode length: 491.77
           Episode_Reward/progress: 1.5351
              Episode_Reward/alive: 0.2575
            Episode_Reward/upright: 0.0502
     Episode_Reward/move_to_target: 0.2543
          Episode_Reward/action_l2: -0.0040
             Episode_Reward/energy: -0.2260
   Episode_Reward/joint_pos_limits: -0.1103
      Episode_Termination/time_out: 0.1367
  Episode_Termination/torso_height: 0.8633
--------------------------------------------------------------------------------
                   Total timesteps: 45219840
                    Iteration time: 0.27s
                      Time elapsed: 00:01:37
                               ETA: 00:01:12

################################################################################
                     [1m Learning iteration 1344/1599 [0m                     

                       Computation: 493921 steps/s (collection: 0.195s, learning 0.071s)
             Mean action noise std: 0.08
          Mean value_function loss: 0.2381
               Mean surrogate loss: -0.0027
                 Mean entropy loss: -9.3006
                       Mean reward: 29.07
               Mean episode length: 513.25
           Episode_Reward/progress: 1.5198
              Episode_Reward/alive: 0.2573
            Episode_Reward/upright: 0.0500
     Episode_Reward/move_to_target: 0.2536
          Episode_Reward/action_l2: -0.0040
             Episode_Reward/energy: -0.2278
   Episode_Reward/joint_pos_limits: -0.1098
      Episode_Termination/time_out: 0.1366
  Episode_Termination/torso_height: 0.8634
--------------------------------------------------------------------------------
                   Total timesteps: 45350912
                    Iteration time: 0.27s
                      Time elapsed: 00:01:37
                               ETA: 00:01:11

################################################################################
                     [1m Learning iteration 1345/1599 [0m                     

                       Computation: 491360 steps/s (collection: 0.196s, learning 0.071s)
             Mean action noise std: 0.08
          Mean value_function loss: 0.2353
               Mean surrogate loss: -0.0005
                 Mean entropy loss: -9.2895
                       Mean reward: 28.51
               Mean episode length: 506.13
           Episode_Reward/progress: 1.5695
              Episode_Reward/alive: 0.2651
            Episode_Reward/upright: 0.0510
     Episode_Reward/move_to_target: 0.2588
          Episode_Reward/action_l2: -0.0041
             Episode_Reward/energy: -0.2322
   Episode_Reward/joint_pos_limits: -0.1144
      Episode_Termination/time_out: 0.1365
  Episode_Termination/torso_height: 0.8635
--------------------------------------------------------------------------------
                   Total timesteps: 45481984
                    Iteration time: 0.27s
                      Time elapsed: 00:01:37
                               ETA: 00:01:11

################################################################################
                     [1m Learning iteration 1346/1599 [0m                     

                       Computation: 491984 steps/s (collection: 0.196s, learning 0.071s)
             Mean action noise std: 0.08
          Mean value_function loss: 0.2413
               Mean surrogate loss: -0.0027
                 Mean entropy loss: -9.3171
                       Mean reward: 29.10
               Mean episode length: 512.02
           Episode_Reward/progress: 1.4833
              Episode_Reward/alive: 0.2493
            Episode_Reward/upright: 0.0484
     Episode_Reward/move_to_target: 0.2457
          Episode_Reward/action_l2: -0.0038
             Episode_Reward/energy: -0.2157
   Episode_Reward/joint_pos_limits: -0.1061
      Episode_Termination/time_out: 0.1362
  Episode_Termination/torso_height: 0.8638
--------------------------------------------------------------------------------
                   Total timesteps: 45613056
                    Iteration time: 0.27s
                      Time elapsed: 00:01:37
                               ETA: 00:01:11

################################################################################
                     [1m Learning iteration 1347/1599 [0m                     

                       Computation: 471053 steps/s (collection: 0.201s, learning 0.077s)
             Mean action noise std: 0.08
          Mean value_function loss: 0.2595
               Mean surrogate loss: -0.0038
                 Mean entropy loss: -9.3146
                       Mean reward: 28.10
               Mean episode length: 494.02
           Episode_Reward/progress: 1.5533
              Episode_Reward/alive: 0.2618
            Episode_Reward/upright: 0.0507
     Episode_Reward/move_to_target: 0.2582
          Episode_Reward/action_l2: -0.0040
             Episode_Reward/energy: -0.2296
   Episode_Reward/joint_pos_limits: -0.1112
      Episode_Termination/time_out: 0.1362
  Episode_Termination/torso_height: 0.8638
--------------------------------------------------------------------------------
                   Total timesteps: 45744128
                    Iteration time: 0.28s
                      Time elapsed: 00:01:38
                               ETA: 00:01:10

################################################################################
                     [1m Learning iteration 1348/1599 [0m                     

                       Computation: 488216 steps/s (collection: 0.197s, learning 0.072s)
             Mean action noise std: 0.08
          Mean value_function loss: 0.2405
               Mean surrogate loss: -0.0029
                 Mean entropy loss: -9.3259
                       Mean reward: 30.85
               Mean episode length: 545.00
           Episode_Reward/progress: 1.6936
              Episode_Reward/alive: 0.2856
            Episode_Reward/upright: 0.0552
     Episode_Reward/move_to_target: 0.2810
          Episode_Reward/action_l2: -0.0045
             Episode_Reward/energy: -0.2510
   Episode_Reward/joint_pos_limits: -0.1218
      Episode_Termination/time_out: 0.1369
  Episode_Termination/torso_height: 0.8631
--------------------------------------------------------------------------------
                   Total timesteps: 45875200
                    Iteration time: 0.27s
                      Time elapsed: 00:01:38
                               ETA: 00:01:10

################################################################################
                     [1m Learning iteration 1349/1599 [0m                     

                       Computation: 485452 steps/s (collection: 0.198s, learning 0.072s)
             Mean action noise std: 0.08
          Mean value_function loss: 0.2436
               Mean surrogate loss: -0.0023
                 Mean entropy loss: -9.2927
                       Mean reward: 28.19
               Mean episode length: 502.71
           Episode_Reward/progress: 1.5285
              Episode_Reward/alive: 0.2605
            Episode_Reward/upright: 0.0503
     Episode_Reward/move_to_target: 0.2558
          Episode_Reward/action_l2: -0.0041
             Episode_Reward/energy: -0.2303
   Episode_Reward/joint_pos_limits: -0.1116
      Episode_Termination/time_out: 0.1364
  Episode_Termination/torso_height: 0.8636
--------------------------------------------------------------------------------
                   Total timesteps: 46006272
                    Iteration time: 0.27s
                      Time elapsed: 00:01:38
                               ETA: 00:01:10

################################################################################
                     [1m Learning iteration 1350/1599 [0m                     

                       Computation: 471478 steps/s (collection: 0.206s, learning 0.072s)
             Mean action noise std: 0.08
          Mean value_function loss: 0.2210
               Mean surrogate loss: -0.0022
                 Mean entropy loss: -9.3028
                       Mean reward: 28.38
               Mean episode length: 500.34
           Episode_Reward/progress: 1.5424
              Episode_Reward/alive: 0.2590
            Episode_Reward/upright: 0.0503
     Episode_Reward/move_to_target: 0.2548
          Episode_Reward/action_l2: -0.0040
             Episode_Reward/energy: -0.2265
   Episode_Reward/joint_pos_limits: -0.1096
      Episode_Termination/time_out: 0.1366
  Episode_Termination/torso_height: 0.8634
--------------------------------------------------------------------------------
                   Total timesteps: 46137344
                    Iteration time: 0.28s
                      Time elapsed: 00:01:39
                               ETA: 00:01:10

################################################################################
                     [1m Learning iteration 1351/1599 [0m                     

                       Computation: 475240 steps/s (collection: 0.203s, learning 0.073s)
             Mean action noise std: 0.08
          Mean value_function loss: 0.2290
               Mean surrogate loss: -0.0019
                 Mean entropy loss: -9.3175
                       Mean reward: 27.78
               Mean episode length: 498.03
           Episode_Reward/progress: 1.5569
              Episode_Reward/alive: 0.2640
            Episode_Reward/upright: 0.0512
     Episode_Reward/move_to_target: 0.2594
          Episode_Reward/action_l2: -0.0041
             Episode_Reward/energy: -0.2311
   Episode_Reward/joint_pos_limits: -0.1124
      Episode_Termination/time_out: 0.1367
  Episode_Termination/torso_height: 0.8633
--------------------------------------------------------------------------------
                   Total timesteps: 46268416
                    Iteration time: 0.28s
                      Time elapsed: 00:01:39
                               ETA: 00:01:09

################################################################################
                     [1m Learning iteration 1352/1599 [0m                     

                       Computation: 476836 steps/s (collection: 0.203s, learning 0.072s)
             Mean action noise std: 0.08
          Mean value_function loss: 0.2267
               Mean surrogate loss: -0.0013
                 Mean entropy loss: -9.2994
                       Mean reward: 29.61
               Mean episode length: 524.99
           Episode_Reward/progress: 1.6092
              Episode_Reward/alive: 0.2714
            Episode_Reward/upright: 0.0526
     Episode_Reward/move_to_target: 0.2663
          Episode_Reward/action_l2: -0.0042
             Episode_Reward/energy: -0.2360
   Episode_Reward/joint_pos_limits: -0.1150
      Episode_Termination/time_out: 0.1367
  Episode_Termination/torso_height: 0.8633
--------------------------------------------------------------------------------
                   Total timesteps: 46399488
                    Iteration time: 0.27s
                      Time elapsed: 00:01:39
                               ETA: 00:01:09

################################################################################
                     [1m Learning iteration 1353/1599 [0m                     

                       Computation: 487488 steps/s (collection: 0.197s, learning 0.072s)
             Mean action noise std: 0.08
          Mean value_function loss: 0.2305
               Mean surrogate loss: -0.0028
                 Mean entropy loss: -9.2999
                       Mean reward: 29.55
               Mean episode length: 523.78
           Episode_Reward/progress: 1.5769
              Episode_Reward/alive: 0.2656
            Episode_Reward/upright: 0.0513
     Episode_Reward/move_to_target: 0.2603
          Episode_Reward/action_l2: -0.0041
             Episode_Reward/energy: -0.2332
   Episode_Reward/joint_pos_limits: -0.1126
      Episode_Termination/time_out: 0.1362
  Episode_Termination/torso_height: 0.8638
--------------------------------------------------------------------------------
                   Total timesteps: 46530560
                    Iteration time: 0.27s
                      Time elapsed: 00:01:39
                               ETA: 00:01:09

################################################################################
                     [1m Learning iteration 1354/1599 [0m                     

                       Computation: 477258 steps/s (collection: 0.197s, learning 0.077s)
             Mean action noise std: 0.08
          Mean value_function loss: 0.2622
               Mean surrogate loss: -0.0034
                 Mean entropy loss: -9.2899
                       Mean reward: 27.58
               Mean episode length: 492.85
           Episode_Reward/progress: 1.5875
              Episode_Reward/alive: 0.2679
            Episode_Reward/upright: 0.0517
     Episode_Reward/move_to_target: 0.2633
          Episode_Reward/action_l2: -0.0041
             Episode_Reward/energy: -0.2365
   Episode_Reward/joint_pos_limits: -0.1133
      Episode_Termination/time_out: 0.1358
  Episode_Termination/torso_height: 0.8642
--------------------------------------------------------------------------------
                   Total timesteps: 46661632
                    Iteration time: 0.27s
                      Time elapsed: 00:01:40
                               ETA: 00:01:08

################################################################################
                     [1m Learning iteration 1355/1599 [0m                     

                       Computation: 486491 steps/s (collection: 0.198s, learning 0.071s)
             Mean action noise std: 0.08
          Mean value_function loss: 0.2216
               Mean surrogate loss: -0.0028
                 Mean entropy loss: -9.3102
                       Mean reward: 29.76
               Mean episode length: 527.03
           Episode_Reward/progress: 1.5933
              Episode_Reward/alive: 0.2687
            Episode_Reward/upright: 0.0518
     Episode_Reward/move_to_target: 0.2636
          Episode_Reward/action_l2: -0.0042
             Episode_Reward/energy: -0.2372
   Episode_Reward/joint_pos_limits: -0.1144
      Episode_Termination/time_out: 0.1354
  Episode_Termination/torso_height: 0.8646
--------------------------------------------------------------------------------
                   Total timesteps: 46792704
                    Iteration time: 0.27s
                      Time elapsed: 00:01:40
                               ETA: 00:01:08

################################################################################
                     [1m Learning iteration 1356/1599 [0m                     

                       Computation: 489337 steps/s (collection: 0.197s, learning 0.071s)
             Mean action noise std: 0.08
          Mean value_function loss: 0.2191
               Mean surrogate loss: -0.0028
                 Mean entropy loss: -9.3422
                       Mean reward: 29.28
               Mean episode length: 515.23
           Episode_Reward/progress: 1.5203
              Episode_Reward/alive: 0.2564
            Episode_Reward/upright: 0.0500
     Episode_Reward/move_to_target: 0.2532
          Episode_Reward/action_l2: -0.0040
             Episode_Reward/energy: -0.2294
   Episode_Reward/joint_pos_limits: -0.1079
      Episode_Termination/time_out: 0.1354
  Episode_Termination/torso_height: 0.8646
--------------------------------------------------------------------------------
                   Total timesteps: 46923776
                    Iteration time: 0.27s
                      Time elapsed: 00:01:40
                               ETA: 00:01:08

################################################################################
                     [1m Learning iteration 1357/1599 [0m                     

                       Computation: 486465 steps/s (collection: 0.198s, learning 0.072s)
             Mean action noise std: 0.08
          Mean value_function loss: 0.2421
               Mean surrogate loss: -0.0034
                 Mean entropy loss: -9.3652
                       Mean reward: 24.74
               Mean episode length: 445.91
           Episode_Reward/progress: 1.5362
              Episode_Reward/alive: 0.2596
            Episode_Reward/upright: 0.0504
     Episode_Reward/move_to_target: 0.2558
          Episode_Reward/action_l2: -0.0041
             Episode_Reward/energy: -0.2322
   Episode_Reward/joint_pos_limits: -0.1100
      Episode_Termination/time_out: 0.1362
  Episode_Termination/torso_height: 0.8638
--------------------------------------------------------------------------------
                   Total timesteps: 47054848
                    Iteration time: 0.27s
                      Time elapsed: 00:01:40
                               ETA: 00:01:08

################################################################################
                     [1m Learning iteration 1358/1599 [0m                     

                       Computation: 481773 steps/s (collection: 0.201s, learning 0.071s)
             Mean action noise std: 0.08
          Mean value_function loss: 0.2447
               Mean surrogate loss: -0.0027
                 Mean entropy loss: -9.3629
                       Mean reward: 29.00
               Mean episode length: 511.46
           Episode_Reward/progress: 1.5740
              Episode_Reward/alive: 0.2657
            Episode_Reward/upright: 0.0515
     Episode_Reward/move_to_target: 0.2609
          Episode_Reward/action_l2: -0.0041
             Episode_Reward/energy: -0.2339
   Episode_Reward/joint_pos_limits: -0.1128
      Episode_Termination/time_out: 0.1365
  Episode_Termination/torso_height: 0.8635
--------------------------------------------------------------------------------
                   Total timesteps: 47185920
                    Iteration time: 0.27s
                      Time elapsed: 00:01:41
                               ETA: 00:01:07

################################################################################
                     [1m Learning iteration 1359/1599 [0m                     

                       Computation: 487941 steps/s (collection: 0.197s, learning 0.072s)
             Mean action noise std: 0.08
          Mean value_function loss: 0.2263
               Mean surrogate loss: -0.0016
                 Mean entropy loss: -9.3745
                       Mean reward: 28.77
               Mean episode length: 508.24
           Episode_Reward/progress: 1.5184
              Episode_Reward/alive: 0.2569
            Episode_Reward/upright: 0.0496
     Episode_Reward/move_to_target: 0.2523
          Episode_Reward/action_l2: -0.0040
             Episode_Reward/energy: -0.2273
   Episode_Reward/joint_pos_limits: -0.1098
      Episode_Termination/time_out: 0.1368
  Episode_Termination/torso_height: 0.8632
--------------------------------------------------------------------------------
                   Total timesteps: 47316992
                    Iteration time: 0.27s
                      Time elapsed: 00:01:41
                               ETA: 00:01:07

################################################################################
                     [1m Learning iteration 1360/1599 [0m                     

                       Computation: 483259 steps/s (collection: 0.198s, learning 0.073s)
             Mean action noise std: 0.08
          Mean value_function loss: 0.2420
               Mean surrogate loss: -0.0031
                 Mean entropy loss: -9.3786
                       Mean reward: 28.33
               Mean episode length: 496.29
           Episode_Reward/progress: 1.5546
              Episode_Reward/alive: 0.2611
            Episode_Reward/upright: 0.0507
     Episode_Reward/move_to_target: 0.2566
          Episode_Reward/action_l2: -0.0040
             Episode_Reward/energy: -0.2317
   Episode_Reward/joint_pos_limits: -0.1099
      Episode_Termination/time_out: 0.1365
  Episode_Termination/torso_height: 0.8635
--------------------------------------------------------------------------------
                   Total timesteps: 47448064
                    Iteration time: 0.27s
                      Time elapsed: 00:01:41
                               ETA: 00:01:07

################################################################################
                     [1m Learning iteration 1361/1599 [0m                     

                       Computation: 490274 steps/s (collection: 0.195s, learning 0.072s)
             Mean action noise std: 0.08
          Mean value_function loss: 0.2394
               Mean surrogate loss: -0.0038
                 Mean entropy loss: -9.3948
                       Mean reward: 28.89
               Mean episode length: 519.41
           Episode_Reward/progress: 1.5455
              Episode_Reward/alive: 0.2602
            Episode_Reward/upright: 0.0504
     Episode_Reward/move_to_target: 0.2557
          Episode_Reward/action_l2: -0.0040
             Episode_Reward/energy: -0.2260
   Episode_Reward/joint_pos_limits: -0.1107
      Episode_Termination/time_out: 0.1357
  Episode_Termination/torso_height: 0.8643
--------------------------------------------------------------------------------
                   Total timesteps: 47579136
                    Iteration time: 0.27s
                      Time elapsed: 00:01:42
                               ETA: 00:01:06

################################################################################
                     [1m Learning iteration 1362/1599 [0m                     

                       Computation: 470018 steps/s (collection: 0.207s, learning 0.072s)
             Mean action noise std: 0.08
          Mean value_function loss: 0.2543
               Mean surrogate loss: -0.0019
                 Mean entropy loss: -9.3779
                       Mean reward: 30.13
               Mean episode length: 533.16
           Episode_Reward/progress: 1.6429
              Episode_Reward/alive: 0.2762
            Episode_Reward/upright: 0.0536
     Episode_Reward/move_to_target: 0.2712
          Episode_Reward/action_l2: -0.0042
             Episode_Reward/energy: -0.2411
   Episode_Reward/joint_pos_limits: -0.1168
      Episode_Termination/time_out: 0.1355
  Episode_Termination/torso_height: 0.8645
--------------------------------------------------------------------------------
                   Total timesteps: 47710208
                    Iteration time: 0.28s
                      Time elapsed: 00:01:42
                               ETA: 00:01:06

################################################################################
                     [1m Learning iteration 1363/1599 [0m                     

                       Computation: 479893 steps/s (collection: 0.201s, learning 0.072s)
             Mean action noise std: 0.08
          Mean value_function loss: 0.2178
               Mean surrogate loss: -0.0021
                 Mean entropy loss: -9.3954
                       Mean reward: 27.82
               Mean episode length: 491.01
           Episode_Reward/progress: 1.5569
              Episode_Reward/alive: 0.2611
            Episode_Reward/upright: 0.0506
     Episode_Reward/move_to_target: 0.2573
          Episode_Reward/action_l2: -0.0040
             Episode_Reward/energy: -0.2287
   Episode_Reward/joint_pos_limits: -0.1106
      Episode_Termination/time_out: 0.1349
  Episode_Termination/torso_height: 0.8651
--------------------------------------------------------------------------------
                   Total timesteps: 47841280
                    Iteration time: 0.27s
                      Time elapsed: 00:01:42
                               ETA: 00:01:06

################################################################################
                     [1m Learning iteration 1364/1599 [0m                     

                       Computation: 486336 steps/s (collection: 0.198s, learning 0.072s)
             Mean action noise std: 0.08
          Mean value_function loss: 0.2433
               Mean surrogate loss: -0.0019
                 Mean entropy loss: -9.3904
                       Mean reward: 27.65
               Mean episode length: 488.47
           Episode_Reward/progress: 1.4787
              Episode_Reward/alive: 0.2501
            Episode_Reward/upright: 0.0484
     Episode_Reward/move_to_target: 0.2452
          Episode_Reward/action_l2: -0.0039
             Episode_Reward/energy: -0.2207
   Episode_Reward/joint_pos_limits: -0.1064
      Episode_Termination/time_out: 0.1346
  Episode_Termination/torso_height: 0.8654
--------------------------------------------------------------------------------
                   Total timesteps: 47972352
                    Iteration time: 0.27s
                      Time elapsed: 00:01:42
                               ETA: 00:01:06

################################################################################
                     [1m Learning iteration 1365/1599 [0m                     

                       Computation: 453780 steps/s (collection: 0.217s, learning 0.072s)
             Mean action noise std: 0.08
          Mean value_function loss: 0.2398
               Mean surrogate loss: -0.0014
                 Mean entropy loss: -9.3867
                       Mean reward: 27.23
               Mean episode length: 481.96
           Episode_Reward/progress: 1.5589
              Episode_Reward/alive: 0.2611
            Episode_Reward/upright: 0.0508
     Episode_Reward/move_to_target: 0.2581
          Episode_Reward/action_l2: -0.0040
             Episode_Reward/energy: -0.2316
   Episode_Reward/joint_pos_limits: -0.1106
      Episode_Termination/time_out: 0.1348
  Episode_Termination/torso_height: 0.8652
--------------------------------------------------------------------------------
                   Total timesteps: 48103424
                    Iteration time: 0.29s
                      Time elapsed: 00:01:43
                               ETA: 00:01:05

################################################################################
                     [1m Learning iteration 1366/1599 [0m                     

                       Computation: 483557 steps/s (collection: 0.199s, learning 0.072s)
             Mean action noise std: 0.08
          Mean value_function loss: 0.2520
               Mean surrogate loss: -0.0032
                 Mean entropy loss: -9.4051
                       Mean reward: 28.72
               Mean episode length: 506.63
           Episode_Reward/progress: 1.5481
              Episode_Reward/alive: 0.2591
            Episode_Reward/upright: 0.0504
     Episode_Reward/move_to_target: 0.2559
          Episode_Reward/action_l2: -0.0040
             Episode_Reward/energy: -0.2291
   Episode_Reward/joint_pos_limits: -0.1099
      Episode_Termination/time_out: 0.1346
  Episode_Termination/torso_height: 0.8654
--------------------------------------------------------------------------------
                   Total timesteps: 48234496
                    Iteration time: 0.27s
                      Time elapsed: 00:01:43
                               ETA: 00:01:05

################################################################################
                     [1m Learning iteration 1367/1599 [0m                     

                       Computation: 479586 steps/s (collection: 0.202s, learning 0.071s)
             Mean action noise std: 0.08
          Mean value_function loss: 0.2236
               Mean surrogate loss: -0.0019
                 Mean entropy loss: -9.3928
                       Mean reward: 27.72
               Mean episode length: 489.65
           Episode_Reward/progress: 1.5235
              Episode_Reward/alive: 0.2570
            Episode_Reward/upright: 0.0498
     Episode_Reward/move_to_target: 0.2520
          Episode_Reward/action_l2: -0.0040
             Episode_Reward/energy: -0.2257
   Episode_Reward/joint_pos_limits: -0.1093
      Episode_Termination/time_out: 0.1345
  Episode_Termination/torso_height: 0.8655
--------------------------------------------------------------------------------
                   Total timesteps: 48365568
                    Iteration time: 0.27s
                      Time elapsed: 00:01:43
                               ETA: 00:01:05

################################################################################
                     [1m Learning iteration 1368/1599 [0m                     

                       Computation: 484547 steps/s (collection: 0.199s, learning 0.072s)
             Mean action noise std: 0.08
          Mean value_function loss: 0.2339
               Mean surrogate loss: -0.0031
                 Mean entropy loss: -9.4053
                       Mean reward: 26.92
               Mean episode length: 479.81
           Episode_Reward/progress: 1.5826
              Episode_Reward/alive: 0.2666
            Episode_Reward/upright: 0.0516
     Episode_Reward/move_to_target: 0.2624
          Episode_Reward/action_l2: -0.0041
             Episode_Reward/energy: -0.2319
   Episode_Reward/joint_pos_limits: -0.1140
      Episode_Termination/time_out: 0.1345
  Episode_Termination/torso_height: 0.8655
--------------------------------------------------------------------------------
                   Total timesteps: 48496640
                    Iteration time: 0.27s
                      Time elapsed: 00:01:43
                               ETA: 00:01:04

################################################################################
                     [1m Learning iteration 1369/1599 [0m                     

                       Computation: 468730 steps/s (collection: 0.208s, learning 0.072s)
             Mean action noise std: 0.08
          Mean value_function loss: 0.2383
               Mean surrogate loss: -0.0019
                 Mean entropy loss: -9.3970
                       Mean reward: 29.17
               Mean episode length: 516.76
           Episode_Reward/progress: 1.5924
              Episode_Reward/alive: 0.2671
            Episode_Reward/upright: 0.0519
     Episode_Reward/move_to_target: 0.2622
          Episode_Reward/action_l2: -0.0041
             Episode_Reward/energy: -0.2337
   Episode_Reward/joint_pos_limits: -0.1141
      Episode_Termination/time_out: 0.1346
  Episode_Termination/torso_height: 0.8654
--------------------------------------------------------------------------------
                   Total timesteps: 48627712
                    Iteration time: 0.28s
                      Time elapsed: 00:01:44
                               ETA: 00:01:04

################################################################################
                     [1m Learning iteration 1370/1599 [0m                     

                       Computation: 488332 steps/s (collection: 0.197s, learning 0.071s)
             Mean action noise std: 0.08
          Mean value_function loss: 0.2419
               Mean surrogate loss: -0.0028
                 Mean entropy loss: -9.3799
                       Mean reward: 31.82
               Mean episode length: 556.13
           Episode_Reward/progress: 1.6142
              Episode_Reward/alive: 0.2701
            Episode_Reward/upright: 0.0526
     Episode_Reward/move_to_target: 0.2671
          Episode_Reward/action_l2: -0.0042
             Episode_Reward/energy: -0.2364
   Episode_Reward/joint_pos_limits: -0.1155
      Episode_Termination/time_out: 0.1340
  Episode_Termination/torso_height: 0.8660
--------------------------------------------------------------------------------
                   Total timesteps: 48758784
                    Iteration time: 0.27s
                      Time elapsed: 00:01:44
                               ETA: 00:01:04

################################################################################
                     [1m Learning iteration 1371/1599 [0m                     

                       Computation: 479171 steps/s (collection: 0.201s, learning 0.073s)
             Mean action noise std: 0.08
          Mean value_function loss: 0.2455
               Mean surrogate loss: -0.0018
                 Mean entropy loss: -9.3807
                       Mean reward: 27.94
               Mean episode length: 491.34
           Episode_Reward/progress: 1.5445
              Episode_Reward/alive: 0.2601
            Episode_Reward/upright: 0.0505
     Episode_Reward/move_to_target: 0.2559
          Episode_Reward/action_l2: -0.0041
             Episode_Reward/energy: -0.2308
   Episode_Reward/joint_pos_limits: -0.1106
      Episode_Termination/time_out: 0.1335
  Episode_Termination/torso_height: 0.8665
--------------------------------------------------------------------------------
                   Total timesteps: 48889856
                    Iteration time: 0.27s
                      Time elapsed: 00:01:44
                               ETA: 00:01:04

################################################################################
                     [1m Learning iteration 1372/1599 [0m                     

                       Computation: 476233 steps/s (collection: 0.199s, learning 0.076s)
             Mean action noise std: 0.08
          Mean value_function loss: 0.2480
               Mean surrogate loss: -0.0028
                 Mean entropy loss: -9.3861
                       Mean reward: 28.08
               Mean episode length: 492.72
           Episode_Reward/progress: 1.5869
              Episode_Reward/alive: 0.2655
            Episode_Reward/upright: 0.0516
     Episode_Reward/move_to_target: 0.2610
          Episode_Reward/action_l2: -0.0041
             Episode_Reward/energy: -0.2331
   Episode_Reward/joint_pos_limits: -0.1133
      Episode_Termination/time_out: 0.1330
  Episode_Termination/torso_height: 0.8670
--------------------------------------------------------------------------------
                   Total timesteps: 49020928
                    Iteration time: 0.28s
                      Time elapsed: 00:01:45
                               ETA: 00:01:03

################################################################################
                     [1m Learning iteration 1373/1599 [0m                     

                       Computation: 486027 steps/s (collection: 0.198s, learning 0.072s)
             Mean action noise std: 0.08
          Mean value_function loss: 0.2370
               Mean surrogate loss: -0.0008
                 Mean entropy loss: -9.3820
                       Mean reward: 30.50
               Mean episode length: 541.64
           Episode_Reward/progress: 1.6387
              Episode_Reward/alive: 0.2738
            Episode_Reward/upright: 0.0533
     Episode_Reward/move_to_target: 0.2689
          Episode_Reward/action_l2: -0.0042
             Episode_Reward/energy: -0.2393
   Episode_Reward/joint_pos_limits: -0.1173
      Episode_Termination/time_out: 0.1332
  Episode_Termination/torso_height: 0.8668
--------------------------------------------------------------------------------
                   Total timesteps: 49152000
                    Iteration time: 0.27s
                      Time elapsed: 00:01:45
                               ETA: 00:01:03

################################################################################
                     [1m Learning iteration 1374/1599 [0m                     

                       Computation: 488243 steps/s (collection: 0.197s, learning 0.071s)
             Mean action noise std: 0.08
          Mean value_function loss: 0.2507
               Mean surrogate loss: -0.0026
                 Mean entropy loss: -9.3947
                       Mean reward: 27.59
               Mean episode length: 484.28
           Episode_Reward/progress: 1.5556
              Episode_Reward/alive: 0.2598
            Episode_Reward/upright: 0.0505
     Episode_Reward/move_to_target: 0.2563
          Episode_Reward/action_l2: -0.0040
             Episode_Reward/energy: -0.2281
   Episode_Reward/joint_pos_limits: -0.1112
      Episode_Termination/time_out: 0.1330
  Episode_Termination/torso_height: 0.8670
--------------------------------------------------------------------------------
                   Total timesteps: 49283072
                    Iteration time: 0.27s
                      Time elapsed: 00:01:45
                               ETA: 00:01:03

################################################################################
                     [1m Learning iteration 1375/1599 [0m                     

                       Computation: 482373 steps/s (collection: 0.201s, learning 0.071s)
             Mean action noise std: 0.08
          Mean value_function loss: 0.2345
               Mean surrogate loss: -0.0027
                 Mean entropy loss: -9.4156
                       Mean reward: 28.38
               Mean episode length: 504.15
           Episode_Reward/progress: 1.5637
              Episode_Reward/alive: 0.2617
            Episode_Reward/upright: 0.0506
     Episode_Reward/move_to_target: 0.2569
          Episode_Reward/action_l2: -0.0041
             Episode_Reward/energy: -0.2329
   Episode_Reward/joint_pos_limits: -0.1123
      Episode_Termination/time_out: 0.1320
  Episode_Termination/torso_height: 0.8680
--------------------------------------------------------------------------------
                   Total timesteps: 49414144
                    Iteration time: 0.27s
                      Time elapsed: 00:01:45
                               ETA: 00:01:02

################################################################################
                     [1m Learning iteration 1376/1599 [0m                     

                       Computation: 469712 steps/s (collection: 0.201s, learning 0.078s)
             Mean action noise std: 0.08
          Mean value_function loss: 0.2334
               Mean surrogate loss: -0.0026
                 Mean entropy loss: -9.4221
                       Mean reward: 30.61
               Mean episode length: 538.29
           Episode_Reward/progress: 1.5453
              Episode_Reward/alive: 0.2588
            Episode_Reward/upright: 0.0502
     Episode_Reward/move_to_target: 0.2550
          Episode_Reward/action_l2: -0.0040
             Episode_Reward/energy: -0.2252
   Episode_Reward/joint_pos_limits: -0.1108
      Episode_Termination/time_out: 0.1316
  Episode_Termination/torso_height: 0.8684
--------------------------------------------------------------------------------
                   Total timesteps: 49545216
                    Iteration time: 0.28s
                      Time elapsed: 00:01:46
                               ETA: 00:01:02

################################################################################
                     [1m Learning iteration 1377/1599 [0m                     

                       Computation: 489241 steps/s (collection: 0.197s, learning 0.071s)
             Mean action noise std: 0.08
          Mean value_function loss: 0.2426
               Mean surrogate loss: -0.0005
                 Mean entropy loss: -9.4170
                       Mean reward: 29.16
               Mean episode length: 513.27
           Episode_Reward/progress: 1.6485
              Episode_Reward/alive: 0.2750
            Episode_Reward/upright: 0.0532
     Episode_Reward/move_to_target: 0.2713
          Episode_Reward/action_l2: -0.0042
             Episode_Reward/energy: -0.2374
   Episode_Reward/joint_pos_limits: -0.1181
      Episode_Termination/time_out: 0.1320
  Episode_Termination/torso_height: 0.8680
--------------------------------------------------------------------------------
                   Total timesteps: 49676288
                    Iteration time: 0.27s
                      Time elapsed: 00:01:46
                               ETA: 00:01:02

################################################################################
                     [1m Learning iteration 1378/1599 [0m                     

                       Computation: 480231 steps/s (collection: 0.199s, learning 0.074s)
             Mean action noise std: 0.08
          Mean value_function loss: 0.2358
               Mean surrogate loss: -0.0033
                 Mean entropy loss: -9.4370
                       Mean reward: 28.07
               Mean episode length: 500.03
           Episode_Reward/progress: 1.6165
              Episode_Reward/alive: 0.2706
            Episode_Reward/upright: 0.0526
     Episode_Reward/move_to_target: 0.2661
          Episode_Reward/action_l2: -0.0042
             Episode_Reward/energy: -0.2368
   Episode_Reward/joint_pos_limits: -0.1160
      Episode_Termination/time_out: 0.1318
  Episode_Termination/torso_height: 0.8682
--------------------------------------------------------------------------------
                   Total timesteps: 49807360
                    Iteration time: 0.27s
                      Time elapsed: 00:01:46
                               ETA: 00:01:02

################################################################################
                     [1m Learning iteration 1379/1599 [0m                     

                       Computation: 489245 steps/s (collection: 0.197s, learning 0.071s)
             Mean action noise std: 0.08
          Mean value_function loss: 0.2346
               Mean surrogate loss: -0.0029
                 Mean entropy loss: -9.4283
                       Mean reward: 30.36
               Mean episode length: 529.52
           Episode_Reward/progress: 1.6427
              Episode_Reward/alive: 0.2731
            Episode_Reward/upright: 0.0533
     Episode_Reward/move_to_target: 0.2691
          Episode_Reward/action_l2: -0.0042
             Episode_Reward/energy: -0.2381
   Episode_Reward/joint_pos_limits: -0.1170
      Episode_Termination/time_out: 0.1315
  Episode_Termination/torso_height: 0.8685
--------------------------------------------------------------------------------
                   Total timesteps: 49938432
                    Iteration time: 0.27s
                      Time elapsed: 00:01:46
                               ETA: 00:01:01

################################################################################
                     [1m Learning iteration 1380/1599 [0m                     

                       Computation: 471032 steps/s (collection: 0.204s, learning 0.074s)
             Mean action noise std: 0.08
          Mean value_function loss: 0.2334
               Mean surrogate loss: -0.0017
                 Mean entropy loss: -9.4286
                       Mean reward: 29.38
               Mean episode length: 516.51
           Episode_Reward/progress: 1.4984
              Episode_Reward/alive: 0.2517
            Episode_Reward/upright: 0.0489
     Episode_Reward/move_to_target: 0.2484
          Episode_Reward/action_l2: -0.0039
             Episode_Reward/energy: -0.2225
   Episode_Reward/joint_pos_limits: -0.1080
      Episode_Termination/time_out: 0.1314
  Episode_Termination/torso_height: 0.8686
--------------------------------------------------------------------------------
                   Total timesteps: 50069504
                    Iteration time: 0.28s
                      Time elapsed: 00:01:47
                               ETA: 00:01:01

################################################################################
                     [1m Learning iteration 1381/1599 [0m                     

                       Computation: 481796 steps/s (collection: 0.201s, learning 0.071s)
             Mean action noise std: 0.08
          Mean value_function loss: 0.2446
               Mean surrogate loss: -0.0020
                 Mean entropy loss: -9.4345
                       Mean reward: 26.62
               Mean episode length: 475.68
           Episode_Reward/progress: 1.4847
              Episode_Reward/alive: 0.2489
            Episode_Reward/upright: 0.0481
     Episode_Reward/move_to_target: 0.2448
          Episode_Reward/action_l2: -0.0039
             Episode_Reward/energy: -0.2206
   Episode_Reward/joint_pos_limits: -0.1074
      Episode_Termination/time_out: 0.1315
  Episode_Termination/torso_height: 0.8685
--------------------------------------------------------------------------------
                   Total timesteps: 50200576
                    Iteration time: 0.27s
                      Time elapsed: 00:01:47
                               ETA: 00:01:01

################################################################################
                     [1m Learning iteration 1382/1599 [0m                     

                       Computation: 485564 steps/s (collection: 0.199s, learning 0.071s)
             Mean action noise std: 0.08
          Mean value_function loss: 0.2594
               Mean surrogate loss: -0.0021
                 Mean entropy loss: -9.4238
                       Mean reward: 29.76
               Mean episode length: 523.71
           Episode_Reward/progress: 1.6319
              Episode_Reward/alive: 0.2732
            Episode_Reward/upright: 0.0531
     Episode_Reward/move_to_target: 0.2680
          Episode_Reward/action_l2: -0.0043
             Episode_Reward/energy: -0.2418
   Episode_Reward/joint_pos_limits: -0.1176
      Episode_Termination/time_out: 0.1316
  Episode_Termination/torso_height: 0.8684
--------------------------------------------------------------------------------
                   Total timesteps: 50331648
                    Iteration time: 0.27s
                      Time elapsed: 00:01:47
                               ETA: 00:01:00

################################################################################
                     [1m Learning iteration 1383/1599 [0m                     

                       Computation: 474422 steps/s (collection: 0.200s, learning 0.076s)
             Mean action noise std: 0.08
          Mean value_function loss: 0.2126
               Mean surrogate loss: -0.0024
                 Mean entropy loss: -9.4232
                       Mean reward: 28.58
               Mean episode length: 503.71
           Episode_Reward/progress: 1.6059
              Episode_Reward/alive: 0.2689
            Episode_Reward/upright: 0.0519
     Episode_Reward/move_to_target: 0.2625
          Episode_Reward/action_l2: -0.0042
             Episode_Reward/energy: -0.2334
   Episode_Reward/joint_pos_limits: -0.1165
      Episode_Termination/time_out: 0.1313
  Episode_Termination/torso_height: 0.8687
--------------------------------------------------------------------------------
                   Total timesteps: 50462720
                    Iteration time: 0.28s
                      Time elapsed: 00:01:48
                               ETA: 00:01:00

################################################################################
                     [1m Learning iteration 1384/1599 [0m                     

                       Computation: 477180 steps/s (collection: 0.202s, learning 0.073s)
             Mean action noise std: 0.08
          Mean value_function loss: 0.2554
               Mean surrogate loss: -0.0020
                 Mean entropy loss: -9.4179
                       Mean reward: 27.46
               Mean episode length: 487.10
           Episode_Reward/progress: 1.5790
              Episode_Reward/alive: 0.2639
            Episode_Reward/upright: 0.0512
     Episode_Reward/move_to_target: 0.2595
          Episode_Reward/action_l2: -0.0041
             Episode_Reward/energy: -0.2304
   Episode_Reward/joint_pos_limits: -0.1138
      Episode_Termination/time_out: 0.1312
  Episode_Termination/torso_height: 0.8688
--------------------------------------------------------------------------------
                   Total timesteps: 50593792
                    Iteration time: 0.27s
                      Time elapsed: 00:01:48
                               ETA: 00:01:00

################################################################################
                     [1m Learning iteration 1385/1599 [0m                     

                       Computation: 485762 steps/s (collection: 0.198s, learning 0.072s)
             Mean action noise std: 0.08
          Mean value_function loss: 0.2300
               Mean surrogate loss: -0.0016
                 Mean entropy loss: -9.4225
                       Mean reward: 30.15
               Mean episode length: 532.14
           Episode_Reward/progress: 1.5992
              Episode_Reward/alive: 0.2671
            Episode_Reward/upright: 0.0518
     Episode_Reward/move_to_target: 0.2632
          Episode_Reward/action_l2: -0.0041
             Episode_Reward/energy: -0.2333
   Episode_Reward/joint_pos_limits: -0.1147
      Episode_Termination/time_out: 0.1307
  Episode_Termination/torso_height: 0.8693
--------------------------------------------------------------------------------
                   Total timesteps: 50724864
                    Iteration time: 0.27s
                      Time elapsed: 00:01:48
                               ETA: 00:01:00

################################################################################
                     [1m Learning iteration 1386/1599 [0m                     

                       Computation: 481082 steps/s (collection: 0.201s, learning 0.071s)
             Mean action noise std: 0.08
          Mean value_function loss: 0.2161
               Mean surrogate loss: -0.0038
                 Mean entropy loss: -9.4415
                       Mean reward: 26.25
               Mean episode length: 467.75
           Episode_Reward/progress: 1.4839
              Episode_Reward/alive: 0.2494
            Episode_Reward/upright: 0.0483
     Episode_Reward/move_to_target: 0.2442
          Episode_Reward/action_l2: -0.0039
             Episode_Reward/energy: -0.2211
   Episode_Reward/joint_pos_limits: -0.1075
      Episode_Termination/time_out: 0.1301
  Episode_Termination/torso_height: 0.8699
--------------------------------------------------------------------------------
                   Total timesteps: 50855936
                    Iteration time: 0.27s
                      Time elapsed: 00:01:48
                               ETA: 00:00:59

################################################################################
                     [1m Learning iteration 1387/1599 [0m                     

                       Computation: 480526 steps/s (collection: 0.201s, learning 0.071s)
             Mean action noise std: 0.08
          Mean value_function loss: 0.2550
               Mean surrogate loss: -0.0019
                 Mean entropy loss: -9.4270
                       Mean reward: 27.50
               Mean episode length: 485.11
           Episode_Reward/progress: 1.5911
              Episode_Reward/alive: 0.2665
            Episode_Reward/upright: 0.0516
     Episode_Reward/move_to_target: 0.2618
          Episode_Reward/action_l2: -0.0042
             Episode_Reward/energy: -0.2356
   Episode_Reward/joint_pos_limits: -0.1144
      Episode_Termination/time_out: 0.1299
  Episode_Termination/torso_height: 0.8701
--------------------------------------------------------------------------------
                   Total timesteps: 50987008
                    Iteration time: 0.27s
                      Time elapsed: 00:01:49
                               ETA: 00:00:59

################################################################################
                     [1m Learning iteration 1388/1599 [0m                     

                       Computation: 489020 steps/s (collection: 0.198s, learning 0.070s)
             Mean action noise std: 0.08
          Mean value_function loss: 0.2409
               Mean surrogate loss: -0.0021
                 Mean entropy loss: -9.4358
                       Mean reward: 28.72
               Mean episode length: 508.78
           Episode_Reward/progress: 1.5598
              Episode_Reward/alive: 0.2626
            Episode_Reward/upright: 0.0508
     Episode_Reward/move_to_target: 0.2574
          Episode_Reward/action_l2: -0.0041
             Episode_Reward/energy: -0.2330
   Episode_Reward/joint_pos_limits: -0.1123
      Episode_Termination/time_out: 0.1287
  Episode_Termination/torso_height: 0.8713
--------------------------------------------------------------------------------
                   Total timesteps: 51118080
                    Iteration time: 0.27s
                      Time elapsed: 00:01:49
                               ETA: 00:00:59

################################################################################
                     [1m Learning iteration 1389/1599 [0m                     

                       Computation: 463422 steps/s (collection: 0.211s, learning 0.072s)
             Mean action noise std: 0.08
          Mean value_function loss: 0.2384
               Mean surrogate loss: -0.0007
                 Mean entropy loss: -9.4350
                       Mean reward: 28.66
               Mean episode length: 509.45
           Episode_Reward/progress: 1.6146
              Episode_Reward/alive: 0.2716
            Episode_Reward/upright: 0.0526
     Episode_Reward/move_to_target: 0.2676
          Episode_Reward/action_l2: -0.0042
             Episode_Reward/energy: -0.2365
   Episode_Reward/joint_pos_limits: -0.1165
      Episode_Termination/time_out: 0.1286
  Episode_Termination/torso_height: 0.8714
--------------------------------------------------------------------------------
                   Total timesteps: 51249152
                    Iteration time: 0.28s
                      Time elapsed: 00:01:49
                               ETA: 00:00:58

################################################################################
                     [1m Learning iteration 1390/1599 [0m                     

                       Computation: 488474 steps/s (collection: 0.197s, learning 0.071s)
             Mean action noise std: 0.08
          Mean value_function loss: 0.2599
               Mean surrogate loss: -0.0038
                 Mean entropy loss: -9.4515
                       Mean reward: 29.44
               Mean episode length: 517.24
           Episode_Reward/progress: 1.5897
              Episode_Reward/alive: 0.2653
            Episode_Reward/upright: 0.0514
     Episode_Reward/move_to_target: 0.2600
          Episode_Reward/action_l2: -0.0041
             Episode_Reward/energy: -0.2318
   Episode_Reward/joint_pos_limits: -0.1142
      Episode_Termination/time_out: 0.1284
  Episode_Termination/torso_height: 0.8716
--------------------------------------------------------------------------------
                   Total timesteps: 51380224
                    Iteration time: 0.27s
                      Time elapsed: 00:01:49
                               ETA: 00:00:58

################################################################################
                     [1m Learning iteration 1391/1599 [0m                     

                       Computation: 470440 steps/s (collection: 0.208s, learning 0.071s)
             Mean action noise std: 0.08
          Mean value_function loss: 0.2715
               Mean surrogate loss: -0.0029
                 Mean entropy loss: -9.4357
                       Mean reward: 28.79
               Mean episode length: 505.95
           Episode_Reward/progress: 1.5495
              Episode_Reward/alive: 0.2621
            Episode_Reward/upright: 0.0506
     Episode_Reward/move_to_target: 0.2558
          Episode_Reward/action_l2: -0.0041
             Episode_Reward/energy: -0.2279
   Episode_Reward/joint_pos_limits: -0.1132
      Episode_Termination/time_out: 0.1286
  Episode_Termination/torso_height: 0.8714
--------------------------------------------------------------------------------
                   Total timesteps: 51511296
                    Iteration time: 0.28s
                      Time elapsed: 00:01:50
                               ETA: 00:00:58

################################################################################
                     [1m Learning iteration 1392/1599 [0m                     

                       Computation: 487137 steps/s (collection: 0.198s, learning 0.071s)
             Mean action noise std: 0.08
          Mean value_function loss: 0.2332
               Mean surrogate loss: -0.0021
                 Mean entropy loss: -9.4296
                       Mean reward: 26.94
               Mean episode length: 482.77
           Episode_Reward/progress: 1.4939
              Episode_Reward/alive: 0.2529
            Episode_Reward/upright: 0.0487
     Episode_Reward/move_to_target: 0.2473
          Episode_Reward/action_l2: -0.0040
             Episode_Reward/energy: -0.2236
   Episode_Reward/joint_pos_limits: -0.1085
      Episode_Termination/time_out: 0.1283
  Episode_Termination/torso_height: 0.8717
--------------------------------------------------------------------------------
                   Total timesteps: 51642368
                    Iteration time: 0.27s
                      Time elapsed: 00:01:50
                               ETA: 00:00:58

################################################################################
                     [1m Learning iteration 1393/1599 [0m                     

                       Computation: 486837 steps/s (collection: 0.198s, learning 0.071s)
             Mean action noise std: 0.08
          Mean value_function loss: 0.2440
               Mean surrogate loss: -0.0017
                 Mean entropy loss: -9.4403
                       Mean reward: 30.13
               Mean episode length: 527.38
           Episode_Reward/progress: 1.5429
              Episode_Reward/alive: 0.2592
            Episode_Reward/upright: 0.0502
     Episode_Reward/move_to_target: 0.2545
          Episode_Reward/action_l2: -0.0040
             Episode_Reward/energy: -0.2282
   Episode_Reward/joint_pos_limits: -0.1109
      Episode_Termination/time_out: 0.1278
  Episode_Termination/torso_height: 0.8722
--------------------------------------------------------------------------------
                   Total timesteps: 51773440
                    Iteration time: 0.27s
                      Time elapsed: 00:01:50
                               ETA: 00:00:57

################################################################################
                     [1m Learning iteration 1394/1599 [0m                     

                       Computation: 477928 steps/s (collection: 0.198s, learning 0.076s)
             Mean action noise std: 0.07
          Mean value_function loss: 0.2238
               Mean surrogate loss: -0.0011
                 Mean entropy loss: -9.4527
                       Mean reward: 30.82
               Mean episode length: 544.37
           Episode_Reward/progress: 1.6192
              Episode_Reward/alive: 0.2721
            Episode_Reward/upright: 0.0524
     Episode_Reward/move_to_target: 0.2658
          Episode_Reward/action_l2: -0.0043
             Episode_Reward/energy: -0.2417
   Episode_Reward/joint_pos_limits: -0.1168
      Episode_Termination/time_out: 0.1275
  Episode_Termination/torso_height: 0.8725
--------------------------------------------------------------------------------
                   Total timesteps: 51904512
                    Iteration time: 0.27s
                      Time elapsed: 00:01:51
                               ETA: 00:00:57

################################################################################
                     [1m Learning iteration 1395/1599 [0m                     

                       Computation: 490213 steps/s (collection: 0.196s, learning 0.071s)
             Mean action noise std: 0.07
          Mean value_function loss: 0.2338
               Mean surrogate loss: -0.0038
                 Mean entropy loss: -9.4663
                       Mean reward: 26.52
               Mean episode length: 473.79
           Episode_Reward/progress: 1.5360
              Episode_Reward/alive: 0.2586
            Episode_Reward/upright: 0.0498
     Episode_Reward/move_to_target: 0.2535
          Episode_Reward/action_l2: -0.0041
             Episode_Reward/energy: -0.2282
   Episode_Reward/joint_pos_limits: -0.1112
      Episode_Termination/time_out: 0.1269
  Episode_Termination/torso_height: 0.8731
--------------------------------------------------------------------------------
                   Total timesteps: 52035584
                    Iteration time: 0.27s
                      Time elapsed: 00:01:51
                               ETA: 00:00:57

################################################################################
                     [1m Learning iteration 1396/1599 [0m                     

                       Computation: 473963 steps/s (collection: 0.206s, learning 0.070s)
             Mean action noise std: 0.07
          Mean value_function loss: 0.2496
               Mean surrogate loss: -0.0027
                 Mean entropy loss: -9.4678
                       Mean reward: 27.64
               Mean episode length: 485.98
           Episode_Reward/progress: 1.5480
              Episode_Reward/alive: 0.2598
            Episode_Reward/upright: 0.0503
     Episode_Reward/move_to_target: 0.2546
          Episode_Reward/action_l2: -0.0041
             Episode_Reward/energy: -0.2302
   Episode_Reward/joint_pos_limits: -0.1112
      Episode_Termination/time_out: 0.1265
  Episode_Termination/torso_height: 0.8735
--------------------------------------------------------------------------------
                   Total timesteps: 52166656
                    Iteration time: 0.28s
                      Time elapsed: 00:01:51
                               ETA: 00:00:56

################################################################################
                     [1m Learning iteration 1397/1599 [0m                     

                       Computation: 485117 steps/s (collection: 0.198s, learning 0.072s)
             Mean action noise std: 0.07
          Mean value_function loss: 0.2153
               Mean surrogate loss: -0.0023
                 Mean entropy loss: -9.4675
                       Mean reward: 28.12
               Mean episode length: 501.11
           Episode_Reward/progress: 1.6002
              Episode_Reward/alive: 0.2689
            Episode_Reward/upright: 0.0521
     Episode_Reward/move_to_target: 0.2649
          Episode_Reward/action_l2: -0.0042
             Episode_Reward/energy: -0.2366
   Episode_Reward/joint_pos_limits: -0.1153
      Episode_Termination/time_out: 0.1259
  Episode_Termination/torso_height: 0.8741
--------------------------------------------------------------------------------
                   Total timesteps: 52297728
                    Iteration time: 0.27s
                      Time elapsed: 00:01:51
                               ETA: 00:00:56

################################################################################
                     [1m Learning iteration 1398/1599 [0m                     

                       Computation: 473183 steps/s (collection: 0.206s, learning 0.071s)
             Mean action noise std: 0.08
          Mean value_function loss: 0.2156
               Mean surrogate loss: -0.0030
                 Mean entropy loss: -9.4629
                       Mean reward: 29.16
               Mean episode length: 511.68
           Episode_Reward/progress: 1.5570
              Episode_Reward/alive: 0.2618
            Episode_Reward/upright: 0.0506
     Episode_Reward/move_to_target: 0.2565
          Episode_Reward/action_l2: -0.0041
             Episode_Reward/energy: -0.2279
   Episode_Reward/joint_pos_limits: -0.1121
      Episode_Termination/time_out: 0.1261
  Episode_Termination/torso_height: 0.8739
--------------------------------------------------------------------------------
                   Total timesteps: 52428800
                    Iteration time: 0.28s
                      Time elapsed: 00:01:52
                               ETA: 00:00:56

################################################################################
                     [1m Learning iteration 1399/1599 [0m                     

                       Computation: 487903 steps/s (collection: 0.197s, learning 0.072s)
             Mean action noise std: 0.08
          Mean value_function loss: 0.2230
               Mean surrogate loss: -0.0027
                 Mean entropy loss: -9.4407
                       Mean reward: 26.42
               Mean episode length: 470.66
           Episode_Reward/progress: 1.4791
              Episode_Reward/alive: 0.2505
            Episode_Reward/upright: 0.0483
     Episode_Reward/move_to_target: 0.2445
          Episode_Reward/action_l2: -0.0039
             Episode_Reward/energy: -0.2173
   Episode_Reward/joint_pos_limits: -0.1085
      Episode_Termination/time_out: 0.1272
  Episode_Termination/torso_height: 0.8728
--------------------------------------------------------------------------------
                   Total timesteps: 52559872
                    Iteration time: 0.27s
                      Time elapsed: 00:01:52
                               ETA: 00:00:56

################################################################################
                     [1m Learning iteration 1400/1599 [0m                     

                       Computation: 488032 steps/s (collection: 0.197s, learning 0.072s)
             Mean action noise std: 0.08
          Mean value_function loss: 0.2227
               Mean surrogate loss: -0.0014
                 Mean entropy loss: -9.4384
                       Mean reward: 29.76
               Mean episode length: 523.36
           Episode_Reward/progress: 1.6086
              Episode_Reward/alive: 0.2704
            Episode_Reward/upright: 0.0522
     Episode_Reward/move_to_target: 0.2641
          Episode_Reward/action_l2: -0.0042
             Episode_Reward/energy: -0.2375
   Episode_Reward/joint_pos_limits: -0.1166
      Episode_Termination/time_out: 0.1279
  Episode_Termination/torso_height: 0.8721
--------------------------------------------------------------------------------
                   Total timesteps: 52690944
                    Iteration time: 0.27s
                      Time elapsed: 00:01:52
                               ETA: 00:00:55

################################################################################
                     [1m Learning iteration 1401/1599 [0m                     

                       Computation: 490084 steps/s (collection: 0.196s, learning 0.071s)
             Mean action noise std: 0.07
          Mean value_function loss: 0.2391
               Mean surrogate loss: -0.0016
                 Mean entropy loss: -9.4549
                       Mean reward: 28.31
               Mean episode length: 501.90
           Episode_Reward/progress: 1.5436
              Episode_Reward/alive: 0.2611
            Episode_Reward/upright: 0.0503
     Episode_Reward/move_to_target: 0.2552
          Episode_Reward/action_l2: -0.0041
             Episode_Reward/energy: -0.2297
   Episode_Reward/joint_pos_limits: -0.1120
      Episode_Termination/time_out: 0.1276
  Episode_Termination/torso_height: 0.8724
--------------------------------------------------------------------------------
                   Total timesteps: 52822016
                    Iteration time: 0.27s
                      Time elapsed: 00:01:52
                               ETA: 00:00:55

################################################################################
                     [1m Learning iteration 1402/1599 [0m                     

                       Computation: 477511 steps/s (collection: 0.203s, learning 0.072s)
             Mean action noise std: 0.07
          Mean value_function loss: 0.2402
               Mean surrogate loss: -0.0023
                 Mean entropy loss: -9.4637
                       Mean reward: 29.78
               Mean episode length: 526.57
           Episode_Reward/progress: 1.5724
              Episode_Reward/alive: 0.2639
            Episode_Reward/upright: 0.0511
     Episode_Reward/move_to_target: 0.2587
          Episode_Reward/action_l2: -0.0042
             Episode_Reward/energy: -0.2350
   Episode_Reward/joint_pos_limits: -0.1131
      Episode_Termination/time_out: 0.1272
  Episode_Termination/torso_height: 0.8728
--------------------------------------------------------------------------------
                   Total timesteps: 52953088
                    Iteration time: 0.27s
                      Time elapsed: 00:01:53
                               ETA: 00:00:55

################################################################################
                     [1m Learning iteration 1403/1599 [0m                     

                       Computation: 486519 steps/s (collection: 0.198s, learning 0.071s)
             Mean action noise std: 0.07
          Mean value_function loss: 0.2576
               Mean surrogate loss: -0.0017
                 Mean entropy loss: -9.4848
                       Mean reward: 28.52
               Mean episode length: 503.98
           Episode_Reward/progress: 1.5628
              Episode_Reward/alive: 0.2632
            Episode_Reward/upright: 0.0511
     Episode_Reward/move_to_target: 0.2587
          Episode_Reward/action_l2: -0.0041
             Episode_Reward/energy: -0.2317
   Episode_Reward/joint_pos_limits: -0.1120
      Episode_Termination/time_out: 0.1273
  Episode_Termination/torso_height: 0.8727
--------------------------------------------------------------------------------
                   Total timesteps: 53084160
                    Iteration time: 0.27s
                      Time elapsed: 00:01:53
                               ETA: 00:00:54

################################################################################
                     [1m Learning iteration 1404/1599 [0m                     

                       Computation: 488104 steps/s (collection: 0.197s, learning 0.072s)
             Mean action noise std: 0.07
          Mean value_function loss: 0.2436
               Mean surrogate loss: -0.0023
                 Mean entropy loss: -9.4910
                       Mean reward: 28.91
               Mean episode length: 513.84
           Episode_Reward/progress: 1.5749
              Episode_Reward/alive: 0.2649
            Episode_Reward/upright: 0.0514
     Episode_Reward/move_to_target: 0.2596
          Episode_Reward/action_l2: -0.0042
             Episode_Reward/energy: -0.2388
   Episode_Reward/joint_pos_limits: -0.1139
      Episode_Termination/time_out: 0.1283
  Episode_Termination/torso_height: 0.8717
--------------------------------------------------------------------------------
                   Total timesteps: 53215232
                    Iteration time: 0.27s
                      Time elapsed: 00:01:53
                               ETA: 00:00:54

################################################################################
                     [1m Learning iteration 1405/1599 [0m                     

                       Computation: 459933 steps/s (collection: 0.208s, learning 0.077s)
             Mean action noise std: 0.07
          Mean value_function loss: 0.2145
               Mean surrogate loss: -0.0021
                 Mean entropy loss: -9.5010
                       Mean reward: 28.20
               Mean episode length: 502.77
           Episode_Reward/progress: 1.5759
              Episode_Reward/alive: 0.2660
            Episode_Reward/upright: 0.0514
     Episode_Reward/move_to_target: 0.2607
          Episode_Reward/action_l2: -0.0042
             Episode_Reward/energy: -0.2333
   Episode_Reward/joint_pos_limits: -0.1155
      Episode_Termination/time_out: 0.1278
  Episode_Termination/torso_height: 0.8722
--------------------------------------------------------------------------------
                   Total timesteps: 53346304
                    Iteration time: 0.28s
                      Time elapsed: 00:01:54
                               ETA: 00:00:54

################################################################################
                     [1m Learning iteration 1406/1599 [0m                     

                       Computation: 485458 steps/s (collection: 0.199s, learning 0.071s)
             Mean action noise std: 0.07
          Mean value_function loss: 0.2614
               Mean surrogate loss: -0.0012
                 Mean entropy loss: -9.4761
                       Mean reward: 28.02
               Mean episode length: 490.66
           Episode_Reward/progress: 1.5962
              Episode_Reward/alive: 0.2676
            Episode_Reward/upright: 0.0519
     Episode_Reward/move_to_target: 0.2627
          Episode_Reward/action_l2: -0.0042
             Episode_Reward/energy: -0.2363
   Episode_Reward/joint_pos_limits: -0.1150
      Episode_Termination/time_out: 0.1280
  Episode_Termination/torso_height: 0.8720
--------------------------------------------------------------------------------
                   Total timesteps: 53477376
                    Iteration time: 0.27s
                      Time elapsed: 00:01:54
                               ETA: 00:00:54

################################################################################
                     [1m Learning iteration 1407/1599 [0m                     

                       Computation: 482756 steps/s (collection: 0.199s, learning 0.073s)
             Mean action noise std: 0.07
          Mean value_function loss: 0.2514
               Mean surrogate loss: -0.0032
                 Mean entropy loss: -9.4763
                       Mean reward: 26.11
               Mean episode length: 463.89
           Episode_Reward/progress: 1.5627
              Episode_Reward/alive: 0.2629
            Episode_Reward/upright: 0.0509
     Episode_Reward/move_to_target: 0.2580
          Episode_Reward/action_l2: -0.0041
             Episode_Reward/energy: -0.2327
   Episode_Reward/joint_pos_limits: -0.1132
      Episode_Termination/time_out: 0.1286
  Episode_Termination/torso_height: 0.8714
--------------------------------------------------------------------------------
                   Total timesteps: 53608448
                    Iteration time: 0.27s
                      Time elapsed: 00:01:54
                               ETA: 00:00:53

################################################################################
                     [1m Learning iteration 1408/1599 [0m                     

                       Computation: 492785 steps/s (collection: 0.196s, learning 0.070s)
             Mean action noise std: 0.07
          Mean value_function loss: 0.2438
               Mean surrogate loss: -0.0032
                 Mean entropy loss: -9.4985
                       Mean reward: 28.79
               Mean episode length: 513.02
           Episode_Reward/progress: 1.5484
              Episode_Reward/alive: 0.2616
            Episode_Reward/upright: 0.0505
     Episode_Reward/move_to_target: 0.2552
          Episode_Reward/action_l2: -0.0042
             Episode_Reward/energy: -0.2360
   Episode_Reward/joint_pos_limits: -0.1128
      Episode_Termination/time_out: 0.1286
  Episode_Termination/torso_height: 0.8714
--------------------------------------------------------------------------------
                   Total timesteps: 53739520
                    Iteration time: 0.27s
                      Time elapsed: 00:01:54
                               ETA: 00:00:53

################################################################################
                     [1m Learning iteration 1409/1599 [0m                     

                       Computation: 474598 steps/s (collection: 0.205s, learning 0.071s)
             Mean action noise std: 0.07
          Mean value_function loss: 0.2421
               Mean surrogate loss: -0.0025
                 Mean entropy loss: -9.5058
                       Mean reward: 28.90
               Mean episode length: 510.81
           Episode_Reward/progress: 1.5722
              Episode_Reward/alive: 0.2647
            Episode_Reward/upright: 0.0512
     Episode_Reward/move_to_target: 0.2593
          Episode_Reward/action_l2: -0.0042
             Episode_Reward/energy: -0.2343
   Episode_Reward/joint_pos_limits: -0.1139
      Episode_Termination/time_out: 0.1287
  Episode_Termination/torso_height: 0.8713
--------------------------------------------------------------------------------
                   Total timesteps: 53870592
                    Iteration time: 0.28s
                      Time elapsed: 00:01:55
                               ETA: 00:00:53

################################################################################
                     [1m Learning iteration 1410/1599 [0m                     

                       Computation: 484952 steps/s (collection: 0.200s, learning 0.070s)
             Mean action noise std: 0.07
          Mean value_function loss: 0.2635
               Mean surrogate loss: -0.0019
                 Mean entropy loss: -9.5094
                       Mean reward: 29.71
               Mean episode length: 526.65
           Episode_Reward/progress: 1.5088
              Episode_Reward/alive: 0.2557
            Episode_Reward/upright: 0.0493
     Episode_Reward/move_to_target: 0.2502
          Episode_Reward/action_l2: -0.0041
             Episode_Reward/energy: -0.2261
   Episode_Reward/joint_pos_limits: -0.1105
      Episode_Termination/time_out: 0.1288
  Episode_Termination/torso_height: 0.8712
--------------------------------------------------------------------------------
                   Total timesteps: 54001664
                    Iteration time: 0.27s
                      Time elapsed: 00:01:55
                               ETA: 00:00:52

################################################################################
                     [1m Learning iteration 1411/1599 [0m                     

                       Computation: 465933 steps/s (collection: 0.211s, learning 0.070s)
             Mean action noise std: 0.07
          Mean value_function loss: 0.2380
               Mean surrogate loss: -0.0042
                 Mean entropy loss: -9.5300
                       Mean reward: 27.15
               Mean episode length: 480.97
           Episode_Reward/progress: 1.5306
              Episode_Reward/alive: 0.2584
            Episode_Reward/upright: 0.0500
     Episode_Reward/move_to_target: 0.2535
          Episode_Reward/action_l2: -0.0041
             Episode_Reward/energy: -0.2279
   Episode_Reward/joint_pos_limits: -0.1117
      Episode_Termination/time_out: 0.1284
  Episode_Termination/torso_height: 0.8716
--------------------------------------------------------------------------------
                   Total timesteps: 54132736
                    Iteration time: 0.28s
                      Time elapsed: 00:01:55
                               ETA: 00:00:52

################################################################################
                     [1m Learning iteration 1412/1599 [0m                     

                       Computation: 479758 steps/s (collection: 0.198s, learning 0.075s)
             Mean action noise std: 0.07
          Mean value_function loss: 0.2215
               Mean surrogate loss: -0.0020
                 Mean entropy loss: -9.5185
                       Mean reward: 31.65
               Mean episode length: 560.68
           Episode_Reward/progress: 1.6261
              Episode_Reward/alive: 0.2739
            Episode_Reward/upright: 0.0531
     Episode_Reward/move_to_target: 0.2688
          Episode_Reward/action_l2: -0.0043
             Episode_Reward/energy: -0.2407
   Episode_Reward/joint_pos_limits: -0.1181
      Episode_Termination/time_out: 0.1287
  Episode_Termination/torso_height: 0.8713
--------------------------------------------------------------------------------
                   Total timesteps: 54263808
                    Iteration time: 0.27s
                      Time elapsed: 00:01:55
                               ETA: 00:00:52

################################################################################
                     [1m Learning iteration 1413/1599 [0m                     

                       Computation: 477749 steps/s (collection: 0.203s, learning 0.071s)
             Mean action noise std: 0.07
          Mean value_function loss: 0.2243
               Mean surrogate loss: -0.0030
                 Mean entropy loss: -9.5354
                       Mean reward: 29.54
               Mean episode length: 515.24
           Episode_Reward/progress: 1.6034
              Episode_Reward/alive: 0.2677
            Episode_Reward/upright: 0.0518
     Episode_Reward/move_to_target: 0.2622
          Episode_Reward/action_l2: -0.0042
             Episode_Reward/energy: -0.2379
   Episode_Reward/joint_pos_limits: -0.1151
      Episode_Termination/time_out: 0.1298
  Episode_Termination/torso_height: 0.8702
--------------------------------------------------------------------------------
                   Total timesteps: 54394880
                    Iteration time: 0.27s
                      Time elapsed: 00:01:56
                               ETA: 00:00:52

################################################################################
                     [1m Learning iteration 1414/1599 [0m                     

                       Computation: 488370 steps/s (collection: 0.197s, learning 0.071s)
             Mean action noise std: 0.07
          Mean value_function loss: 0.2387
               Mean surrogate loss: -0.0007
                 Mean entropy loss: -9.5260
                       Mean reward: 28.50
               Mean episode length: 506.88
           Episode_Reward/progress: 1.4926
              Episode_Reward/alive: 0.2532
            Episode_Reward/upright: 0.0487
     Episode_Reward/move_to_target: 0.2467
          Episode_Reward/action_l2: -0.0040
             Episode_Reward/energy: -0.2226
   Episode_Reward/joint_pos_limits: -0.1099
      Episode_Termination/time_out: 0.1308
  Episode_Termination/torso_height: 0.8692
--------------------------------------------------------------------------------
                   Total timesteps: 54525952
                    Iteration time: 0.27s
                      Time elapsed: 00:01:56
                               ETA: 00:00:51

################################################################################
                     [1m Learning iteration 1415/1599 [0m                     

                       Computation: 483357 steps/s (collection: 0.200s, learning 0.071s)
             Mean action noise std: 0.07
          Mean value_function loss: 0.2168
               Mean surrogate loss: -0.0020
                 Mean entropy loss: -9.5540
                       Mean reward: 30.37
               Mean episode length: 534.10
           Episode_Reward/progress: 1.6129
              Episode_Reward/alive: 0.2704
            Episode_Reward/upright: 0.0524
     Episode_Reward/move_to_target: 0.2657
          Episode_Reward/action_l2: -0.0043
             Episode_Reward/energy: -0.2396
   Episode_Reward/joint_pos_limits: -0.1167
      Episode_Termination/time_out: 0.1309
  Episode_Termination/torso_height: 0.8691
--------------------------------------------------------------------------------
                   Total timesteps: 54657024
                    Iteration time: 0.27s
                      Time elapsed: 00:01:56
                               ETA: 00:00:51

################################################################################
                     [1m Learning iteration 1416/1599 [0m                     

                       Computation: 481407 steps/s (collection: 0.202s, learning 0.070s)
             Mean action noise std: 0.07
          Mean value_function loss: 0.2355
               Mean surrogate loss: -0.0025
                 Mean entropy loss: -9.5458
                       Mean reward: 30.07
               Mean episode length: 531.82
           Episode_Reward/progress: 1.5215
              Episode_Reward/alive: 0.2565
            Episode_Reward/upright: 0.0496
     Episode_Reward/move_to_target: 0.2519
          Episode_Reward/action_l2: -0.0041
             Episode_Reward/energy: -0.2278
   Episode_Reward/joint_pos_limits: -0.1116
      Episode_Termination/time_out: 0.1313
  Episode_Termination/torso_height: 0.8687
--------------------------------------------------------------------------------
                   Total timesteps: 54788096
                    Iteration time: 0.27s
                      Time elapsed: 00:01:57
                               ETA: 00:00:51

################################################################################
                     [1m Learning iteration 1417/1599 [0m                     

                       Computation: 494274 steps/s (collection: 0.195s, learning 0.070s)
             Mean action noise std: 0.07
          Mean value_function loss: 0.2341
               Mean surrogate loss: -0.0028
                 Mean entropy loss: -9.5417
                       Mean reward: 28.51
               Mean episode length: 502.60
           Episode_Reward/progress: 1.5519
              Episode_Reward/alive: 0.2632
            Episode_Reward/upright: 0.0508
     Episode_Reward/move_to_target: 0.2571
          Episode_Reward/action_l2: -0.0042
             Episode_Reward/energy: -0.2306
   Episode_Reward/joint_pos_limits: -0.1143
      Episode_Termination/time_out: 0.1317
  Episode_Termination/torso_height: 0.8683
--------------------------------------------------------------------------------
                   Total timesteps: 54919168
                    Iteration time: 0.27s
                      Time elapsed: 00:01:57
                               ETA: 00:00:50

################################################################################
                     [1m Learning iteration 1418/1599 [0m                     

                       Computation: 481931 steps/s (collection: 0.200s, learning 0.072s)
             Mean action noise std: 0.07
          Mean value_function loss: 0.2224
               Mean surrogate loss: -0.0021
                 Mean entropy loss: -9.5476
                       Mean reward: 31.39
               Mean episode length: 559.47
           Episode_Reward/progress: 1.5597
              Episode_Reward/alive: 0.2647
            Episode_Reward/upright: 0.0511
     Episode_Reward/move_to_target: 0.2578
          Episode_Reward/action_l2: -0.0042
             Episode_Reward/energy: -0.2329
   Episode_Reward/joint_pos_limits: -0.1148
      Episode_Termination/time_out: 0.1320
  Episode_Termination/torso_height: 0.8680
--------------------------------------------------------------------------------
                   Total timesteps: 55050240
                    Iteration time: 0.27s
                      Time elapsed: 00:01:57
                               ETA: 00:00:50

################################################################################
                     [1m Learning iteration 1419/1599 [0m                     

                       Computation: 492133 steps/s (collection: 0.196s, learning 0.071s)
             Mean action noise std: 0.07
          Mean value_function loss: 0.2408
               Mean surrogate loss: -0.0028
                 Mean entropy loss: -9.5807
                       Mean reward: 28.69
               Mean episode length: 505.14
           Episode_Reward/progress: 1.5297
              Episode_Reward/alive: 0.2580
            Episode_Reward/upright: 0.0498
     Episode_Reward/move_to_target: 0.2527
          Episode_Reward/action_l2: -0.0041
             Episode_Reward/energy: -0.2281
   Episode_Reward/joint_pos_limits: -0.1117
      Episode_Termination/time_out: 0.1314
  Episode_Termination/torso_height: 0.8686
--------------------------------------------------------------------------------
                   Total timesteps: 55181312
                    Iteration time: 0.27s
                      Time elapsed: 00:01:57
                               ETA: 00:00:50

################################################################################
                     [1m Learning iteration 1420/1599 [0m                     

                       Computation: 465792 steps/s (collection: 0.211s, learning 0.070s)
             Mean action noise std: 0.07
          Mean value_function loss: 0.2252
               Mean surrogate loss: -0.0020
                 Mean entropy loss: -9.5521
                       Mean reward: 28.16
               Mean episode length: 494.21
           Episode_Reward/progress: 1.5400
              Episode_Reward/alive: 0.2587
            Episode_Reward/upright: 0.0503
     Episode_Reward/move_to_target: 0.2535
          Episode_Reward/action_l2: -0.0041
             Episode_Reward/energy: -0.2273
   Episode_Reward/joint_pos_limits: -0.1126
      Episode_Termination/time_out: 0.1318
  Episode_Termination/torso_height: 0.8682
--------------------------------------------------------------------------------
                   Total timesteps: 55312384
                    Iteration time: 0.28s
                      Time elapsed: 00:01:58
                               ETA: 00:00:50

################################################################################
                     [1m Learning iteration 1421/1599 [0m                     

                       Computation: 491872 steps/s (collection: 0.196s, learning 0.071s)
             Mean action noise std: 0.07
          Mean value_function loss: 0.2444
               Mean surrogate loss: -0.0019
                 Mean entropy loss: -9.5626
                       Mean reward: 28.66
               Mean episode length: 512.56
           Episode_Reward/progress: 1.5595
              Episode_Reward/alive: 0.2626
            Episode_Reward/upright: 0.0508
     Episode_Reward/move_to_target: 0.2571
          Episode_Reward/action_l2: -0.0042
             Episode_Reward/energy: -0.2323
   Episode_Reward/joint_pos_limits: -0.1136
      Episode_Termination/time_out: 0.1326
  Episode_Termination/torso_height: 0.8674
--------------------------------------------------------------------------------
                   Total timesteps: 55443456
                    Iteration time: 0.27s
                      Time elapsed: 00:01:58
                               ETA: 00:00:49

################################################################################
                     [1m Learning iteration 1422/1599 [0m                     

                       Computation: 489519 steps/s (collection: 0.197s, learning 0.071s)
             Mean action noise std: 0.07
          Mean value_function loss: 0.2325
               Mean surrogate loss: -0.0026
                 Mean entropy loss: -9.5478
                       Mean reward: 26.63
               Mean episode length: 479.49
           Episode_Reward/progress: 1.6061
              Episode_Reward/alive: 0.2726
            Episode_Reward/upright: 0.0527
     Episode_Reward/move_to_target: 0.2672
          Episode_Reward/action_l2: -0.0044
             Episode_Reward/energy: -0.2427
   Episode_Reward/joint_pos_limits: -0.1180
      Episode_Termination/time_out: 0.1338
  Episode_Termination/torso_height: 0.8662
--------------------------------------------------------------------------------
                   Total timesteps: 55574528
                    Iteration time: 0.27s
                      Time elapsed: 00:01:58
                               ETA: 00:00:49

################################################################################
                     [1m Learning iteration 1423/1599 [0m                     

                       Computation: 484289 steps/s (collection: 0.196s, learning 0.075s)
             Mean action noise std: 0.07
          Mean value_function loss: 0.2580
               Mean surrogate loss: -0.0018
                 Mean entropy loss: -9.5475
                       Mean reward: 32.61
               Mean episode length: 577.16
           Episode_Reward/progress: 1.6403
              Episode_Reward/alive: 0.2771
            Episode_Reward/upright: 0.0537
     Episode_Reward/move_to_target: 0.2715
          Episode_Reward/action_l2: -0.0044
             Episode_Reward/energy: -0.2454
   Episode_Reward/joint_pos_limits: -0.1195
      Episode_Termination/time_out: 0.1350
  Episode_Termination/torso_height: 0.8650
--------------------------------------------------------------------------------
                   Total timesteps: 55705600
                    Iteration time: 0.27s
                      Time elapsed: 00:01:58
                               ETA: 00:00:49

################################################################################
                     [1m Learning iteration 1424/1599 [0m                     

                       Computation: 491390 steps/s (collection: 0.196s, learning 0.070s)
             Mean action noise std: 0.07
          Mean value_function loss: 0.2167
               Mean surrogate loss: -0.0015
                 Mean entropy loss: -9.5325
                       Mean reward: 25.95
               Mean episode length: 471.77
           Episode_Reward/progress: 1.4445
              Episode_Reward/alive: 0.2455
            Episode_Reward/upright: 0.0471
     Episode_Reward/move_to_target: 0.2395
          Episode_Reward/action_l2: -0.0040
             Episode_Reward/energy: -0.2177
   Episode_Reward/joint_pos_limits: -0.1066
      Episode_Termination/time_out: 0.1354
  Episode_Termination/torso_height: 0.8646
--------------------------------------------------------------------------------
                   Total timesteps: 55836672
                    Iteration time: 0.27s
                      Time elapsed: 00:01:59
                               ETA: 00:00:48

################################################################################
                     [1m Learning iteration 1425/1599 [0m                     

                       Computation: 486429 steps/s (collection: 0.199s, learning 0.071s)
             Mean action noise std: 0.07
          Mean value_function loss: 0.2400
               Mean surrogate loss: -0.0029
                 Mean entropy loss: -9.5276
                       Mean reward: 28.08
               Mean episode length: 502.74
           Episode_Reward/progress: 1.5050
              Episode_Reward/alive: 0.2541
            Episode_Reward/upright: 0.0493
     Episode_Reward/move_to_target: 0.2498
          Episode_Reward/action_l2: -0.0041
             Episode_Reward/energy: -0.2282
   Episode_Reward/joint_pos_limits: -0.1096
      Episode_Termination/time_out: 0.1361
  Episode_Termination/torso_height: 0.8639
--------------------------------------------------------------------------------
                   Total timesteps: 55967744
                    Iteration time: 0.27s
                      Time elapsed: 00:01:59
                               ETA: 00:00:48

################################################################################
                     [1m Learning iteration 1426/1599 [0m                     

                       Computation: 490257 steps/s (collection: 0.196s, learning 0.071s)
             Mean action noise std: 0.07
          Mean value_function loss: 0.2282
               Mean surrogate loss: -0.0017
                 Mean entropy loss: -9.5170
                       Mean reward: 27.18
               Mean episode length: 484.13
           Episode_Reward/progress: 1.5322
              Episode_Reward/alive: 0.2578
            Episode_Reward/upright: 0.0499
     Episode_Reward/move_to_target: 0.2527
          Episode_Reward/action_l2: -0.0041
             Episode_Reward/energy: -0.2291
   Episode_Reward/joint_pos_limits: -0.1115
      Episode_Termination/time_out: 0.1365
  Episode_Termination/torso_height: 0.8635
--------------------------------------------------------------------------------
                   Total timesteps: 56098816
                    Iteration time: 0.27s
                      Time elapsed: 00:01:59
                               ETA: 00:00:48

################################################################################
                     [1m Learning iteration 1427/1599 [0m                     

                       Computation: 459680 steps/s (collection: 0.210s, learning 0.076s)
             Mean action noise std: 0.07
          Mean value_function loss: 0.2332
               Mean surrogate loss: -0.0033
                 Mean entropy loss: -9.5169
                       Mean reward: 26.78
               Mean episode length: 471.77
           Episode_Reward/progress: 1.5630
              Episode_Reward/alive: 0.2633
            Episode_Reward/upright: 0.0506
     Episode_Reward/move_to_target: 0.2571
          Episode_Reward/action_l2: -0.0042
             Episode_Reward/energy: -0.2323
   Episode_Reward/joint_pos_limits: -0.1140
      Episode_Termination/time_out: 0.1365
  Episode_Termination/torso_height: 0.8635
--------------------------------------------------------------------------------
                   Total timesteps: 56229888
                    Iteration time: 0.29s
                      Time elapsed: 00:01:59
                               ETA: 00:00:48

################################################################################
                     [1m Learning iteration 1428/1599 [0m                     

                       Computation: 489335 steps/s (collection: 0.197s, learning 0.071s)
             Mean action noise std: 0.07
          Mean value_function loss: 0.2020
               Mean surrogate loss: -0.0026
                 Mean entropy loss: -9.5216
                       Mean reward: 29.15
               Mean episode length: 519.59
           Episode_Reward/progress: 1.5876
              Episode_Reward/alive: 0.2702
            Episode_Reward/upright: 0.0520
     Episode_Reward/move_to_target: 0.2646
          Episode_Reward/action_l2: -0.0042
             Episode_Reward/energy: -0.2309
   Episode_Reward/joint_pos_limits: -0.1169
      Episode_Termination/time_out: 0.1354
  Episode_Termination/torso_height: 0.8646
--------------------------------------------------------------------------------
                   Total timesteps: 56360960
                    Iteration time: 0.27s
                      Time elapsed: 00:02:00
                               ETA: 00:00:47

################################################################################
                     [1m Learning iteration 1429/1599 [0m                     

                       Computation: 491321 steps/s (collection: 0.195s, learning 0.072s)
             Mean action noise std: 0.07
          Mean value_function loss: 0.2162
               Mean surrogate loss: -0.0036
                 Mean entropy loss: -9.5143
                       Mean reward: 25.97
               Mean episode length: 467.43
           Episode_Reward/progress: 1.5344
              Episode_Reward/alive: 0.2613
            Episode_Reward/upright: 0.0502
     Episode_Reward/move_to_target: 0.2554
          Episode_Reward/action_l2: -0.0041
             Episode_Reward/energy: -0.2299
   Episode_Reward/joint_pos_limits: -0.1133
      Episode_Termination/time_out: 0.1349
  Episode_Termination/torso_height: 0.8651
--------------------------------------------------------------------------------
                   Total timesteps: 56492032
                    Iteration time: 0.27s
                      Time elapsed: 00:02:00
                               ETA: 00:00:47

################################################################################
                     [1m Learning iteration 1430/1599 [0m                     

                       Computation: 492595 steps/s (collection: 0.195s, learning 0.071s)
             Mean action noise std: 0.07
          Mean value_function loss: 0.2371
               Mean surrogate loss: -0.0025
                 Mean entropy loss: -9.5094
                       Mean reward: 29.48
               Mean episode length: 528.76
           Episode_Reward/progress: 1.5901
              Episode_Reward/alive: 0.2691
            Episode_Reward/upright: 0.0520
     Episode_Reward/move_to_target: 0.2634
          Episode_Reward/action_l2: -0.0043
             Episode_Reward/energy: -0.2418
   Episode_Reward/joint_pos_limits: -0.1159
      Episode_Termination/time_out: 0.1343
  Episode_Termination/torso_height: 0.8657
--------------------------------------------------------------------------------
                   Total timesteps: 56623104
                    Iteration time: 0.27s
                      Time elapsed: 00:02:00
                               ETA: 00:00:47

################################################################################
                     [1m Learning iteration 1431/1599 [0m                     

                       Computation: 482622 steps/s (collection: 0.201s, learning 0.070s)
             Mean action noise std: 0.07
          Mean value_function loss: 0.2193
               Mean surrogate loss: 0.0012
                 Mean entropy loss: -9.4967
                       Mean reward: 26.25
               Mean episode length: 472.69
           Episode_Reward/progress: 1.5717
              Episode_Reward/alive: 0.2669
            Episode_Reward/upright: 0.0513
     Episode_Reward/move_to_target: 0.2604
          Episode_Reward/action_l2: -0.0042
             Episode_Reward/energy: -0.2359
   Episode_Reward/joint_pos_limits: -0.1152
      Episode_Termination/time_out: 0.1349
  Episode_Termination/torso_height: 0.8651
--------------------------------------------------------------------------------
                   Total timesteps: 56754176
                    Iteration time: 0.27s
                      Time elapsed: 00:02:01
                               ETA: 00:00:46

################################################################################
                     [1m Learning iteration 1432/1599 [0m                     

                       Computation: 479092 steps/s (collection: 0.203s, learning 0.071s)
             Mean action noise std: 0.07
          Mean value_function loss: 0.2400
               Mean surrogate loss: -0.0032
                 Mean entropy loss: -9.5159
                       Mean reward: 26.57
               Mean episode length: 480.32
           Episode_Reward/progress: 1.5225
              Episode_Reward/alive: 0.2598
            Episode_Reward/upright: 0.0502
     Episode_Reward/move_to_target: 0.2545
          Episode_Reward/action_l2: -0.0042
             Episode_Reward/energy: -0.2315
   Episode_Reward/joint_pos_limits: -0.1127
      Episode_Termination/time_out: 0.1358
  Episode_Termination/torso_height: 0.8642
--------------------------------------------------------------------------------
                   Total timesteps: 56885248
                    Iteration time: 0.27s
                      Time elapsed: 00:02:01
                               ETA: 00:00:46

################################################################################
                     [1m Learning iteration 1433/1599 [0m                     

                       Computation: 487740 steps/s (collection: 0.197s, learning 0.072s)
             Mean action noise std: 0.07
          Mean value_function loss: 0.2452
               Mean surrogate loss: -0.0041
                 Mean entropy loss: -9.5130
                       Mean reward: 28.93
               Mean episode length: 516.31
           Episode_Reward/progress: 1.5067
              Episode_Reward/alive: 0.2562
            Episode_Reward/upright: 0.0496
     Episode_Reward/move_to_target: 0.2521
          Episode_Reward/action_l2: -0.0041
             Episode_Reward/energy: -0.2274
   Episode_Reward/joint_pos_limits: -0.1104
      Episode_Termination/time_out: 0.1360
  Episode_Termination/torso_height: 0.8640
--------------------------------------------------------------------------------
                   Total timesteps: 57016320
                    Iteration time: 0.27s
                      Time elapsed: 00:02:01
                               ETA: 00:00:46

################################################################################
                     [1m Learning iteration 1434/1599 [0m                     

                       Computation: 477898 steps/s (collection: 0.199s, learning 0.075s)
             Mean action noise std: 0.07
          Mean value_function loss: 0.2336
               Mean surrogate loss: -0.0027
                 Mean entropy loss: -9.5392
                       Mean reward: 31.39
               Mean episode length: 558.44
           Episode_Reward/progress: 1.6731
              Episode_Reward/alive: 0.2845
            Episode_Reward/upright: 0.0549
     Episode_Reward/move_to_target: 0.2779
          Episode_Reward/action_l2: -0.0046
             Episode_Reward/energy: -0.2543
   Episode_Reward/joint_pos_limits: -0.1232
      Episode_Termination/time_out: 0.1365
  Episode_Termination/torso_height: 0.8635
--------------------------------------------------------------------------------
                   Total timesteps: 57147392
                    Iteration time: 0.27s
                      Time elapsed: 00:02:01
                               ETA: 00:00:46

################################################################################
                     [1m Learning iteration 1435/1599 [0m                     

                       Computation: 473224 steps/s (collection: 0.206s, learning 0.071s)
             Mean action noise std: 0.07
          Mean value_function loss: 0.2576
               Mean surrogate loss: -0.0014
                 Mean entropy loss: -9.5346
                       Mean reward: 28.15
               Mean episode length: 499.59
           Episode_Reward/progress: 1.5583
              Episode_Reward/alive: 0.2624
            Episode_Reward/upright: 0.0507
     Episode_Reward/move_to_target: 0.2580
          Episode_Reward/action_l2: -0.0041
             Episode_Reward/energy: -0.2324
   Episode_Reward/joint_pos_limits: -0.1130
      Episode_Termination/time_out: 0.1374
  Episode_Termination/torso_height: 0.8626
--------------------------------------------------------------------------------
                   Total timesteps: 57278464
                    Iteration time: 0.28s
                      Time elapsed: 00:02:02
                               ETA: 00:00:45

################################################################################
                     [1m Learning iteration 1436/1599 [0m                     

                       Computation: 487502 steps/s (collection: 0.197s, learning 0.072s)
             Mean action noise std: 0.07
          Mean value_function loss: 0.2294
               Mean surrogate loss: -0.0019
                 Mean entropy loss: -9.5423
                       Mean reward: 28.71
               Mean episode length: 510.57
           Episode_Reward/progress: 1.5379
              Episode_Reward/alive: 0.2593
            Episode_Reward/upright: 0.0499
     Episode_Reward/move_to_target: 0.2542
          Episode_Reward/action_l2: -0.0041
             Episode_Reward/energy: -0.2301
   Episode_Reward/joint_pos_limits: -0.1119
      Episode_Termination/time_out: 0.1371
  Episode_Termination/torso_height: 0.8629
--------------------------------------------------------------------------------
                   Total timesteps: 57409536
                    Iteration time: 0.27s
                      Time elapsed: 00:02:02
                               ETA: 00:00:45

################################################################################
                     [1m Learning iteration 1437/1599 [0m                     

                       Computation: 480414 steps/s (collection: 0.202s, learning 0.071s)
             Mean action noise std: 0.07
          Mean value_function loss: 0.2133
               Mean surrogate loss: -0.0018
                 Mean entropy loss: -9.5530
                       Mean reward: 25.67
               Mean episode length: 466.13
           Episode_Reward/progress: 1.5048
              Episode_Reward/alive: 0.2554
            Episode_Reward/upright: 0.0491
     Episode_Reward/move_to_target: 0.2481
          Episode_Reward/action_l2: -0.0041
             Episode_Reward/energy: -0.2313
   Episode_Reward/joint_pos_limits: -0.1107
      Episode_Termination/time_out: 0.1373
  Episode_Termination/torso_height: 0.8627
--------------------------------------------------------------------------------
                   Total timesteps: 57540608
                    Iteration time: 0.27s
                      Time elapsed: 00:02:02
                               ETA: 00:00:45

################################################################################
                     [1m Learning iteration 1438/1599 [0m                     

                       Computation: 477921 steps/s (collection: 0.204s, learning 0.071s)
             Mean action noise std: 0.07
          Mean value_function loss: 0.2368
               Mean surrogate loss: -0.0014
                 Mean entropy loss: -9.5439
                       Mean reward: 27.44
               Mean episode length: 487.72
           Episode_Reward/progress: 1.5247
              Episode_Reward/alive: 0.2591
            Episode_Reward/upright: 0.0498
     Episode_Reward/move_to_target: 0.2532
          Episode_Reward/action_l2: -0.0041
             Episode_Reward/energy: -0.2295
   Episode_Reward/joint_pos_limits: -0.1120
      Episode_Termination/time_out: 0.1371
  Episode_Termination/torso_height: 0.8629
--------------------------------------------------------------------------------
                   Total timesteps: 57671680
                    Iteration time: 0.27s
                      Time elapsed: 00:02:02
                               ETA: 00:00:44

################################################################################
                     [1m Learning iteration 1439/1599 [0m                     

                       Computation: 484602 steps/s (collection: 0.198s, learning 0.072s)
             Mean action noise std: 0.07
          Mean value_function loss: 0.2212
               Mean surrogate loss: -0.0017
                 Mean entropy loss: -9.5427
                       Mean reward: 29.95
               Mean episode length: 534.47
           Episode_Reward/progress: 1.5964
              Episode_Reward/alive: 0.2720
            Episode_Reward/upright: 0.0524
     Episode_Reward/move_to_target: 0.2647
          Episode_Reward/action_l2: -0.0043
             Episode_Reward/energy: -0.2406
   Episode_Reward/joint_pos_limits: -0.1175
      Episode_Termination/time_out: 0.1368
  Episode_Termination/torso_height: 0.8632
--------------------------------------------------------------------------------
                   Total timesteps: 57802752
                    Iteration time: 0.27s
                      Time elapsed: 00:02:03
                               ETA: 00:00:44

################################################################################
                     [1m Learning iteration 1440/1599 [0m                     

                       Computation: 487259 steps/s (collection: 0.198s, learning 0.071s)
             Mean action noise std: 0.07
          Mean value_function loss: 0.2609
               Mean surrogate loss: 0.0001
                 Mean entropy loss: -9.5293
                       Mean reward: 30.74
               Mean episode length: 544.19
           Episode_Reward/progress: 1.5274
              Episode_Reward/alive: 0.2593
            Episode_Reward/upright: 0.0499
     Episode_Reward/move_to_target: 0.2534
          Episode_Reward/action_l2: -0.0042
             Episode_Reward/energy: -0.2324
   Episode_Reward/joint_pos_limits: -0.1124
      Episode_Termination/time_out: 0.1368
  Episode_Termination/torso_height: 0.8632
--------------------------------------------------------------------------------
                   Total timesteps: 57933824
                    Iteration time: 0.27s
                      Time elapsed: 00:02:03
                               ETA: 00:00:44

################################################################################
                     [1m Learning iteration 1441/1599 [0m                     

                       Computation: 484086 steps/s (collection: 0.200s, learning 0.070s)
             Mean action noise std: 0.07
          Mean value_function loss: 0.2216
               Mean surrogate loss: -0.0039
                 Mean entropy loss: -9.5459
                       Mean reward: 30.04
               Mean episode length: 532.19
           Episode_Reward/progress: 1.5975
              Episode_Reward/alive: 0.2694
            Episode_Reward/upright: 0.0523
     Episode_Reward/move_to_target: 0.2648
          Episode_Reward/action_l2: -0.0043
             Episode_Reward/energy: -0.2395
   Episode_Reward/joint_pos_limits: -0.1161
      Episode_Termination/time_out: 0.1374
  Episode_Termination/torso_height: 0.8626
--------------------------------------------------------------------------------
                   Total timesteps: 58064896
                    Iteration time: 0.27s
                      Time elapsed: 00:02:03
                               ETA: 00:00:44

################################################################################
                     [1m Learning iteration 1442/1599 [0m                     

                       Computation: 452179 steps/s (collection: 0.219s, learning 0.071s)
             Mean action noise std: 0.07
          Mean value_function loss: 0.2499
               Mean surrogate loss: -0.0030
                 Mean entropy loss: -9.5528
                       Mean reward: 26.13
               Mean episode length: 470.84
           Episode_Reward/progress: 1.5451
              Episode_Reward/alive: 0.2628
            Episode_Reward/upright: 0.0505
     Episode_Reward/move_to_target: 0.2567
          Episode_Reward/action_l2: -0.0042
             Episode_Reward/energy: -0.2301
   Episode_Reward/joint_pos_limits: -0.1137
      Episode_Termination/time_out: 0.1377
  Episode_Termination/torso_height: 0.8623
--------------------------------------------------------------------------------
                   Total timesteps: 58195968
                    Iteration time: 0.29s
                      Time elapsed: 00:02:04
                               ETA: 00:00:43

################################################################################
                     [1m Learning iteration 1443/1599 [0m                     

                       Computation: 477981 steps/s (collection: 0.202s, learning 0.072s)
             Mean action noise std: 0.07
          Mean value_function loss: 0.2194
               Mean surrogate loss: -0.0026
                 Mean entropy loss: -9.5542
                       Mean reward: 27.75
               Mean episode length: 498.00
           Episode_Reward/progress: 1.4845
              Episode_Reward/alive: 0.2548
            Episode_Reward/upright: 0.0491
     Episode_Reward/move_to_target: 0.2483
          Episode_Reward/action_l2: -0.0040
             Episode_Reward/energy: -0.2259
   Episode_Reward/joint_pos_limits: -0.1100
      Episode_Termination/time_out: 0.1380
  Episode_Termination/torso_height: 0.8620
--------------------------------------------------------------------------------
                   Total timesteps: 58327040
                    Iteration time: 0.27s
                      Time elapsed: 00:02:04
                               ETA: 00:00:43

################################################################################
                     [1m Learning iteration 1444/1599 [0m                     

                       Computation: 489881 steps/s (collection: 0.197s, learning 0.071s)
             Mean action noise std: 0.07
          Mean value_function loss: 0.2256
               Mean surrogate loss: -0.0024
                 Mean entropy loss: -9.5489
                       Mean reward: 27.21
               Mean episode length: 490.54
           Episode_Reward/progress: 1.5148
              Episode_Reward/alive: 0.2577
            Episode_Reward/upright: 0.0496
     Episode_Reward/move_to_target: 0.2515
          Episode_Reward/action_l2: -0.0042
             Episode_Reward/energy: -0.2311
   Episode_Reward/joint_pos_limits: -0.1115
      Episode_Termination/time_out: 0.1383
  Episode_Termination/torso_height: 0.8617
--------------------------------------------------------------------------------
                   Total timesteps: 58458112
                    Iteration time: 0.27s
                      Time elapsed: 00:02:04
                               ETA: 00:00:43

################################################################################
                     [1m Learning iteration 1445/1599 [0m                     

                       Computation: 481480 steps/s (collection: 0.197s, learning 0.075s)
             Mean action noise std: 0.07
          Mean value_function loss: 0.2289
               Mean surrogate loss: -0.0026
                 Mean entropy loss: -9.5371
                       Mean reward: 28.32
               Mean episode length: 507.90
           Episode_Reward/progress: 1.5874
              Episode_Reward/alive: 0.2681
            Episode_Reward/upright: 0.0516
     Episode_Reward/move_to_target: 0.2614
          Episode_Reward/action_l2: -0.0043
             Episode_Reward/energy: -0.2423
   Episode_Reward/joint_pos_limits: -0.1160
      Episode_Termination/time_out: 0.1385
  Episode_Termination/torso_height: 0.8615
--------------------------------------------------------------------------------
                   Total timesteps: 58589184
                    Iteration time: 0.27s
                      Time elapsed: 00:02:04
                               ETA: 00:00:43

################################################################################
                     [1m Learning iteration 1446/1599 [0m                     

                       Computation: 492779 steps/s (collection: 0.195s, learning 0.071s)
             Mean action noise std: 0.07
          Mean value_function loss: 0.2362
               Mean surrogate loss: -0.0020
                 Mean entropy loss: -9.5222
                       Mean reward: 31.89
               Mean episode length: 567.25
           Episode_Reward/progress: 1.6267
              Episode_Reward/alive: 0.2747
            Episode_Reward/upright: 0.0531
     Episode_Reward/move_to_target: 0.2683
          Episode_Reward/action_l2: -0.0044
             Episode_Reward/energy: -0.2488
   Episode_Reward/joint_pos_limits: -0.1180
      Episode_Termination/time_out: 0.1382
  Episode_Termination/torso_height: 0.8618
--------------------------------------------------------------------------------
                   Total timesteps: 58720256
                    Iteration time: 0.27s
                      Time elapsed: 00:02:05
                               ETA: 00:00:42

################################################################################
                     [1m Learning iteration 1447/1599 [0m                     

                       Computation: 490785 steps/s (collection: 0.196s, learning 0.071s)
             Mean action noise std: 0.07
          Mean value_function loss: 0.2381
               Mean surrogate loss: -0.0029
                 Mean entropy loss: -9.5253
                       Mean reward: 29.37
               Mean episode length: 525.34
           Episode_Reward/progress: 1.5718
              Episode_Reward/alive: 0.2657
            Episode_Reward/upright: 0.0512
     Episode_Reward/move_to_target: 0.2602
          Episode_Reward/action_l2: -0.0042
             Episode_Reward/energy: -0.2361
   Episode_Reward/joint_pos_limits: -0.1153
      Episode_Termination/time_out: 0.1379
  Episode_Termination/torso_height: 0.8621
--------------------------------------------------------------------------------
                   Total timesteps: 58851328
                    Iteration time: 0.27s
                      Time elapsed: 00:02:05
                               ETA: 00:00:42

################################################################################
                     [1m Learning iteration 1448/1599 [0m                     

                       Computation: 488185 steps/s (collection: 0.196s, learning 0.072s)
             Mean action noise std: 0.07
          Mean value_function loss: 0.2366
               Mean surrogate loss: -0.0025
                 Mean entropy loss: -9.5130
                       Mean reward: 28.66
               Mean episode length: 509.51
           Episode_Reward/progress: 1.5279
              Episode_Reward/alive: 0.2593
            Episode_Reward/upright: 0.0499
     Episode_Reward/move_to_target: 0.2544
          Episode_Reward/action_l2: -0.0041
             Episode_Reward/energy: -0.2294
   Episode_Reward/joint_pos_limits: -0.1119
      Episode_Termination/time_out: 0.1373
  Episode_Termination/torso_height: 0.8627
--------------------------------------------------------------------------------
                   Total timesteps: 58982400
                    Iteration time: 0.27s
                      Time elapsed: 00:02:05
                               ETA: 00:00:42

################################################################################
                     [1m Learning iteration 1449/1599 [0m                     

                       Computation: 460843 steps/s (collection: 0.212s, learning 0.072s)
             Mean action noise std: 0.07
          Mean value_function loss: 0.2647
               Mean surrogate loss: -0.0028
                 Mean entropy loss: -9.5218
                       Mean reward: 29.27
               Mean episode length: 520.59
           Episode_Reward/progress: 1.5428
              Episode_Reward/alive: 0.2622
            Episode_Reward/upright: 0.0505
     Episode_Reward/move_to_target: 0.2568
          Episode_Reward/action_l2: -0.0042
             Episode_Reward/energy: -0.2370
   Episode_Reward/joint_pos_limits: -0.1125
      Episode_Termination/time_out: 0.1372
  Episode_Termination/torso_height: 0.8628
--------------------------------------------------------------------------------
                   Total timesteps: 59113472
                    Iteration time: 0.28s
                      Time elapsed: 00:02:05
                               ETA: 00:00:41

################################################################################
                     [1m Learning iteration 1450/1599 [0m                     

                       Computation: 489495 steps/s (collection: 0.196s, learning 0.072s)
             Mean action noise std: 0.07
          Mean value_function loss: 0.2104
               Mean surrogate loss: -0.0023
                 Mean entropy loss: -9.5402
                       Mean reward: 26.90
               Mean episode length: 476.79
           Episode_Reward/progress: 1.5613
              Episode_Reward/alive: 0.2639
            Episode_Reward/upright: 0.0510
     Episode_Reward/move_to_target: 0.2603
          Episode_Reward/action_l2: -0.0042
             Episode_Reward/energy: -0.2354
   Episode_Reward/joint_pos_limits: -0.1135
      Episode_Termination/time_out: 0.1373
  Episode_Termination/torso_height: 0.8627
--------------------------------------------------------------------------------
                   Total timesteps: 59244544
                    Iteration time: 0.27s
                      Time elapsed: 00:02:06
                               ETA: 00:00:41

################################################################################
                     [1m Learning iteration 1451/1599 [0m                     

                       Computation: 483762 steps/s (collection: 0.200s, learning 0.071s)
             Mean action noise std: 0.07
          Mean value_function loss: 0.2254
               Mean surrogate loss: -0.0021
                 Mean entropy loss: -9.5451
                       Mean reward: 28.79
               Mean episode length: 516.27
           Episode_Reward/progress: 1.4859
              Episode_Reward/alive: 0.2525
            Episode_Reward/upright: 0.0486
     Episode_Reward/move_to_target: 0.2455
          Episode_Reward/action_l2: -0.0041
             Episode_Reward/energy: -0.2259
   Episode_Reward/joint_pos_limits: -0.1093
      Episode_Termination/time_out: 0.1363
  Episode_Termination/torso_height: 0.8637
--------------------------------------------------------------------------------
                   Total timesteps: 59375616
                    Iteration time: 0.27s
                      Time elapsed: 00:02:06
                               ETA: 00:00:41

################################################################################
                     [1m Learning iteration 1452/1599 [0m                     

                       Computation: 489364 steps/s (collection: 0.197s, learning 0.071s)
             Mean action noise std: 0.07
          Mean value_function loss: 0.2428
               Mean surrogate loss: -0.0034
                 Mean entropy loss: -9.5558
                       Mean reward: 27.79
               Mean episode length: 496.39
           Episode_Reward/progress: 1.6065
              Episode_Reward/alive: 0.2716
            Episode_Reward/upright: 0.0524
     Episode_Reward/move_to_target: 0.2659
          Episode_Reward/action_l2: -0.0043
             Episode_Reward/energy: -0.2433
   Episode_Reward/joint_pos_limits: -0.1172
      Episode_Termination/time_out: 0.1355
  Episode_Termination/torso_height: 0.8645
--------------------------------------------------------------------------------
                   Total timesteps: 59506688
                    Iteration time: 0.27s
                      Time elapsed: 00:02:06
                               ETA: 00:00:41

################################################################################
                     [1m Learning iteration 1453/1599 [0m                     

                       Computation: 483017 steps/s (collection: 0.201s, learning 0.070s)
             Mean action noise std: 0.07
          Mean value_function loss: 0.2338
               Mean surrogate loss: -0.0029
                 Mean entropy loss: -9.5646
                       Mean reward: 31.71
               Mean episode length: 566.08
           Episode_Reward/progress: 1.5807
              Episode_Reward/alive: 0.2678
            Episode_Reward/upright: 0.0517
     Episode_Reward/move_to_target: 0.2621
          Episode_Reward/action_l2: -0.0043
             Episode_Reward/energy: -0.2403
   Episode_Reward/joint_pos_limits: -0.1155
      Episode_Termination/time_out: 0.1352
  Episode_Termination/torso_height: 0.8648
--------------------------------------------------------------------------------
                   Total timesteps: 59637760
                    Iteration time: 0.27s
                      Time elapsed: 00:02:07
                               ETA: 00:00:40

################################################################################
                     [1m Learning iteration 1454/1599 [0m                     

                       Computation: 492750 steps/s (collection: 0.195s, learning 0.071s)
             Mean action noise std: 0.07
          Mean value_function loss: 0.2430
               Mean surrogate loss: -0.0026
                 Mean entropy loss: -9.5743
                       Mean reward: 26.31
               Mean episode length: 468.62
           Episode_Reward/progress: 1.5417
              Episode_Reward/alive: 0.2590
            Episode_Reward/upright: 0.0500
     Episode_Reward/move_to_target: 0.2535
          Episode_Reward/action_l2: -0.0042
             Episode_Reward/energy: -0.2352
   Episode_Reward/joint_pos_limits: -0.1119
      Episode_Termination/time_out: 0.1339
  Episode_Termination/torso_height: 0.8661
--------------------------------------------------------------------------------
                   Total timesteps: 59768832
                    Iteration time: 0.27s
                      Time elapsed: 00:02:07
                               ETA: 00:00:40

################################################################################
                     [1m Learning iteration 1455/1599 [0m                     

                       Computation: 492510 steps/s (collection: 0.196s, learning 0.071s)
             Mean action noise std: 0.07
          Mean value_function loss: 0.2243
               Mean surrogate loss: -0.0004
                 Mean entropy loss: -9.5619
                       Mean reward: 26.60
               Mean episode length: 477.20
           Episode_Reward/progress: 1.4852
              Episode_Reward/alive: 0.2513
            Episode_Reward/upright: 0.0484
     Episode_Reward/move_to_target: 0.2452
          Episode_Reward/action_l2: -0.0040
             Episode_Reward/energy: -0.2260
   Episode_Reward/joint_pos_limits: -0.1085
      Episode_Termination/time_out: 0.1326
  Episode_Termination/torso_height: 0.8674
--------------------------------------------------------------------------------
                   Total timesteps: 59899904
                    Iteration time: 0.27s
                      Time elapsed: 00:02:07
                               ETA: 00:00:40

################################################################################
                     [1m Learning iteration 1456/1599 [0m                     

                       Computation: 467096 steps/s (collection: 0.196s, learning 0.085s)
             Mean action noise std: 0.07
          Mean value_function loss: 0.2152
               Mean surrogate loss: -0.0034
                 Mean entropy loss: -9.5522
                       Mean reward: 27.57
               Mean episode length: 490.93
           Episode_Reward/progress: 1.5965
              Episode_Reward/alive: 0.2695
            Episode_Reward/upright: 0.0522
     Episode_Reward/move_to_target: 0.2649
          Episode_Reward/action_l2: -0.0042
             Episode_Reward/energy: -0.2397
   Episode_Reward/joint_pos_limits: -0.1156
      Episode_Termination/time_out: 0.1324
  Episode_Termination/torso_height: 0.8676
--------------------------------------------------------------------------------
                   Total timesteps: 60030976
                    Iteration time: 0.28s
                      Time elapsed: 00:02:07
                               ETA: 00:00:39

################################################################################
                     [1m Learning iteration 1457/1599 [0m                     

                       Computation: 476763 steps/s (collection: 0.201s, learning 0.073s)
             Mean action noise std: 0.07
          Mean value_function loss: 0.2418
               Mean surrogate loss: -0.0022
                 Mean entropy loss: -9.5833
                       Mean reward: 28.14
               Mean episode length: 499.50
           Episode_Reward/progress: 1.5302
              Episode_Reward/alive: 0.2588
            Episode_Reward/upright: 0.0500
     Episode_Reward/move_to_target: 0.2537
          Episode_Reward/action_l2: -0.0041
             Episode_Reward/energy: -0.2283
   Episode_Reward/joint_pos_limits: -0.1114
      Episode_Termination/time_out: 0.1320
  Episode_Termination/torso_height: 0.8680
--------------------------------------------------------------------------------
                   Total timesteps: 60162048
                    Iteration time: 0.27s
                      Time elapsed: 00:02:08
                               ETA: 00:00:39

################################################################################
                     [1m Learning iteration 1458/1599 [0m                     

                       Computation: 493444 steps/s (collection: 0.195s, learning 0.071s)
             Mean action noise std: 0.07
          Mean value_function loss: 0.2558
               Mean surrogate loss: -0.0016
                 Mean entropy loss: -9.5920
                       Mean reward: 28.88
               Mean episode length: 510.43
           Episode_Reward/progress: 1.5514
              Episode_Reward/alive: 0.2633
            Episode_Reward/upright: 0.0509
     Episode_Reward/move_to_target: 0.2572
          Episode_Reward/action_l2: -0.0042
             Episode_Reward/energy: -0.2350
   Episode_Reward/joint_pos_limits: -0.1134
      Episode_Termination/time_out: 0.1324
  Episode_Termination/torso_height: 0.8676
--------------------------------------------------------------------------------
                   Total timesteps: 60293120
                    Iteration time: 0.27s
                      Time elapsed: 00:02:08
                               ETA: 00:00:39

################################################################################
                     [1m Learning iteration 1459/1599 [0m                     

                       Computation: 486245 steps/s (collection: 0.198s, learning 0.072s)
             Mean action noise std: 0.07
          Mean value_function loss: 0.2465
               Mean surrogate loss: -0.0030
                 Mean entropy loss: -9.6297
                       Mean reward: 27.49
               Mean episode length: 487.56
           Episode_Reward/progress: 1.6109
              Episode_Reward/alive: 0.2695
            Episode_Reward/upright: 0.0521
     Episode_Reward/move_to_target: 0.2647
          Episode_Reward/action_l2: -0.0043
             Episode_Reward/energy: -0.2405
   Episode_Reward/joint_pos_limits: -0.1159
      Episode_Termination/time_out: 0.1320
  Episode_Termination/torso_height: 0.8680
--------------------------------------------------------------------------------
                   Total timesteps: 60424192
                    Iteration time: 0.27s
                      Time elapsed: 00:02:08
                               ETA: 00:00:39

################################################################################
                     [1m Learning iteration 1460/1599 [0m                     

                       Computation: 480113 steps/s (collection: 0.202s, learning 0.071s)
             Mean action noise std: 0.07
          Mean value_function loss: 0.2243
               Mean surrogate loss: -0.0019
                 Mean entropy loss: -9.6428
                       Mean reward: 29.19
               Mean episode length: 523.51
           Episode_Reward/progress: 1.6275
              Episode_Reward/alive: 0.2745
            Episode_Reward/upright: 0.0531
     Episode_Reward/move_to_target: 0.2685
          Episode_Reward/action_l2: -0.0044
             Episode_Reward/energy: -0.2453
   Episode_Reward/joint_pos_limits: -0.1186
      Episode_Termination/time_out: 0.1322
  Episode_Termination/torso_height: 0.8678
--------------------------------------------------------------------------------
                   Total timesteps: 60555264
                    Iteration time: 0.27s
                      Time elapsed: 00:02:08
                               ETA: 00:00:38

################################################################################
                     [1m Learning iteration 1461/1599 [0m                     

                       Computation: 492840 steps/s (collection: 0.195s, learning 0.071s)
             Mean action noise std: 0.07
          Mean value_function loss: 0.2091
               Mean surrogate loss: -0.0001
                 Mean entropy loss: -9.6612
                       Mean reward: 28.68
               Mean episode length: 510.65
           Episode_Reward/progress: 1.6145
              Episode_Reward/alive: 0.2712
            Episode_Reward/upright: 0.0527
     Episode_Reward/move_to_target: 0.2669
          Episode_Reward/action_l2: -0.0043
             Episode_Reward/energy: -0.2441
   Episode_Reward/joint_pos_limits: -0.1166
      Episode_Termination/time_out: 0.1333
  Episode_Termination/torso_height: 0.8667
--------------------------------------------------------------------------------
                   Total timesteps: 60686336
                    Iteration time: 0.27s
                      Time elapsed: 00:02:09
                               ETA: 00:00:38

################################################################################
                     [1m Learning iteration 1462/1599 [0m                     

                       Computation: 489570 steps/s (collection: 0.197s, learning 0.071s)
             Mean action noise std: 0.07
          Mean value_function loss: 0.2195
               Mean surrogate loss: -0.0033
                 Mean entropy loss: -9.6863
                       Mean reward: 27.89
               Mean episode length: 499.75
           Episode_Reward/progress: 1.5355
              Episode_Reward/alive: 0.2599
            Episode_Reward/upright: 0.0501
     Episode_Reward/move_to_target: 0.2529
          Episode_Reward/action_l2: -0.0042
             Episode_Reward/energy: -0.2344
   Episode_Reward/joint_pos_limits: -0.1130
      Episode_Termination/time_out: 0.1337
  Episode_Termination/torso_height: 0.8663
--------------------------------------------------------------------------------
                   Total timesteps: 60817408
                    Iteration time: 0.27s
                      Time elapsed: 00:02:09
                               ETA: 00:00:38

################################################################################
                     [1m Learning iteration 1463/1599 [0m                     

                       Computation: 491055 steps/s (collection: 0.196s, learning 0.071s)
             Mean action noise std: 0.07
          Mean value_function loss: 0.2457
               Mean surrogate loss: -0.0024
                 Mean entropy loss: -9.7109
                       Mean reward: 28.78
               Mean episode length: 513.98
           Episode_Reward/progress: 1.5967
              Episode_Reward/alive: 0.2694
            Episode_Reward/upright: 0.0519
     Episode_Reward/move_to_target: 0.2635
          Episode_Reward/action_l2: -0.0043
             Episode_Reward/energy: -0.2407
   Episode_Reward/joint_pos_limits: -0.1163
      Episode_Termination/time_out: 0.1341
  Episode_Termination/torso_height: 0.8659
--------------------------------------------------------------------------------
                   Total timesteps: 60948480
                    Iteration time: 0.27s
                      Time elapsed: 00:02:09
                               ETA: 00:00:37

################################################################################
                     [1m Learning iteration 1464/1599 [0m                     

                       Computation: 467999 steps/s (collection: 0.209s, learning 0.071s)
             Mean action noise std: 0.07
          Mean value_function loss: 0.2413
               Mean surrogate loss: -0.0026
                 Mean entropy loss: -9.7120
                       Mean reward: 28.55
               Mean episode length: 507.53
           Episode_Reward/progress: 1.5817
              Episode_Reward/alive: 0.2668
            Episode_Reward/upright: 0.0514
     Episode_Reward/move_to_target: 0.2603
          Episode_Reward/action_l2: -0.0043
             Episode_Reward/energy: -0.2415
   Episode_Reward/joint_pos_limits: -0.1161
      Episode_Termination/time_out: 0.1338
  Episode_Termination/torso_height: 0.8662
--------------------------------------------------------------------------------
                   Total timesteps: 61079552
                    Iteration time: 0.28s
                      Time elapsed: 00:02:10
                               ETA: 00:00:37

################################################################################
                     [1m Learning iteration 1465/1599 [0m                     

                       Computation: 493734 steps/s (collection: 0.194s, learning 0.071s)
             Mean action noise std: 0.07
          Mean value_function loss: 0.2303
               Mean surrogate loss: -0.0038
                 Mean entropy loss: -9.7207
                       Mean reward: 27.91
               Mean episode length: 499.72
           Episode_Reward/progress: 1.5633
              Episode_Reward/alive: 0.2655
            Episode_Reward/upright: 0.0514
     Episode_Reward/move_to_target: 0.2603
          Episode_Reward/action_l2: -0.0042
             Episode_Reward/energy: -0.2385
   Episode_Reward/joint_pos_limits: -0.1145
      Episode_Termination/time_out: 0.1337
  Episode_Termination/torso_height: 0.8663
--------------------------------------------------------------------------------
                   Total timesteps: 61210624
                    Iteration time: 0.27s
                      Time elapsed: 00:02:10
                               ETA: 00:00:37

################################################################################
                     [1m Learning iteration 1466/1599 [0m                     

                       Computation: 486335 steps/s (collection: 0.199s, learning 0.071s)
             Mean action noise std: 0.07
          Mean value_function loss: 0.2521
               Mean surrogate loss: -0.0025
                 Mean entropy loss: -9.6937
                       Mean reward: 26.81
               Mean episode length: 481.53
           Episode_Reward/progress: 1.5246
              Episode_Reward/alive: 0.2566
            Episode_Reward/upright: 0.0497
     Episode_Reward/move_to_target: 0.2526
          Episode_Reward/action_l2: -0.0040
             Episode_Reward/energy: -0.2295
   Episode_Reward/joint_pos_limits: -0.1103
      Episode_Termination/time_out: 0.1338
  Episode_Termination/torso_height: 0.8662
--------------------------------------------------------------------------------
                   Total timesteps: 61341696
                    Iteration time: 0.27s
                      Time elapsed: 00:02:10
                               ETA: 00:00:37

################################################################################
                     [1m Learning iteration 1467/1599 [0m                     

                       Computation: 477816 steps/s (collection: 0.199s, learning 0.075s)
             Mean action noise std: 0.07
          Mean value_function loss: 0.2298
               Mean surrogate loss: -0.0027
                 Mean entropy loss: -9.6960
                       Mean reward: 28.86
               Mean episode length: 517.55
           Episode_Reward/progress: 1.6317
              Episode_Reward/alive: 0.2749
            Episode_Reward/upright: 0.0531
     Episode_Reward/move_to_target: 0.2683
          Episode_Reward/action_l2: -0.0044
             Episode_Reward/energy: -0.2486
   Episode_Reward/joint_pos_limits: -0.1193
      Episode_Termination/time_out: 0.1341
  Episode_Termination/torso_height: 0.8659
--------------------------------------------------------------------------------
                   Total timesteps: 61472768
                    Iteration time: 0.27s
                      Time elapsed: 00:02:10
                               ETA: 00:00:36

################################################################################
                     [1m Learning iteration 1468/1599 [0m                     

                       Computation: 487731 steps/s (collection: 0.198s, learning 0.070s)
             Mean action noise std: 0.07
          Mean value_function loss: 0.2203
               Mean surrogate loss: -0.0039
                 Mean entropy loss: -9.6918
                       Mean reward: 29.73
               Mean episode length: 527.36
           Episode_Reward/progress: 1.5048
              Episode_Reward/alive: 0.2562
            Episode_Reward/upright: 0.0491
     Episode_Reward/move_to_target: 0.2495
          Episode_Reward/action_l2: -0.0042
             Episode_Reward/energy: -0.2349
   Episode_Reward/joint_pos_limits: -0.1113
      Episode_Termination/time_out: 0.1339
  Episode_Termination/torso_height: 0.8661
--------------------------------------------------------------------------------
                   Total timesteps: 61603840
                    Iteration time: 0.27s
                      Time elapsed: 00:02:11
                               ETA: 00:00:36

################################################################################
                     [1m Learning iteration 1469/1599 [0m                     

                       Computation: 492176 steps/s (collection: 0.196s, learning 0.071s)
             Mean action noise std: 0.07
          Mean value_function loss: 0.2180
               Mean surrogate loss: -0.0023
                 Mean entropy loss: -9.6809
                       Mean reward: 27.56
               Mean episode length: 492.47
           Episode_Reward/progress: 1.5457
              Episode_Reward/alive: 0.2603
            Episode_Reward/upright: 0.0503
     Episode_Reward/move_to_target: 0.2558
          Episode_Reward/action_l2: -0.0042
             Episode_Reward/energy: -0.2372
   Episode_Reward/joint_pos_limits: -0.1122
      Episode_Termination/time_out: 0.1332
  Episode_Termination/torso_height: 0.8668
--------------------------------------------------------------------------------
                   Total timesteps: 61734912
                    Iteration time: 0.27s
                      Time elapsed: 00:02:11
                               ETA: 00:00:36

################################################################################
                     [1m Learning iteration 1470/1599 [0m                     

                       Computation: 488783 steps/s (collection: 0.197s, learning 0.071s)
             Mean action noise std: 0.07
          Mean value_function loss: 0.2388
               Mean surrogate loss: -0.0026
                 Mean entropy loss: -9.6747
                       Mean reward: 27.43
               Mean episode length: 488.41
           Episode_Reward/progress: 1.6228
              Episode_Reward/alive: 0.2745
            Episode_Reward/upright: 0.0530
     Episode_Reward/move_to_target: 0.2673
          Episode_Reward/action_l2: -0.0044
             Episode_Reward/energy: -0.2475
   Episode_Reward/joint_pos_limits: -0.1186
      Episode_Termination/time_out: 0.1332
  Episode_Termination/torso_height: 0.8668
--------------------------------------------------------------------------------
                   Total timesteps: 61865984
                    Iteration time: 0.27s
                      Time elapsed: 00:02:11
                               ETA: 00:00:35

################################################################################
                     [1m Learning iteration 1471/1599 [0m                     

                       Computation: 472370 steps/s (collection: 0.207s, learning 0.071s)
             Mean action noise std: 0.07
          Mean value_function loss: 0.2078
               Mean surrogate loss: -0.0014
                 Mean entropy loss: -9.6616
                       Mean reward: 26.81
               Mean episode length: 479.89
           Episode_Reward/progress: 1.5151
              Episode_Reward/alive: 0.2553
            Episode_Reward/upright: 0.0495
     Episode_Reward/move_to_target: 0.2499
          Episode_Reward/action_l2: -0.0041
             Episode_Reward/energy: -0.2320
   Episode_Reward/joint_pos_limits: -0.1099
      Episode_Termination/time_out: 0.1335
  Episode_Termination/torso_height: 0.8665
--------------------------------------------------------------------------------
                   Total timesteps: 61997056
                    Iteration time: 0.28s
                      Time elapsed: 00:02:11
                               ETA: 00:00:35

################################################################################
                     [1m Learning iteration 1472/1599 [0m                     

                       Computation: 492362 steps/s (collection: 0.196s, learning 0.071s)
             Mean action noise std: 0.07
          Mean value_function loss: 0.2200
               Mean surrogate loss: -0.0011
                 Mean entropy loss: -9.6493
                       Mean reward: 28.13
               Mean episode length: 506.87
           Episode_Reward/progress: 1.6553
              Episode_Reward/alive: 0.2790
            Episode_Reward/upright: 0.0540
     Episode_Reward/move_to_target: 0.2739
          Episode_Reward/action_l2: -0.0045
             Episode_Reward/energy: -0.2539
   Episode_Reward/joint_pos_limits: -0.1200
      Episode_Termination/time_out: 0.1331
  Episode_Termination/torso_height: 0.8669
--------------------------------------------------------------------------------
                   Total timesteps: 62128128
                    Iteration time: 0.27s
                      Time elapsed: 00:02:12
                               ETA: 00:00:35

################################################################################
                     [1m Learning iteration 1473/1599 [0m                     

                       Computation: 473186 steps/s (collection: 0.206s, learning 0.071s)
             Mean action noise std: 0.07
          Mean value_function loss: 0.2216
               Mean surrogate loss: -0.0037
                 Mean entropy loss: -9.6647
                       Mean reward: 28.18
               Mean episode length: 506.15
           Episode_Reward/progress: 1.5324
              Episode_Reward/alive: 0.2597
            Episode_Reward/upright: 0.0502
     Episode_Reward/move_to_target: 0.2536
          Episode_Reward/action_l2: -0.0042
             Episode_Reward/energy: -0.2372
   Episode_Reward/joint_pos_limits: -0.1120
      Episode_Termination/time_out: 0.1331
  Episode_Termination/torso_height: 0.8669
--------------------------------------------------------------------------------
                   Total timesteps: 62259200
                    Iteration time: 0.28s
                      Time elapsed: 00:02:12
                               ETA: 00:00:35

################################################################################
                     [1m Learning iteration 1474/1599 [0m                     

                       Computation: 493445 steps/s (collection: 0.195s, learning 0.071s)
             Mean action noise std: 0.07
          Mean value_function loss: 0.2327
               Mean surrogate loss: -0.0028
                 Mean entropy loss: -9.6424
                       Mean reward: 27.06
               Mean episode length: 483.68
           Episode_Reward/progress: 1.5200
              Episode_Reward/alive: 0.2564
            Episode_Reward/upright: 0.0495
     Episode_Reward/move_to_target: 0.2512
          Episode_Reward/action_l2: -0.0041
             Episode_Reward/energy: -0.2321
   Episode_Reward/joint_pos_limits: -0.1105
      Episode_Termination/time_out: 0.1327
  Episode_Termination/torso_height: 0.8673
--------------------------------------------------------------------------------
                   Total timesteps: 62390272
                    Iteration time: 0.27s
                      Time elapsed: 00:02:12
                               ETA: 00:00:34

################################################################################
                     [1m Learning iteration 1475/1599 [0m                     

                       Computation: 481102 steps/s (collection: 0.202s, learning 0.070s)
             Mean action noise std: 0.07
          Mean value_function loss: 0.2395
               Mean surrogate loss: -0.0019
                 Mean entropy loss: -9.6447
                       Mean reward: 27.67
               Mean episode length: 496.04
           Episode_Reward/progress: 1.6445
              Episode_Reward/alive: 0.2781
            Episode_Reward/upright: 0.0534
     Episode_Reward/move_to_target: 0.2712
          Episode_Reward/action_l2: -0.0045
             Episode_Reward/energy: -0.2500
   Episode_Reward/joint_pos_limits: -0.1209
      Episode_Termination/time_out: 0.1322
  Episode_Termination/torso_height: 0.8678
--------------------------------------------------------------------------------
                   Total timesteps: 62521344
                    Iteration time: 0.27s
                      Time elapsed: 00:02:13
                               ETA: 00:00:34

################################################################################
                     [1m Learning iteration 1476/1599 [0m                     

                       Computation: 491914 steps/s (collection: 0.196s, learning 0.071s)
             Mean action noise std: 0.07
          Mean value_function loss: 0.2501
               Mean surrogate loss: -0.0006
                 Mean entropy loss: -9.6459
                       Mean reward: 27.52
               Mean episode length: 493.63
           Episode_Reward/progress: 1.5238
              Episode_Reward/alive: 0.2584
            Episode_Reward/upright: 0.0497
     Episode_Reward/move_to_target: 0.2523
          Episode_Reward/action_l2: -0.0042
             Episode_Reward/energy: -0.2369
   Episode_Reward/joint_pos_limits: -0.1113
      Episode_Termination/time_out: 0.1331
  Episode_Termination/torso_height: 0.8669
--------------------------------------------------------------------------------
                   Total timesteps: 62652416
                    Iteration time: 0.27s
                      Time elapsed: 00:02:13
                               ETA: 00:00:34

################################################################################
                     [1m Learning iteration 1477/1599 [0m                     

                       Computation: 490229 steps/s (collection: 0.197s, learning 0.071s)
             Mean action noise std: 0.07
          Mean value_function loss: 0.2207
               Mean surrogate loss: -0.0028
                 Mean entropy loss: -9.6600
                       Mean reward: 31.32
               Mean episode length: 560.06
           Episode_Reward/progress: 1.6404
              Episode_Reward/alive: 0.2767
            Episode_Reward/upright: 0.0534
     Episode_Reward/move_to_target: 0.2704
          Episode_Reward/action_l2: -0.0044
             Episode_Reward/energy: -0.2485
   Episode_Reward/joint_pos_limits: -0.1193
      Episode_Termination/time_out: 0.1339
  Episode_Termination/torso_height: 0.8661
--------------------------------------------------------------------------------
                   Total timesteps: 62783488
                    Iteration time: 0.27s
                      Time elapsed: 00:02:13
                               ETA: 00:00:34

################################################################################
                     [1m Learning iteration 1478/1599 [0m                     

                       Computation: 472459 steps/s (collection: 0.197s, learning 0.080s)
             Mean action noise std: 0.07
          Mean value_function loss: 0.2628
               Mean surrogate loss: -0.0021
                 Mean entropy loss: -9.6675
                       Mean reward: 28.38
               Mean episode length: 508.55
           Episode_Reward/progress: 1.5651
              Episode_Reward/alive: 0.2640
            Episode_Reward/upright: 0.0511
     Episode_Reward/move_to_target: 0.2581
          Episode_Reward/action_l2: -0.0042
             Episode_Reward/energy: -0.2370
   Episode_Reward/joint_pos_limits: -0.1137
      Episode_Termination/time_out: 0.1351
  Episode_Termination/torso_height: 0.8649
--------------------------------------------------------------------------------
                   Total timesteps: 62914560
                    Iteration time: 0.28s
                      Time elapsed: 00:02:13
                               ETA: 00:00:33

################################################################################
                     [1m Learning iteration 1479/1599 [0m                     

                       Computation: 492095 steps/s (collection: 0.196s, learning 0.071s)
             Mean action noise std: 0.07
          Mean value_function loss: 0.2250
               Mean surrogate loss: -0.0018
                 Mean entropy loss: -9.6630
                       Mean reward: 26.03
               Mean episode length: 464.28
           Episode_Reward/progress: 1.5300
              Episode_Reward/alive: 0.2575
            Episode_Reward/upright: 0.0497
     Episode_Reward/move_to_target: 0.2526
          Episode_Reward/action_l2: -0.0041
             Episode_Reward/energy: -0.2318
   Episode_Reward/joint_pos_limits: -0.1102
      Episode_Termination/time_out: 0.1352
  Episode_Termination/torso_height: 0.8648
--------------------------------------------------------------------------------
                   Total timesteps: 63045632
                    Iteration time: 0.27s
                      Time elapsed: 00:02:14
                               ETA: 00:00:33

################################################################################
                     [1m Learning iteration 1480/1599 [0m                     

                       Computation: 485511 steps/s (collection: 0.198s, learning 0.072s)
             Mean action noise std: 0.07
          Mean value_function loss: 0.2143
               Mean surrogate loss: -0.0028
                 Mean entropy loss: -9.6941
                       Mean reward: 30.91
               Mean episode length: 548.15
           Episode_Reward/progress: 1.6772
              Episode_Reward/alive: 0.2816
            Episode_Reward/upright: 0.0544
     Episode_Reward/move_to_target: 0.2765
          Episode_Reward/action_l2: -0.0045
             Episode_Reward/energy: -0.2533
   Episode_Reward/joint_pos_limits: -0.1207
      Episode_Termination/time_out: 0.1357
  Episode_Termination/torso_height: 0.8643
--------------------------------------------------------------------------------
                   Total timesteps: 63176704
                    Iteration time: 0.27s
                      Time elapsed: 00:02:14
                               ETA: 00:00:33

################################################################################
                     [1m Learning iteration 1481/1599 [0m                     

                       Computation: 484929 steps/s (collection: 0.199s, learning 0.071s)
             Mean action noise std: 0.07
          Mean value_function loss: 0.2379
               Mean surrogate loss: -0.0024
                 Mean entropy loss: -9.6885
                       Mean reward: 29.92
               Mean episode length: 533.39
           Episode_Reward/progress: 1.6253
              Episode_Reward/alive: 0.2742
            Episode_Reward/upright: 0.0530
     Episode_Reward/move_to_target: 0.2685
          Episode_Reward/action_l2: -0.0044
             Episode_Reward/energy: -0.2478
   Episode_Reward/joint_pos_limits: -0.1179
      Episode_Termination/time_out: 0.1363
  Episode_Termination/torso_height: 0.8637
--------------------------------------------------------------------------------
                   Total timesteps: 63307776
                    Iteration time: 0.27s
                      Time elapsed: 00:02:14
                               ETA: 00:00:32

################################################################################
                     [1m Learning iteration 1482/1599 [0m                     

                       Computation: 479876 steps/s (collection: 0.202s, learning 0.071s)
             Mean action noise std: 0.07
          Mean value_function loss: 0.2225
               Mean surrogate loss: -0.0030
                 Mean entropy loss: -9.6902
                       Mean reward: 26.81
               Mean episode length: 481.52
           Episode_Reward/progress: 1.5618
              Episode_Reward/alive: 0.2641
            Episode_Reward/upright: 0.0510
     Episode_Reward/move_to_target: 0.2595
          Episode_Reward/action_l2: -0.0042
             Episode_Reward/energy: -0.2389
   Episode_Reward/joint_pos_limits: -0.1132
      Episode_Termination/time_out: 0.1363
  Episode_Termination/torso_height: 0.8637
--------------------------------------------------------------------------------
                   Total timesteps: 63438848
                    Iteration time: 0.27s
                      Time elapsed: 00:02:14
                               ETA: 00:00:32

################################################################################
                     [1m Learning iteration 1483/1599 [0m                     

                       Computation: 491349 steps/s (collection: 0.196s, learning 0.071s)
             Mean action noise std: 0.07
          Mean value_function loss: 0.2276
               Mean surrogate loss: -0.0028
                 Mean entropy loss: -9.6803
                       Mean reward: 26.51
               Mean episode length: 476.22
           Episode_Reward/progress: 1.4738
              Episode_Reward/alive: 0.2494
            Episode_Reward/upright: 0.0481
     Episode_Reward/move_to_target: 0.2446
          Episode_Reward/action_l2: -0.0040
             Episode_Reward/energy: -0.2279
   Episode_Reward/joint_pos_limits: -0.1072
      Episode_Termination/time_out: 0.1369
  Episode_Termination/torso_height: 0.8631
--------------------------------------------------------------------------------
                   Total timesteps: 63569920
                    Iteration time: 0.27s
                      Time elapsed: 00:02:15
                               ETA: 00:00:32

################################################################################
                     [1m Learning iteration 1484/1599 [0m                     

                       Computation: 486917 steps/s (collection: 0.198s, learning 0.071s)
             Mean action noise std: 0.07
          Mean value_function loss: 0.2289
               Mean surrogate loss: -0.0027
                 Mean entropy loss: -9.6859
                       Mean reward: 28.81
               Mean episode length: 512.69
           Episode_Reward/progress: 1.5735
              Episode_Reward/alive: 0.2653
            Episode_Reward/upright: 0.0511
     Episode_Reward/move_to_target: 0.2599
          Episode_Reward/action_l2: -0.0043
             Episode_Reward/energy: -0.2400
   Episode_Reward/joint_pos_limits: -0.1129
      Episode_Termination/time_out: 0.1372
  Episode_Termination/torso_height: 0.8628
--------------------------------------------------------------------------------
                   Total timesteps: 63700992
                    Iteration time: 0.27s
                      Time elapsed: 00:02:15
                               ETA: 00:00:32

################################################################################
                     [1m Learning iteration 1485/1599 [0m                     

                       Computation: 489825 steps/s (collection: 0.197s, learning 0.071s)
             Mean action noise std: 0.07
          Mean value_function loss: 0.2549
               Mean surrogate loss: -0.0028
                 Mean entropy loss: -9.6803
                       Mean reward: 28.71
               Mean episode length: 511.91
           Episode_Reward/progress: 1.6220
              Episode_Reward/alive: 0.2743
            Episode_Reward/upright: 0.0531
     Episode_Reward/move_to_target: 0.2697
          Episode_Reward/action_l2: -0.0044
             Episode_Reward/energy: -0.2487
   Episode_Reward/joint_pos_limits: -0.1180
      Episode_Termination/time_out: 0.1378
  Episode_Termination/torso_height: 0.8622
--------------------------------------------------------------------------------
                   Total timesteps: 63832064
                    Iteration time: 0.27s
                      Time elapsed: 00:02:15
                               ETA: 00:00:31

################################################################################
                     [1m Learning iteration 1486/1599 [0m                     

                       Computation: 472728 steps/s (collection: 0.206s, learning 0.071s)
             Mean action noise std: 0.07
          Mean value_function loss: 0.2298
               Mean surrogate loss: -0.0025
                 Mean entropy loss: -9.6785
                       Mean reward: 29.36
               Mean episode length: 532.05
           Episode_Reward/progress: 1.5255
              Episode_Reward/alive: 0.2596
            Episode_Reward/upright: 0.0498
     Episode_Reward/move_to_target: 0.2531
          Episode_Reward/action_l2: -0.0042
             Episode_Reward/energy: -0.2348
   Episode_Reward/joint_pos_limits: -0.1116
      Episode_Termination/time_out: 0.1373
  Episode_Termination/torso_height: 0.8627
--------------------------------------------------------------------------------
                   Total timesteps: 63963136
                    Iteration time: 0.28s
                      Time elapsed: 00:02:15
                               ETA: 00:00:31

################################################################################
                     [1m Learning iteration 1487/1599 [0m                     

                       Computation: 490894 steps/s (collection: 0.196s, learning 0.071s)
             Mean action noise std: 0.07
          Mean value_function loss: 0.2356
               Mean surrogate loss: -0.0036
                 Mean entropy loss: -9.6843
                       Mean reward: 29.54
               Mean episode length: 523.65
           Episode_Reward/progress: 1.5754
              Episode_Reward/alive: 0.2641
            Episode_Reward/upright: 0.0510
     Episode_Reward/move_to_target: 0.2594
          Episode_Reward/action_l2: -0.0042
             Episode_Reward/energy: -0.2391
   Episode_Reward/joint_pos_limits: -0.1130
      Episode_Termination/time_out: 0.1383
  Episode_Termination/torso_height: 0.8617
--------------------------------------------------------------------------------
                   Total timesteps: 64094208
                    Iteration time: 0.27s
                      Time elapsed: 00:02:16
                               ETA: 00:00:31

################################################################################
                     [1m Learning iteration 1488/1599 [0m                     

                       Computation: 467246 steps/s (collection: 0.209s, learning 0.071s)
             Mean action noise std: 0.07
          Mean value_function loss: 0.2015
               Mean surrogate loss: -0.0028
                 Mean entropy loss: -9.6790
                       Mean reward: 30.69
               Mean episode length: 546.57
           Episode_Reward/progress: 1.6338
              Episode_Reward/alive: 0.2765
            Episode_Reward/upright: 0.0531
     Episode_Reward/move_to_target: 0.2695
          Episode_Reward/action_l2: -0.0044
             Episode_Reward/energy: -0.2484
   Episode_Reward/joint_pos_limits: -0.1183
      Episode_Termination/time_out: 0.1391
  Episode_Termination/torso_height: 0.8609
--------------------------------------------------------------------------------
                   Total timesteps: 64225280
                    Iteration time: 0.28s
                      Time elapsed: 00:02:16
                               ETA: 00:00:30

################################################################################
                     [1m Learning iteration 1489/1599 [0m                     

                       Computation: 477209 steps/s (collection: 0.203s, learning 0.072s)
             Mean action noise std: 0.07
          Mean value_function loss: 0.2255
               Mean surrogate loss: -0.0030
                 Mean entropy loss: -9.6888
                       Mean reward: 26.10
               Mean episode length: 467.90
           Episode_Reward/progress: 1.4844
              Episode_Reward/alive: 0.2527
            Episode_Reward/upright: 0.0486
     Episode_Reward/move_to_target: 0.2486
          Episode_Reward/action_l2: -0.0040
             Episode_Reward/energy: -0.2251
   Episode_Reward/joint_pos_limits: -0.1083
      Episode_Termination/time_out: 0.1383
  Episode_Termination/torso_height: 0.8617
--------------------------------------------------------------------------------
                   Total timesteps: 64356352
                    Iteration time: 0.27s
                      Time elapsed: 00:02:16
                               ETA: 00:00:30

################################################################################
                     [1m Learning iteration 1490/1599 [0m                     

                       Computation: 485423 steps/s (collection: 0.199s, learning 0.071s)
             Mean action noise std: 0.07
          Mean value_function loss: 0.2298
               Mean surrogate loss: -0.0023
                 Mean entropy loss: -9.6840
                       Mean reward: 26.32
               Mean episode length: 470.64
           Episode_Reward/progress: 1.5624
              Episode_Reward/alive: 0.2640
            Episode_Reward/upright: 0.0510
     Episode_Reward/move_to_target: 0.2586
          Episode_Reward/action_l2: -0.0042
             Episode_Reward/energy: -0.2396
   Episode_Reward/joint_pos_limits: -0.1126
      Episode_Termination/time_out: 0.1385
  Episode_Termination/torso_height: 0.8615
--------------------------------------------------------------------------------
                   Total timesteps: 64487424
                    Iteration time: 0.27s
                      Time elapsed: 00:02:17
                               ETA: 00:00:30

################################################################################
                     [1m Learning iteration 1491/1599 [0m                     

                       Computation: 489124 steps/s (collection: 0.196s, learning 0.072s)
             Mean action noise std: 0.07
          Mean value_function loss: 0.2078
               Mean surrogate loss: -0.0021
                 Mean entropy loss: -9.7234
                       Mean reward: 27.02
               Mean episode length: 482.61
           Episode_Reward/progress: 1.4775
              Episode_Reward/alive: 0.2495
            Episode_Reward/upright: 0.0483
     Episode_Reward/move_to_target: 0.2451
          Episode_Reward/action_l2: -0.0040
             Episode_Reward/energy: -0.2296
   Episode_Reward/joint_pos_limits: -0.1064
      Episode_Termination/time_out: 0.1375
  Episode_Termination/torso_height: 0.8625
--------------------------------------------------------------------------------
                   Total timesteps: 64618496
                    Iteration time: 0.27s
                      Time elapsed: 00:02:17
                               ETA: 00:00:30

################################################################################
                     [1m Learning iteration 1492/1599 [0m                     

                       Computation: 483965 steps/s (collection: 0.199s, learning 0.071s)
             Mean action noise std: 0.07
          Mean value_function loss: 0.2452
               Mean surrogate loss: -0.0025
                 Mean entropy loss: -9.7181
                       Mean reward: 32.74
               Mean episode length: 582.88
           Episode_Reward/progress: 1.6319
              Episode_Reward/alive: 0.2765
            Episode_Reward/upright: 0.0532
     Episode_Reward/move_to_target: 0.2699
          Episode_Reward/action_l2: -0.0044
             Episode_Reward/energy: -0.2482
   Episode_Reward/joint_pos_limits: -0.1185
      Episode_Termination/time_out: 0.1357
  Episode_Termination/torso_height: 0.8643
--------------------------------------------------------------------------------
                   Total timesteps: 64749568
                    Iteration time: 0.27s
                      Time elapsed: 00:02:17
                               ETA: 00:00:29

################################################################################
                     [1m Learning iteration 1493/1599 [0m                     

                       Computation: 472700 steps/s (collection: 0.206s, learning 0.071s)
             Mean action noise std: 0.07
          Mean value_function loss: 0.2556
               Mean surrogate loss: -0.0023
                 Mean entropy loss: -9.7172
                       Mean reward: 27.14
               Mean episode length: 480.97
           Episode_Reward/progress: 1.5684
              Episode_Reward/alive: 0.2636
            Episode_Reward/upright: 0.0512
     Episode_Reward/move_to_target: 0.2594
          Episode_Reward/action_l2: -0.0042
             Episode_Reward/energy: -0.2367
   Episode_Reward/joint_pos_limits: -0.1116
      Episode_Termination/time_out: 0.1345
  Episode_Termination/torso_height: 0.8655
--------------------------------------------------------------------------------
                   Total timesteps: 64880640
                    Iteration time: 0.28s
                      Time elapsed: 00:02:17
                               ETA: 00:00:29

################################################################################
                     [1m Learning iteration 1494/1599 [0m                     

                       Computation: 488692 steps/s (collection: 0.197s, learning 0.071s)
             Mean action noise std: 0.07
          Mean value_function loss: 0.2329
               Mean surrogate loss: -0.0032
                 Mean entropy loss: -9.7274
                       Mean reward: 26.72
               Mean episode length: 473.85
           Episode_Reward/progress: 1.5378
              Episode_Reward/alive: 0.2601
            Episode_Reward/upright: 0.0502
     Episode_Reward/move_to_target: 0.2556
          Episode_Reward/action_l2: -0.0042
             Episode_Reward/energy: -0.2359
   Episode_Reward/joint_pos_limits: -0.1111
      Episode_Termination/time_out: 0.1347
  Episode_Termination/torso_height: 0.8653
--------------------------------------------------------------------------------
                   Total timesteps: 65011712
                    Iteration time: 0.27s
                      Time elapsed: 00:02:18
                               ETA: 00:00:29

################################################################################
                     [1m Learning iteration 1495/1599 [0m                     

                       Computation: 488972 steps/s (collection: 0.197s, learning 0.071s)
             Mean action noise std: 0.07
          Mean value_function loss: 0.2369
               Mean surrogate loss: -0.0025
                 Mean entropy loss: -9.7320
                       Mean reward: 26.21
               Mean episode length: 477.52
           Episode_Reward/progress: 1.5226
              Episode_Reward/alive: 0.2590
            Episode_Reward/upright: 0.0499
     Episode_Reward/move_to_target: 0.2535
          Episode_Reward/action_l2: -0.0041
             Episode_Reward/energy: -0.2309
   Episode_Reward/joint_pos_limits: -0.1104
      Episode_Termination/time_out: 0.1350
  Episode_Termination/torso_height: 0.8650
--------------------------------------------------------------------------------
                   Total timesteps: 65142784
                    Iteration time: 0.27s
                      Time elapsed: 00:02:18
                               ETA: 00:00:28

################################################################################
                     [1m Learning iteration 1496/1599 [0m                     

                       Computation: 482745 steps/s (collection: 0.201s, learning 0.071s)
             Mean action noise std: 0.07
          Mean value_function loss: 0.2278
               Mean surrogate loss: -0.0030
                 Mean entropy loss: -9.7296
                       Mean reward: 27.18
               Mean episode length: 489.11
           Episode_Reward/progress: 1.4921
              Episode_Reward/alive: 0.2542
            Episode_Reward/upright: 0.0488
     Episode_Reward/move_to_target: 0.2489
          Episode_Reward/action_l2: -0.0041
             Episode_Reward/energy: -0.2277
   Episode_Reward/joint_pos_limits: -0.1088
      Episode_Termination/time_out: 0.1347
  Episode_Termination/torso_height: 0.8653
--------------------------------------------------------------------------------
                   Total timesteps: 65273856
                    Iteration time: 0.27s
                      Time elapsed: 00:02:18
                               ETA: 00:00:28

################################################################################
                     [1m Learning iteration 1497/1599 [0m                     

                       Computation: 486680 steps/s (collection: 0.198s, learning 0.071s)
             Mean action noise std: 0.07
          Mean value_function loss: 0.2533
               Mean surrogate loss: -0.0047
                 Mean entropy loss: -9.7349
                       Mean reward: 28.10
               Mean episode length: 501.34
           Episode_Reward/progress: 1.6669
              Episode_Reward/alive: 0.2805
            Episode_Reward/upright: 0.0542
     Episode_Reward/move_to_target: 0.2755
          Episode_Reward/action_l2: -0.0044
             Episode_Reward/energy: -0.2501
   Episode_Reward/joint_pos_limits: -0.1192
      Episode_Termination/time_out: 0.1335
  Episode_Termination/torso_height: 0.8665
--------------------------------------------------------------------------------
                   Total timesteps: 65404928
                    Iteration time: 0.27s
                      Time elapsed: 00:02:18
                               ETA: 00:00:28

################################################################################
                     [1m Learning iteration 1498/1599 [0m                     

                       Computation: 490300 steps/s (collection: 0.197s, learning 0.071s)
             Mean action noise std: 0.07
          Mean value_function loss: 0.2434
               Mean surrogate loss: -0.0024
                 Mean entropy loss: -9.7187
                       Mean reward: 28.96
               Mean episode length: 515.24
           Episode_Reward/progress: 1.5661
              Episode_Reward/alive: 0.2638
            Episode_Reward/upright: 0.0508
     Episode_Reward/move_to_target: 0.2584
          Episode_Reward/action_l2: -0.0042
             Episode_Reward/energy: -0.2380
   Episode_Reward/joint_pos_limits: -0.1124
      Episode_Termination/time_out: 0.1333
  Episode_Termination/torso_height: 0.8667
--------------------------------------------------------------------------------
                   Total timesteps: 65536000
                    Iteration time: 0.27s
                      Time elapsed: 00:02:19
                               ETA: 00:00:28

################################################################################
                     [1m Learning iteration 1499/1599 [0m                     

                       Computation: 484102 steps/s (collection: 0.200s, learning 0.071s)
             Mean action noise std: 0.07
          Mean value_function loss: 0.2229
               Mean surrogate loss: -0.0020
                 Mean entropy loss: -9.7184
                       Mean reward: 28.53
               Mean episode length: 512.30
           Episode_Reward/progress: 1.4793
              Episode_Reward/alive: 0.2520
            Episode_Reward/upright: 0.0483
     Episode_Reward/move_to_target: 0.2468
          Episode_Reward/action_l2: -0.0041
             Episode_Reward/energy: -0.2286
   Episode_Reward/joint_pos_limits: -0.1079
      Episode_Termination/time_out: 0.1338
  Episode_Termination/torso_height: 0.8662
--------------------------------------------------------------------------------
                   Total timesteps: 65667072
                    Iteration time: 0.27s
                      Time elapsed: 00:02:19
                               ETA: 00:00:27

################################################################################
                     [1m Learning iteration 1500/1599 [0m                     

                       Computation: 470887 steps/s (collection: 0.203s, learning 0.076s)
             Mean action noise std: 0.07
          Mean value_function loss: 0.2398
               Mean surrogate loss: -0.0036
                 Mean entropy loss: -9.7378
                       Mean reward: 31.49
               Mean episode length: 554.54
           Episode_Reward/progress: 1.5738
              Episode_Reward/alive: 0.2657
            Episode_Reward/upright: 0.0514
     Episode_Reward/move_to_target: 0.2603
          Episode_Reward/action_l2: -0.0042
             Episode_Reward/energy: -0.2361
   Episode_Reward/joint_pos_limits: -0.1135
      Episode_Termination/time_out: 0.1343
  Episode_Termination/torso_height: 0.8657
--------------------------------------------------------------------------------
                   Total timesteps: 65798144
                    Iteration time: 0.28s
                      Time elapsed: 00:02:19
                               ETA: 00:00:27

################################################################################
                     [1m Learning iteration 1501/1599 [0m                     

                       Computation: 486558 steps/s (collection: 0.198s, learning 0.071s)
             Mean action noise std: 0.07
          Mean value_function loss: 0.2207
               Mean surrogate loss: -0.0018
                 Mean entropy loss: -9.7293
                       Mean reward: 28.66
               Mean episode length: 516.07
           Episode_Reward/progress: 1.5853
              Episode_Reward/alive: 0.2674
            Episode_Reward/upright: 0.0515
     Episode_Reward/move_to_target: 0.2618
          Episode_Reward/action_l2: -0.0042
             Episode_Reward/energy: -0.2372
   Episode_Reward/joint_pos_limits: -0.1132
      Episode_Termination/time_out: 0.1348
  Episode_Termination/torso_height: 0.8652
--------------------------------------------------------------------------------
                   Total timesteps: 65929216
                    Iteration time: 0.27s
                      Time elapsed: 00:02:20
                               ETA: 00:00:27

################################################################################
                     [1m Learning iteration 1502/1599 [0m                     

                       Computation: 489275 steps/s (collection: 0.196s, learning 0.072s)
             Mean action noise std: 0.07
          Mean value_function loss: 0.2420
               Mean surrogate loss: -0.0016
                 Mean entropy loss: -9.7343
                       Mean reward: 27.48
               Mean episode length: 489.88
           Episode_Reward/progress: 1.6083
              Episode_Reward/alive: 0.2715
            Episode_Reward/upright: 0.0527
     Episode_Reward/move_to_target: 0.2679
          Episode_Reward/action_l2: -0.0043
             Episode_Reward/energy: -0.2417
   Episode_Reward/joint_pos_limits: -0.1146
      Episode_Termination/time_out: 0.1343
  Episode_Termination/torso_height: 0.8657
--------------------------------------------------------------------------------
                   Total timesteps: 66060288
                    Iteration time: 0.27s
                      Time elapsed: 00:02:20
                               ETA: 00:00:27

################################################################################
                     [1m Learning iteration 1503/1599 [0m                     

                       Computation: 483881 steps/s (collection: 0.197s, learning 0.074s)
             Mean action noise std: 0.07
          Mean value_function loss: 0.2257
               Mean surrogate loss: -0.0008
                 Mean entropy loss: -9.7405
                       Mean reward: 28.38
               Mean episode length: 507.23
           Episode_Reward/progress: 1.5538
              Episode_Reward/alive: 0.2633
            Episode_Reward/upright: 0.0507
     Episode_Reward/move_to_target: 0.2581
          Episode_Reward/action_l2: -0.0041
             Episode_Reward/energy: -0.2323
   Episode_Reward/joint_pos_limits: -0.1123
      Episode_Termination/time_out: 0.1341
  Episode_Termination/torso_height: 0.8659
--------------------------------------------------------------------------------
                   Total timesteps: 66191360
                    Iteration time: 0.27s
                      Time elapsed: 00:02:20
                               ETA: 00:00:26

################################################################################
                     [1m Learning iteration 1504/1599 [0m                     

                       Computation: 475579 steps/s (collection: 0.204s, learning 0.072s)
             Mean action noise std: 0.07
          Mean value_function loss: 0.2279
               Mean surrogate loss: -0.0037
                 Mean entropy loss: -9.7524
                       Mean reward: 28.83
               Mean episode length: 509.46
           Episode_Reward/progress: 1.5787
              Episode_Reward/alive: 0.2659
            Episode_Reward/upright: 0.0515
     Episode_Reward/move_to_target: 0.2625
          Episode_Reward/action_l2: -0.0042
             Episode_Reward/energy: -0.2388
   Episode_Reward/joint_pos_limits: -0.1126
      Episode_Termination/time_out: 0.1342
  Episode_Termination/torso_height: 0.8658
--------------------------------------------------------------------------------
                   Total timesteps: 66322432
                    Iteration time: 0.28s
                      Time elapsed: 00:02:20
                               ETA: 00:00:26

################################################################################
                     [1m Learning iteration 1505/1599 [0m                     

                       Computation: 490781 steps/s (collection: 0.196s, learning 0.071s)
             Mean action noise std: 0.07
          Mean value_function loss: 0.2410
               Mean surrogate loss: -0.0022
                 Mean entropy loss: -9.7298
                       Mean reward: 27.13
               Mean episode length: 485.84
           Episode_Reward/progress: 1.5928
              Episode_Reward/alive: 0.2696
            Episode_Reward/upright: 0.0522
     Episode_Reward/move_to_target: 0.2650
          Episode_Reward/action_l2: -0.0043
             Episode_Reward/energy: -0.2408
   Episode_Reward/joint_pos_limits: -0.1143
      Episode_Termination/time_out: 0.1342
  Episode_Termination/torso_height: 0.8658
--------------------------------------------------------------------------------
                   Total timesteps: 66453504
                    Iteration time: 0.27s
                      Time elapsed: 00:02:21
                               ETA: 00:00:26

################################################################################
                     [1m Learning iteration 1506/1599 [0m                     

                       Computation: 483752 steps/s (collection: 0.200s, learning 0.071s)
             Mean action noise std: 0.07
          Mean value_function loss: 0.2101
               Mean surrogate loss: -0.0024
                 Mean entropy loss: -9.7396
                       Mean reward: 29.24
               Mean episode length: 523.88
           Episode_Reward/progress: 1.5201
              Episode_Reward/alive: 0.2602
            Episode_Reward/upright: 0.0501
     Episode_Reward/move_to_target: 0.2535
          Episode_Reward/action_l2: -0.0042
             Episode_Reward/energy: -0.2339
   Episode_Reward/joint_pos_limits: -0.1105
      Episode_Termination/time_out: 0.1332
  Episode_Termination/torso_height: 0.8668
--------------------------------------------------------------------------------
                   Total timesteps: 66584576
                    Iteration time: 0.27s
                      Time elapsed: 00:02:21
                               ETA: 00:00:25

################################################################################
                     [1m Learning iteration 1507/1599 [0m                     

                       Computation: 482346 steps/s (collection: 0.197s, learning 0.075s)
             Mean action noise std: 0.07
          Mean value_function loss: 0.2260
               Mean surrogate loss: -0.0033
                 Mean entropy loss: -9.7510
                       Mean reward: 30.82
               Mean episode length: 548.86
           Episode_Reward/progress: 1.5903
              Episode_Reward/alive: 0.2711
            Episode_Reward/upright: 0.0525
     Episode_Reward/move_to_target: 0.2643
          Episode_Reward/action_l2: -0.0043
             Episode_Reward/energy: -0.2432
   Episode_Reward/joint_pos_limits: -0.1151
      Episode_Termination/time_out: 0.1324
  Episode_Termination/torso_height: 0.8676
--------------------------------------------------------------------------------
                   Total timesteps: 66715648
                    Iteration time: 0.27s
                      Time elapsed: 00:02:21
                               ETA: 00:00:25

################################################################################
                     [1m Learning iteration 1508/1599 [0m                     

                       Computation: 477994 steps/s (collection: 0.203s, learning 0.071s)
             Mean action noise std: 0.07
          Mean value_function loss: 0.2367
               Mean surrogate loss: -0.0023
                 Mean entropy loss: -9.7672
                       Mean reward: 27.40
               Mean episode length: 488.24
           Episode_Reward/progress: 1.5177
              Episode_Reward/alive: 0.2561
            Episode_Reward/upright: 0.0493
     Episode_Reward/move_to_target: 0.2507
          Episode_Reward/action_l2: -0.0040
             Episode_Reward/energy: -0.2258
   Episode_Reward/joint_pos_limits: -0.1083
      Episode_Termination/time_out: 0.1322
  Episode_Termination/torso_height: 0.8678
--------------------------------------------------------------------------------
                   Total timesteps: 66846720
                    Iteration time: 0.27s
                      Time elapsed: 00:02:21
                               ETA: 00:00:25

################################################################################
                     [1m Learning iteration 1509/1599 [0m                     

                       Computation: 489750 steps/s (collection: 0.197s, learning 0.071s)
             Mean action noise std: 0.07
          Mean value_function loss: 0.2021
               Mean surrogate loss: -0.0028
                 Mean entropy loss: -9.7586
                       Mean reward: 27.70
               Mean episode length: 496.15
           Episode_Reward/progress: 1.4771
              Episode_Reward/alive: 0.2511
            Episode_Reward/upright: 0.0484
     Episode_Reward/move_to_target: 0.2474
          Episode_Reward/action_l2: -0.0040
             Episode_Reward/energy: -0.2247
   Episode_Reward/joint_pos_limits: -0.1070
      Episode_Termination/time_out: 0.1312
  Episode_Termination/torso_height: 0.8688
--------------------------------------------------------------------------------
                   Total timesteps: 66977792
                    Iteration time: 0.27s
                      Time elapsed: 00:02:22
                               ETA: 00:00:25

################################################################################
                     [1m Learning iteration 1510/1599 [0m                     

                       Computation: 488096 steps/s (collection: 0.197s, learning 0.071s)
             Mean action noise std: 0.07
          Mean value_function loss: 0.2240
               Mean surrogate loss: -0.0025
                 Mean entropy loss: -9.7468
                       Mean reward: 28.77
               Mean episode length: 512.58
           Episode_Reward/progress: 1.6204
              Episode_Reward/alive: 0.2737
            Episode_Reward/upright: 0.0528
     Episode_Reward/move_to_target: 0.2693
          Episode_Reward/action_l2: -0.0043
             Episode_Reward/energy: -0.2458
   Episode_Reward/joint_pos_limits: -0.1156
      Episode_Termination/time_out: 0.1312
  Episode_Termination/torso_height: 0.8688
--------------------------------------------------------------------------------
                   Total timesteps: 67108864
                    Iteration time: 0.27s
                      Time elapsed: 00:02:22
                               ETA: 00:00:24

################################################################################
                     [1m Learning iteration 1511/1599 [0m                     

                       Computation: 482045 steps/s (collection: 0.201s, learning 0.071s)
             Mean action noise std: 0.07
          Mean value_function loss: 0.2441
               Mean surrogate loss: -0.0021
                 Mean entropy loss: -9.7432
                       Mean reward: 28.06
               Mean episode length: 501.32
           Episode_Reward/progress: 1.4755
              Episode_Reward/alive: 0.2519
            Episode_Reward/upright: 0.0485
     Episode_Reward/move_to_target: 0.2470
          Episode_Reward/action_l2: -0.0040
             Episode_Reward/energy: -0.2241
   Episode_Reward/joint_pos_limits: -0.1064
      Episode_Termination/time_out: 0.1317
  Episode_Termination/torso_height: 0.8683
--------------------------------------------------------------------------------
                   Total timesteps: 67239936
                    Iteration time: 0.27s
                      Time elapsed: 00:02:22
                               ETA: 00:00:24

################################################################################
                     [1m Learning iteration 1512/1599 [0m                     

                       Computation: 480346 steps/s (collection: 0.202s, learning 0.071s)
             Mean action noise std: 0.07
          Mean value_function loss: 0.2342
               Mean surrogate loss: -0.0033
                 Mean entropy loss: -9.7683
                       Mean reward: 28.34
               Mean episode length: 502.72
           Episode_Reward/progress: 1.5715
              Episode_Reward/alive: 0.2664
            Episode_Reward/upright: 0.0513
     Episode_Reward/move_to_target: 0.2612
          Episode_Reward/action_l2: -0.0042
             Episode_Reward/energy: -0.2360
   Episode_Reward/joint_pos_limits: -0.1131
      Episode_Termination/time_out: 0.1326
  Episode_Termination/torso_height: 0.8674
--------------------------------------------------------------------------------
                   Total timesteps: 67371008
                    Iteration time: 0.27s
                      Time elapsed: 00:02:23
                               ETA: 00:00:24

################################################################################
                     [1m Learning iteration 1513/1599 [0m                     

                       Computation: 490595 steps/s (collection: 0.195s, learning 0.072s)
             Mean action noise std: 0.07
          Mean value_function loss: 0.2360
               Mean surrogate loss: -0.0019
                 Mean entropy loss: -9.7638
                       Mean reward: 28.48
               Mean episode length: 509.86
           Episode_Reward/progress: 1.5022
              Episode_Reward/alive: 0.2558
            Episode_Reward/upright: 0.0493
     Episode_Reward/move_to_target: 0.2502
          Episode_Reward/action_l2: -0.0041
             Episode_Reward/energy: -0.2306
   Episode_Reward/joint_pos_limits: -0.1086
      Episode_Termination/time_out: 0.1327
  Episode_Termination/torso_height: 0.8673
--------------------------------------------------------------------------------
                   Total timesteps: 67502080
                    Iteration time: 0.27s
                      Time elapsed: 00:02:23
                               ETA: 00:00:23

################################################################################
                     [1m Learning iteration 1514/1599 [0m                     

                       Computation: 491215 steps/s (collection: 0.196s, learning 0.071s)
             Mean action noise std: 0.07
          Mean value_function loss: 0.2355
               Mean surrogate loss: -0.0027
                 Mean entropy loss: -9.7735
                       Mean reward: 26.64
               Mean episode length: 475.93
           Episode_Reward/progress: 1.5748
              Episode_Reward/alive: 0.2668
            Episode_Reward/upright: 0.0516
     Episode_Reward/move_to_target: 0.2620
          Episode_Reward/action_l2: -0.0042
             Episode_Reward/energy: -0.2360
   Episode_Reward/joint_pos_limits: -0.1129
      Episode_Termination/time_out: 0.1327
  Episode_Termination/torso_height: 0.8673
--------------------------------------------------------------------------------
                   Total timesteps: 67633152
                    Iteration time: 0.27s
                      Time elapsed: 00:02:23
                               ETA: 00:00:23

################################################################################
                     [1m Learning iteration 1515/1599 [0m                     

                       Computation: 479157 steps/s (collection: 0.203s, learning 0.070s)
             Mean action noise std: 0.07
          Mean value_function loss: 0.2171
               Mean surrogate loss: -0.0027
                 Mean entropy loss: -9.7734
                       Mean reward: 30.54
               Mean episode length: 546.38
           Episode_Reward/progress: 1.5949
              Episode_Reward/alive: 0.2702
            Episode_Reward/upright: 0.0521
     Episode_Reward/move_to_target: 0.2642
          Episode_Reward/action_l2: -0.0043
             Episode_Reward/energy: -0.2395
   Episode_Reward/joint_pos_limits: -0.1146
      Episode_Termination/time_out: 0.1325
  Episode_Termination/torso_height: 0.8675
--------------------------------------------------------------------------------
                   Total timesteps: 67764224
                    Iteration time: 0.27s
                      Time elapsed: 00:02:23
                               ETA: 00:00:23

################################################################################
                     [1m Learning iteration 1516/1599 [0m                     

                       Computation: 490263 steps/s (collection: 0.196s, learning 0.071s)
             Mean action noise std: 0.07
          Mean value_function loss: 0.2244
               Mean surrogate loss: -0.0022
                 Mean entropy loss: -9.7707
                       Mean reward: 27.84
               Mean episode length: 500.90
           Episode_Reward/progress: 1.6267
              Episode_Reward/alive: 0.2774
            Episode_Reward/upright: 0.0534
     Episode_Reward/move_to_target: 0.2717
          Episode_Reward/action_l2: -0.0044
             Episode_Reward/energy: -0.2458
   Episode_Reward/joint_pos_limits: -0.1172
      Episode_Termination/time_out: 0.1323
  Episode_Termination/torso_height: 0.8677
--------------------------------------------------------------------------------
                   Total timesteps: 67895296
                    Iteration time: 0.27s
                      Time elapsed: 00:02:24
                               ETA: 00:00:23

################################################################################
                     [1m Learning iteration 1517/1599 [0m                     

                       Computation: 487107 steps/s (collection: 0.197s, learning 0.072s)
             Mean action noise std: 0.07
          Mean value_function loss: 0.2272
               Mean surrogate loss: -0.0021
                 Mean entropy loss: -9.7901
                       Mean reward: 25.89
               Mean episode length: 464.54
           Episode_Reward/progress: 1.5370
              Episode_Reward/alive: 0.2593
            Episode_Reward/upright: 0.0502
     Episode_Reward/move_to_target: 0.2553
          Episode_Reward/action_l2: -0.0040
             Episode_Reward/energy: -0.2274
   Episode_Reward/joint_pos_limits: -0.1093
      Episode_Termination/time_out: 0.1314
  Episode_Termination/torso_height: 0.8686
--------------------------------------------------------------------------------
                   Total timesteps: 68026368
                    Iteration time: 0.27s
                      Time elapsed: 00:02:24
                               ETA: 00:00:22

################################################################################
                     [1m Learning iteration 1518/1599 [0m                     

                       Computation: 480619 steps/s (collection: 0.197s, learning 0.076s)
             Mean action noise std: 0.07
          Mean value_function loss: 0.1841
               Mean surrogate loss: -0.0030
                 Mean entropy loss: -9.7926
                       Mean reward: 30.44
               Mean episode length: 543.35
           Episode_Reward/progress: 1.7072
              Episode_Reward/alive: 0.2886
            Episode_Reward/upright: 0.0559
     Episode_Reward/move_to_target: 0.2839
          Episode_Reward/action_l2: -0.0044
             Episode_Reward/energy: -0.2530
   Episode_Reward/joint_pos_limits: -0.1220
      Episode_Termination/time_out: 0.1311
  Episode_Termination/torso_height: 0.8689
--------------------------------------------------------------------------------
                   Total timesteps: 68157440
                    Iteration time: 0.27s
                      Time elapsed: 00:02:24
                               ETA: 00:00:22

################################################################################
                     [1m Learning iteration 1519/1599 [0m                     

                       Computation: 476643 steps/s (collection: 0.204s, learning 0.071s)
             Mean action noise std: 0.07
          Mean value_function loss: 0.2455
               Mean surrogate loss: -0.0028
                 Mean entropy loss: -9.7990
                       Mean reward: 29.20
               Mean episode length: 519.23
           Episode_Reward/progress: 1.5948
              Episode_Reward/alive: 0.2701
            Episode_Reward/upright: 0.0523
     Episode_Reward/move_to_target: 0.2642
          Episode_Reward/action_l2: -0.0042
             Episode_Reward/energy: -0.2375
   Episode_Reward/joint_pos_limits: -0.1138
      Episode_Termination/time_out: 0.1317
  Episode_Termination/torso_height: 0.8683
--------------------------------------------------------------------------------
                   Total timesteps: 68288512
                    Iteration time: 0.27s
                      Time elapsed: 00:02:24
                               ETA: 00:00:22

################################################################################
                     [1m Learning iteration 1520/1599 [0m                     

                       Computation: 488006 steps/s (collection: 0.197s, learning 0.072s)
             Mean action noise std: 0.07
          Mean value_function loss: 0.2393
               Mean surrogate loss: -0.0027
                 Mean entropy loss: -9.7824
                       Mean reward: 29.41
               Mean episode length: 527.06
           Episode_Reward/progress: 1.5936
              Episode_Reward/alive: 0.2718
            Episode_Reward/upright: 0.0523
     Episode_Reward/move_to_target: 0.2663
          Episode_Reward/action_l2: -0.0042
             Episode_Reward/energy: -0.2343
   Episode_Reward/joint_pos_limits: -0.1156
      Episode_Termination/time_out: 0.1324
  Episode_Termination/torso_height: 0.8676
--------------------------------------------------------------------------------
                   Total timesteps: 68419584
                    Iteration time: 0.27s
                      Time elapsed: 00:02:25
                               ETA: 00:00:21

################################################################################
                     [1m Learning iteration 1521/1599 [0m                     

                       Computation: 489897 steps/s (collection: 0.196s, learning 0.071s)
             Mean action noise std: 0.07
          Mean value_function loss: 0.2547
               Mean surrogate loss: -0.0029
                 Mean entropy loss: -9.7706
                       Mean reward: 26.74
               Mean episode length: 482.64
           Episode_Reward/progress: 1.4547
              Episode_Reward/alive: 0.2471
            Episode_Reward/upright: 0.0478
     Episode_Reward/move_to_target: 0.2434
          Episode_Reward/action_l2: -0.0039
             Episode_Reward/energy: -0.2194
   Episode_Reward/joint_pos_limits: -0.1044
      Episode_Termination/time_out: 0.1320
  Episode_Termination/torso_height: 0.8680
--------------------------------------------------------------------------------
                   Total timesteps: 68550656
                    Iteration time: 0.27s
                      Time elapsed: 00:02:25
                               ETA: 00:00:21

################################################################################
                     [1m Learning iteration 1522/1599 [0m                     

                       Computation: 471947 steps/s (collection: 0.202s, learning 0.075s)
             Mean action noise std: 0.07
          Mean value_function loss: 0.2232
               Mean surrogate loss: -0.0026
                 Mean entropy loss: -9.7579
                       Mean reward: 27.71
               Mean episode length: 495.35
           Episode_Reward/progress: 1.5302
              Episode_Reward/alive: 0.2613
            Episode_Reward/upright: 0.0503
     Episode_Reward/move_to_target: 0.2565
          Episode_Reward/action_l2: -0.0041
             Episode_Reward/energy: -0.2287
   Episode_Reward/joint_pos_limits: -0.1105
      Episode_Termination/time_out: 0.1326
  Episode_Termination/torso_height: 0.8674
--------------------------------------------------------------------------------
                   Total timesteps: 68681728
                    Iteration time: 0.28s
                      Time elapsed: 00:02:25
                               ETA: 00:00:21

################################################################################
                     [1m Learning iteration 1523/1599 [0m                     

                       Computation: 488708 steps/s (collection: 0.196s, learning 0.072s)
             Mean action noise std: 0.07
          Mean value_function loss: 0.2308
               Mean surrogate loss: -0.0022
                 Mean entropy loss: -9.7367
                       Mean reward: 27.90
               Mean episode length: 500.69
           Episode_Reward/progress: 1.6227
              Episode_Reward/alive: 0.2764
            Episode_Reward/upright: 0.0535
     Episode_Reward/move_to_target: 0.2703
          Episode_Reward/action_l2: -0.0043
             Episode_Reward/energy: -0.2402
   Episode_Reward/joint_pos_limits: -0.1171
      Episode_Termination/time_out: 0.1337
  Episode_Termination/torso_height: 0.8663
--------------------------------------------------------------------------------
                   Total timesteps: 68812800
                    Iteration time: 0.27s
                      Time elapsed: 00:02:25
                               ETA: 00:00:21

################################################################################
                     [1m Learning iteration 1524/1599 [0m                     

                       Computation: 477100 steps/s (collection: 0.202s, learning 0.073s)
             Mean action noise std: 0.07
          Mean value_function loss: 0.2291
               Mean surrogate loss: -0.0031
                 Mean entropy loss: -9.7258
                       Mean reward: 28.40
               Mean episode length: 510.10
           Episode_Reward/progress: 1.5502
              Episode_Reward/alive: 0.2644
            Episode_Reward/upright: 0.0511
     Episode_Reward/move_to_target: 0.2590
          Episode_Reward/action_l2: -0.0042
             Episode_Reward/energy: -0.2334
   Episode_Reward/joint_pos_limits: -0.1118
      Episode_Termination/time_out: 0.1347
  Episode_Termination/torso_height: 0.8653
--------------------------------------------------------------------------------
                   Total timesteps: 68943872
                    Iteration time: 0.27s
                      Time elapsed: 00:02:26
                               ETA: 00:00:20

################################################################################
                     [1m Learning iteration 1525/1599 [0m                     

                       Computation: 488993 steps/s (collection: 0.197s, learning 0.071s)
             Mean action noise std: 0.07
          Mean value_function loss: 0.2421
               Mean surrogate loss: -0.0033
                 Mean entropy loss: -9.7338
                       Mean reward: 28.73
               Mean episode length: 515.63
           Episode_Reward/progress: 1.5859
              Episode_Reward/alive: 0.2734
            Episode_Reward/upright: 0.0526
     Episode_Reward/move_to_target: 0.2671
          Episode_Reward/action_l2: -0.0042
             Episode_Reward/energy: -0.2387
   Episode_Reward/joint_pos_limits: -0.1156
      Episode_Termination/time_out: 0.1343
  Episode_Termination/torso_height: 0.8657
--------------------------------------------------------------------------------
                   Total timesteps: 69074944
                    Iteration time: 0.27s
                      Time elapsed: 00:02:26
                               ETA: 00:00:20

################################################################################
                     [1m Learning iteration 1526/1599 [0m                     

                       Computation: 478360 steps/s (collection: 0.203s, learning 0.071s)
             Mean action noise std: 0.07
          Mean value_function loss: 0.2289
               Mean surrogate loss: -0.0006
                 Mean entropy loss: -9.7494
                       Mean reward: 31.85
               Mean episode length: 566.24
           Episode_Reward/progress: 1.6139
              Episode_Reward/alive: 0.2736
            Episode_Reward/upright: 0.0529
     Episode_Reward/move_to_target: 0.2687
          Episode_Reward/action_l2: -0.0042
             Episode_Reward/energy: -0.2354
   Episode_Reward/joint_pos_limits: -0.1157
      Episode_Termination/time_out: 0.1351
  Episode_Termination/torso_height: 0.8649
--------------------------------------------------------------------------------
                   Total timesteps: 69206016
                    Iteration time: 0.27s
                      Time elapsed: 00:02:26
                               ETA: 00:00:20

################################################################################
                     [1m Learning iteration 1527/1599 [0m                     

                       Computation: 484066 steps/s (collection: 0.200s, learning 0.071s)
             Mean action noise std: 0.07
          Mean value_function loss: 0.2188
               Mean surrogate loss: -0.0014
                 Mean entropy loss: -9.7486
                       Mean reward: 26.19
               Mean episode length: 467.04
           Episode_Reward/progress: 1.5244
              Episode_Reward/alive: 0.2595
            Episode_Reward/upright: 0.0503
     Episode_Reward/move_to_target: 0.2559
          Episode_Reward/action_l2: -0.0040
             Episode_Reward/energy: -0.2224
   Episode_Reward/joint_pos_limits: -0.1096
      Episode_Termination/time_out: 0.1357
  Episode_Termination/torso_height: 0.8643
--------------------------------------------------------------------------------
                   Total timesteps: 69337088
                    Iteration time: 0.27s
                      Time elapsed: 00:02:27
                               ETA: 00:00:20

################################################################################
                     [1m Learning iteration 1528/1599 [0m                     

                       Computation: 487521 steps/s (collection: 0.198s, learning 0.071s)
             Mean action noise std: 0.07
          Mean value_function loss: 0.2404
               Mean surrogate loss: -0.0021
                 Mean entropy loss: -9.7574
                       Mean reward: 29.60
               Mean episode length: 523.27
           Episode_Reward/progress: 1.4874
              Episode_Reward/alive: 0.2523
            Episode_Reward/upright: 0.0488
     Episode_Reward/move_to_target: 0.2480
          Episode_Reward/action_l2: -0.0039
             Episode_Reward/energy: -0.2201
   Episode_Reward/joint_pos_limits: -0.1067
      Episode_Termination/time_out: 0.1361
  Episode_Termination/torso_height: 0.8639
--------------------------------------------------------------------------------
                   Total timesteps: 69468160
                    Iteration time: 0.27s
                      Time elapsed: 00:02:27
                               ETA: 00:00:19

################################################################################
                     [1m Learning iteration 1529/1599 [0m                     

                       Computation: 484438 steps/s (collection: 0.195s, learning 0.075s)
             Mean action noise std: 0.07
          Mean value_function loss: 0.2308
               Mean surrogate loss: -0.0026
                 Mean entropy loss: -9.7523
                       Mean reward: 29.78
               Mean episode length: 535.42
           Episode_Reward/progress: 1.5997
              Episode_Reward/alive: 0.2719
            Episode_Reward/upright: 0.0527
     Episode_Reward/move_to_target: 0.2669
          Episode_Reward/action_l2: -0.0042
             Episode_Reward/energy: -0.2360
   Episode_Reward/joint_pos_limits: -0.1151
      Episode_Termination/time_out: 0.1363
  Episode_Termination/torso_height: 0.8637
--------------------------------------------------------------------------------
                   Total timesteps: 69599232
                    Iteration time: 0.27s
                      Time elapsed: 00:02:27
                               ETA: 00:00:19

################################################################################
                     [1m Learning iteration 1530/1599 [0m                     

                       Computation: 465617 steps/s (collection: 0.210s, learning 0.072s)
             Mean action noise std: 0.07
          Mean value_function loss: 0.2126
               Mean surrogate loss: -0.0017
                 Mean entropy loss: -9.7479
                       Mean reward: 31.50
               Mean episode length: 559.99
           Episode_Reward/progress: 1.5875
              Episode_Reward/alive: 0.2687
            Episode_Reward/upright: 0.0521
     Episode_Reward/move_to_target: 0.2642
          Episode_Reward/action_l2: -0.0041
             Episode_Reward/energy: -0.2327
   Episode_Reward/joint_pos_limits: -0.1137
      Episode_Termination/time_out: 0.1361
  Episode_Termination/torso_height: 0.8639
--------------------------------------------------------------------------------
                   Total timesteps: 69730304
                    Iteration time: 0.28s
                      Time elapsed: 00:02:27
                               ETA: 00:00:19

################################################################################
                     [1m Learning iteration 1531/1599 [0m                     

                       Computation: 490256 steps/s (collection: 0.195s, learning 0.072s)
             Mean action noise std: 0.07
          Mean value_function loss: 0.2283
               Mean surrogate loss: -0.0010
                 Mean entropy loss: -9.7376
                       Mean reward: 26.35
               Mean episode length: 470.43
           Episode_Reward/progress: 1.4877
              Episode_Reward/alive: 0.2524
            Episode_Reward/upright: 0.0487
     Episode_Reward/move_to_target: 0.2475
          Episode_Reward/action_l2: -0.0039
             Episode_Reward/energy: -0.2204
   Episode_Reward/joint_pos_limits: -0.1066
      Episode_Termination/time_out: 0.1365
  Episode_Termination/torso_height: 0.8635
--------------------------------------------------------------------------------
                   Total timesteps: 69861376
                    Iteration time: 0.27s
                      Time elapsed: 00:02:28
                               ETA: 00:00:18

################################################################################
                     [1m Learning iteration 1532/1599 [0m                     

                       Computation: 487103 steps/s (collection: 0.199s, learning 0.070s)
             Mean action noise std: 0.07
          Mean value_function loss: 0.2351
               Mean surrogate loss: -0.0022
                 Mean entropy loss: -9.7461
                       Mean reward: 26.57
               Mean episode length: 473.13
           Episode_Reward/progress: 1.5200
              Episode_Reward/alive: 0.2570
            Episode_Reward/upright: 0.0499
     Episode_Reward/move_to_target: 0.2531
          Episode_Reward/action_l2: -0.0040
             Episode_Reward/energy: -0.2226
   Episode_Reward/joint_pos_limits: -0.1092
      Episode_Termination/time_out: 0.1366
  Episode_Termination/torso_height: 0.8634
--------------------------------------------------------------------------------
                   Total timesteps: 69992448
                    Iteration time: 0.27s
                      Time elapsed: 00:02:28
                               ETA: 00:00:18

################################################################################
                     [1m Learning iteration 1533/1599 [0m                     

                       Computation: 481951 steps/s (collection: 0.201s, learning 0.071s)
             Mean action noise std: 0.07
          Mean value_function loss: 0.2234
               Mean surrogate loss: -0.0023
                 Mean entropy loss: -9.7615
                       Mean reward: 29.87
               Mean episode length: 533.76
           Episode_Reward/progress: 1.5960
              Episode_Reward/alive: 0.2709
            Episode_Reward/upright: 0.0524
     Episode_Reward/move_to_target: 0.2658
          Episode_Reward/action_l2: -0.0042
             Episode_Reward/energy: -0.2324
   Episode_Reward/joint_pos_limits: -0.1147
      Episode_Termination/time_out: 0.1361
  Episode_Termination/torso_height: 0.8639
--------------------------------------------------------------------------------
                   Total timesteps: 70123520
                    Iteration time: 0.27s
                      Time elapsed: 00:02:28
                               ETA: 00:00:18

################################################################################
                     [1m Learning iteration 1534/1599 [0m                     

                       Computation: 474404 steps/s (collection: 0.206s, learning 0.070s)
             Mean action noise std: 0.07
          Mean value_function loss: 0.2162
               Mean surrogate loss: -0.0025
                 Mean entropy loss: -9.7579
                       Mean reward: 27.72
               Mean episode length: 492.38
           Episode_Reward/progress: 1.5055
              Episode_Reward/alive: 0.2563
            Episode_Reward/upright: 0.0496
     Episode_Reward/move_to_target: 0.2521
          Episode_Reward/action_l2: -0.0039
             Episode_Reward/energy: -0.2207
   Episode_Reward/joint_pos_limits: -0.1086
      Episode_Termination/time_out: 0.1371
  Episode_Termination/torso_height: 0.8629
--------------------------------------------------------------------------------
                   Total timesteps: 70254592
                    Iteration time: 0.28s
                      Time elapsed: 00:02:28
                               ETA: 00:00:18

################################################################################
                     [1m Learning iteration 1535/1599 [0m                     

                       Computation: 491727 steps/s (collection: 0.196s, learning 0.070s)
             Mean action noise std: 0.07
          Mean value_function loss: 0.2387
               Mean surrogate loss: -0.0020
                 Mean entropy loss: -9.7839
                       Mean reward: 26.71
               Mean episode length: 476.36
           Episode_Reward/progress: 1.5848
              Episode_Reward/alive: 0.2691
            Episode_Reward/upright: 0.0522
     Episode_Reward/move_to_target: 0.2650
          Episode_Reward/action_l2: -0.0041
             Episode_Reward/energy: -0.2335
   Episode_Reward/joint_pos_limits: -0.1128
      Episode_Termination/time_out: 0.1375
  Episode_Termination/torso_height: 0.8625
--------------------------------------------------------------------------------
                   Total timesteps: 70385664
                    Iteration time: 0.27s
                      Time elapsed: 00:02:29
                               ETA: 00:00:17

################################################################################
                     [1m Learning iteration 1536/1599 [0m                     

                       Computation: 490561 steps/s (collection: 0.196s, learning 0.071s)
             Mean action noise std: 0.07
          Mean value_function loss: 0.2363
               Mean surrogate loss: -0.0023
                 Mean entropy loss: -9.7859
                       Mean reward: 30.54
               Mean episode length: 536.50
           Episode_Reward/progress: 1.5990
              Episode_Reward/alive: 0.2719
            Episode_Reward/upright: 0.0528
     Episode_Reward/move_to_target: 0.2684
          Episode_Reward/action_l2: -0.0041
             Episode_Reward/energy: -0.2350
   Episode_Reward/joint_pos_limits: -0.1149
      Episode_Termination/time_out: 0.1387
  Episode_Termination/torso_height: 0.8613
--------------------------------------------------------------------------------
                   Total timesteps: 70516736
                    Iteration time: 0.27s
                      Time elapsed: 00:02:29
                               ETA: 00:00:17

################################################################################
                     [1m Learning iteration 1537/1599 [0m                     

                       Computation: 462778 steps/s (collection: 0.212s, learning 0.071s)
             Mean action noise std: 0.07
          Mean value_function loss: 0.2314
               Mean surrogate loss: -0.0037
                 Mean entropy loss: -9.7952
                       Mean reward: 32.06
               Mean episode length: 565.83
           Episode_Reward/progress: 1.6161
              Episode_Reward/alive: 0.2733
            Episode_Reward/upright: 0.0531
     Episode_Reward/move_to_target: 0.2693
          Episode_Reward/action_l2: -0.0041
             Episode_Reward/energy: -0.2337
   Episode_Reward/joint_pos_limits: -0.1149
      Episode_Termination/time_out: 0.1390
  Episode_Termination/torso_height: 0.8610
--------------------------------------------------------------------------------
                   Total timesteps: 70647808
                    Iteration time: 0.28s
                      Time elapsed: 00:02:29
                               ETA: 00:00:17

################################################################################
                     [1m Learning iteration 1538/1599 [0m                     

                       Computation: 489634 steps/s (collection: 0.197s, learning 0.071s)
             Mean action noise std: 0.07
          Mean value_function loss: 0.2322
               Mean surrogate loss: -0.0019
                 Mean entropy loss: -9.7882
                       Mean reward: 31.28
               Mean episode length: 547.72
           Episode_Reward/progress: 1.6078
              Episode_Reward/alive: 0.2717
            Episode_Reward/upright: 0.0529
     Episode_Reward/move_to_target: 0.2677
          Episode_Reward/action_l2: -0.0041
             Episode_Reward/energy: -0.2312
   Episode_Reward/joint_pos_limits: -0.1143
      Episode_Termination/time_out: 0.1390
  Episode_Termination/torso_height: 0.8610
--------------------------------------------------------------------------------
                   Total timesteps: 70778880
                    Iteration time: 0.27s
                      Time elapsed: 00:02:30
                               ETA: 00:00:16

################################################################################
                     [1m Learning iteration 1539/1599 [0m                     

                       Computation: 489230 steps/s (collection: 0.197s, learning 0.070s)
             Mean action noise std: 0.07
          Mean value_function loss: 0.2235
               Mean surrogate loss: -0.0019
                 Mean entropy loss: -9.8095
                       Mean reward: 29.30
               Mean episode length: 518.25
           Episode_Reward/progress: 1.5783
              Episode_Reward/alive: 0.2676
            Episode_Reward/upright: 0.0523
     Episode_Reward/move_to_target: 0.2655
          Episode_Reward/action_l2: -0.0040
             Episode_Reward/energy: -0.2267
   Episode_Reward/joint_pos_limits: -0.1127
      Episode_Termination/time_out: 0.1404
  Episode_Termination/torso_height: 0.8596
--------------------------------------------------------------------------------
                   Total timesteps: 70909952
                    Iteration time: 0.27s
                      Time elapsed: 00:02:30
                               ETA: 00:00:16

################################################################################
                     [1m Learning iteration 1540/1599 [0m                     

                       Computation: 478619 steps/s (collection: 0.198s, learning 0.076s)
             Mean action noise std: 0.07
          Mean value_function loss: 0.2227
               Mean surrogate loss: -0.0018
                 Mean entropy loss: -9.8221
                       Mean reward: 29.50
               Mean episode length: 525.71
           Episode_Reward/progress: 1.5664
              Episode_Reward/alive: 0.2674
            Episode_Reward/upright: 0.0520
     Episode_Reward/move_to_target: 0.2640
          Episode_Reward/action_l2: -0.0040
             Episode_Reward/energy: -0.2284
   Episode_Reward/joint_pos_limits: -0.1122
      Episode_Termination/time_out: 0.1412
  Episode_Termination/torso_height: 0.8588
--------------------------------------------------------------------------------
                   Total timesteps: 71041024
                    Iteration time: 0.27s
                      Time elapsed: 00:02:30
                               ETA: 00:00:16

################################################################################
                     [1m Learning iteration 1541/1599 [0m                     

                       Computation: 490061 steps/s (collection: 0.197s, learning 0.071s)
             Mean action noise std: 0.07
          Mean value_function loss: 0.2183
               Mean surrogate loss: -0.0020
                 Mean entropy loss: -9.8696
                       Mean reward: 29.99
               Mean episode length: 534.17
           Episode_Reward/progress: 1.6226
              Episode_Reward/alive: 0.2751
            Episode_Reward/upright: 0.0535
     Episode_Reward/move_to_target: 0.2713
          Episode_Reward/action_l2: -0.0042
             Episode_Reward/energy: -0.2350
   Episode_Reward/joint_pos_limits: -0.1154
      Episode_Termination/time_out: 0.1421
  Episode_Termination/torso_height: 0.8579
--------------------------------------------------------------------------------
                   Total timesteps: 71172096
                    Iteration time: 0.27s
                      Time elapsed: 00:02:30
                               ETA: 00:00:16

################################################################################
                     [1m Learning iteration 1542/1599 [0m                     

                       Computation: 488086 steps/s (collection: 0.198s, learning 0.071s)
             Mean action noise std: 0.07
          Mean value_function loss: 0.2354
               Mean surrogate loss: -0.0023
                 Mean entropy loss: -9.8611
                       Mean reward: 27.38
               Mean episode length: 486.14
           Episode_Reward/progress: 1.5392
              Episode_Reward/alive: 0.2624
            Episode_Reward/upright: 0.0509
     Episode_Reward/move_to_target: 0.2580
          Episode_Reward/action_l2: -0.0040
             Episode_Reward/energy: -0.2234
   Episode_Reward/joint_pos_limits: -0.1107
      Episode_Termination/time_out: 0.1419
  Episode_Termination/torso_height: 0.8581
--------------------------------------------------------------------------------
                   Total timesteps: 71303168
                    Iteration time: 0.27s
                      Time elapsed: 00:02:31
                               ETA: 00:00:15

################################################################################
                     [1m Learning iteration 1543/1599 [0m                     

                       Computation: 489283 steps/s (collection: 0.198s, learning 0.070s)
             Mean action noise std: 0.07
          Mean value_function loss: 0.2307
               Mean surrogate loss: -0.0033
                 Mean entropy loss: -9.8723
                       Mean reward: 29.08
               Mean episode length: 516.14
           Episode_Reward/progress: 1.5799
              Episode_Reward/alive: 0.2678
            Episode_Reward/upright: 0.0521
     Episode_Reward/move_to_target: 0.2643
          Episode_Reward/action_l2: -0.0040
             Episode_Reward/energy: -0.2280
   Episode_Reward/joint_pos_limits: -0.1125
      Episode_Termination/time_out: 0.1427
  Episode_Termination/torso_height: 0.8573
--------------------------------------------------------------------------------
                   Total timesteps: 71434240
                    Iteration time: 0.27s
                      Time elapsed: 00:02:31
                               ETA: 00:00:15

################################################################################
                     [1m Learning iteration 1544/1599 [0m                     

                       Computation: 468854 steps/s (collection: 0.209s, learning 0.071s)
             Mean action noise std: 0.07
          Mean value_function loss: 0.2365
               Mean surrogate loss: -0.0031
                 Mean entropy loss: -9.8904
                       Mean reward: 26.98
               Mean episode length: 482.50
           Episode_Reward/progress: 1.5386
              Episode_Reward/alive: 0.2627
            Episode_Reward/upright: 0.0510
     Episode_Reward/move_to_target: 0.2585
          Episode_Reward/action_l2: -0.0039
             Episode_Reward/energy: -0.2231
   Episode_Reward/joint_pos_limits: -0.1100
      Episode_Termination/time_out: 0.1435
  Episode_Termination/torso_height: 0.8565
--------------------------------------------------------------------------------
                   Total timesteps: 71565312
                    Iteration time: 0.28s
                      Time elapsed: 00:02:31
                               ETA: 00:00:15

################################################################################
                     [1m Learning iteration 1545/1599 [0m                     

                       Computation: 488987 steps/s (collection: 0.197s, learning 0.071s)
             Mean action noise std: 0.07
          Mean value_function loss: 0.2196
               Mean surrogate loss: -0.0022
                 Mean entropy loss: -9.8878
                       Mean reward: 27.72
               Mean episode length: 494.43
           Episode_Reward/progress: 1.5857
              Episode_Reward/alive: 0.2685
            Episode_Reward/upright: 0.0524
     Episode_Reward/move_to_target: 0.2658
          Episode_Reward/action_l2: -0.0040
             Episode_Reward/energy: -0.2299
   Episode_Reward/joint_pos_limits: -0.1123
      Episode_Termination/time_out: 0.1433
  Episode_Termination/torso_height: 0.8567
--------------------------------------------------------------------------------
                   Total timesteps: 71696384
                    Iteration time: 0.27s
                      Time elapsed: 00:02:31
                               ETA: 00:00:15

################################################################################
                     [1m Learning iteration 1546/1599 [0m                     

                       Computation: 488374 steps/s (collection: 0.196s, learning 0.072s)
             Mean action noise std: 0.07
          Mean value_function loss: 0.2289
               Mean surrogate loss: -0.0016
                 Mean entropy loss: -9.8927
                       Mean reward: 28.01
               Mean episode length: 500.05
           Episode_Reward/progress: 1.5816
              Episode_Reward/alive: 0.2712
            Episode_Reward/upright: 0.0528
     Episode_Reward/move_to_target: 0.2669
          Episode_Reward/action_l2: -0.0041
             Episode_Reward/energy: -0.2328
   Episode_Reward/joint_pos_limits: -0.1134
      Episode_Termination/time_out: 0.1439
  Episode_Termination/torso_height: 0.8561
--------------------------------------------------------------------------------
                   Total timesteps: 71827456
                    Iteration time: 0.27s
                      Time elapsed: 00:02:32
                               ETA: 00:00:14

################################################################################
                     [1m Learning iteration 1547/1599 [0m                     

                       Computation: 485357 steps/s (collection: 0.199s, learning 0.071s)
             Mean action noise std: 0.07
          Mean value_function loss: 0.2269
               Mean surrogate loss: -0.0025
                 Mean entropy loss: -9.9163
                       Mean reward: 26.75
               Mean episode length: 480.93
           Episode_Reward/progress: 1.5832
              Episode_Reward/alive: 0.2692
            Episode_Reward/upright: 0.0523
     Episode_Reward/move_to_target: 0.2646
          Episode_Reward/action_l2: -0.0040
             Episode_Reward/energy: -0.2287
   Episode_Reward/joint_pos_limits: -0.1123
      Episode_Termination/time_out: 0.1444
  Episode_Termination/torso_height: 0.8556
--------------------------------------------------------------------------------
                   Total timesteps: 71958528
                    Iteration time: 0.27s
                      Time elapsed: 00:02:32
                               ETA: 00:00:14

################################################################################
                     [1m Learning iteration 1548/1599 [0m                     

                       Computation: 480153 steps/s (collection: 0.202s, learning 0.070s)
             Mean action noise std: 0.07
          Mean value_function loss: 0.2211
               Mean surrogate loss: -0.0033
                 Mean entropy loss: -9.9259
                       Mean reward: 28.00
               Mean episode length: 503.19
           Episode_Reward/progress: 1.6017
              Episode_Reward/alive: 0.2722
            Episode_Reward/upright: 0.0530
     Episode_Reward/move_to_target: 0.2683
          Episode_Reward/action_l2: -0.0041
             Episode_Reward/energy: -0.2329
   Episode_Reward/joint_pos_limits: -0.1139
      Episode_Termination/time_out: 0.1444
  Episode_Termination/torso_height: 0.8556
--------------------------------------------------------------------------------
                   Total timesteps: 72089600
                    Iteration time: 0.27s
                      Time elapsed: 00:02:32
                               ETA: 00:00:14

################################################################################
                     [1m Learning iteration 1549/1599 [0m                     

                       Computation: 488355 steps/s (collection: 0.197s, learning 0.072s)
             Mean action noise std: 0.07
          Mean value_function loss: 0.2051
               Mean surrogate loss: -0.0025
                 Mean entropy loss: -9.9210
                       Mean reward: 28.97
               Mean episode length: 523.19
           Episode_Reward/progress: 1.5939
              Episode_Reward/alive: 0.2723
            Episode_Reward/upright: 0.0532
     Episode_Reward/move_to_target: 0.2679
          Episode_Reward/action_l2: -0.0041
             Episode_Reward/energy: -0.2314
   Episode_Reward/joint_pos_limits: -0.1143
      Episode_Termination/time_out: 0.1440
  Episode_Termination/torso_height: 0.8560
--------------------------------------------------------------------------------
                   Total timesteps: 72220672
                    Iteration time: 0.27s
                      Time elapsed: 00:02:33
                               ETA: 00:00:13

################################################################################
                     [1m Learning iteration 1550/1599 [0m                     

                       Computation: 483557 steps/s (collection: 0.200s, learning 0.071s)
             Mean action noise std: 0.07
          Mean value_function loss: 0.2292
               Mean surrogate loss: -0.0025
                 Mean entropy loss: -9.9113
                       Mean reward: 27.85
               Mean episode length: 495.02
           Episode_Reward/progress: 1.5497
              Episode_Reward/alive: 0.2651
            Episode_Reward/upright: 0.0515
     Episode_Reward/move_to_target: 0.2608
          Episode_Reward/action_l2: -0.0040
             Episode_Reward/energy: -0.2251
   Episode_Reward/joint_pos_limits: -0.1113
      Episode_Termination/time_out: 0.1439
  Episode_Termination/torso_height: 0.8561
--------------------------------------------------------------------------------
                   Total timesteps: 72351744
                    Iteration time: 0.27s
                      Time elapsed: 00:02:33
                               ETA: 00:00:13

################################################################################
                     [1m Learning iteration 1551/1599 [0m                     

                       Computation: 473904 steps/s (collection: 0.196s, learning 0.081s)
             Mean action noise std: 0.07
          Mean value_function loss: 0.2259
               Mean surrogate loss: -0.0031
                 Mean entropy loss: -9.8978
                       Mean reward: 29.75
               Mean episode length: 527.86
           Episode_Reward/progress: 1.5720
              Episode_Reward/alive: 0.2689
            Episode_Reward/upright: 0.0523
     Episode_Reward/move_to_target: 0.2647
          Episode_Reward/action_l2: -0.0040
             Episode_Reward/energy: -0.2278
   Episode_Reward/joint_pos_limits: -0.1123
      Episode_Termination/time_out: 0.1458
  Episode_Termination/torso_height: 0.8542
--------------------------------------------------------------------------------
                   Total timesteps: 72482816
                    Iteration time: 0.28s
                      Time elapsed: 00:02:33
                               ETA: 00:00:13

################################################################################
                     [1m Learning iteration 1552/1599 [0m                     

                       Computation: 491639 steps/s (collection: 0.196s, learning 0.071s)
             Mean action noise std: 0.07
          Mean value_function loss: 0.2055
               Mean surrogate loss: -0.0018
                 Mean entropy loss: -9.9041
                       Mean reward: 30.61
               Mean episode length: 547.04
           Episode_Reward/progress: 1.6319
              Episode_Reward/alive: 0.2789
            Episode_Reward/upright: 0.0542
     Episode_Reward/move_to_target: 0.2740
          Episode_Reward/action_l2: -0.0042
             Episode_Reward/energy: -0.2383
   Episode_Reward/joint_pos_limits: -0.1166
      Episode_Termination/time_out: 0.1455
  Episode_Termination/torso_height: 0.8545
--------------------------------------------------------------------------------
                   Total timesteps: 72613888
                    Iteration time: 0.27s
                      Time elapsed: 00:02:33
                               ETA: 00:00:13

################################################################################
                     [1m Learning iteration 1553/1599 [0m                     

                       Computation: 482428 steps/s (collection: 0.200s, learning 0.072s)
             Mean action noise std: 0.07
          Mean value_function loss: 0.2294
               Mean surrogate loss: -0.0021
                 Mean entropy loss: -9.8855
                       Mean reward: 26.32
               Mean episode length: 474.35
           Episode_Reward/progress: 1.4711
              Episode_Reward/alive: 0.2540
            Episode_Reward/upright: 0.0493
     Episode_Reward/move_to_target: 0.2494
          Episode_Reward/action_l2: -0.0038
             Episode_Reward/energy: -0.2167
   Episode_Reward/joint_pos_limits: -0.1063
      Episode_Termination/time_out: 0.1456
  Episode_Termination/torso_height: 0.8544
--------------------------------------------------------------------------------
                   Total timesteps: 72744960
                    Iteration time: 0.27s
                      Time elapsed: 00:02:34
                               ETA: 00:00:12

################################################################################
                     [1m Learning iteration 1554/1599 [0m                     

                       Computation: 487186 steps/s (collection: 0.197s, learning 0.072s)
             Mean action noise std: 0.07
          Mean value_function loss: 0.2184
               Mean surrogate loss: -0.0024
                 Mean entropy loss: -9.8991
                       Mean reward: 30.11
               Mean episode length: 533.59
           Episode_Reward/progress: 1.5538
              Episode_Reward/alive: 0.2657
            Episode_Reward/upright: 0.0516
     Episode_Reward/move_to_target: 0.2616
          Episode_Reward/action_l2: -0.0040
             Episode_Reward/energy: -0.2234
   Episode_Reward/joint_pos_limits: -0.1112
      Episode_Termination/time_out: 0.1452
  Episode_Termination/torso_height: 0.8548
--------------------------------------------------------------------------------
                   Total timesteps: 72876032
                    Iteration time: 0.27s
                      Time elapsed: 00:02:34
                               ETA: 00:00:12

################################################################################
                     [1m Learning iteration 1555/1599 [0m                     

                       Computation: 474914 steps/s (collection: 0.204s, learning 0.072s)
             Mean action noise std: 0.07
          Mean value_function loss: 0.2646
               Mean surrogate loss: -0.0024
                 Mean entropy loss: -9.8873
                       Mean reward: 29.00
               Mean episode length: 523.74
           Episode_Reward/progress: 1.5733
              Episode_Reward/alive: 0.2699
            Episode_Reward/upright: 0.0524
     Episode_Reward/move_to_target: 0.2650
          Episode_Reward/action_l2: -0.0041
             Episode_Reward/energy: -0.2282
   Episode_Reward/joint_pos_limits: -0.1135
      Episode_Termination/time_out: 0.1460
  Episode_Termination/torso_height: 0.8540
--------------------------------------------------------------------------------
                   Total timesteps: 73007104
                    Iteration time: 0.28s
                      Time elapsed: 00:02:34
                               ETA: 00:00:12

################################################################################
                     [1m Learning iteration 1556/1599 [0m                     

                       Computation: 487516 steps/s (collection: 0.197s, learning 0.072s)
             Mean action noise std: 0.07
          Mean value_function loss: 0.2358
               Mean surrogate loss: -0.0039
                 Mean entropy loss: -9.9074
                       Mean reward: 28.28
               Mean episode length: 505.64
           Episode_Reward/progress: 1.5175
              Episode_Reward/alive: 0.2613
            Episode_Reward/upright: 0.0505
     Episode_Reward/move_to_target: 0.2568
          Episode_Reward/action_l2: -0.0039
             Episode_Reward/energy: -0.2182
   Episode_Reward/joint_pos_limits: -0.1098
      Episode_Termination/time_out: 0.1470
  Episode_Termination/torso_height: 0.8530
--------------------------------------------------------------------------------
                   Total timesteps: 73138176
                    Iteration time: 0.27s
                      Time elapsed: 00:02:34
                               ETA: 00:00:11

################################################################################
                     [1m Learning iteration 1557/1599 [0m                     

                       Computation: 486973 steps/s (collection: 0.197s, learning 0.072s)
             Mean action noise std: 0.07
          Mean value_function loss: 0.2365
               Mean surrogate loss: -0.0033
                 Mean entropy loss: -9.9075
                       Mean reward: 27.48
               Mean episode length: 487.53
           Episode_Reward/progress: 1.5699
              Episode_Reward/alive: 0.2686
            Episode_Reward/upright: 0.0524
     Episode_Reward/move_to_target: 0.2655
          Episode_Reward/action_l2: -0.0040
             Episode_Reward/energy: -0.2258
   Episode_Reward/joint_pos_limits: -0.1113
      Episode_Termination/time_out: 0.1482
  Episode_Termination/torso_height: 0.8518
--------------------------------------------------------------------------------
                   Total timesteps: 73269248
                    Iteration time: 0.27s
                      Time elapsed: 00:02:35
                               ETA: 00:00:11

################################################################################
                     [1m Learning iteration 1558/1599 [0m                     

                       Computation: 490385 steps/s (collection: 0.197s, learning 0.070s)
             Mean action noise std: 0.07
          Mean value_function loss: 0.2315
               Mean surrogate loss: -0.0026
                 Mean entropy loss: -9.9289
                       Mean reward: 29.94
               Mean episode length: 535.15
           Episode_Reward/progress: 1.5747
              Episode_Reward/alive: 0.2695
            Episode_Reward/upright: 0.0525
     Episode_Reward/move_to_target: 0.2653
          Episode_Reward/action_l2: -0.0040
             Episode_Reward/energy: -0.2270
   Episode_Reward/joint_pos_limits: -0.1129
      Episode_Termination/time_out: 0.1490
  Episode_Termination/torso_height: 0.8510
--------------------------------------------------------------------------------
                   Total timesteps: 73400320
                    Iteration time: 0.27s
                      Time elapsed: 00:02:35
                               ETA: 00:00:11

################################################################################
                     [1m Learning iteration 1559/1599 [0m                     

                       Computation: 458731 steps/s (collection: 0.214s, learning 0.072s)
             Mean action noise std: 0.07
          Mean value_function loss: 0.2388
               Mean surrogate loss: -0.0026
                 Mean entropy loss: -9.9225
                       Mean reward: 29.58
               Mean episode length: 531.29
           Episode_Reward/progress: 1.6309
              Episode_Reward/alive: 0.2802
            Episode_Reward/upright: 0.0546
     Episode_Reward/move_to_target: 0.2757
          Episode_Reward/action_l2: -0.0042
             Episode_Reward/energy: -0.2359
   Episode_Reward/joint_pos_limits: -0.1168
      Episode_Termination/time_out: 0.1508
  Episode_Termination/torso_height: 0.8492
--------------------------------------------------------------------------------
                   Total timesteps: 73531392
                    Iteration time: 0.29s
                      Time elapsed: 00:02:35
                               ETA: 00:00:11

################################################################################
                     [1m Learning iteration 1560/1599 [0m                     

                       Computation: 489519 steps/s (collection: 0.197s, learning 0.070s)
             Mean action noise std: 0.07
          Mean value_function loss: 0.2282
               Mean surrogate loss: -0.0020
                 Mean entropy loss: -9.9204
                       Mean reward: 28.92
               Mean episode length: 516.15
           Episode_Reward/progress: 1.5789
              Episode_Reward/alive: 0.2717
            Episode_Reward/upright: 0.0528
     Episode_Reward/move_to_target: 0.2678
          Episode_Reward/action_l2: -0.0040
             Episode_Reward/energy: -0.2259
   Episode_Reward/joint_pos_limits: -0.1135
      Episode_Termination/time_out: 0.1521
  Episode_Termination/torso_height: 0.8479
--------------------------------------------------------------------------------
                   Total timesteps: 73662464
                    Iteration time: 0.27s
                      Time elapsed: 00:02:36
                               ETA: 00:00:10

################################################################################
                     [1m Learning iteration 1561/1599 [0m                     

                       Computation: 485999 steps/s (collection: 0.198s, learning 0.072s)
             Mean action noise std: 0.07
          Mean value_function loss: 0.2416
               Mean surrogate loss: -0.0025
                 Mean entropy loss: -9.9021
                       Mean reward: 27.38
               Mean episode length: 489.59
           Episode_Reward/progress: 1.5164
              Episode_Reward/alive: 0.2588
            Episode_Reward/upright: 0.0503
     Episode_Reward/move_to_target: 0.2550
          Episode_Reward/action_l2: -0.0039
             Episode_Reward/energy: -0.2178
   Episode_Reward/joint_pos_limits: -0.1080
      Episode_Termination/time_out: 0.1519
  Episode_Termination/torso_height: 0.8481
--------------------------------------------------------------------------------
                   Total timesteps: 73793536
                    Iteration time: 0.27s
                      Time elapsed: 00:02:36
                               ETA: 00:00:10

################################################################################
                     [1m Learning iteration 1562/1599 [0m                     

                       Computation: 477243 steps/s (collection: 0.203s, learning 0.072s)
             Mean action noise std: 0.07
          Mean value_function loss: 0.2041
               Mean surrogate loss: -0.0017
                 Mean entropy loss: -9.8794
                       Mean reward: 26.59
               Mean episode length: 479.68
           Episode_Reward/progress: 1.6147
              Episode_Reward/alive: 0.2772
            Episode_Reward/upright: 0.0538
     Episode_Reward/move_to_target: 0.2726
          Episode_Reward/action_l2: -0.0041
             Episode_Reward/energy: -0.2315
   Episode_Reward/joint_pos_limits: -0.1159
      Episode_Termination/time_out: 0.1527
  Episode_Termination/torso_height: 0.8473
--------------------------------------------------------------------------------
                   Total timesteps: 73924608
                    Iteration time: 0.27s
                      Time elapsed: 00:02:36
                               ETA: 00:00:10

################################################################################
                     [1m Learning iteration 1563/1599 [0m                     

                       Computation: 490308 steps/s (collection: 0.196s, learning 0.072s)
             Mean action noise std: 0.07
          Mean value_function loss: 0.2056
               Mean surrogate loss: -0.0037
                 Mean entropy loss: -9.8672
                       Mean reward: 28.81
               Mean episode length: 512.33
           Episode_Reward/progress: 1.5893
              Episode_Reward/alive: 0.2722
            Episode_Reward/upright: 0.0530
     Episode_Reward/move_to_target: 0.2684
          Episode_Reward/action_l2: -0.0040
             Episode_Reward/energy: -0.2267
   Episode_Reward/joint_pos_limits: -0.1132
      Episode_Termination/time_out: 0.1532
  Episode_Termination/torso_height: 0.8468
--------------------------------------------------------------------------------
                   Total timesteps: 74055680
                    Iteration time: 0.27s
                      Time elapsed: 00:02:36
                               ETA: 00:00:09

################################################################################
                     [1m Learning iteration 1564/1599 [0m                     

                       Computation: 489464 steps/s (collection: 0.197s, learning 0.071s)
             Mean action noise std: 0.07
          Mean value_function loss: 0.2225
               Mean surrogate loss: -0.0024
                 Mean entropy loss: -9.8478
                       Mean reward: 28.16
               Mean episode length: 502.62
           Episode_Reward/progress: 1.5160
              Episode_Reward/alive: 0.2610
            Episode_Reward/upright: 0.0507
     Episode_Reward/move_to_target: 0.2562
          Episode_Reward/action_l2: -0.0039
             Episode_Reward/energy: -0.2185
   Episode_Reward/joint_pos_limits: -0.1096
      Episode_Termination/time_out: 0.1536
  Episode_Termination/torso_height: 0.8464
--------------------------------------------------------------------------------
                   Total timesteps: 74186752
                    Iteration time: 0.27s
                      Time elapsed: 00:02:37
                               ETA: 00:00:09

################################################################################
                     [1m Learning iteration 1565/1599 [0m                     

                       Computation: 472405 steps/s (collection: 0.207s, learning 0.071s)
             Mean action noise std: 0.07
          Mean value_function loss: 0.2404
               Mean surrogate loss: -0.0026
                 Mean entropy loss: -9.8600
                       Mean reward: 30.39
               Mean episode length: 543.28
           Episode_Reward/progress: 1.6208
              Episode_Reward/alive: 0.2787
            Episode_Reward/upright: 0.0544
     Episode_Reward/move_to_target: 0.2751
          Episode_Reward/action_l2: -0.0041
             Episode_Reward/energy: -0.2281
   Episode_Reward/joint_pos_limits: -0.1163
      Episode_Termination/time_out: 0.1540
  Episode_Termination/torso_height: 0.8460
--------------------------------------------------------------------------------
                   Total timesteps: 74317824
                    Iteration time: 0.28s
                      Time elapsed: 00:02:37
                               ETA: 00:00:09

################################################################################
                     [1m Learning iteration 1566/1599 [0m                     

                       Computation: 466822 steps/s (collection: 0.210s, learning 0.071s)
             Mean action noise std: 0.07
          Mean value_function loss: 0.2400
               Mean surrogate loss: -0.0026
                 Mean entropy loss: -9.8740
                       Mean reward: 30.52
               Mean episode length: 545.09
           Episode_Reward/progress: 1.6009
              Episode_Reward/alive: 0.2743
            Episode_Reward/upright: 0.0533
     Episode_Reward/move_to_target: 0.2696
          Episode_Reward/action_l2: -0.0041
             Episode_Reward/energy: -0.2304
   Episode_Reward/joint_pos_limits: -0.1150
      Episode_Termination/time_out: 0.1544
  Episode_Termination/torso_height: 0.8456
--------------------------------------------------------------------------------
                   Total timesteps: 74448896
                    Iteration time: 0.28s
                      Time elapsed: 00:02:37
                               ETA: 00:00:09

################################################################################
                     [1m Learning iteration 1567/1599 [0m                     

                       Computation: 486244 steps/s (collection: 0.197s, learning 0.073s)
             Mean action noise std: 0.07
          Mean value_function loss: 0.2039
               Mean surrogate loss: -0.0035
                 Mean entropy loss: -9.8791
                       Mean reward: 29.06
               Mean episode length: 520.22
           Episode_Reward/progress: 1.5768
              Episode_Reward/alive: 0.2713
            Episode_Reward/upright: 0.0528
     Episode_Reward/move_to_target: 0.2666
          Episode_Reward/action_l2: -0.0041
             Episode_Reward/energy: -0.2276
   Episode_Reward/joint_pos_limits: -0.1134
      Episode_Termination/time_out: 0.1546
  Episode_Termination/torso_height: 0.8454
--------------------------------------------------------------------------------
                   Total timesteps: 74579968
                    Iteration time: 0.27s
                      Time elapsed: 00:02:37
                               ETA: 00:00:08

################################################################################
                     [1m Learning iteration 1568/1599 [0m                     

                       Computation: 482741 steps/s (collection: 0.201s, learning 0.071s)
             Mean action noise std: 0.07
          Mean value_function loss: 0.2210
               Mean surrogate loss: -0.0023
                 Mean entropy loss: -9.8477
                       Mean reward: 29.89
               Mean episode length: 527.93
           Episode_Reward/progress: 1.5809
              Episode_Reward/alive: 0.2699
            Episode_Reward/upright: 0.0528
     Episode_Reward/move_to_target: 0.2668
          Episode_Reward/action_l2: -0.0040
             Episode_Reward/energy: -0.2244
   Episode_Reward/joint_pos_limits: -0.1125
      Episode_Termination/time_out: 0.1554
  Episode_Termination/torso_height: 0.8446
--------------------------------------------------------------------------------
                   Total timesteps: 74711040
                    Iteration time: 0.27s
                      Time elapsed: 00:02:38
                               ETA: 00:00:08

################################################################################
                     [1m Learning iteration 1569/1599 [0m                     

                       Computation: 490605 steps/s (collection: 0.197s, learning 0.070s)
             Mean action noise std: 0.07
          Mean value_function loss: 0.2373
               Mean surrogate loss: -0.0025
                 Mean entropy loss: -9.8532
                       Mean reward: 28.18
               Mean episode length: 505.47
           Episode_Reward/progress: 1.5546
              Episode_Reward/alive: 0.2685
            Episode_Reward/upright: 0.0520
     Episode_Reward/move_to_target: 0.2635
          Episode_Reward/action_l2: -0.0040
             Episode_Reward/energy: -0.2225
   Episode_Reward/joint_pos_limits: -0.1128
      Episode_Termination/time_out: 0.1559
  Episode_Termination/torso_height: 0.8441
--------------------------------------------------------------------------------
                   Total timesteps: 74842112
                    Iteration time: 0.27s
                      Time elapsed: 00:02:38
                               ETA: 00:00:08

################################################################################
                     [1m Learning iteration 1570/1599 [0m                     

                       Computation: 482254 steps/s (collection: 0.201s, learning 0.071s)
             Mean action noise std: 0.07
          Mean value_function loss: 0.2156
               Mean surrogate loss: -0.0021
                 Mean entropy loss: -9.8380
                       Mean reward: 28.96
               Mean episode length: 516.08
           Episode_Reward/progress: 1.6237
              Episode_Reward/alive: 0.2783
            Episode_Reward/upright: 0.0541
     Episode_Reward/move_to_target: 0.2729
          Episode_Reward/action_l2: -0.0041
             Episode_Reward/energy: -0.2283
   Episode_Reward/joint_pos_limits: -0.1174
      Episode_Termination/time_out: 0.1565
  Episode_Termination/torso_height: 0.8435
--------------------------------------------------------------------------------
                   Total timesteps: 74973184
                    Iteration time: 0.27s
                      Time elapsed: 00:02:38
                               ETA: 00:00:08

################################################################################
                     [1m Learning iteration 1571/1599 [0m                     

                       Computation: 489178 steps/s (collection: 0.198s, learning 0.070s)
             Mean action noise std: 0.07
          Mean value_function loss: 0.2007
               Mean surrogate loss: -0.0026
                 Mean entropy loss: -9.8639
                       Mean reward: 27.26
               Mean episode length: 485.49
           Episode_Reward/progress: 1.5369
              Episode_Reward/alive: 0.2623
            Episode_Reward/upright: 0.0512
     Episode_Reward/move_to_target: 0.2584
          Episode_Reward/action_l2: -0.0039
             Episode_Reward/energy: -0.2184
   Episode_Reward/joint_pos_limits: -0.1090
      Episode_Termination/time_out: 0.1568
  Episode_Termination/torso_height: 0.8432
--------------------------------------------------------------------------------
                   Total timesteps: 75104256
                    Iteration time: 0.27s
                      Time elapsed: 00:02:39
                               ETA: 00:00:07

################################################################################
                     [1m Learning iteration 1572/1599 [0m                     

                       Computation: 489648 steps/s (collection: 0.197s, learning 0.071s)
             Mean action noise std: 0.07
          Mean value_function loss: 0.2163
               Mean surrogate loss: -0.0030
                 Mean entropy loss: -9.8563
                       Mean reward: 27.23
               Mean episode length: 487.32
           Episode_Reward/progress: 1.5483
              Episode_Reward/alive: 0.2670
            Episode_Reward/upright: 0.0519
     Episode_Reward/move_to_target: 0.2630
          Episode_Reward/action_l2: -0.0040
             Episode_Reward/energy: -0.2222
   Episode_Reward/joint_pos_limits: -0.1116
      Episode_Termination/time_out: 0.1571
  Episode_Termination/torso_height: 0.8429
--------------------------------------------------------------------------------
                   Total timesteps: 75235328
                    Iteration time: 0.27s
                      Time elapsed: 00:02:39
                               ETA: 00:00:07

################################################################################
                     [1m Learning iteration 1573/1599 [0m                     

                       Computation: 473897 steps/s (collection: 0.200s, learning 0.076s)
             Mean action noise std: 0.07
          Mean value_function loss: 0.2366
               Mean surrogate loss: -0.0017
                 Mean entropy loss: -9.8620
                       Mean reward: 28.81
               Mean episode length: 516.14
           Episode_Reward/progress: 1.5768
              Episode_Reward/alive: 0.2707
            Episode_Reward/upright: 0.0528
     Episode_Reward/move_to_target: 0.2666
          Episode_Reward/action_l2: -0.0040
             Episode_Reward/energy: -0.2270
   Episode_Reward/joint_pos_limits: -0.1123
      Episode_Termination/time_out: 0.1579
  Episode_Termination/torso_height: 0.8421
--------------------------------------------------------------------------------
                   Total timesteps: 75366400
                    Iteration time: 0.28s
                      Time elapsed: 00:02:39
                               ETA: 00:00:07

################################################################################
                     [1m Learning iteration 1574/1599 [0m                     

                       Computation: 490816 steps/s (collection: 0.196s, learning 0.071s)
             Mean action noise std: 0.07
          Mean value_function loss: 0.2275
               Mean surrogate loss: -0.0006
                 Mean entropy loss: -9.8717
                       Mean reward: 29.26
               Mean episode length: 522.53
           Episode_Reward/progress: 1.5610
              Episode_Reward/alive: 0.2682
            Episode_Reward/upright: 0.0522
     Episode_Reward/move_to_target: 0.2631
          Episode_Reward/action_l2: -0.0040
             Episode_Reward/energy: -0.2213
   Episode_Reward/joint_pos_limits: -0.1121
      Episode_Termination/time_out: 0.1592
  Episode_Termination/torso_height: 0.8408
--------------------------------------------------------------------------------
                   Total timesteps: 75497472
                    Iteration time: 0.27s
                      Time elapsed: 00:02:39
                               ETA: 00:00:06

################################################################################
                     [1m Learning iteration 1575/1599 [0m                     

                       Computation: 487596 steps/s (collection: 0.196s, learning 0.073s)
             Mean action noise std: 0.07
          Mean value_function loss: 0.2251
               Mean surrogate loss: -0.0033
                 Mean entropy loss: -9.8686
                       Mean reward: 28.41
               Mean episode length: 511.68
           Episode_Reward/progress: 1.5092
              Episode_Reward/alive: 0.2626
            Episode_Reward/upright: 0.0508
     Episode_Reward/move_to_target: 0.2564
          Episode_Reward/action_l2: -0.0039
             Episode_Reward/energy: -0.2166
   Episode_Reward/joint_pos_limits: -0.1109
      Episode_Termination/time_out: 0.1606
  Episode_Termination/torso_height: 0.8394
--------------------------------------------------------------------------------
                   Total timesteps: 75628544
                    Iteration time: 0.27s
                      Time elapsed: 00:02:40
                               ETA: 00:00:06

################################################################################
                     [1m Learning iteration 1576/1599 [0m                     

                       Computation: 487123 steps/s (collection: 0.198s, learning 0.071s)
             Mean action noise std: 0.07
          Mean value_function loss: 0.2448
               Mean surrogate loss: -0.0025
                 Mean entropy loss: -9.8451
                       Mean reward: 29.96
               Mean episode length: 531.33
           Episode_Reward/progress: 1.5835
              Episode_Reward/alive: 0.2709
            Episode_Reward/upright: 0.0529
     Episode_Reward/move_to_target: 0.2670
          Episode_Reward/action_l2: -0.0040
             Episode_Reward/energy: -0.2241
   Episode_Reward/joint_pos_limits: -0.1129
      Episode_Termination/time_out: 0.1620
  Episode_Termination/torso_height: 0.8380
--------------------------------------------------------------------------------
                   Total timesteps: 75759616
                    Iteration time: 0.27s
                      Time elapsed: 00:02:40
                               ETA: 00:00:06

################################################################################
                     [1m Learning iteration 1577/1599 [0m                     

                       Computation: 479644 steps/s (collection: 0.203s, learning 0.071s)
             Mean action noise std: 0.07
          Mean value_function loss: 0.2256
               Mean surrogate loss: -0.0023
                 Mean entropy loss: -9.8400
                       Mean reward: 27.84
               Mean episode length: 496.76
           Episode_Reward/progress: 1.4834
              Episode_Reward/alive: 0.2552
            Episode_Reward/upright: 0.0494
     Episode_Reward/move_to_target: 0.2506
          Episode_Reward/action_l2: -0.0038
             Episode_Reward/energy: -0.2123
   Episode_Reward/joint_pos_limits: -0.1064
      Episode_Termination/time_out: 0.1618
  Episode_Termination/torso_height: 0.8382
--------------------------------------------------------------------------------
                   Total timesteps: 75890688
                    Iteration time: 0.27s
                      Time elapsed: 00:02:40
                               ETA: 00:00:06

################################################################################
                     [1m Learning iteration 1578/1599 [0m                     

                       Computation: 491162 steps/s (collection: 0.197s, learning 0.070s)
             Mean action noise std: 0.07
          Mean value_function loss: 0.2296
               Mean surrogate loss: -0.0019
                 Mean entropy loss: -9.8490
                       Mean reward: 30.83
               Mean episode length: 548.05
           Episode_Reward/progress: 1.5901
              Episode_Reward/alive: 0.2724
            Episode_Reward/upright: 0.0531
     Episode_Reward/move_to_target: 0.2681
          Episode_Reward/action_l2: -0.0041
             Episode_Reward/energy: -0.2279
   Episode_Reward/joint_pos_limits: -0.1138
      Episode_Termination/time_out: 0.1625
  Episode_Termination/torso_height: 0.8375
--------------------------------------------------------------------------------
                   Total timesteps: 76021760
                    Iteration time: 0.27s
                      Time elapsed: 00:02:40
                               ETA: 00:00:05

################################################################################
                     [1m Learning iteration 1579/1599 [0m                     

                       Computation: 491192 steps/s (collection: 0.195s, learning 0.072s)
             Mean action noise std: 0.07
          Mean value_function loss: 0.2414
               Mean surrogate loss: -0.0037
                 Mean entropy loss: -9.8492
                       Mean reward: 30.55
               Mean episode length: 537.31
           Episode_Reward/progress: 1.5759
              Episode_Reward/alive: 0.2694
            Episode_Reward/upright: 0.0524
     Episode_Reward/move_to_target: 0.2659
          Episode_Reward/action_l2: -0.0040
             Episode_Reward/energy: -0.2258
   Episode_Reward/joint_pos_limits: -0.1125
      Episode_Termination/time_out: 0.1623
  Episode_Termination/torso_height: 0.8377
--------------------------------------------------------------------------------
                   Total timesteps: 76152832
                    Iteration time: 0.27s
                      Time elapsed: 00:02:41
                               ETA: 00:00:05

################################################################################
                     [1m Learning iteration 1580/1599 [0m                     

                       Computation: 464436 steps/s (collection: 0.208s, learning 0.074s)
             Mean action noise std: 0.07
          Mean value_function loss: 0.2253
               Mean surrogate loss: -0.0015
                 Mean entropy loss: -9.8449
                       Mean reward: 26.22
               Mean episode length: 469.54
           Episode_Reward/progress: 1.5282
              Episode_Reward/alive: 0.2614
            Episode_Reward/upright: 0.0511
     Episode_Reward/move_to_target: 0.2582
          Episode_Reward/action_l2: -0.0038
             Episode_Reward/energy: -0.2152
   Episode_Reward/joint_pos_limits: -0.1093
      Episode_Termination/time_out: 0.1621
  Episode_Termination/torso_height: 0.8379
--------------------------------------------------------------------------------
                   Total timesteps: 76283904
                    Iteration time: 0.28s
                      Time elapsed: 00:02:41
                               ETA: 00:00:05

################################################################################
                     [1m Learning iteration 1581/1599 [0m                     

                       Computation: 478199 steps/s (collection: 0.203s, learning 0.071s)
             Mean action noise std: 0.07
          Mean value_function loss: 0.2226
               Mean surrogate loss: -0.0031
                 Mean entropy loss: -9.8403
                       Mean reward: 29.69
               Mean episode length: 524.40
           Episode_Reward/progress: 1.5465
              Episode_Reward/alive: 0.2646
            Episode_Reward/upright: 0.0516
     Episode_Reward/move_to_target: 0.2608
          Episode_Reward/action_l2: -0.0039
             Episode_Reward/energy: -0.2178
   Episode_Reward/joint_pos_limits: -0.1108
      Episode_Termination/time_out: 0.1618
  Episode_Termination/torso_height: 0.8382
--------------------------------------------------------------------------------
                   Total timesteps: 76414976
                    Iteration time: 0.27s
                      Time elapsed: 00:02:41
                               ETA: 00:00:04

################################################################################
                     [1m Learning iteration 1582/1599 [0m                     

                       Computation: 487141 steps/s (collection: 0.198s, learning 0.071s)
             Mean action noise std: 0.07
          Mean value_function loss: 0.2246
               Mean surrogate loss: -0.0031
                 Mean entropy loss: -9.8379
                       Mean reward: 26.68
               Mean episode length: 484.15
           Episode_Reward/progress: 1.5008
              Episode_Reward/alive: 0.2575
            Episode_Reward/upright: 0.0499
     Episode_Reward/move_to_target: 0.2529
          Episode_Reward/action_l2: -0.0039
             Episode_Reward/energy: -0.2157
   Episode_Reward/joint_pos_limits: -0.1081
      Episode_Termination/time_out: 0.1629
  Episode_Termination/torso_height: 0.8371
--------------------------------------------------------------------------------
                   Total timesteps: 76546048
                    Iteration time: 0.27s
                      Time elapsed: 00:02:42
                               ETA: 00:00:04

################################################################################
                     [1m Learning iteration 1583/1599 [0m                     

                       Computation: 474362 steps/s (collection: 0.205s, learning 0.071s)
             Mean action noise std: 0.07
          Mean value_function loss: 0.2387
               Mean surrogate loss: -0.0030
                 Mean entropy loss: -9.8688
                       Mean reward: 29.29
               Mean episode length: 524.26
           Episode_Reward/progress: 1.5323
              Episode_Reward/alive: 0.2626
            Episode_Reward/upright: 0.0512
     Episode_Reward/move_to_target: 0.2581
          Episode_Reward/action_l2: -0.0039
             Episode_Reward/energy: -0.2197
   Episode_Reward/joint_pos_limits: -0.1092
      Episode_Termination/time_out: 0.1636
  Episode_Termination/torso_height: 0.8364
--------------------------------------------------------------------------------
                   Total timesteps: 76677120
                    Iteration time: 0.28s
                      Time elapsed: 00:02:42
                               ETA: 00:00:04

################################################################################
                     [1m Learning iteration 1584/1599 [0m                     

                       Computation: 483416 steps/s (collection: 0.200s, learning 0.071s)
             Mean action noise std: 0.07
          Mean value_function loss: 0.2198
               Mean surrogate loss: -0.0033
                 Mean entropy loss: -9.8938
                       Mean reward: 28.06
               Mean episode length: 497.73
           Episode_Reward/progress: 1.5572
              Episode_Reward/alive: 0.2666
            Episode_Reward/upright: 0.0520
     Episode_Reward/move_to_target: 0.2620
          Episode_Reward/action_l2: -0.0040
             Episode_Reward/energy: -0.2209
   Episode_Reward/joint_pos_limits: -0.1119
      Episode_Termination/time_out: 0.1629
  Episode_Termination/torso_height: 0.8371
--------------------------------------------------------------------------------
                   Total timesteps: 76808192
                    Iteration time: 0.27s
                      Time elapsed: 00:02:42
                               ETA: 00:00:04

################################################################################
                     [1m Learning iteration 1585/1599 [0m                     

                       Computation: 486905 steps/s (collection: 0.198s, learning 0.071s)
             Mean action noise std: 0.07
          Mean value_function loss: 0.2047
               Mean surrogate loss: -0.0024
                 Mean entropy loss: -9.9228
                       Mean reward: 29.68
               Mean episode length: 527.65
           Episode_Reward/progress: 1.5423
              Episode_Reward/alive: 0.2648
            Episode_Reward/upright: 0.0516
     Episode_Reward/move_to_target: 0.2600
          Episode_Reward/action_l2: -0.0039
             Episode_Reward/energy: -0.2195
   Episode_Reward/joint_pos_limits: -0.1109
      Episode_Termination/time_out: 0.1622
  Episode_Termination/torso_height: 0.8378
--------------------------------------------------------------------------------
                   Total timesteps: 76939264
                    Iteration time: 0.27s
                      Time elapsed: 00:02:42
                               ETA: 00:00:03

################################################################################
                     [1m Learning iteration 1586/1599 [0m                     

                       Computation: 489155 steps/s (collection: 0.196s, learning 0.071s)
             Mean action noise std: 0.07
          Mean value_function loss: 0.2157
               Mean surrogate loss: -0.0020
                 Mean entropy loss: -9.9053
                       Mean reward: 30.54
               Mean episode length: 540.02
           Episode_Reward/progress: 1.5725
              Episode_Reward/alive: 0.2677
            Episode_Reward/upright: 0.0521
     Episode_Reward/move_to_target: 0.2639
          Episode_Reward/action_l2: -0.0039
             Episode_Reward/energy: -0.2214
   Episode_Reward/joint_pos_limits: -0.1114
      Episode_Termination/time_out: 0.1616
  Episode_Termination/torso_height: 0.8384
--------------------------------------------------------------------------------
                   Total timesteps: 77070336
                    Iteration time: 0.27s
                      Time elapsed: 00:02:43
                               ETA: 00:00:03

################################################################################
                     [1m Learning iteration 1587/1599 [0m                     

                       Computation: 490408 steps/s (collection: 0.197s, learning 0.071s)
             Mean action noise std: 0.07
          Mean value_function loss: 0.2497
               Mean surrogate loss: -0.0027
                 Mean entropy loss: -9.8958
                       Mean reward: 29.85
               Mean episode length: 530.15
           Episode_Reward/progress: 1.6353
              Episode_Reward/alive: 0.2781
            Episode_Reward/upright: 0.0543
     Episode_Reward/move_to_target: 0.2743
          Episode_Reward/action_l2: -0.0041
             Episode_Reward/energy: -0.2276
   Episode_Reward/joint_pos_limits: -0.1165
      Episode_Termination/time_out: 0.1616
  Episode_Termination/torso_height: 0.8384
--------------------------------------------------------------------------------
                   Total timesteps: 77201408
                    Iteration time: 0.27s
                      Time elapsed: 00:02:43
                               ETA: 00:00:03

################################################################################
                     [1m Learning iteration 1588/1599 [0m                     

                       Computation: 473515 steps/s (collection: 0.206s, learning 0.071s)
             Mean action noise std: 0.07
          Mean value_function loss: 0.2533
               Mean surrogate loss: -0.0022
                 Mean entropy loss: -9.8882
                       Mean reward: 27.82
               Mean episode length: 493.79
           Episode_Reward/progress: 1.5649
              Episode_Reward/alive: 0.2656
            Episode_Reward/upright: 0.0518
     Episode_Reward/move_to_target: 0.2620
          Episode_Reward/action_l2: -0.0039
             Episode_Reward/energy: -0.2200
   Episode_Reward/joint_pos_limits: -0.1106
      Episode_Termination/time_out: 0.1608
  Episode_Termination/torso_height: 0.8392
--------------------------------------------------------------------------------
                   Total timesteps: 77332480
                    Iteration time: 0.28s
                      Time elapsed: 00:02:43
                               ETA: 00:00:03

################################################################################
                     [1m Learning iteration 1589/1599 [0m                     

                       Computation: 488806 steps/s (collection: 0.196s, learning 0.072s)
             Mean action noise std: 0.07
          Mean value_function loss: 0.2362
               Mean surrogate loss: -0.0027
                 Mean entropy loss: -9.9069
                       Mean reward: 26.35
               Mean episode length: 463.62
           Episode_Reward/progress: 1.4609
              Episode_Reward/alive: 0.2492
            Episode_Reward/upright: 0.0485
     Episode_Reward/move_to_target: 0.2457
          Episode_Reward/action_l2: -0.0037
             Episode_Reward/energy: -0.2049
   Episode_Reward/joint_pos_limits: -0.1044
      Episode_Termination/time_out: 0.1592
  Episode_Termination/torso_height: 0.8408
--------------------------------------------------------------------------------
                   Total timesteps: 77463552
                    Iteration time: 0.27s
                      Time elapsed: 00:02:43
                               ETA: 00:00:02

################################################################################
                     [1m Learning iteration 1590/1599 [0m                     

                       Computation: 471297 steps/s (collection: 0.206s, learning 0.072s)
             Mean action noise std: 0.07
          Mean value_function loss: 0.2160
               Mean surrogate loss: -0.0023
                 Mean entropy loss: -9.9033
                       Mean reward: 29.80
               Mean episode length: 529.28
           Episode_Reward/progress: 1.5879
              Episode_Reward/alive: 0.2705
            Episode_Reward/upright: 0.0527
     Episode_Reward/move_to_target: 0.2646
          Episode_Reward/action_l2: -0.0040
             Episode_Reward/energy: -0.2217
   Episode_Reward/joint_pos_limits: -0.1126
      Episode_Termination/time_out: 0.1587
  Episode_Termination/torso_height: 0.8413
--------------------------------------------------------------------------------
                   Total timesteps: 77594624
                    Iteration time: 0.28s
                      Time elapsed: 00:02:44
                               ETA: 00:00:02

################################################################################
                     [1m Learning iteration 1591/1599 [0m                     

                       Computation: 475904 steps/s (collection: 0.199s, learning 0.077s)
             Mean action noise std: 0.07
          Mean value_function loss: 0.2404
               Mean surrogate loss: -0.0010
                 Mean entropy loss: -9.9038
                       Mean reward: 30.73
               Mean episode length: 547.40
           Episode_Reward/progress: 1.5337
              Episode_Reward/alive: 0.2619
            Episode_Reward/upright: 0.0510
     Episode_Reward/move_to_target: 0.2575
          Episode_Reward/action_l2: -0.0038
             Episode_Reward/energy: -0.2165
   Episode_Reward/joint_pos_limits: -0.1096
      Episode_Termination/time_out: 0.1589
  Episode_Termination/torso_height: 0.8411
--------------------------------------------------------------------------------
                   Total timesteps: 77725696
                    Iteration time: 0.28s
                      Time elapsed: 00:02:44
                               ETA: 00:00:02

################################################################################
                     [1m Learning iteration 1592/1599 [0m                     

                       Computation: 487455 steps/s (collection: 0.197s, learning 0.072s)
             Mean action noise std: 0.07
          Mean value_function loss: 0.2230
               Mean surrogate loss: -0.0023
                 Mean entropy loss: -9.9034
                       Mean reward: 31.52
               Mean episode length: 555.25
           Episode_Reward/progress: 1.6562
              Episode_Reward/alive: 0.2815
            Episode_Reward/upright: 0.0551
     Episode_Reward/move_to_target: 0.2774
          Episode_Reward/action_l2: -0.0041
             Episode_Reward/energy: -0.2318
   Episode_Reward/joint_pos_limits: -0.1174
      Episode_Termination/time_out: 0.1592
  Episode_Termination/torso_height: 0.8408
--------------------------------------------------------------------------------
                   Total timesteps: 77856768
                    Iteration time: 0.27s
                      Time elapsed: 00:02:44
                               ETA: 00:00:01

################################################################################
                     [1m Learning iteration 1593/1599 [0m                     

                       Computation: 487281 steps/s (collection: 0.197s, learning 0.072s)
             Mean action noise std: 0.07
          Mean value_function loss: 0.2076
               Mean surrogate loss: -0.0017
                 Mean entropy loss: -9.8951
                       Mean reward: 29.42
               Mean episode length: 521.28
           Episode_Reward/progress: 1.5841
              Episode_Reward/alive: 0.2700
            Episode_Reward/upright: 0.0528
     Episode_Reward/move_to_target: 0.2659
          Episode_Reward/action_l2: -0.0040
             Episode_Reward/energy: -0.2233
   Episode_Reward/joint_pos_limits: -0.1131
      Episode_Termination/time_out: 0.1591
  Episode_Termination/torso_height: 0.8409
--------------------------------------------------------------------------------
                   Total timesteps: 77987840
                    Iteration time: 0.27s
                      Time elapsed: 00:02:44
                               ETA: 00:00:01

################################################################################
                     [1m Learning iteration 1594/1599 [0m                     

                       Computation: 481867 steps/s (collection: 0.201s, learning 0.071s)
             Mean action noise std: 0.07
          Mean value_function loss: 0.2052
               Mean surrogate loss: -0.0035
                 Mean entropy loss: -9.9185
                       Mean reward: 30.20
               Mean episode length: 532.58
           Episode_Reward/progress: 1.5637
              Episode_Reward/alive: 0.2663
            Episode_Reward/upright: 0.0521
     Episode_Reward/move_to_target: 0.2634
          Episode_Reward/action_l2: -0.0039
             Episode_Reward/energy: -0.2210
   Episode_Reward/joint_pos_limits: -0.1114
      Episode_Termination/time_out: 0.1582
  Episode_Termination/torso_height: 0.8418
--------------------------------------------------------------------------------
                   Total timesteps: 78118912
                    Iteration time: 0.27s
                      Time elapsed: 00:02:45
                               ETA: 00:00:01

################################################################################
                     [1m Learning iteration 1595/1599 [0m                     

                       Computation: 467785 steps/s (collection: 0.206s, learning 0.074s)
             Mean action noise std: 0.07
          Mean value_function loss: 0.2478
               Mean surrogate loss: -0.0020
                 Mean entropy loss: -9.9321
                       Mean reward: 29.06
               Mean episode length: 518.43
           Episode_Reward/progress: 1.6511
              Episode_Reward/alive: 0.2832
            Episode_Reward/upright: 0.0549
     Episode_Reward/move_to_target: 0.2784
          Episode_Reward/action_l2: -0.0042
             Episode_Reward/energy: -0.2298
   Episode_Reward/joint_pos_limits: -0.1194
      Episode_Termination/time_out: 0.1579
  Episode_Termination/torso_height: 0.8421
--------------------------------------------------------------------------------
                   Total timesteps: 78249984
                    Iteration time: 0.28s
                      Time elapsed: 00:02:45
                               ETA: 00:00:01

################################################################################
                     [1m Learning iteration 1596/1599 [0m                     

                       Computation: 488085 steps/s (collection: 0.198s, learning 0.071s)
             Mean action noise std: 0.07
          Mean value_function loss: 0.2330
               Mean surrogate loss: -0.0018
                 Mean entropy loss: -9.9333
                       Mean reward: 30.31
               Mean episode length: 539.97
           Episode_Reward/progress: 1.5210
              Episode_Reward/alive: 0.2613
            Episode_Reward/upright: 0.0508
     Episode_Reward/move_to_target: 0.2578
          Episode_Reward/action_l2: -0.0038
             Episode_Reward/energy: -0.2144
   Episode_Reward/joint_pos_limits: -0.1100
      Episode_Termination/time_out: 0.1571
  Episode_Termination/torso_height: 0.8429
--------------------------------------------------------------------------------
                   Total timesteps: 78381056
                    Iteration time: 0.27s
                      Time elapsed: 00:02:45
                               ETA: 00:00:00

################################################################################
                     [1m Learning iteration 1597/1599 [0m                     

                       Computation: 485403 steps/s (collection: 0.199s, learning 0.071s)
             Mean action noise std: 0.07
          Mean value_function loss: 0.2477
               Mean surrogate loss: -0.0028
                 Mean entropy loss: -9.9527
                       Mean reward: 28.95
               Mean episode length: 517.19
           Episode_Reward/progress: 1.5471
              Episode_Reward/alive: 0.2661
            Episode_Reward/upright: 0.0516
     Episode_Reward/move_to_target: 0.2617
          Episode_Reward/action_l2: -0.0039
             Episode_Reward/energy: -0.2171
   Episode_Reward/joint_pos_limits: -0.1122
      Episode_Termination/time_out: 0.1571
  Episode_Termination/torso_height: 0.8429
--------------------------------------------------------------------------------
                   Total timesteps: 78512128
                    Iteration time: 0.27s
                      Time elapsed: 00:02:46
                               ETA: 00:00:00

################################################################################
                     [1m Learning iteration 1598/1599 [0m                     

                       Computation: 492309 steps/s (collection: 0.195s, learning 0.071s)
             Mean action noise std: 0.07
          Mean value_function loss: 0.2457
               Mean surrogate loss: -0.0023
                 Mean entropy loss: -9.9563
                       Mean reward: 32.12
               Mean episode length: 566.81
           Episode_Reward/progress: 1.6087
              Episode_Reward/alive: 0.2727
            Episode_Reward/upright: 0.0531
     Episode_Reward/move_to_target: 0.2681
          Episode_Reward/action_l2: -0.0039
             Episode_Reward/energy: -0.2202
   Episode_Reward/joint_pos_limits: -0.1140
      Episode_Termination/time_out: 0.1577
  Episode_Termination/torso_height: 0.8423
--------------------------------------------------------------------------------
                   Total timesteps: 78643200
                    Iteration time: 0.27s
                      Time elapsed: 00:02:46
                               ETA: 00:00:00

2026-09-17T06:26:36Z [7,389ms] [Warning] [omni.physx.plugin] Damping attribute is unsupported for articulation joints and will be ignored (/World/envs/env_0/Robot/joints/left_back_leg).
2026-09-17T06:26:36Z [7,389ms] [Warning] [omni.physx.plugin] Damping attribute is unsupported for articulation joints and will be ignored (/World/envs/env_0/Robot/joints/left_back_foot).
2026-09-17T06:26:36Z [7,389ms] [Warning] [omni.physx.plugin] Damping attribute is unsupported for articulation joints and will be ignored (/World/envs/env_0/Robot/joints/right_back_leg).
2026-09-17T06:26:36Z [7,389ms] [Warning] [omni.physx.plugin] Damping attribute is unsupported for articulation joints and will be ignored (/World/envs/env_0/Robot/joints/right_back_foot).
2026-09-17T06:26:36Z [7,389ms] [Warning] [omni.physx.plugin] Damping attribute is unsupported for articulation joints and will be ignored (/World/envs/env_0/Robot/joints/left_back_leg).
2026-09-17T06:26:36Z [7,389ms] [Warning] [omni.physx.plugin] Damping attribute is unsupported for articulation joints and will be ignored (/World/envs/env_0/Robot/joints/left_back_foot).
2026-09-17T06:26:36Z [7,389ms] [Warning] [omni.physx.plugin] Damping attribute is unsupported for articulation joints and will be ignored (/World/envs/env_0/Robot/joints/right_back_leg).
2026-09-17T06:26:36Z [7,389ms] [Warning] [omni.physx.plugin] Damping attribute is unsupported for articulation joints and will be ignored (/World/envs/env_0/Robot/joints/right_back_foot).
2026-09-17T06:26:36Z [7,389ms] [Warning] [omni.physx.plugin] Damping attribute is unsupported for articulation joints and will be ignored (/World/envs/env_0/Robot/joints/right_back_leg).
2026-09-17T06:26:36Z [7,389ms] [Warning] [omni.physx.plugin] Damping attribute is unsupported for articulation joints and will be ignored (/World/envs/env_0/Robot/joints/right_back_foot).
2026-09-17T06:26:36Z [7,389ms] [Warning] [omni.physx.plugin] Damping attribute is unsupported for articulation joints and will be ignored (/World/envs/env_0/Robot/joints/right_back_leg).
2026-09-17T06:26:36Z [7,389ms] [Warning] [omni.physx.plugin] Damping attribute is unsupported for articulation joints and will be ignored (/World/envs/env_0/Robot/joints/right_back_foot).
2026-09-17T06:29:25Z [177,127ms] [Warning] [omni.usd] Unexpected reference count of 2 for UsdStage 'anon:0x632c45bc9160:World0.usd' while being closed in UsdContext (this may indicate it is still resident in memory).
