iteration,mean_reward,mean_episode_length,fall_share,time_out_share,action_noise_std,learning_rate,value_loss,surrogate_loss,entropy
0,-0.5354373455047607,22.709999084472656,0.0,0.01937103271484375,0.9903385639190674,0.0005000000237487257,0.039323169738054276,-0.00803692452609539,11.313010215759277
1,-1.7280786037445068,58.779998779296875,0.00727081298828125,0.05579376220703125,0.9720941781997681,0.0011249999515712261,0.04286087676882744,-0.009360927157104015,11.199030876159668
2,-2.4075114727020264,90.70999908447266,0.05298614501953125,0.0902099609375,0.9459166526794434,0.0025312500074505806,0.03857932612299919,-0.008946449495851994,10.9956693649292
3,-3.1853268146514893,119.69999694824219,0.1253204345703125,0.11611175537109375,0.9242309331893921,0.005695312283933163,0.039049677550792694,-0.0071242088451981544,10.755419731140137
4,-3.6356141567230225,150.97000122070312,0.21598052978515625,0.13594818115234375,0.9085867404937744,0.008542968891561031,0.028075456619262695,-0.004775504115968943,10.584748268127441
5,-3.953249454498291,173.64999389648438,0.30075836181640625,0.14896392822265625,0.8956220149993896,0.009999999776482582,0.024943411350250244,-0.0072218566201627254,10.437690734863281
6,-4.236795902252197,188.83999633789062,0.36838531494140625,0.16168975830078125,0.8836958408355713,0.009999999776482582,0.0233907587826252,-0.006471359170973301,10.325429916381836
7,-3.587981939315796,189.92999267578125,0.42737579345703125,0.1699371337890625,0.8686299324035645,0.006666666828095913,0.02091193199157715,-0.009289774112403393,10.203618049621582
8,-3.2012927532196045,194.7100067138672,0.47873687744140625,0.17371368408203125,0.8534751534461975,0.006666666828095913,0.020093455910682678,-0.0076258499175310135,10.079352378845215
9,-3.2382092475891113,216.4199981689453,0.5239028930664062,0.17455291748046875,0.8409320116043091,0.006666666828095913,0.028567707166075706,-0.008533929474651814,9.937899589538574
10,-2.696331262588501,207.9600067138672,0.5710067749023438,0.1707763671875,0.8232206106185913,0.004444444552063942,0.020217034965753555,-0.009010729379951954,9.82799243927002
11,-2.938131093978882,226.60000610351562,0.60986328125,0.16967010498046875,0.8038087487220764,0.004444444552063942,0.017518647015094757,-0.008582407608628273,9.65841293334961
12,-2.40216064453125,231.38999938964844,0.6458511352539062,0.1637420654296875,0.7845492362976074,0.004444444552063942,0.015747111290693283,-0.0073202247731387615,9.471404075622559
13,-2.0258688926696777,218.2899932861328,0.6771316528320312,0.15589141845703125,0.7683377265930176,0.00296296295709908,0.011472382582724094,-0.0050225630402565,9.266109466552734
14,-1.3477208614349365,213.63999938964844,0.7002944946289062,0.1535491943359375,0.7479356527328491,0.00296296295709908,0.008981272578239441,-0.005534364841878414,9.13591480255127
15,-1.0018081665039062,187.60000610351562,0.718994140625,0.15225982666015625,0.733802318572998,0.004444444552063942,0.006959292106330395,-0.00659688888117671,8.888535499572754
16,-1.2194194793701172,207.1300048828125,0.7318649291992188,0.15093994140625,0.719261884689331,0.004444444552063942,0.005161499138921499,-0.003904100274667144,8.756065368652344
17,-0.8774682283401489,212.94000244140625,0.741943359375,0.15369415283203125,0.7057592868804932,0.0019753086380660534,0.004231831058859825,-0.001535777235403657,8.605563163757324
18,-0.7746813297271729,223.5800018310547,0.7505416870117188,0.15570831298828125,0.6930163502693176,0.004444444552063942,0.003115955973044038,-0.005780512001365423,8.42614459991455
19,-0.8376120328903198,243.8300018310547,0.7561569213867188,0.160247802734375,0.6854832172393799,0.006666666828095913,0.0025883440393954515,-0.0034471480175852776,8.302229881286621
20,-0.6715655326843262,269.42999267578125,0.7609176635742188,0.16484832763671875,0.6717982292175293,0.0019753086380660534,0.001786080072633922,-0.0006916571874171495,8.228235244750977
21,-0.6804512739181519,272.7200012207031,0.7670440673828125,0.16681671142578125,0.6622860431671143,0.004444444552063942,0.0020370495039969683,-0.00449600862339139,8.039876937866211
22,-0.9900956153869629,286.6199951171875,0.7717666625976562,0.17273712158203125,0.6549537181854248,0.004444444552063942,0.0017570522613823414,-0.0015691929729655385,7.961181640625
23,0.1400625854730606,285.5,0.775421142578125,0.1781005859375,0.6479744911193848,0.004444444552063942,0.0017294577555730939,-0.0026227617636322975,7.8567047119140625
24,-0.7345924973487854,330.3599853515625,0.7785110473632812,0.181488037109375,0.6433204412460327,0.006666666828095913,0.0017008442664518952,-0.003046410158276558,7.791670799255371
25,-1.0328556299209595,399.8699951171875,0.7816314697265625,0.1858673095703125,0.6355625987052917,0.004444444552063942,0.0017026476562023163,-0.0007699267007410526,7.730656147003174
26,0.0912339985370636,295.2300109863281,0.7852249145507812,0.19068145751953125,0.6297756433486938,0.006666666828095913,0.0015278393402695656,-0.0011599912540987134,7.633565902709961
27,-0.8788861036300659,380.6600036621094,0.7879638671875,0.1945953369140625,0.6215547919273376,0.00296296295709908,0.0015636542811989784,0.0009136480512097478,7.561738967895508
28,-0.49904000759124756,394.760009765625,0.7906646728515625,0.20117950439453125,0.616786777973175,0.006666666828095913,0.0018104353221133351,-0.0019091410795226693,7.4485182762146
29,0.68321293592453,331.1600036621094,0.792877197265625,0.20467376708984375,0.611074686050415,0.004444444552063942,0.0015627391403540969,-0.002210362581536174,7.411721706390381
30,0.23925454914569855,380.94000244140625,0.7951126098632812,0.20488739013671875,0.6057589054107666,0.004444444552063942,0.0016908232355490327,-0.0033254765439778566,7.326711177825928
31,0.3751163184642792,505.42999267578125,0.796112060546875,0.203887939453125,0.6017969846725464,0.006666666828095913,0.001843171427026391,-0.004340032581239939,7.254136085510254
32,0.6337107419967651,514.3499755859375,0.7881011962890625,0.2118988037109375,0.5974308252334595,0.00296296295709908,0.001798550714738667,-0.0030727756675332785,7.198530197143555
33,0.7536709308624268,624.010009765625,0.7740554809570312,0.22594451904296875,0.5931439995765686,0.004444444552063942,0.0022266653832048178,-0.005587918683886528,7.1410932540893555
34,1.1033432483673096,570.5999755859375,0.7518310546875,0.2481689453125,0.5871696472167969,0.00296296295709908,0.002307724207639694,-0.004139878787100315,7.086477279663086
35,1.5117087364196777,652.3599853515625,0.7317962646484375,0.2682037353515625,0.5834689140319824,0.004444444552063942,0.002434465568512678,-0.005682807881385088,7.02044153213501
36,2.0374908447265625,648.7999877929688,0.7151260375976562,0.28487396240234375,0.5770081281661987,0.00296296295709908,0.0021918725688010454,-0.003206767840310931,6.966304779052734
37,2.6202797889709473,663.1400146484375,0.6992263793945312,0.30077362060546875,0.573570966720581,0.004444444552063942,0.002793867839500308,-0.0047322534956038,6.88836145401001
38,3.0121686458587646,655.969970703125,0.6830902099609375,0.3169097900390625,0.5698223114013672,0.00296296295709908,0.00280411122366786,-0.003923868294805288,6.852128982543945
39,3.182821750640869,648.3099975585938,0.6670761108398438,0.33292388916015625,0.5652761459350586,0.00296296295709908,0.0027641470078378916,-0.005966725759208202,6.792214393615723
40,3.5663845539093018,687.47998046875,0.648406982421875,0.351593017578125,0.5609320402145386,0.0019753086380660534,0.002731762360781431,-0.004536825232207775,6.722676753997803
41,3.73958158493042,666.9000244140625,0.63031005859375,0.36968994140625,0.5572550296783447,0.00296296295709908,0.0032447187695652246,-0.003951671998947859,6.676380634307861
42,3.721656084060669,649.6500244140625,0.60858154296875,0.39141845703125,0.5535711050033569,0.0019753086380660534,0.003846296574920416,-0.003970989491790533,6.620000839233398
43,4.144815921783447,696.52001953125,0.5834884643554688,0.41651153564453125,0.5502997040748596,0.00296296295709908,0.004364186432212591,-0.003876663278788328,6.570957183837891
44,3.961355447769165,637.0800170898438,0.5623703002929688,0.43762969970703125,0.5471006631851196,0.0019753086380660534,0.0052267275750637054,-0.0037677553482353687,6.532972812652588
45,3.8500359058380127,600.1500244140625,0.5466232299804688,0.45337677001953125,0.5451464653015137,0.00296296295709908,0.004824568051844835,-0.0051846494898200035,6.483428001403809
46,3.775822877883911,575.6500244140625,0.5401382446289062,0.45986175537109375,0.5429936647415161,0.00296296295709908,0.007828591391444206,-0.0032040884252637625,6.46513032913208
47,3.55464768409729,517.4299926757812,0.5352096557617188,0.46479034423828125,0.5407613515853882,0.00296296295709908,0.006451953202486038,-0.0029065152630209923,6.427822589874268
48,3.6637587547302246,544.0399780273438,0.5350341796875,0.4649658203125,0.5386103391647339,0.0019753086380660534,0.006023835390806198,-0.0029129500035196543,6.40673303604126
49,3.7082529067993164,527.7899780273438,0.5344314575195312,0.46556854248046875,0.5376405715942383,0.0019753086380660534,0.005930149927735329,-0.0037793347146362066,6.364293575286865
50,3.586116075515747,523.9199829101562,0.5352630615234375,0.4647369384765625,0.5354571342468262,0.0019753086380660534,0.005742531735450029,-0.006322470027953386,6.338772773742676
51,3.539731740951538,485.4200134277344,0.5358810424804688,0.46411895751953125,0.5341101884841919,0.00296296295709908,0.005866034887731075,-0.005848605651408434,6.320387363433838
52,3.705523729324341,500.8599853515625,0.5370635986328125,0.4629364013671875,0.5326653718948364,0.00296296295709908,0.007132811471819878,-0.0045028869062662125,6.295797824859619
53,3.628279685974121,482.05999755859375,0.541107177734375,0.458892822265625,0.5308700799942017,0.0019753086380660534,0.007956513203680515,-0.0042999060824513435,6.279839515686035
54,3.8696961402893066,495.3399963378906,0.543212890625,0.456787109375,0.5287677049636841,0.0019753086380660534,0.006774940527975559,-0.005401153117418289,6.238650798797607
55,4.139596462249756,554.2899780273438,0.5419540405273438,0.45804595947265625,0.526226282119751,0.001316872425377369,0.007260114420205355,-0.0046799094416201115,6.2112908363342285
56,4.211633682250977,541.989990234375,0.5390853881835938,0.46091461181640625,0.5225652456283569,0.0019753086380660534,0.007658780552446842,-0.007013434544205666,6.1577582359313965
57,4.794832706451416,624.989990234375,0.5380325317382812,0.46196746826171875,0.5209940075874329,0.0019753086380660534,0.00855544488877058,-0.0052225603722035885,6.125317573547363
58,4.4685564041137695,559.280029296875,0.5355606079101562,0.46443939208984375,0.5187714695930481,0.0019753086380660534,0.00935201533138752,-0.006722440477460623,6.091559410095215
59,4.283265590667725,539.3699951171875,0.5331344604492188,0.46686553955078125,0.5169334411621094,0.0019753086380660534,0.012096412479877472,-0.005972831044346094,6.069591999053955
60,5.177426338195801,653.0399780273438,0.5265426635742188,0.47345733642578125,0.5143395066261292,0.0019753086380660534,0.010653373785316944,-0.006392570678144693,6.027778148651123
61,5.492203712463379,649.0,0.5212020874023438,0.47879791259765625,0.5114645957946777,0.001316872425377369,0.01259683072566986,-0.005276266951113939,5.990627288818359
62,5.60081148147583,648.6599731445312,0.5161895751953125,0.4838104248046875,0.5096005201339722,0.0019753086380660534,0.015315549448132515,-0.006659205071628094,5.941981792449951
63,6.606229305267334,753.6400146484375,0.5135116577148438,0.48648834228515625,0.5076843500137329,0.0019753086380660534,0.0174366757273674,-0.004921351093798876,5.912548542022705
64,6.355144023895264,687.5999755859375,0.512451171875,0.487548828125,0.5042985081672668,0.001316872425377369,0.01789049804210663,-0.004779336974024773,5.879888534545898
65,6.475285053253174,696.5900268554688,0.5125808715820312,0.48741912841796875,0.5012964606285095,0.0008779149502515793,0.022302815690636635,-0.0042973728850483894,5.84089469909668
66,6.528839588165283,647.530029296875,0.5125198364257812,0.48748016357421875,0.4989866614341736,0.0008779149502515793,0.023829281330108643,-0.004618632607161999,5.78026819229126
67,7.395892143249512,722.72998046875,0.5125274658203125,0.4874725341796875,0.4967292249202728,0.001316872425377369,0.023651622235774994,-0.005778636783361435,5.743074417114258
68,7.563979148864746,694.3099975585938,0.5105056762695312,0.48949432373046875,0.49337369203567505,0.0008779149502515793,0.028314625844359398,-0.004124763421714306,5.716728687286377
69,7.827301979064941,699.239990234375,0.5094528198242188,0.49054718017578125,0.4906383156776428,0.001316872425377369,0.028442813083529472,-0.008042464032769203,5.649510383605957
70,7.565324783325195,689.3599853515625,0.5077285766601562,0.49227142333984375,0.48871564865112305,0.001316872425377369,0.02929462119936943,-0.004532477352768183,5.611225605010986
71,7.992956161499023,710.6900024414062,0.5064926147460938,0.49350738525390625,0.4851175844669342,0.0008779149502515793,0.03160204738378525,-0.005438807886093855,5.582945823669434
72,8.340397834777832,700.489990234375,0.5033035278320312,0.49669647216796875,0.4830809235572815,0.001316872425377369,0.03572988137602806,-0.008155439980328083,5.516313552856445
73,8.660460472106934,727.6699829101562,0.5011978149414062,0.49880218505859375,0.4805428385734558,0.001316872425377369,0.03489847481250763,-0.0030719758942723274,5.492617607116699
74,8.393278121948242,674.4299926757812,0.49390411376953125,0.5060958862304688,0.47805267572402954,0.0008779149502515793,0.03702211380004883,-0.004647613037377596,5.454966068267822
75,9.20445442199707,687.1699829101562,0.48688507080078125,0.5131149291992188,0.4757080078125,0.0008779149502515793,0.03803281486034393,-0.0031332606449723244,5.406294822692871
76,10.43030071258545,707.3800048828125,0.4829864501953125,0.5170135498046875,0.47316887974739075,0.001316872425377369,0.03719913586974144,-0.006131146103143692,5.357141494750977
77,9.041141510009766,599.4400024414062,0.48006439208984375,0.5199356079101562,0.47068774700164795,0.001316872425377369,0.0418277271091938,-0.0033835822250694036,5.325064659118652
78,9.782804489135742,651.3099975585938,0.47664642333984375,0.5233535766601562,0.4682661294937134,0.00039018443203531206,0.04607376828789711,-1.2514472473412752e-05,5.297482013702393
79,9.881202697753906,653.6400146484375,0.470916748046875,0.529083251953125,0.4657309055328369,0.0008779149502515793,0.044659942388534546,-0.006899600382894278,5.220915794372559
80,10.816380500793457,666.0,0.46549224853515625,0.5345077514648438,0.4622083902359009,0.0008779149502515793,0.04871174693107605,-0.003957579378038645,5.199682235717773
81,10.86916732788086,630.989990234375,0.46258544921875,0.53741455078125,0.46061640977859497,0.0008779149502515793,0.05419303476810455,-0.0032060923986136913,5.133672714233398
82,11.04244613647461,638.25,0.46053314208984375,0.5394668579101562,0.45858079195022583,0.001316872425377369,0.0540107861161232,-0.003845976199954748,5.102338790893555
83,12.623156547546387,664.1099853515625,0.45635986328125,0.54364013671875,0.4562428295612335,0.0008779149502515793,0.055181942880153656,-0.0004928613197989762,5.080377578735352
84,11.869953155517578,618.8800048828125,0.4551849365234375,0.5448150634765625,0.45320743322372437,0.0005852766335010529,0.054138489067554474,-0.00037680083187296987,5.033383846282959
85,15.008891105651855,749.0,0.45654296875,0.54345703125,0.4500788450241089,0.0008779149502515793,0.05370534956455231,-0.0028656909707933664,4.9568915367126465
86,14.131317138671875,671.969970703125,0.4559173583984375,0.5440826416015625,0.44783449172973633,0.00039018443203531206,0.05814484506845474,-0.0008871213067322969,4.925076007843018
87,15.574759483337402,689.5399780273438,0.455108642578125,0.544891357421875,0.44575849175453186,0.00039018443203531206,0.061522822827100754,-4.996198549633846e-05,4.889653205871582
88,16.03342628479004,709.4299926757812,0.454986572265625,0.545013427734375,0.44424915313720703,0.0008779149502515793,0.06012620031833649,-0.006355455610901117,4.8332905769348145
89,16.889719009399414,747.4400024414062,0.45400238037109375,0.5459976196289062,0.4424401521682739,0.0008779149502515793,0.07133042812347412,-0.0015933348331600428,4.8230791091918945
90,15.902058601379395,665.5900268554688,0.45294952392578125,0.5470504760742188,0.4399644434452057,0.0008779149502515793,0.06778227537870407,-0.0031707698944956064,4.779679298400879
91,18.10797119140625,736.5499877929688,0.4514007568359375,0.5485992431640625,0.43803107738494873,0.001316872425377369,0.06604619324207306,-0.003927494864910841,4.722442626953125
92,20.756189346313477,815.1599731445312,0.44806671142578125,0.5519332885742188,0.4355974793434143,0.0008779149502515793,0.07555779069662094,-0.0005062566488049924,4.712640285491943
93,19.99009132385254,747.1099853515625,0.44852447509765625,0.5514755249023438,0.43460506200790405,0.0005852766335010529,0.06731798499822617,-0.0039366246201097965,4.6523356437683105
94,19.022537231445312,747.2100219726562,0.4467926025390625,0.5532073974609375,0.4327948987483978,0.0008779149502515793,0.06622142344713211,-0.0050303698517382145,4.6417412757873535
95,20.830097198486328,798.4400024414062,0.443084716796875,0.556915283203125,0.43144941329956055,0.0008779149502515793,0.0730835497379303,-0.0016521128127351403,4.611610412597656
96,22.163528442382812,779.4000244140625,0.436767578125,0.563232421875,0.4298885762691498,0.0008779149502515793,0.06877654045820236,-0.0024818459060043097,4.568017959594727
97,23.63616180419922,805.0599975585938,0.42952728271484375,0.5704727172851562,0.4282785654067993,0.0008779149502515793,0.06430982053279877,-0.0017188680358231068,4.548556804656982
98,23.820674896240234,821.0999755859375,0.4241943359375,0.5758056640625,0.42655348777770996,0.0005852766335010529,0.0639687106013298,0.001728927600197494,4.532483100891113
99,24.85590362548828,827.7899780273438,0.41595458984375,0.58404541015625,0.4253210127353668,0.0008779149502515793,0.0717007964849472,-0.0033595359418541193,4.482675552368164
100,25.5789852142334,834.72998046875,0.4083404541015625,0.5916595458984375,0.4236646890640259,0.001316872425377369,0.06917105615139008,-0.003014658112078905,4.462986946105957
101,22.778289794921875,761.9199829101562,0.39763641357421875,0.6023635864257812,0.42297038435935974,0.00017341530474368483,0.0717913880944252,0.004755048546940088,4.449362754821777
102,24.315792083740234,803.5700073242188,0.3907928466796875,0.6092071533203125,0.42124438285827637,0.0005852766335010529,0.07822442799806595,-0.004482561256736517,4.415717124938965
103,26.04168128967285,799.010009765625,0.38620758056640625,0.6137924194335938,0.41934800148010254,0.0008779149502515793,0.07958025485277176,-0.0059512341395020485,4.377026557922363
104,27.42045021057129,851.530029296875,0.3823699951171875,0.6176300048828125,0.41864171624183655,0.0005852766335010529,0.07809354364871979,-0.001506464323028922,4.3639349937438965
105,28.02985382080078,859.8200073242188,0.374603271484375,0.625396728515625,0.41674691438674927,0.0008779149502515793,0.07324926555156708,-0.005395678337663412,4.327452182769775
106,27.801162719726562,834.3800048828125,0.36565399169921875,0.6343460083007812,0.41596782207489014,0.0008779149502515793,0.07705408334732056,-0.00035007644328288734,4.3094401359558105
107,28.717758178710938,826.4000244140625,0.3576202392578125,0.6423797607421875,0.4145614504814148,0.0005852766335010529,0.08063887059688568,-0.0016426562797278166,4.292184829711914
108,26.38249397277832,758.0999755859375,0.35259246826171875,0.6474075317382812,0.41366031765937805,0.0008779149502515793,0.08247271180152893,-0.0029541687108576298,4.25791072845459
109,26.153484344482422,775.9099731445312,0.34999847412109375,0.6500015258789062,0.41223812103271484,0.0008779149502515793,0.07472231239080429,-0.0029684302862733603,4.243536949157715
110,30.928678512573242,862.3400268554688,0.3437652587890625,0.6562347412109375,0.4113786816596985,0.0008779149502515793,0.07003968209028244,0.0009364826837554574,4.218001365661621
111,29.310184478759766,841.469970703125,0.33419036865234375,0.6658096313476562,0.4097670912742615,0.001316872425377369,0.07539364695549011,-0.004915154539048672,4.179965496063232
112,29.241010665893555,813.3300170898438,0.328155517578125,0.671844482421875,0.40871214866638184,0.001316872425377369,0.08200304210186005,-0.0010919682681560516,4.16637659072876
113,28.93848991394043,793.9299926757812,0.32224273681640625,0.6777572631835938,0.4075387418270111,0.0002601229352876544,0.0748434066772461,0.004490437917411327,4.153745651245117
114,29.909835815429688,835.6300048828125,0.31739044189453125,0.6826095581054688,0.40558183193206787,0.0005852766335010529,0.08151017129421234,-0.006261561997234821,4.096167087554932
115,30.13097381591797,810.72998046875,0.30977630615234375,0.6902236938476562,0.40494823455810547,0.0008779149502515793,0.08177803456783295,-0.003614680375903845,4.08839750289917
116,32.21574401855469,845.3800048828125,0.30673980712890625,0.6932601928710938,0.4045402407646179,0.0008779149502515793,0.08435340970754623,-0.0021226422395557165,4.0772247314453125
117,30.707122802734375,810.4600219726562,0.29906463623046875,0.7009353637695312,0.4039040803909302,0.0005852766335010529,0.08843492716550827,-0.002234772779047489,4.052862644195557
118,31.158979415893555,803.7100219726562,0.29315948486328125,0.7068405151367188,0.40232059359550476,0.00039018443203531206,0.08630980551242828,-0.0021956018172204494,4.0446038246154785
119,30.67757797241211,807.6900024414062,0.2884674072265625,0.7115325927734375,0.4017157256603241,0.0008779149502515793,0.08854557573795319,-0.004262170754373074,4.008092880249023
120,30.556034088134766,790.27001953125,0.284698486328125,0.715301513671875,0.4006175398826599,0.0005852766335010529,0.08820020407438278,-3.397156979190186e-05,4.004907131195068
121,32.64765930175781,821.239990234375,0.27909088134765625,0.7209091186523438,0.40016695857048035,0.0008779149502515793,0.09130005538463593,-0.004912831354886293,3.9717042446136475
122,34.90026092529297,846.22998046875,0.274200439453125,0.725799560546875,0.39882534742355347,0.00039018443203531206,0.08814914524555206,0.0005819112993776798,3.9747188091278076
123,34.6441764831543,844.7100219726562,0.26769256591796875,0.7323074340820312,0.39780884981155396,0.0005852766335010529,0.09143490344285965,-0.0011972201755270362,3.930354356765747
124,34.345916748046875,838.260009765625,0.26122283935546875,0.7387771606445312,0.39692237973213196,0.0008779149502515793,0.09079288691282272,-0.004982579033821821,3.9201221466064453
125,34.46607971191406,842.5999755859375,0.25551605224609375,0.7444839477539062,0.3962532877922058,0.0005852766335010529,0.08891815692186356,-0.00017365851090289652,3.9047000408172607
126,36.73777770996094,875.5,0.25131988525390625,0.7486801147460938,0.39503997564315796,0.0005852766335010529,0.09279852360486984,-0.0029479246586561203,3.8791401386260986
127,36.56365203857422,854.9600219726562,0.24737548828125,0.75262451171875,0.3947927951812744,0.0008779149502515793,0.08424963802099228,-0.003384998766705394,3.8693952560424805
128,36.55826950073242,853.8200073242188,0.24616241455078125,0.7538375854492188,0.39350223541259766,0.0005852766335010529,0.09062373638153076,-0.000585720466915518,3.847212314605713
129,37.36370086669922,877.0999755859375,0.24352264404296875,0.7564773559570312,0.393080472946167,0.0005852766335010529,0.084818996489048,-0.001784712658263743,3.831516981124878
130,35.82076644897461,871.1900024414062,0.239837646484375,0.760162353515625,0.39289265871047974,0.0005852766335010529,0.08531896770000458,-0.003207262372598052,3.823432207107544
131,33.83869552612305,828.969970703125,0.2384490966796875,0.7615509033203125,0.39148083329200745,0.0008779149502515793,0.08139955997467041,-0.0028602692764252424,3.8095245361328125
132,37.25567626953125,871.22998046875,0.23662567138671875,0.7633743286132812,0.3906615078449249,0.0005852766335010529,0.08037444949150085,-0.0007742249872535467,3.7771313190460205
133,37.53822326660156,853.2000122070312,0.23421478271484375,0.7657852172851562,0.3901483118534088,0.0008779149502515793,0.08046402037143707,-0.005814513191580772,3.768527030944824
134,35.138092041015625,847.8900146484375,0.23081207275390625,0.7691879272460938,0.38969555497169495,0.0005852766335010529,0.08234866708517075,-0.003073337022215128,3.7645375728607178
135,37.044227600097656,877.760009765625,0.22832489013671875,0.7716751098632812,0.3887578845024109,0.0008779149502515793,0.08050820976495743,-0.0037752778735011816,3.7395241260528564
136,34.71774673461914,796.6500244140625,0.22745513916015625,0.7725448608398438,0.3871743083000183,0.0005852766335010529,0.08488228917121887,0.00035812141140922904,3.722435474395752
137,37.116146087646484,851.280029296875,0.22791290283203125,0.7720870971679688,0.3861002027988434,0.00039018443203531206,0.0866980329155922,-0.0006289801094681025,3.6849875450134277
138,38.22731399536133,867.989990234375,0.2259063720703125,0.7740936279296875,0.3852810263633728,0.0008779149502515793,0.08896242827177048,-0.0044335597194731236,3.6579079627990723
139,37.495262145996094,875.989990234375,0.22153472900390625,0.7784652709960938,0.3851359784603119,0.0008779149502515793,0.08735013008117676,-0.002876551356166601,3.6555562019348145
140,37.786529541015625,860.2899780273438,0.21895599365234375,0.7810440063476562,0.3843272924423218,0.0005852766335010529,0.0905681848526001,-0.0005931103369221091,3.6381137371063232
141,37.81105041503906,849.02001953125,0.2180633544921875,0.7819366455078125,0.383646696805954,0.0008779149502515793,0.0791534036397934,-0.0028748400509357452,3.622068405151367
142,36.90275192260742,830.9099731445312,0.2166595458984375,0.7833404541015625,0.38292065262794495,0.00039018443203531206,0.09195950627326965,-0.00041769823292270303,3.6173431873321533
143,37.34857940673828,835.4099731445312,0.21645355224609375,0.7835464477539062,0.3819146752357483,0.00039018443203531206,0.08807429671287537,-0.002993241185322404,3.5791680812835693
144,36.616416931152344,850.489990234375,0.2169189453125,0.7830810546875,0.38059842586517334,0.0005852766335010529,0.09148920327425003,-0.00465376628562808,3.573704957962036
145,37.53709411621094,855.1699829101562,0.21503448486328125,0.7849655151367188,0.3798638582229614,0.0008779149502515793,0.09824040532112122,-0.004729413893073797,3.53721284866333
146,35.87120819091797,817.22998046875,0.2145538330078125,0.7854461669921875,0.37947866320610046,0.0008779149502515793,0.09955652803182602,-0.0013564337277784944,3.5420544147491455
147,37.732425689697266,822.6500244140625,0.2164154052734375,0.7835845947265625,0.37916630506515503,0.0005852766335010529,0.0954594612121582,-0.0001809228560887277,3.5245397090911865
148,39.64662551879883,876.4099731445312,0.2147369384765625,0.7852630615234375,0.3792809844017029,0.0008779149502515793,0.09042608737945557,-0.0027034885715693235,3.5232648849487305
149,36.245784759521484,824.8800048828125,0.21358489990234375,0.7864151000976562,0.3784618377685547,0.0005852766335010529,0.10010587424039841,-0.0008419938385486603,3.513026714324951
150,37.88408279418945,854.9199829101562,0.21247100830078125,0.7875289916992188,0.3778688907623291,0.00039018443203531206,0.10096434503793716,0.0013819665182381868,3.5077357292175293
151,37.199241638183594,806.5700073242188,0.210479736328125,0.789520263671875,0.37779465317726135,0.0005852766335010529,0.10330100357532501,-0.0037596826441586018,3.486144542694092
152,40.136146545410156,862.9600219726562,0.20912933349609375,0.7908706665039062,0.37855637073516846,0.0008779149502515793,0.10915433615446091,-0.003263910533860326,3.5051681995391846
153,40.95975112915039,882.8400268554688,0.20782470703125,0.79217529296875,0.3782895803451538,0.0008779149502515793,0.10598492622375488,-0.0015767975710332394,3.4993515014648438
154,38.96064376831055,853.1599731445312,0.20639801025390625,0.7936019897460938,0.37831008434295654,0.00039018443203531206,0.10618741810321808,-2.3027800125419162e-05,3.5082082748413086
155,39.70894241333008,877.6699829101562,0.2052459716796875,0.7947540283203125,0.3779032826423645,0.00039018443203531206,0.09845797717571259,-0.0029598104301840067,3.491269826889038
156,42.04344940185547,889.3599853515625,0.202789306640625,0.797210693359375,0.37774503231048584,0.0002601229352876544,0.10358889400959015,-0.0005430346936918795,3.4948649406433105
157,41.86995315551758,870.7100219726562,0.20116424560546875,0.7988357543945312,0.3767814636230469,0.0005852766335010529,0.10905933380126953,-0.005500233732163906,3.471301794052124
158,42.222652435302734,876.469970703125,0.20142364501953125,0.7985763549804688,0.37598302960395813,0.001316872425377369,0.10612346231937408,-0.003504087682813406,3.4693377017974854
159,39.293827056884766,828.8699951171875,0.2007293701171875,0.7992706298828125,0.3757268786430359,0.0008779149502515793,0.10912849754095078,-0.0010665575973689556,3.4490818977355957
160,39.50829315185547,848.6599731445312,0.20325469970703125,0.7967453002929688,0.37554797530174255,0.0005852766335010529,0.1104886457324028,-0.0012568084057420492,3.4476141929626465
161,38.57752227783203,825.77001953125,0.20426177978515625,0.7957382202148438,0.3760227560997009,0.0008779149502515793,0.1060926616191864,-0.002960734535008669,3.440183162689209
162,41.222225189208984,884.1599731445312,0.2025604248046875,0.7974395751953125,0.375663697719574,0.0008779149502515793,0.10717041790485382,-0.002236816333606839,3.441622734069824
163,40.197853088378906,850.0399780273438,0.20392608642578125,0.7960739135742188,0.374213308095932,0.0005852766335010529,0.10644525289535522,-0.0017792105209082365,3.4299962520599365
164,41.238861083984375,874.6699829101562,0.20647430419921875,0.7935256958007812,0.3732491731643677,0.0005852766335010529,0.11258140951395035,-0.0020086602307856083,3.4035356044769287
165,39.35417938232422,828.1099853515625,0.20986175537109375,0.7901382446289062,0.3728122115135193,0.0008779149502515793,0.11207201331853867,-0.004027891904115677,3.385807514190674
166,41.33412170410156,859.5999755859375,0.2095184326171875,0.7904815673828125,0.37231701612472534,0.0005852766335010529,0.109188511967659,-0.0013223643181845546,3.3805341720581055
167,40.00548553466797,842.77001953125,0.210052490234375,0.789947509765625,0.3723234534263611,0.0008779149502515793,0.10295264422893524,-0.002895727287977934,3.3666436672210693
168,43.774288177490234,886.5599975585938,0.2104949951171875,0.7895050048828125,0.3719867765903473,0.0008779149502515793,0.10193635523319244,-0.0007281221332959831,3.3665103912353516
169,39.40468215942383,816.9299926757812,0.210357666015625,0.789642333984375,0.37127459049224854,0.0005852766335010529,0.11248920112848282,-0.0023074501659721136,3.3578388690948486
170,37.621639251708984,801.27001953125,0.21187591552734375,0.7881240844726562,0.37084513902664185,0.00011561020073713735,0.12103188037872314,0.0003343250136822462,3.342794418334961
171,39.530113220214844,833.0800170898438,0.21451568603515625,0.7854843139648438,0.3698079586029053,0.00039018443203531206,0.11157885938882828,-0.005864269100129604,3.329195261001587
172,40.3389778137207,831.2100219726562,0.21673583984375,0.78326416015625,0.36953043937683105,0.0008779149502515793,0.11231420934200287,-0.0024027505423873663,3.310518503189087
173,40.0406379699707,836.4500122070312,0.21782684326171875,0.7821731567382812,0.36853277683258057,0.0005852766335010529,0.10045567154884338,-0.00177190697286278,3.3009049892425537
174,39.256587982177734,829.6300048828125,0.216949462890625,0.783050537109375,0.3676826059818268,0.0008779149502515793,0.10491745173931122,-0.0032659978605806828,3.2780966758728027
175,43.33038330078125,887.9199829101562,0.2170257568359375,0.7829742431640625,0.3660343289375305,0.0005852766335010529,0.11071091145277023,-0.0013895842712372541,3.254974126815796
176,39.39261245727539,837.2999877929688,0.2156829833984375,0.7843170166015625,0.36587345600128174,0.0005852766335010529,0.10282086580991745,-0.002374339383095503,3.2348403930664062
177,43.06687927246094,884.510009765625,0.212432861328125,0.787567138671875,0.3659531772136688,0.0005852766335010529,0.10056440532207489,-0.002224138705059886,3.229632616043091
178,43.14571762084961,856.02001953125,0.21183013916015625,0.7881698608398438,0.36592361330986023,0.0005852766335010529,0.10214264690876007,-0.003480002749711275,3.2331137657165527
179,41.8195686340332,862.8599853515625,0.21141815185546875,0.7885818481445312,0.36592191457748413,0.00039018443203531206,0.10766839981079102,-0.0025244976859539747,3.2299184799194336
180,43.18679428100586,865.280029296875,0.2119293212890625,0.7880706787109375,0.36580532789230347,0.00039018443203531206,0.10876137763261795,-0.0015813293866813183,3.2353734970092773
181,44.92087173461914,889.9299926757812,0.20880889892578125,0.7911911010742188,0.36503729224205017,0.0005852766335010529,0.10815037041902542,-0.004215453285723925,3.2083513736724854
182,44.371849060058594,897.22998046875,0.20644378662109375,0.7935562133789062,0.3646370768547058,0.0008779149502515793,0.10765333473682404,-0.0020538545213639736,3.2186055183410645
183,42.89158630371094,858.02001953125,0.20647430419921875,0.7935256958007812,0.36498379707336426,0.00039018443203531206,0.10690713673830032,-0.00012768886517733335,3.2060117721557617
184,45.673709869384766,902.260009765625,0.2077789306640625,0.7922210693359375,0.3655107021331787,0.0008779149502515793,0.09408906102180481,-0.0046347640454769135,3.2197089195251465
185,43.07405090332031,873.6799926757812,0.2069091796875,0.7930908203125,0.36643242835998535,0.0005852766335010529,0.10344374179840088,-0.0010357522405683994,3.2340211868286133
186,46.13201141357422,895.3200073242188,0.2064208984375,0.7935791015625,0.36597415804862976,0.0008779149502515793,0.09970968216657639,-0.003606000915169716,3.232239007949829
187,46.76648712158203,899.739990234375,0.20685577392578125,0.7931442260742188,0.36560869216918945,0.0005852766335010529,0.10999885201454163,-0.001049053156748414,3.2317819595336914
188,45.38870620727539,878.6500244140625,0.20494842529296875,0.7950515747070312,0.3655719757080078,0.0008779149502515793,0.10890739411115646,-0.003251283196732402,3.2056357860565186
189,44.30599594116211,874.0999755859375,0.20505523681640625,0.7949447631835938,0.36499884724617004,0.00039018443203531206,0.1016828715801239,-0.0007946079131215811,3.2190322875976562
190,41.448326110839844,839.9400024414062,0.20345306396484375,0.7965469360351562,0.3649448752403259,0.0005852766335010529,0.10202140361070633,-0.0028503588400781155,3.1925735473632812
191,42.49026107788086,875.8599853515625,0.20081329345703125,0.7991867065429688,0.36417266726493835,0.0008779149502515793,0.0967329740524292,-0.0029708733782172203,3.1906661987304688
192,45.21118927001953,889.1099853515625,0.1989593505859375,0.8010406494140625,0.3642386198043823,0.0005852766335010529,0.1034465953707695,-0.0013463099021464586,3.190662145614624
193,45.7002067565918,887.0599975585938,0.19586944580078125,0.8041305541992188,0.3637424111366272,0.0008779149502515793,0.09645015001296997,-0.0046108923852443695,3.177537202835083
194,44.189788818359375,884.3499755859375,0.191680908203125,0.808319091796875,0.36377280950546265,0.0008779149502515793,0.10156268626451492,-0.0009968308731913567,3.1705610752105713
195,43.73716735839844,863.6500244140625,0.18755340576171875,0.8124465942382812,0.3633006811141968,0.0005852766335010529,0.10646715760231018,-0.000579787534661591,3.168135643005371
196,42.185203552246094,839.3400268554688,0.18723297119140625,0.8127670288085938,0.36261653900146484,0.0008779149502515793,0.10384754836559296,-0.005444318987429142,3.1459407806396484
197,42.767333984375,847.8900146484375,0.18817901611328125,0.8118209838867188,0.3617357611656189,0.0008779149502515793,0.0937536284327507,-0.0014657118590548635,3.1329269409179688
198,46.91258239746094,890.8099975585938,0.1887054443359375,0.8112945556640625,0.36141282320022583,0.00039018443203531206,0.0987529307603836,-0.0020585525780916214,3.122908115386963
199,42.85652542114258,835.3200073242188,0.18871307373046875,0.8112869262695312,0.3610931932926178,0.0005852766335010529,0.09810324013233185,-0.006197744980454445,3.099327564239502
200,43.49457931518555,867.6500244140625,0.1863555908203125,0.8136444091796875,0.3609084486961365,0.00039018443203531206,0.10699764639139175,-0.0008310951525345445,3.103975296020508
201,44.030696868896484,867.6199951171875,0.18241119384765625,0.8175888061523438,0.36084985733032227,0.00039018443203531206,0.10423808544874191,0.0005661343457177281,3.100106954574585
202,44.12353515625,866.7899780273438,0.1801910400390625,0.8198089599609375,0.3598535358905792,0.0005852766335010529,0.11136533319950104,-0.004983702674508095,3.0779709815979004
203,39.52455520629883,780.7899780273438,0.1806182861328125,0.8193817138671875,0.3593275845050812,0.0008779149502515793,0.11391639709472656,-0.0031952010467648506,3.070394515991211
204,44.124176025390625,870.9199829101562,0.1827392578125,0.8172607421875,0.35935190320014954,0.0005852766335010529,0.12133744359016418,-0.0005327053950168192,3.0602593421936035
205,42.320343017578125,816.510009765625,0.18262481689453125,0.8173751831054688,0.35952287912368774,0.001316872425377369,0.10657233744859695,-0.0014711389085277915,3.0669732093811035
206,43.215431213378906,846.0599975585938,0.18294525146484375,0.8170547485351562,0.3593820631504059,0.0002601229352876544,0.11431902647018433,0.0029275664128363132,3.0633668899536133
207,45.02690505981445,852.4199829101562,0.18450164794921875,0.8154983520507812,0.35896962881088257,0.0005852766335010529,0.11000698804855347,-0.005572518799453974,3.045731544494629
208,45.88290786743164,860.1900024414062,0.1843719482421875,0.8156280517578125,0.3585836887359619,0.0002601229352876544,0.11193504929542542,-0.0004793306870851666,3.0438902378082275
209,44.195091247558594,855.25,0.185089111328125,0.814910888671875,0.35785090923309326,0.0005852766335010529,0.10773172229528427,-0.005324141588062048,3.03169846534729
210,43.7580451965332,853.469970703125,0.18524169921875,0.81475830078125,0.35816478729248047,0.0005852766335010529,0.11162082850933075,-0.0026234802789986134,3.0328826904296875
211,46.704063415527344,897.6300048828125,0.18597412109375,0.81402587890625,0.35804349184036255,0.0005852766335010529,0.10248211026191711,-0.0005910330801270902,3.030827522277832
212,46.07954406738281,867.5999755859375,0.18740081787109375,0.8125991821289062,0.3576873540878296,0.0005852766335010529,0.10629735887050629,-0.0015166926896199584,3.0161712169647217
213,46.74076843261719,883.3800048828125,0.18578338623046875,0.8142166137695312,0.35794007778167725,0.0005852766335010529,0.1290195882320404,-0.0025114037562161684,3.0238678455352783
214,45.91379928588867,859.7000122070312,0.18517303466796875,0.8148269653320312,0.3581565320491791,0.0008779149502515793,0.1253015547990799,-0.0034329260233789682,3.0238664150238037
215,47.512081146240234,880.6199951171875,0.1852264404296875,0.8147735595703125,0.35862863063812256,0.0005852766335010529,0.1292460709810257,-0.0016856336733326316,3.0383989810943604
216,44.100032806396484,820.1300048828125,0.18590545654296875,0.8140945434570312,0.35777217149734497,0.0008779149502515793,0.13215646147727966,-0.003866013139486313,3.014404535293579
217,44.578399658203125,836.3599853515625,0.18755340576171875,0.8124465942382812,0.35742419958114624,0.00039018443203531206,0.1347932368516922,-0.0016887987731024623,3.0172133445739746
218,46.03213882446289,855.47998046875,0.19074249267578125,0.8092575073242188,0.35767242312431335,0.0008779149502515793,0.13581520318984985,-0.0036377175711095333,3.003887176513672
219,46.99663162231445,872.1799926757812,0.192535400390625,0.807464599609375,0.35778021812438965,0.0005852766335010529,0.1315113753080368,-0.0007873720023781061,3.0218148231506348
220,42.27274703979492,825.510009765625,0.19324493408203125,0.8067550659179688,0.3570026457309723,0.00039018443203531206,0.12792830169200897,-0.0012286906130611897,3.005168914794922
221,44.499732971191406,853.3099975585938,0.1942138671875,0.8057861328125,0.3571675419807434,0.0005852766335010529,0.12178543955087662,-0.002707073464989662,3.0005855560302734
222,45.29054260253906,857.97998046875,0.19654083251953125,0.8034591674804688,0.3573805093765259,0.00039018443203531206,0.1305796056985855,-0.0025376365520060062,2.9970171451568604
223,44.209808349609375,854.280029296875,0.1998291015625,0.8001708984375,0.3574889898300171,0.0005852766335010529,0.12050004303455353,-0.005526740103960037,2.99861741065979
224,45.41172790527344,851.5599975585938,0.20131683349609375,0.7986831665039062,0.35714805126190186,0.0008779149502515793,0.12038784474134445,-0.0038994017522782087,2.9933393001556396
225,45.35700607299805,858.0399780273438,0.2056427001953125,0.7943572998046875,0.3578077554702759,0.00039018443203531206,0.13172180950641632,0.0013616032665595412,3.004585027694702
226,45.645145416259766,855.3599853515625,0.20489501953125,0.79510498046875,0.3577417731285095,0.0005852766335010529,0.12477273494005203,-0.005153924226760864,3.009773015975952
227,44.32814025878906,830.8499755859375,0.20569610595703125,0.7943038940429688,0.3571828603744507,0.00039018443203531206,0.13762494921684265,-0.0019363737665116787,2.994511365890503
228,43.05011749267578,800.3900146484375,0.2074737548828125,0.7925262451171875,0.3566333055496216,0.0005852766335010529,0.13286474347114563,-0.00341260083951056,2.987161874771118
229,43.908302307128906,832.3099975585938,0.210357666015625,0.789642333984375,0.3567655086517334,0.0008779149502515793,0.13274937868118286,-0.003637138521298766,2.977316379547119
230,46.08485794067383,858.5399780273438,0.21240234375,0.78759765625,0.35562020540237427,0.0005852766335010529,0.1291802078485489,-0.001593447057530284,2.968226671218872
231,44.28549575805664,825.9000244140625,0.214569091796875,0.785430908203125,0.3559213876724243,0.0005852766335010529,0.14059746265411377,-0.003051383187994361,2.9572975635528564
232,44.92251968383789,843.75,0.21663665771484375,0.7833633422851562,0.35559695959091187,0.0008779149502515793,0.12460647523403168,-0.0032204033341258764,2.954892635345459
233,42.073631286621094,791.9099731445312,0.21648406982421875,0.7835159301757812,0.35565146803855896,0.0005852766335010529,0.13041375577449799,-0.0019094623858109117,2.949342966079712
234,44.7491340637207,847.8599853515625,0.215911865234375,0.784088134765625,0.3550897240638733,0.0005852766335010529,0.1295240819454193,-0.0027343432884663343,2.9473161697387695
235,43.87947082519531,821.5700073242188,0.21643829345703125,0.7835617065429688,0.3543465733528137,0.00017341530474368483,0.130437433719635,0.0004894653684459627,2.922729253768921
236,43.664451599121094,812.8499755859375,0.218841552734375,0.781158447265625,0.3538479804992676,0.0002601229352876544,0.11689886450767517,-0.0008124614250846207,2.9202423095703125
237,46.050540924072266,854.1599731445312,0.2209320068359375,0.7790679931640625,0.35345935821533203,0.0005852766335010529,0.13239814341068268,-0.004451766610145569,2.8999338150024414
238,47.62685012817383,853.010009765625,0.22339630126953125,0.7766036987304688,0.35294097661972046,0.0008779149502515793,0.12624917924404144,-0.004542053677141666,2.882413864135742
239,44.13933181762695,821.489990234375,0.2235107421875,0.7764892578125,0.35341325402259827,0.00039018443203531206,0.13730861246585846,0.0006696989294141531,2.897658586502075
240,48.640235900878906,895.2999877929688,0.22414398193359375,0.7758560180664062,0.3527994751930237,0.0005852766335010529,0.12910421192646027,-0.0047053564339876175,2.8928425312042236
241,45.11003875732422,832.9000244140625,0.224884033203125,0.775115966796875,0.3529653251171112,0.0008779149502515793,0.12639941275119781,-0.002445963677018881,2.889932870864868
242,45.870094299316406,841.719970703125,0.22507476806640625,0.7749252319335938,0.35265934467315674,0.00039018443203531206,0.11970426142215729,-0.0005636224523186684,2.8856489658355713
243,47.09039306640625,861.760009765625,0.227508544921875,0.772491455078125,0.35253286361694336,0.0005852766335010529,0.12611611187458038,-0.004071001894772053,2.873098134994507
244,49.006065368652344,889.3800048828125,0.22898101806640625,0.7710189819335938,0.3528481423854828,0.0008779149502515793,0.12434720247983932,-0.0015370553592219949,2.886775493621826
245,49.39337158203125,901.5399780273438,0.22837066650390625,0.7716293334960938,0.3526938557624817,0.00039018443203531206,0.12577848136425018,-0.0009385184966959059,2.881420612335205
246,49.1392822265625,869.6400146484375,0.2277374267578125,0.7722625732421875,0.3533799648284912,0.0008779149502515793,0.12694944441318512,-0.0028309773188084364,2.868330717086792
247,46.07802963256836,832.6300048828125,0.2274169921875,0.7725830078125,0.3533358871936798,0.0005852766335010529,0.1257942169904709,-0.0020162209402769804,2.886632204055786
248,49.90169143676758,891.7100219726562,0.22515869140625,0.77484130859375,0.3531549274921417,0.0005852766335010529,0.13010209798812866,-0.002948820125311613,2.8830766677856445
249,47.701927185058594,865.7100219726562,0.2238311767578125,0.7761688232421875,0.3529101610183716,0.00039018443203531206,0.12768378853797913,-0.0016450016992166638,2.882127523422241
250,46.07932662963867,874.010009765625,0.2226104736328125,0.7773895263671875,0.3530731201171875,0.0005852766335010529,0.13525623083114624,-0.0035462407395243645,2.8678905963897705
251,45.263553619384766,836.530029296875,0.22318267822265625,0.7768173217773438,0.3532063066959381,0.0005852766335010529,0.14010955393314362,-0.001821570098400116,2.8825747966766357
252,44.542301177978516,822.7100219726562,0.22501373291015625,0.7749862670898438,0.3528684675693512,0.00039018443203531206,0.1324285864830017,-0.0019873061683028936,2.8787014484405518
253,49.6905403137207,884.2100219726562,0.22379302978515625,0.7762069702148438,0.35254496335983276,0.00039018443203531206,0.1327616274356842,-0.002287923125550151,2.8675317764282227
254,47.010772705078125,851.8099975585938,0.22359466552734375,0.7764053344726562,0.3521244525909424,0.0005852766335010529,0.13765192031860352,-0.005991640500724316,2.8547117710113525
255,45.85271072387695,828.8499755859375,0.221954345703125,0.778045654296875,0.35186007618904114,0.0008779149502515793,0.14622122049331665,-0.0034248409792780876,2.8552892208099365
256,48.03926467895508,852.6900024414062,0.2234344482421875,0.7765655517578125,0.35211995244026184,0.00017341530474368483,0.1361015886068344,0.001706137671135366,2.851719856262207
257,41.45200729370117,751.6300048828125,0.2237701416015625,0.7762298583984375,0.35157251358032227,0.0002601229352876544,0.13549694418907166,-0.004949032794684172,2.849449634552002
258,48.16365051269531,860.97998046875,0.22447967529296875,0.7755203247070312,0.3503550589084625,0.00039018443203531206,0.13407744467258453,-0.0028609808068722486,2.8184149265289307
259,46.9415168762207,844.8900146484375,0.22267913818359375,0.7773208618164062,0.3505902886390686,0.0005852766335010529,0.1466803252696991,-0.00278667313978076,2.8212778568267822
260,46.13272476196289,836.1199951171875,0.223968505859375,0.776031494140625,0.35082608461380005,0.0005852766335010529,0.14477117359638214,-0.0025440272875130177,2.8169703483581543
261,42.04383087158203,789.0999755859375,0.22576141357421875,0.7742385864257812,0.350774347782135,0.00039018443203531206,0.14497749507427216,-0.00137325469404459,2.820025682449341
262,42.98833465576172,815.3200073242188,0.22498321533203125,0.7750167846679688,0.3500325381755829,0.0008779149502515793,0.14641207456588745,-0.0041838171891868114,2.8035848140716553
263,46.70820999145508,860.219970703125,0.2264556884765625,0.7735443115234375,0.3495456278324127,0.0005852766335010529,0.14705468714237213,-0.001281347475014627,2.800464630126953
264,46.07429885864258,852.780029296875,0.2274627685546875,0.7725372314453125,0.3490745425224304,0.0005852766335010529,0.13275772333145142,-0.0035104260314255953,2.7902424335479736
265,47.857269287109375,846.510009765625,0.228302001953125,0.771697998046875,0.3484369218349457,0.00039018443203531206,0.1372605413198471,-0.0016241722041741014,2.775646448135376
266,42.47846603393555,781.8599853515625,0.231231689453125,0.768768310546875,0.3479478657245636,0.0005852766335010529,0.14492690563201904,-0.004946544766426086,2.7515861988067627
267,42.7936897277832,784.0499877929688,0.23308563232421875,0.7669143676757812,0.34827205538749695,0.0005852766335010529,0.1263178586959839,-0.0020920317620038986,2.7593088150024414
268,46.478973388671875,844.9400024414062,0.23580169677734375,0.7641983032226562,0.3480874300003052,0.0005852766335010529,0.1348678171634674,-0.0018004910089075565,2.756089687347412
269,44.430179595947266,821.3300170898438,0.23667144775390625,0.7633285522460938,0.3482680320739746,0.0005852766335010529,0.132129967212677,-0.0022454240825027227,2.7621703147888184
270,46.155921936035156,836.6199951171875,0.238372802734375,0.761627197265625,0.3482154607772827,0.00039018443203531206,0.13200215995311737,0.000544333306606859,2.7553648948669434
271,48.10246658325195,847.47998046875,0.23883819580078125,0.7611618041992188,0.34804314374923706,0.0005852766335010529,0.1381932646036148,-0.002306963549926877,2.758009910583496
272,49.944183349609375,873.8499755859375,0.24041748046875,0.75958251953125,0.3490672707557678,0.0005852766335010529,0.13449223339557648,-0.003497644793242216,2.7688589096069336
273,48.124534606933594,846.72998046875,0.2397003173828125,0.7602996826171875,0.34978771209716797,0.0005852766335010529,0.133397176861763,-0.0013722990406677127,2.7825355529785156
274,47.65653610229492,829.6500244140625,0.23917388916015625,0.7608261108398438,0.3500688076019287,0.0005852766335010529,0.1421884000301361,-0.0028593235183507204,2.7889316082000732
275,48.6694450378418,862.3800048828125,0.23958587646484375,0.7604141235351562,0.3509135842323303,0.0005852766335010529,0.1402931958436966,-0.0006350984331220388,2.821610927581787
276,49.13279724121094,868.22998046875,0.240264892578125,0.759735107421875,0.3513261079788208,0.0005852766335010529,0.14464183151721954,-0.0011055791983380914,2.8156657218933105
277,49.94441604614258,859.6500244140625,0.23938751220703125,0.7606124877929688,0.35138803720474243,0.00039018443203531206,0.14617975056171417,-0.0009208767442032695,2.832247018814087
278,47.13706970214844,832.3200073242188,0.2402191162109375,0.7597808837890625,0.3515106737613678,0.0005852766335010529,0.14693041145801544,-0.0033844385761767626,2.8333678245544434
279,50.47571563720703,872.489990234375,0.2411956787109375,0.7588043212890625,0.3514400124549866,0.0005852766335010529,0.13396963477134705,-0.002708681859076023,2.8273468017578125
280,51.12127685546875,876.8699951171875,0.240631103515625,0.759368896484375,0.35082098841667175,0.0002601229352876544,0.12873634696006775,-0.000257534789852798,2.82171893119812
281,48.991764068603516,855.530029296875,0.24085235595703125,0.7591476440429688,0.3507491946220398,0.0002601229352876544,0.14115869998931885,-0.0009476262493990362,2.8083927631378174
282,48.92669677734375,869.219970703125,0.23868560791015625,0.7613143920898438,0.35024064779281616,0.00039018443203531206,0.12599396705627441,-0.005342291202396154,2.805614471435547
283,50.8615837097168,880.3599853515625,0.23903656005859375,0.7609634399414062,0.3509836792945862,0.0005852766335010529,0.12449830770492554,-0.004767140373587608,2.8092617988586426
284,47.78200912475586,846.5900268554688,0.23764801025390625,0.7623519897460938,0.35061168670654297,0.0005852766335010529,0.12466425448656082,-0.0036115311086177826,2.802659511566162
285,49.45347213745117,872.9199829101562,0.2390899658203125,0.7609100341796875,0.35110628604888916,0.00039018443203531206,0.13144949078559875,-0.0015830579213798046,2.8120741844177246
286,47.90628433227539,847.7100219726562,0.23627471923828125,0.7637252807617188,0.3508948087692261,0.00039018443203531206,0.12572285532951355,0.0006092113326303661,2.809669256210327
287,47.90404510498047,840.0700073242188,0.2346038818359375,0.7653961181640625,0.35087335109710693,0.0005852766335010529,0.12929821014404297,-0.0018821062985807657,2.8086771965026855
288,46.800682067871094,823.8300170898438,0.232940673828125,0.767059326171875,0.35105204582214355,0.00039018443203531206,0.136900395154953,-0.0016817577416077256,2.8023881912231445
289,49.08910369873047,857.0499877929688,0.23317718505859375,0.7668228149414062,0.35098549723625183,0.0005852766335010529,0.1362362951040268,-0.005206045228987932,2.8079652786254883
290,48.94452667236328,844.1900024414062,0.23244476318359375,0.7675552368164062,0.3520117402076721,0.0008779149502515793,0.13557128608226776,-0.0028294501826167107,2.8155620098114014
291,51.24161148071289,903.239990234375,0.2332611083984375,0.7667388916015625,0.35195857286453247,0.00017341530474368483,0.13200052082538605,0.0010516435140743852,2.830554962158203
292,47.7125129699707,858.0399780273438,0.23021697998046875,0.7697830200195312,0.3512566387653351,0.00039018443203531206,0.13106600940227509,-0.006722129415720701,2.8147873878479004
293,47.365753173828125,851.5999755859375,0.22674560546875,0.77325439453125,0.3509466350078583,0.0005852766335010529,0.1297999620437622,-0.0022003178019076586,2.8054733276367188
294,49.122833251953125,881.1599731445312,0.225982666015625,0.774017333984375,0.3508968651294708,0.00039018443203531206,0.14006593823432922,-0.0007200858672149479,2.8000576496124268
295,49.12833786010742,841.52001953125,0.2245941162109375,0.7754058837890625,0.35115131735801697,0.0005852766335010529,0.1444200575351715,-0.0029064412228763103,2.801564931869507
296,47.252960205078125,824.5900268554688,0.22399139404296875,0.7760086059570312,0.3519403338432312,0.0005852766335010529,0.13176876306533813,-0.0022727116011083126,2.8136346340179443
297,50.128841400146484,878.77001953125,0.2248992919921875,0.7751007080078125,0.35192155838012695,0.0008779149502515793,0.14339885115623474,-0.0034709975589066744,2.808120012283325
298,47.667633056640625,829.0399780273438,0.2224578857421875,0.7775421142578125,0.3522941768169403,0.0002601229352876544,0.14707030355930328,0.004978878889232874,2.8246519565582275
299,47.37976837158203,828.1699829101562,0.2218780517578125,0.7781219482421875,0.35284048318862915,0.0005852766335010529,0.15310873091220856,-0.0043848734349012375,2.835148334503174
300,50.72555923461914,861.2000122070312,0.22176361083984375,0.7782363891601562,0.3529999852180481,0.0008779149502515793,0.1435452699661255,-0.0047730631195008755,2.835728168487549
301,46.23704528808594,813.2999877929688,0.221771240234375,0.778228759765625,0.35318440198898315,0.0005852766335010529,0.15136605501174927,0.0005686701624654233,2.8471755981445312
302,47.482295989990234,840.1799926757812,0.2243194580078125,0.7756805419921875,0.35364222526550293,0.0002601229352876544,0.16772855818271637,0.0008045888971537352,2.8578217029571533
303,51.429622650146484,872.4600219726562,0.22640228271484375,0.7735977172851562,0.35449498891830444,0.00039018443203531206,0.1739785075187683,-0.005941971205174923,2.867767810821533
304,48.207069396972656,831.719970703125,0.2263031005859375,0.7736968994140625,0.3546828627586365,0.0005852766335010529,0.162730872631073,-0.0034588566049933434,2.8752384185791016
305,45.617923736572266,793.3499755859375,0.231781005859375,0.768218994140625,0.35489484667778015,0.0005852766335010529,0.16117791831493378,-0.00038159359246492386,2.8899872303009033
306,49.003761291503906,847.22998046875,0.23368072509765625,0.7663192749023438,0.3544151782989502,0.0008779149502515793,0.17007090151309967,-0.003149627707898617,2.8732779026031494
307,49.08425521850586,851.780029296875,0.23278045654296875,0.7672195434570312,0.3551221489906311,0.0002601229352876544,0.16299059987068176,0.00038320801104418933,2.8900835514068604
308,47.392765045166016,832.77001953125,0.235748291015625,0.764251708984375,0.35575559735298157,0.0005852766335010529,0.1669164001941681,-0.004950778558850288,2.8937489986419678
309,48.35452651977539,825.77001953125,0.23755645751953125,0.7624435424804688,0.3555024564266205,0.0005852766335010529,0.15230166912078857,-0.0019287958275526762,2.906860113143921
310,49.10303497314453,865.25,0.23865509033203125,0.7613449096679688,0.3555559515953064,0.00039018443203531206,0.1778031587600708,-0.001575864851474762,2.893928050994873
311,46.25824737548828,801.6400146484375,0.23958587646484375,0.7604141235351562,0.35536056756973267,0.00017341530474368483,0.17637431621551514,0.005530344322323799,2.900576114654541
312,46.55211639404297,817.0999755859375,0.2424163818359375,0.7575836181640625,0.355313777923584,0.0005852766335010529,0.16495686769485474,-0.005619097035378218,2.8811440467834473
313,47.89413070678711,815.9199829101562,0.24515533447265625,0.7548446655273438,0.35624000430107117,0.0005852766335010529,0.16778987646102905,-0.0010954240569844842,2.902480125427246
314,46.73716354370117,819.02001953125,0.2504119873046875,0.7495880126953125,0.356289803981781,0.0005852766335010529,0.17780934274196625,-0.002473692875355482,2.914360761642456
315,45.44045639038086,803.5999755859375,0.25099945068359375,0.7490005493164062,0.35728979110717773,0.00039018443203531206,0.1734236776828766,-0.0020235914271324873,2.9224352836608887
316,46.50231170654297,799.0999755859375,0.25414276123046875,0.7458572387695312,0.3576560616493225,0.00039018443203531206,0.17461857199668884,-0.0016059527406468987,2.9392335414886475
317,46.221168518066406,796.6199951171875,0.2569122314453125,0.7430877685546875,0.3574520945549011,0.0008779149502515793,0.15631569921970367,-0.0032454156316816807,2.9270591735839844
318,46.69724655151367,797.97998046875,0.26123809814453125,0.7387619018554688,0.357568621635437,0.0005852766335010529,0.14374220371246338,-0.0018251999281346798,2.950432300567627
319,48.17012405395508,828.4600219726562,0.2633056640625,0.7366943359375,0.35731154680252075,0.00039018443203531206,0.1628550887107849,-0.002364072250202298,2.934288501739502
320,47.26525115966797,806.739990234375,0.26488494873046875,0.7351150512695312,0.35729941725730896,0.0005852766335010529,0.14322330057621002,-0.003386559197679162,2.9341189861297607
321,49.52778244018555,861.1099853515625,0.26563262939453125,0.7343673706054688,0.35663461685180664,0.0002601229352876544,0.1502228081226349,-0.0002036048099398613,2.9291768074035645
322,46.408817291259766,822.9000244140625,0.26758575439453125,0.7324142456054688,0.35642099380493164,0.0005852766335010529,0.1618146151304245,-0.005711558740586042,2.9039013385772705
323,47.142189025878906,813.4199829101562,0.272552490234375,0.727447509765625,0.3564857244491577,0.0005852766335010529,0.17065224051475525,-0.003355285618454218,2.9237442016601562
324,44.86936950683594,783.75,0.27516937255859375,0.7248306274414062,0.3565688133239746,0.0005852766335010529,0.15670867264270782,-0.004983242601156235,2.913048028945923
325,48.76523971557617,844.3400268554688,0.27869415283203125,0.7213058471679688,0.3567727208137512,0.0008779149502515793,0.17127467691898346,-0.004099423065781593,2.9138667583465576
326,45.129085540771484,788.3900146484375,0.28017425537109375,0.7198257446289062,0.3574206233024597,0.00039018443203531206,0.16562233865261078,0.0027347486466169357,2.926633358001709
327,46.06747055053711,801.0499877929688,0.2827606201171875,0.7172393798828125,0.3577585816383362,0.0005852766335010529,0.16050098836421967,-0.004845035262405872,2.9340038299560547
328,46.19967269897461,794.030029296875,0.2854461669921875,0.7145538330078125,0.3579295873641968,0.00039018443203531206,0.16694125533103943,-0.0017427041893824935,2.9405887126922607
329,49.83213424682617,861.4400024414062,0.2859954833984375,0.7140045166015625,0.3578975796699524,0.0005852766335010529,0.16530486941337585,-0.00552376126870513,2.9310081005096436
330,47.34437561035156,796.9600219726562,0.28733062744140625,0.7126693725585938,0.35790175199508667,0.0005852766335010529,0.16599330306053162,-0.0014318354660645127,2.938178300857544
331,46.021766662597656,802.8300170898438,0.29010772705078125,0.7098922729492188,0.35773101449012756,0.00039018443203531206,0.16604159772396088,-0.0008478585514239967,2.933152675628662
332,47.79057693481445,823.27001953125,0.2893524169921875,0.7106475830078125,0.35811883211135864,0.0005852766335010529,0.16298449039459229,-0.0035765720531344414,2.934018611907959
333,45.58692932128906,780.5,0.289215087890625,0.710784912109375,0.357887327671051,0.00039018443203531206,0.16314220428466797,1.7360409401590005e-05,2.9357171058654785
334,51.44441223144531,879.8699951171875,0.29093170166015625,0.7090682983398438,0.35837453603744507,0.0005852766335010529,0.15669572353363037,-0.004903387278318405,2.9377329349517822
335,48.43227767944336,834.1500244140625,0.2873687744140625,0.7126312255859375,0.3591528534889221,0.0005852766335010529,0.15494561195373535,-0.0011295255972072482,2.947681188583374
336,49.052799224853516,820.1199951171875,0.288543701171875,0.711456298828125,0.3591901361942291,0.00039018443203531206,0.16468670964241028,-0.003515858668833971,2.964630126953125
337,50.089473724365234,855.5499877929688,0.2906951904296875,0.7093048095703125,0.35957765579223633,0.0005852766335010529,0.17215761542320251,-0.004172553773969412,2.9613399505615234
338,48.64244842529297,839.6599731445312,0.29096221923828125,0.7090377807617188,0.3597956597805023,0.0005852766335010529,0.15817613899707794,-0.0027684508822858334,2.9799370765686035
339,49.776859283447266,846.3400268554688,0.29195404052734375,0.7080459594726562,0.3599013388156891,0.0005852766335010529,0.14368559420108795,6.659087375737727e-05,2.9792141914367676
340,50.84980392456055,860.239990234375,0.2908172607421875,0.7091827392578125,0.3598112463951111,0.0002601229352876544,0.15811297297477722,0.00031749167828820646,2.9789841175079346
341,49.23765182495117,847.6400146484375,0.28875732421875,0.71124267578125,0.360200434923172,0.0005852766335010529,0.15510430932044983,-0.004107438027858734,2.980217456817627
342,46.45709228515625,799.7899780273438,0.28777313232421875,0.7122268676757812,0.3598878085613251,0.0002601229352876544,0.16199979186058044,0.0011174377286806703,2.988618850708008
343,51.00495529174805,848.9600219726562,0.28769683837890625,0.7123031616210938,0.3601398468017578,0.0005852766335010529,0.16901986300945282,-0.0051934123039245605,2.9736740589141846
344,46.5655403137207,811.7999877929688,0.28563690185546875,0.7143630981445312,0.36012744903564453,0.0008779149502515793,0.15306822955608368,-0.004870873410254717,2.986363410949707
345,50.46458435058594,857.239990234375,0.28519439697265625,0.7148056030273438,0.3606809377670288,0.0005852766335010529,0.15054258704185486,-0.0026893392205238342,2.9912989139556885
346,48.713829040527344,826.77001953125,0.2813720703125,0.7186279296875,0.3609972596168518,0.0002601229352876544,0.15444177389144897,-0.002738895593211055,2.9990861415863037
347,49.08635711669922,828.2100219726562,0.27886199951171875,0.7211380004882812,0.3612886369228363,0.0005852766335010529,0.16769790649414062,-0.004377391654998064,3.001838445663452
348,49.817161560058594,830.469970703125,0.27685546875,0.72314453125,0.36145952343940735,0.0008779149502515793,0.14509424567222595,-0.0030342552345246077,3.0179715156555176
349,47.449241638183594,811.2999877929688,0.27640533447265625,0.7235946655273438,0.36194348335266113,0.00039018443203531206,0.15685904026031494,-0.0018836439121514559,3.026968240737915
350,48.396854400634766,819.4099731445312,0.2795257568359375,0.7204742431640625,0.3615950047969818,0.0005852766335010529,0.13668963313102722,-0.005415902938693762,3.019740581512451
351,47.84268569946289,807.9500122070312,0.27954864501953125,0.7204513549804688,0.36134812235832214,0.0005852766335010529,0.15428894758224487,-0.0020109291654080153,3.01918888092041
352,49.42857360839844,836.5,0.2808380126953125,0.7191619873046875,0.3612472414970398,0.0008779149502515793,0.14625515043735504,-0.0036476533859968185,3.004772186279297
353,50.586273193359375,850.489990234375,0.279266357421875,0.720733642578125,0.36170661449432373,0.0005852766335010529,0.1459859013557434,-0.0026285292115062475,3.0246520042419434
354,49.44782257080078,831.8599853515625,0.27822113037109375,0.7217788696289062,0.3612825870513916,0.0005852766335010529,0.17039716243743896,-0.0030446762684732676,3.0130693912506104
355,49.91416931152344,835.9199829101562,0.2778167724609375,0.7221832275390625,0.3611642122268677,0.0008779149502515793,0.16746169328689575,-0.0026708366349339485,3.0117642879486084
356,49.65446090698242,835.9000244140625,0.27721405029296875,0.7227859497070312,0.36124736070632935,0.0005852766335010529,0.16279134154319763,-0.002777480985969305,3.006809949874878
357,47.11229705810547,794.989990234375,0.27768707275390625,0.7223129272460938,0.36143240332603455,0.00039018443203531206,0.15524183213710785,0.0005498416721820831,3.0154550075531006
358,49.656166076660156,824.969970703125,0.2772216796875,0.7227783203125,0.36166417598724365,0.0005852766335010529,0.14185409247875214,-0.003583478042855859,3.015843629837036
359,49.054046630859375,850.6199951171875,0.27542877197265625,0.7245712280273438,0.36114275455474854,0.0002601229352876544,0.14171063899993896,-0.0003925178316421807,3.016213893890381
360,51.176734924316406,846.9199829101562,0.27210235595703125,0.7278976440429688,0.36106330156326294,0.0005852766335010529,0.14143267273902893,-0.006036866921931505,3.0
361,50.61248016357422,869.8900146484375,0.2681884765625,0.7318115234375,0.3614068329334259,0.0008779149502515793,0.1412680298089981,-0.003451804630458355,3.0141212940216064
362,52.81781005859375,898.0599975585938,0.26456451416015625,0.7354354858398438,0.36220401525497437,0.0008779149502515793,0.14648941159248352,-0.0025193423498421907,3.023869514465332
363,51.20967483520508,847.3099975585938,0.2609710693359375,0.7390289306640625,0.36282896995544434,0.0005852766335010529,0.14319868385791779,-0.0006914399564266205,3.042442798614502
364,51.18474197387695,859.8800048828125,0.25827789306640625,0.7417221069335938,0.3623175024986267,0.00039018443203531206,0.1311694234609604,-0.0016711089992895722,3.0368616580963135
365,49.40599060058594,830.1799926757812,0.257598876953125,0.742401123046875,0.3623625636100769,0.0005852766335010529,0.13337774574756622,-0.005039942916482687,3.028778076171875
366,52.95735549926758,886.4500122070312,0.25482177734375,0.74517822265625,0.36234256625175476,0.0008779149502515793,0.13608667254447937,-0.005054113920778036,3.025677442550659
367,52.418006896972656,884.6900024414062,0.25159454345703125,0.7484054565429688,0.36239755153656006,0.00039018443203531206,0.13735145330429077,-0.001332195708528161,3.03932785987854
368,48.76332092285156,822.75,0.2472076416015625,0.7527923583984375,0.36229103803634644,0.0005852766335010529,0.1416626125574112,-0.0037530306726694107,3.0297911167144775
369,53.664241790771484,882.780029296875,0.2429046630859375,0.7570953369140625,0.36242422461509705,0.0005852766335010529,0.13571500778198242,-0.0033595794811844826,3.035871982574463
370,52.260467529296875,865.72998046875,0.2423553466796875,0.7576446533203125,0.36254698038101196,0.00039018443203531206,0.13275454938411713,0.000853444158565253,3.044973611831665
371,49.925437927246094,841.6900024414062,0.239837646484375,0.760162353515625,0.36230432987213135,0.0005852766335010529,0.1309165358543396,-0.004199252929538488,3.0330188274383545
372,51.22259521484375,862.52001953125,0.23860931396484375,0.7613906860351562,0.3627112805843353,0.0005852766335010529,0.13038617372512817,-0.0016355046536773443,3.0552566051483154
373,53.641170501708984,894.7000122070312,0.2344818115234375,0.7655181884765625,0.36291730403900146,0.0005852766335010529,0.1503899246454239,-0.003920344635844231,3.054943323135376
374,52.5840950012207,871.8900146484375,0.23308563232421875,0.7669143676757812,0.3630755543708801,0.0005852766335010529,0.13148029148578644,-0.004379653371870518,3.0584030151367188
375,49.99312973022461,841.97998046875,0.2318267822265625,0.7681732177734375,0.363349974155426,0.00039018443203531206,0.1442796289920807,-0.002534709870815277,3.074863910675049
376,52.14208221435547,874.4400024414062,0.22986602783203125,0.7701339721679688,0.36314013600349426,0.0005852766335010529,0.13051752746105194,-0.005609081592410803,3.069678783416748
377,52.10752868652344,883.4400024414062,0.22551727294921875,0.7744827270507812,0.3630661964416504,0.0005852766335010529,0.14231471717357635,-0.0012162760831415653,3.0688607692718506
378,50.719017028808594,839.6500244140625,0.22182464599609375,0.7781753540039062,0.36381563544273376,0.0008779149502515793,0.1371593326330185,-0.0033890102058649063,3.0773844718933105
379,53.040626525878906,877.9600219726562,0.219207763671875,0.780792236328125,0.3641423285007477,0.0005852766335010529,0.12137390673160553,-0.0005418490036390722,3.08280611038208
380,49.43203353881836,834.6599731445312,0.21805572509765625,0.7819442749023438,0.3637375235557556,0.0008779149502515793,0.12684985995292664,-0.0028864603955298662,3.088005781173706
381,50.068206787109375,828.1599731445312,0.2175445556640625,0.7824554443359375,0.3636714816093445,0.0005852766335010529,0.151646226644516,-0.002164161764085293,3.0776100158691406
382,50.693153381347656,841.1400146484375,0.21526336669921875,0.7847366333007812,0.36391496658325195,0.0005852766335010529,0.14600110054016113,-0.002317344769835472,3.08964204788208
383,51.36749267578125,862.780029296875,0.21569061279296875,0.7843093872070312,0.3644482493400574,0.0005852766335010529,0.15324358642101288,-0.0038957863580435514,3.0936801433563232
384,50.93022155761719,856.5,0.21387481689453125,0.7861251831054688,0.3648586869239807,0.0005852766335010529,0.1363474279642105,-0.00207728473469615,3.1025023460388184
385,52.83000564575195,861.0999755859375,0.2116241455078125,0.7883758544921875,0.3646027445793152,0.0008779149502515793,0.13302849233150482,-0.004689456894993782,3.100836992263794
386,50.555870056152344,848.6199951171875,0.20934295654296875,0.7906570434570312,0.3650890290737152,0.0005852766335010529,0.1453620344400406,-0.0015100548043847084,3.1194541454315186
387,53.248512268066406,884.5499877929688,0.20761871337890625,0.7923812866210938,0.36546003818511963,0.0008779149502515793,0.14548973739147186,-0.0017231201054528356,3.1147923469543457
388,55.16036605834961,905.4299926757812,0.20340728759765625,0.7965927124023438,0.36573243141174316,0.0002601229352876544,0.13670626282691956,0.0027427931781858206,3.1291840076446533
389,51.791900634765625,859.0900268554688,0.2017974853515625,0.7982025146484375,0.3650101125240326,0.00039018443203531206,0.14143720269203186,-0.0062614926137030125,3.1209518909454346
390,49.85665512084961,851.1099853515625,0.20403289794921875,0.7959671020507812,0.36462658643722534,0.0005852766335010529,0.13740196824073792,-0.003999677021056414,3.1098275184631348
391,51.66606521606445,857.8200073242188,0.2054901123046875,0.7945098876953125,0.3640327453613281,0.0002601229352876544,0.14804062247276306,-0.0003311391337774694,3.1057214736938477
392,49.293724060058594,825.7899780273438,0.20563507080078125,0.7943649291992188,0.36421141028404236,0.0005852766335010529,0.14597971737384796,-0.0059887683019042015,3.086719036102295
393,50.526275634765625,832.2999877929688,0.20697784423828125,0.7930221557617188,0.3637133240699768,0.00039018443203531206,0.1472828984260559,-0.001826686435379088,3.093703031539917
394,53.202308654785156,871.5,0.2060089111328125,0.7939910888671875,0.36333829164505005,0.0005852766335010529,0.1363888382911682,-0.004590948112308979,3.076507806777954
395,52.03999710083008,874.3400268554688,0.2053375244140625,0.7946624755859375,0.3636731803417206,0.0005852766335010529,0.14176055788993835,-0.0021324045956134796,3.087602376937866
396,50.976253509521484,828.6500244140625,0.2044830322265625,0.7955169677734375,0.3634451627731323,0.0008779149502515793,0.1486939787864685,-0.0012086019851267338,3.0726239681243896
397,51.56604766845703,855.1599731445312,0.2055816650390625,0.7944183349609375,0.36346015334129333,0.00017341530474368483,0.14559505879878998,0.004747752565890551,3.0904386043548584
398,54.775386810302734,896.47998046875,0.20719146728515625,0.7928085327148438,0.3635837435722351,0.00039018443203531206,0.1527879685163498,-0.006041426211595535,3.0762410163879395
399,53.79771041870117,881.2100219726562,0.20708465576171875,0.7929153442382812,0.36370623111724854,0.0008779149502515793,0.15203401446342468,-0.0044539510272443295,3.0844905376434326
400,48.756927490234375,807.4500122070312,0.20836639404296875,0.7916336059570312,0.3636511564254761,0.00039018443203531206,0.15956777334213257,0.0012186435051262379,3.0889480113983154
401,51.3171501159668,847.0800170898438,0.21026611328125,0.78973388671875,0.3635004162788391,0.0005852766335010529,0.15687724947929382,-0.005857730749994516,3.078524351119995
402,50.29667663574219,841.9600219726562,0.21172332763671875,0.7882766723632812,0.36341366171836853,0.0008779149502515793,0.15071885287761688,-0.004253811668604612,3.0751590728759766
403,53.735557556152344,872.3400268554688,0.215576171875,0.784423828125,0.3646416664123535,0.0005852766335010529,0.15951105952262878,-0.0007832928095012903,3.10498046875
404,50.81010055541992,835.1799926757812,0.21730804443359375,0.7826919555664062,0.36422792077064514,0.00039018443203531206,0.15658310055732727,-0.002440461190417409,3.1072840690612793
405,53.782413482666016,885.1099853515625,0.21675872802734375,0.7832412719726562,0.3640866279602051,0.0005852766335010529,0.15231578052043915,-0.006332650315016508,3.096740245819092
406,54.8033332824707,888.0,0.21582794189453125,0.7841720581054688,0.36416304111480713,0.0008779149502515793,0.15204821527004242,-0.004370158538222313,3.099071979522705
407,53.06367874145508,873.1699829101562,0.21782684326171875,0.7821731567382812,0.3642200827598572,0.0005852766335010529,0.1753016710281372,-0.0008021065150387585,3.1060900688171387
408,53.059349060058594,864.1199951171875,0.218109130859375,0.781890869140625,0.3647805452346802,0.0005852766335010529,0.17515835165977478,-0.004181818570941687,3.109158992767334
409,51.389217376708984,841.97998046875,0.2193756103515625,0.7806243896484375,0.3647969961166382,0.0008779149502515793,0.1700606644153595,-0.0026670927181839943,3.1084914207458496
410,53.135650634765625,882.530029296875,0.22017669677734375,0.7798233032226562,0.3651224970817566,0.00039018443203531206,0.18269050121307373,-0.000560835178475827,3.120595693588257
411,49.402381896972656,819.469970703125,0.2206878662109375,0.7793121337890625,0.3654513359069824,0.0005852766335010529,0.1768864542245865,-0.0051541319116950035,3.124709367752075
412,47.70331573486328,787.8300170898438,0.22397613525390625,0.7760238647460938,0.3649579882621765,0.0005852766335010529,0.1848921924829483,-0.005181496497243643,3.1177496910095215
413,54.27942657470703,868.5599975585938,0.22667694091796875,0.7733230590820312,0.36555352807044983,0.00039018443203531206,0.19131310284137726,-0.0019100999925285578,3.1319916248321533
414,49.97126007080078,831.7899780273438,0.22702789306640625,0.7729721069335938,0.36439698934555054,0.0005852766335010529,0.18841852247714996,-0.005624325014650822,3.1063642501831055
415,48.69931411743164,800.2899780273438,0.22856903076171875,0.7714309692382812,0.36456918716430664,0.0008779149502515793,0.19628605246543884,-0.004431293811649084,3.096545696258545
416,47.6390266418457,785.1500244140625,0.2338104248046875,0.7661895751953125,0.3648587167263031,0.00039018443203531206,0.1885746866464615,-0.00217600935138762,3.116659641265869
417,48.00819396972656,803.1799926757812,0.23674774169921875,0.7632522583007812,0.36585187911987305,0.0005852766335010529,0.1800605058670044,-0.0045082117430865765,3.122147798538208
418,50.07183074951172,808.7100219726562,0.24179840087890625,0.7582015991210938,0.36618155241012573,0.0005852766335010529,0.19642512500286102,-0.004620955791324377,3.141526699066162
419,47.86182403564453,796.6400146484375,0.248504638671875,0.751495361328125,0.36607587337493896,0.0005852766335010529,0.2017028033733368,-0.003279951633885503,3.1444082260131836
420,47.313201904296875,763.5,0.25022125244140625,0.7497787475585938,0.36617493629455566,0.00039018443203531206,0.175268292427063,-0.005805055145174265,3.137151002883911
421,46.805782318115234,775.5399780273438,0.25292205810546875,0.7470779418945312,0.36629679799079895,0.0005852766335010529,0.18256519734859467,-0.0054154484532773495,3.141326904296875
422,48.286842346191406,784.7899780273438,0.25800323486328125,0.7419967651367188,0.36580899357795715,0.0005852766335010529,0.18769417703151703,-0.002600131556391716,3.147064685821533
423,51.109413146972656,854.75,0.26010894775390625,0.7398910522460938,0.3661254346370697,0.0005852766335010529,0.19434846937656403,-0.004668365698307753,3.1341025829315186
424,53.165931701660156,852.719970703125,0.26092529296875,0.73907470703125,0.3658318519592285,0.0005852766335010529,0.1787157505750656,-0.0050245290622115135,3.1382391452789307
425,49.803428649902344,820.97998046875,0.26540374755859375,0.7345962524414062,0.36592262983322144,0.00039018443203531206,0.19643767178058624,-0.001110415207222104,3.1383349895477295
426,48.47679138183594,786.1599731445312,0.2687835693359375,0.7312164306640625,0.3656362295150757,0.00039018443203531206,0.21508514881134033,-0.002466681646183133,3.1391773223876953
427,52.277687072753906,828.8099975585938,0.2723388671875,0.7276611328125,0.3657682538032532,0.0005852766335010529,0.216791033744812,-0.004808990750461817,3.1368420124053955
428,51.95024490356445,842.0,0.2761993408203125,0.7238006591796875,0.36579227447509766,0.0005852766335010529,0.19829866290092468,-0.0031352590303868055,3.1444203853607178
429,50.84833908081055,812.75,0.2802886962890625,0.7197113037109375,0.3658125102519989,0.0005852766335010529,0.17260132730007172,-0.002518031280487776,3.1408164501190186
430,50.18171691894531,807.219970703125,0.282501220703125,0.717498779296875,0.3657469153404236,0.00039018443203531206,0.18265055119991302,-0.0019307257607579231,3.1377053260803223
431,49.15031051635742,803.8099975585938,0.28354644775390625,0.7164535522460938,0.36594128608703613,0.0005852766335010529,0.19590328633785248,-0.003169145667925477,3.139817237854004
432,46.94728088378906,786.25,0.28566741943359375,0.7143325805664062,0.36602866649627686,0.0005852766335010529,0.19197805225849152,-0.003989988937973976,3.1445889472961426
433,52.5245361328125,839.1599731445312,0.28543853759765625,0.7145614624023438,0.36606431007385254,0.00039018443203531206,0.18780361115932465,-0.00247208378277719,3.14337158203125
434,49.82080078125,823.1300048828125,0.28730010986328125,0.7126998901367188,0.3660249710083008,0.0005852766335010529,0.18270885944366455,-0.005409667268395424,3.143463611602783
435,48.66412353515625,791.0800170898438,0.28948211669921875,0.7105178833007812,0.36613500118255615,0.0005852766335010529,0.19700729846954346,-0.0035892280284315348,3.1480000019073486
436,51.35316467285156,801.2000122070312,0.29345703125,0.70654296875,0.367323100566864,0.0005852766335010529,0.19939249753952026,-0.003166602225974202,3.1645586490631104
437,47.9251594543457,780.2999877929688,0.2983551025390625,0.7016448974609375,0.36791321635246277,0.0008779149502515793,0.20201073586940765,-0.004195767920464277,3.1823172569274902
438,54.25177764892578,848.739990234375,0.3011627197265625,0.6988372802734375,0.3681054711341858,0.0005852766335010529,0.18270403146743774,-0.002460553776472807,3.2005696296691895
439,49.768157958984375,806.7999877929688,0.30249786376953125,0.6975021362304688,0.36851829290390015,0.0005852766335010529,0.19572801887989044,-0.0022639248054474592,3.1960320472717285
440,49.3693733215332,800.5399780273438,0.30379486083984375,0.6962051391601562,0.36825716495513916,0.0005852766335010529,0.19066070020198822,-0.003166529815644026,3.19962477684021
441,49.55951690673828,814.0499877929688,0.30633544921875,0.69366455078125,0.3685867190361023,0.0005852766335010529,0.18814124166965485,-0.0018625514348968863,3.2008652687072754
442,46.69831085205078,762.6500244140625,0.30843353271484375,0.6915664672851562,0.3690244257450104,0.00039018443203531206,0.18413901329040527,-0.002507938304916024,3.21053147315979
443,52.66911315917969,841.1699829101562,0.30832672119140625,0.6916732788085938,0.36834579706192017,0.0005852766335010529,0.197956845164299,-0.004404720384627581,3.2009494304656982
444,53.02743148803711,837.9600219726562,0.3087005615234375,0.6912994384765625,0.3680560290813446,0.00039018443203531206,0.17991384863853455,-0.0037036468274891376,3.18696665763855
445,48.222991943359375,795.2999877929688,0.30838775634765625,0.6916122436523438,0.36840909719467163,0.00039018443203531206,0.1652187705039978,-0.003228760790079832,3.197870969772339
446,50.09526824951172,822.3599853515625,0.30780029296875,0.69219970703125,0.36825457215309143,0.0005852766335010529,0.17842701077461243,-0.0055366153828799725,3.1937923431396484
447,52.09976577758789,827.3300170898438,0.307861328125,0.692138671875,0.3683094382286072,0.0005852766335010529,0.16774272918701172,-0.0028044923674315214,3.1886146068573
448,55.248313903808594,859.5900268554688,0.30617523193359375,0.6938247680664062,0.3681238293647766,0.00039018443203531206,0.17439518868923187,-0.003375896019861102,3.185164451599121
449,48.211395263671875,790.25,0.3041534423828125,0.6958465576171875,0.36806520819664,0.0005852766335010529,0.1818137764930725,-0.0040826573967933655,3.189836025238037
450,54.56822967529297,846.8400268554688,0.3035430908203125,0.6964569091796875,0.3679530918598175,0.00039018443203531206,0.17930401861667633,-0.0018168832175433636,3.1875011920928955
451,55.308372497558594,868.9500122070312,0.300537109375,0.699462890625,0.3678317666053772,0.0005852766335010529,0.17733465135097504,-0.006376577541232109,3.179565191268921
452,52.11408615112305,814.6199951171875,0.2979888916015625,0.7020111083984375,0.3674483895301819,0.0005852766335010529,0.1716015785932541,-0.0031671274919062853,3.1778154373168945
453,55.73194122314453,880.5800170898438,0.29770660400390625,0.7022933959960938,0.36763519048690796,0.0005852766335010529,0.16524054110050201,-0.003905985038727522,3.185727119445801
454,48.362239837646484,762.719970703125,0.29831695556640625,0.7016830444335938,0.3677978515625,0.0005852766335010529,0.17602619528770447,-0.0038851173594594,3.1845431327819824
455,50.90121078491211,838.1799926757812,0.29851531982421875,0.7014846801757812,0.368178129196167,0.0005852766335010529,0.16282469034194946,-0.0039636497385799885,3.1895155906677246
456,53.541385650634766,865.3900146484375,0.2964019775390625,0.7035980224609375,0.3682739734649658,0.00039018443203531206,0.1666288673877716,0.0006673541502095759,3.198577642440796
457,53.24872970581055,838.9400024414062,0.29586029052734375,0.7041397094726562,0.3677557706832886,0.0005852766335010529,0.18356654047966003,-0.005237019155174494,3.1904191970825195
458,53.83839416503906,848.3800048828125,0.29291534423828125,0.7070846557617188,0.3680882453918457,0.0002601229352876544,0.1923685073852539,-0.002053512493148446,3.1931939125061035
459,51.2628288269043,818.22998046875,0.29129791259765625,0.7087020874023438,0.36821919679641724,7.707346958341077e-05,0.1878131628036499,0.005677955225110054,3.1967885494232178
460,52.917850494384766,831.1799926757812,0.29216766357421875,0.7078323364257812,0.3675190210342407,0.0002601229352876544,0.188728928565979,-0.006769927684217691,3.190829277038574
461,53.810142517089844,853.3200073242188,0.29344940185546875,0.7065505981445312,0.367332398891449,0.0005852766335010529,0.18614232540130615,-0.005228780210018158,3.171193838119507
462,48.05936813354492,773.2100219726562,0.29361724853515625,0.7063827514648438,0.3677431344985962,0.0005852766335010529,0.19009517133235931,-0.0035704474430531263,3.188598394393921
463,49.85163879394531,786.3900146484375,0.29573822021484375,0.7042617797851562,0.3680410087108612,0.0005852766335010529,0.17017251253128052,-0.0026508327573537827,3.1810789108276367
464,50.396324157714844,793.9299926757812,0.29520416259765625,0.7047958374023438,0.36812883615493774,0.0005852766335010529,0.17253848910331726,-0.0018054337706416845,3.197608709335327
465,51.23263931274414,820.510009765625,0.29468536376953125,0.7053146362304688,0.3677416741847992,0.0005852766335010529,0.1754419058561325,-0.0022517088800668716,3.1931653022766113
466,52.82217788696289,849.2100219726562,0.294189453125,0.705810546875,0.3681902289390564,0.0005852766335010529,0.17553970217704773,-0.002000229200348258,3.198582172393799
467,53.55460739135742,830.5999755859375,0.29193878173828125,0.7080612182617188,0.3679875135421753,0.0002601229352876544,0.17979730665683746,-0.00039584358455613256,3.195925235748291
468,51.43160629272461,821.6900024414062,0.2914276123046875,0.7085723876953125,0.3676660656929016,0.0005852766335010529,0.1833939254283905,-0.007184197660535574,3.196321964263916
469,52.5505256652832,842.1199951171875,0.29245758056640625,0.7075424194335938,0.36750108003616333,0.00039018443203531206,0.17577189207077026,-0.0021127923391759396,3.1904566287994385
470,50.41859817504883,819.219970703125,0.2917633056640625,0.7082366943359375,0.3666938543319702,0.0005852766335010529,0.17279160022735596,-0.004884395282715559,3.1775646209716797
471,49.95223617553711,790.6199951171875,0.290618896484375,0.709381103515625,0.3658044934272766,0.0002601229352876544,0.17310211062431335,-0.0008546363096684217,3.156217336654663
472,51.834022521972656,834.3900146484375,0.29088592529296875,0.7091140747070312,0.3657134175300598,0.0005852766335010529,0.18662407994270325,-0.0060609024949371815,3.142038106918335
473,52.25202941894531,839.469970703125,0.29000091552734375,0.7099990844726562,0.36520564556121826,0.0005852766335010529,0.1736273169517517,-0.0031395077239722013,3.147507905960083
474,51.921897888183594,845.1799926757812,0.289520263671875,0.710479736328125,0.36539381742477417,0.00039018443203531206,0.18768079578876495,-0.004210031125694513,3.1370584964752197
475,54.427974700927734,859.4600219726562,0.28830718994140625,0.7116928100585938,0.36509212851524353,0.0005852766335010529,0.17143851518630981,-0.0035003256052732468,3.1418609619140625
476,52.71422576904297,832.72998046875,0.28475189208984375,0.7152481079101562,0.3646773099899292,0.00039018443203531206,0.18034136295318604,-0.002957552671432495,3.1284427642822266
477,51.63172149658203,822.6199951171875,0.28452301025390625,0.7154769897460938,0.36500412225723267,0.0002601229352876544,0.18084536492824554,-0.0037057301960885525,3.129032611846924
478,51.544288635253906,808.9600219726562,0.28728485107421875,0.7127151489257812,0.3647509217262268,0.0005852766335010529,0.17505663633346558,-0.005662137176841497,3.128119468688965
479,52.42513656616211,832.3099975585938,0.28726959228515625,0.7127304077148438,0.3650907576084137,0.0002601229352876544,0.15912115573883057,-3.8469035644084215e-05,3.1305675506591797
480,53.07914352416992,841.1599731445312,0.28487396240234375,0.7151260375976562,0.3639782667160034,0.0005852766335010529,0.16381089389324188,-0.006169576197862625,3.1152520179748535
481,54.59661102294922,853.3900146484375,0.28347015380859375,0.7165298461914062,0.36412304639816284,0.0002601229352876544,0.16007660329341888,-0.0005665068165399134,3.1179022789001465
482,57.02508544921875,888.77001953125,0.28125762939453125,0.7187423706054688,0.3633619546890259,0.00039018443203531206,0.15592487156391144,-0.0033110417425632477,3.1008830070495605
483,54.39168167114258,842.7100219726562,0.27884674072265625,0.7211532592773438,0.36382049322128296,0.00039018443203531206,0.16186527907848358,-0.0036329145077615976,3.1049280166625977
484,57.95581817626953,895.97998046875,0.2772369384765625,0.7227630615234375,0.3636155426502228,0.0005852766335010529,0.16499699652194977,-0.005185842048376799,3.101863384246826
485,55.303611755371094,878.010009765625,0.27294921875,0.72705078125,0.36372435092926025,0.0005852766335010529,0.17377892136573792,-0.0020467042922973633,3.1011855602264404
486,56.92373275756836,899.9600219726562,0.2702178955078125,0.7297821044921875,0.3634430766105652,0.0005852766335010529,0.16631150245666504,-0.001727753784507513,3.1057019233703613
487,53.11065673828125,821.4299926757812,0.2674560546875,0.7325439453125,0.3631274104118347,0.00039018443203531206,0.1646384596824646,-0.003388658631592989,3.085655689239502
488,56.27588653564453,880.8699951171875,0.26839447021484375,0.7316055297851562,0.3629288673400879,0.0005852766335010529,0.16620707511901855,-0.0029028209391981363,3.088963270187378
489,52.46707534790039,829.3099975585938,0.2659912109375,0.7340087890625,0.36298662424087524,0.00017341530474368483,0.1765740066766739,0.0027065156027674675,3.088434934616089
490,56.866172790527344,880.7999877929688,0.2605438232421875,0.7394561767578125,0.3627813458442688,0.00039018443203531206,0.17667928338050842,-0.006213303189724684,3.0811030864715576
491,55.4851188659668,845.25,0.2578277587890625,0.7421722412109375,0.3623720407485962,0.0005852766335010529,0.18316930532455444,-0.005749586969614029,3.0780794620513916
492,54.551727294921875,870.2000122070312,0.253936767578125,0.746063232421875,0.36244678497314453,0.0005852766335010529,0.16877184808254242,-0.004250768106430769,3.076777696609497
493,56.73075866699219,878.8599853515625,0.2492523193359375,0.7507476806640625,0.36308228969573975,0.00039018443203531206,0.1727738231420517,-0.002660540398210287,3.074198007583618
494,54.46001052856445,842.47998046875,0.2448272705078125,0.7551727294921875,0.3619987368583679,0.0005852766335010529,0.17642313241958618,-0.006226242054253817,3.068725109100342
495,53.24806594848633,838.7000122070312,0.2437286376953125,0.7562713623046875,0.3615398406982422,0.0002601229352876544,0.18595698475837708,-0.0022694312501698732,3.063171148300171
496,54.14706039428711,839.7000122070312,0.24196624755859375,0.7580337524414062,0.3619217872619629,0.0005852766335010529,0.19168975949287415,-0.0030875990632921457,3.043165445327759
497,54.40602111816406,829.8800048828125,0.24017333984375,0.75982666015625,0.3622957766056061,0.0005852766335010529,0.19533059000968933,-0.0032144191209226847,3.0761237144470215
498,52.7567253112793,818.72998046875,0.23792266845703125,0.7620773315429688,0.36235547065734863,0.00039018443203531206,0.1862396001815796,0.0005831586313433945,3.0645649433135986
499,54.561405181884766,842.4199829101562,0.236572265625,0.763427734375,0.36233991384506226,0.0005852766335010529,0.18680526316165924,-0.005707914009690285,3.0642786026000977
500,54.94618606567383,856.75,0.23410797119140625,0.7658920288085938,0.3614411950111389,0.00039018443203531206,0.1717793047428131,-0.002039953600615263,3.059812068939209
501,58.307315826416016,892.4400024414062,0.2323455810546875,0.7676544189453125,0.3614949584007263,0.0005852766335010529,0.18570028245449066,-0.002401467179879546,3.045957088470459
502,55.91918182373047,876.1799926757812,0.22890472412109375,0.7710952758789062,0.36153119802474976,0.0005852766335010529,0.19354477524757385,-0.00174487114418298,3.0474512577056885
503,53.86966323852539,839.3900146484375,0.2275390625,0.7724609375,0.3621158301830292,0.00039018443203531206,0.19972144067287445,-0.0037985891103744507,3.0536961555480957
504,53.18183898925781,849.3800048828125,0.22844696044921875,0.7715530395507812,0.3613044023513794,0.0005852766335010529,0.1845192164182663,-0.006231856998056173,3.048182487487793
505,55.72869110107422,872.27001953125,0.22864532470703125,0.7713546752929688,0.36104196310043335,0.00017341530474368483,0.1738281399011612,0.0002202468749601394,3.041677474975586
506,54.81511688232422,850.9400024414062,0.22769927978515625,0.7723007202148438,0.3609049916267395,0.00039018443203531206,0.1829836666584015,-0.005511619616299868,3.0272061824798584
507,56.15043640136719,858.3400268554688,0.22400665283203125,0.7759933471679688,0.3609052896499634,0.0008779149502515793,0.18257057666778564,-0.004878976382315159,3.0344927310943604
508,53.50959396362305,835.7899780273438,0.2227325439453125,0.7772674560546875,0.3605096638202667,0.00039018443203531206,0.167793869972229,-0.0002144371683243662,3.0370566844940186
509,52.43064498901367,829.1199951171875,0.2220611572265625,0.7779388427734375,0.360542356967926,0.0005852766335010529,0.16938531398773193,-0.005214552395045757,3.0115902423858643
510,54.52446746826172,848.5399780273438,0.22446441650390625,0.7755355834960938,0.3597639203071594,0.0005852766335010529,0.16899284720420837,-0.0035781634505838156,3.0160276889801025
511,56.44413375854492,868.1199951171875,0.22457122802734375,0.7754287719726562,0.3598875105381012,0.0008779149502515793,0.1856587678194046,-0.005313864443451166,3.0086681842803955
512,57.721073150634766,886.5700073242188,0.22357940673828125,0.7764205932617188,0.35953742265701294,0.00039018443203531206,0.1880514919757843,-0.0018801870755851269,3.000380039215088
513,57.86670684814453,877.52001953125,0.22330474853515625,0.7766952514648438,0.35941269993782043,0.0005852766335010529,0.19639842212200165,-0.004726083017885685,2.9962961673736572
514,50.75867462158203,781.3699951171875,0.2247467041015625,0.7752532958984375,0.35967087745666504,0.00017341530474368483,0.18947714567184448,0.000448233651695773,3.0061326026916504
515,50.6042594909668,813.5,0.22785186767578125,0.7721481323242188,0.35931873321533203,0.00039018443203531206,0.19575518369674683,-0.0060288491658866405,2.9960556030273438
516,54.0528678894043,835.5700073242188,0.23050689697265625,0.7694931030273438,0.3589734733104706,0.0005852766335010529,0.18833720684051514,-0.005504938308149576,2.993422031402588
517,56.75546646118164,863.5599975585938,0.2336883544921875,0.7663116455078125,0.35868924856185913,0.00039018443203531206,0.18069377541542053,-0.001752503332681954,2.987776279449463
518,57.84464645385742,892.8200073242188,0.23351287841796875,0.7664871215820312,0.35791826248168945,0.0005852766335010529,0.19612638652324677,-0.006481412332504988,2.9694573879241943
519,55.7143440246582,856.9400024414062,0.23267364501953125,0.7673263549804688,0.35768115520477295,0.0005852766335010529,0.20022770762443542,-0.0038375086151063442,2.965437412261963
520,54.78020095825195,858.1099853515625,0.23480987548828125,0.7651901245117188,0.35842621326446533,0.0005852766335010529,0.1886902004480362,-0.0023084115236997604,2.9685511589050293
521,56.08242416381836,869.1400146484375,0.23583221435546875,0.7641677856445312,0.35833054780960083,0.0002601229352876544,0.21133100986480713,0.0008026353898458183,2.9752614498138428
522,55.982112884521484,848.719970703125,0.23526763916015625,0.7647323608398438,0.35855311155319214,0.0005852766335010529,0.1989641934633255,-0.006252417340874672,2.9784462451934814
523,54.479312896728516,828.4000244140625,0.23537445068359375,0.7646255493164062,0.35879072546958923,0.0002601229352876544,0.21371014416217804,6.112096889410168e-05,2.9851443767547607
524,57.03349304199219,863.3200073242188,0.2358245849609375,0.7641754150390625,0.3585066795349121,0.00039018443203531206,0.1957128793001175,-0.003603850258514285,2.9839837551116943
525,54.03049087524414,824.5800170898438,0.23560333251953125,0.7643966674804688,0.35839688777923584,0.0005852766335010529,0.20042307674884796,-0.0032659051939845085,2.977555751800537
526,56.03812789916992,854.719970703125,0.23542022705078125,0.7645797729492188,0.3586943447589874,0.0005852766335010529,0.2147565335035324,-0.0018967584474012256,2.990164279937744
527,57.19247055053711,862.3300170898438,0.234222412109375,0.765777587890625,0.35838860273361206,0.0005852766335010529,0.23070921003818512,-0.004391982685774565,2.9767913818359375
528,53.265506744384766,806.97998046875,0.23332977294921875,0.7666702270507812,0.35835105180740356,0.0005852766335010529,0.2075488269329071,-0.002018159721046686,2.975200653076172
529,56.66932678222656,864.3499755859375,0.2353515625,0.7646484375,0.3581039309501648,0.0005852766335010529,0.19144198298454285,-0.0035624620504677296,2.973348617553711
530,53.84502029418945,829.969970703125,0.23719024658203125,0.7628097534179688,0.3589106500148773,0.00039018443203531206,0.2219354659318924,-0.0031626306008547544,2.982266426086426
531,52.87510299682617,821.7000122070312,0.23773956298828125,0.7622604370117188,0.3585699200630188,0.0005852766335010529,0.18789373338222504,-0.00527645368129015,2.9825704097747803
532,53.618743896484375,843.2000122070312,0.239593505859375,0.760406494140625,0.35947385430336,0.0005852766335010529,0.21539853513240814,-0.0023630219511687756,2.991118907928467
533,52.813194274902344,815.7899780273438,0.24131011962890625,0.7586898803710938,0.35930049419403076,0.0005852766335010529,0.2026890218257904,-0.0011473078047856688,3.0002012252807617
534,55.049034118652344,840.6500244140625,0.24294281005859375,0.7570571899414062,0.3587109446525574,0.0002601229352876544,0.19765228033065796,0.0003669589350465685,2.9895899295806885
535,54.22164535522461,820.3400268554688,0.2435302734375,0.7564697265625,0.3587113618850708,0.0005852766335010529,0.19405753910541534,-0.005367941688746214,2.9821088314056396
536,54.3542366027832,850.0399780273438,0.24524688720703125,0.7547531127929688,0.3589012622833252,0.0002601229352876544,0.17974954843521118,-0.0012385868467390537,2.9935944080352783
537,49.15977096557617,768.8900146484375,0.24863433837890625,0.7513656616210938,0.3587369918823242,0.00039018443203531206,0.19955860078334808,-0.005713985301554203,2.9858922958374023
538,54.476829528808594,846.8800048828125,0.24935150146484375,0.7506484985351562,0.3586846590042114,0.0005852766335010529,0.197123721241951,-0.0030508479103446007,2.992091655731201
539,52.88075256347656,809.7100219726562,0.2499847412109375,0.7500152587890625,0.3587934970855713,0.0008779149502515793,0.18513529002666473,-0.0028534189332276583,2.9882049560546875
540,57.335350036621094,871.3800048828125,0.2473602294921875,0.7526397705078125,0.35887300968170166,0.0005852766335010529,0.17788678407669067,-0.0016485961386933923,2.991032361984253
541,56.97118377685547,866.9600219726562,0.24730682373046875,0.7526931762695312,0.35875505208969116,0.0005852766335010529,0.1727457344532013,-0.0034533264115452766,2.996040105819702
542,59.031620025634766,889.72998046875,0.24860382080078125,0.7513961791992188,0.35906824469566345,0.0005852766335010529,0.18195456266403198,-0.004250267520546913,2.996676206588745
543,55.20845031738281,844.5999755859375,0.24829864501953125,0.7517013549804688,0.35848116874694824,0.0005852766335010529,0.17931124567985535,-0.0050890399143099785,2.9871132373809814
544,56.444488525390625,845.1599731445312,0.24924468994140625,0.7507553100585938,0.35912078619003296,0.00039018443203531206,0.18490354716777802,-0.004088598769158125,2.9945948123931885
545,52.87678909301758,814.760009765625,0.2473907470703125,0.7526092529296875,0.3595060110092163,0.0005852766335010529,0.1754208356142044,-0.0037116953171789646,2.9984006881713867
546,57.45095443725586,885.780029296875,0.246795654296875,0.753204345703125,0.35959121584892273,0.00039018443203531206,0.1789029836654663,-0.003930926788598299,3.0041112899780273
547,56.627403259277344,850.75,0.2433624267578125,0.7566375732421875,0.358525812625885,0.0005852766335010529,0.18680912256240845,-0.005575219169259071,2.9839935302734375
548,58.2396354675293,876.530029296875,0.2418212890625,0.7581787109375,0.358978807926178,0.0008779149502515793,0.18735823035240173,-0.0035241562873125076,2.9881503582000732
549,55.72420120239258,850.5900268554688,0.24224090576171875,0.7577590942382812,0.3584635257720947,0.00039018443203531206,0.19381080567836761,-0.0008761908393353224,2.9844655990600586
550,58.13019561767578,880.8900146484375,0.24140167236328125,0.7585983276367188,0.35898545384407043,0.0005852766335010529,0.18670710921287537,-0.0031149054411798716,2.9807491302490234
551,56.84530258178711,864.4199829101562,0.2403717041015625,0.7596282958984375,0.3591086268424988,0.00017341530474368483,0.17963792383670807,0.001046376652084291,2.9969778060913086
552,56.23250961303711,852.4199829101562,0.2407073974609375,0.7592926025390625,0.35902905464172363,0.00039018443203531206,0.1850660741329193,-0.005680648144334555,2.9892404079437256
553,57.62203598022461,872.8900146484375,0.2412261962890625,0.7587738037109375,0.3582915663719177,0.0005852766335010529,0.18112190067768097,-0.006243698298931122,2.973119020462036
554,57.692901611328125,878.97998046875,0.2407379150390625,0.7592620849609375,0.3580825924873352,0.00039018443203531206,0.18893350660800934,-0.002524320036172867,2.980205774307251
555,54.1682243347168,829.27001953125,0.24105072021484375,0.7589492797851562,0.3579617142677307,0.0005852766335010529,0.17826339602470398,-0.003682391718029976,2.966708183288574
556,55.44050979614258,846.52001953125,0.24207305908203125,0.7579269409179688,0.3574277460575104,0.0005852766335010529,0.17867209017276764,-0.0040405490435659885,2.9612066745758057
557,55.31331253051758,818.8800048828125,0.24493408203125,0.75506591796875,0.35708940029144287,0.0002601229352876544,0.17477481067180634,0.0006968117086216807,2.9539036750793457
558,60.0189094543457,898.4199829101562,0.24660491943359375,0.7533950805664062,0.35664260387420654,0.00039018443203531206,0.1731361448764801,-0.005559718236327171,2.946828603744507
559,59.64344787597656,890.5900268554688,0.24267578125,0.75732421875,0.356386661529541,0.0005852766335010529,0.1720287799835205,-0.006452397909015417,2.9365012645721436
560,54.459571838378906,849.7000122070312,0.241241455078125,0.758758544921875,0.3565215468406677,0.0005852766335010529,0.16936203837394714,-0.004899686202406883,2.9346354007720947
561,58.924442291259766,882.280029296875,0.2385711669921875,0.7614288330078125,0.3567175269126892,0.0002601229352876544,0.1714489758014679,0.0008271725382655859,2.942514657974243
562,58.230716705322266,885.4099731445312,0.23427581787109375,0.7657241821289062,0.35639727115631104,0.00039018443203531206,0.18572846055030823,-0.003759325249120593,2.933380603790283
563,58.483604431152344,885.4500122070312,0.23081207275390625,0.7691879272460938,0.3561435043811798,0.0005852766335010529,0.1766611635684967,-0.004899443592876196,2.931364059448242
564,56.62337875366211,844.9199829101562,0.22634124755859375,0.7736587524414062,0.3553242087364197,0.0005852766335010529,0.16724684834480286,-0.0011620739242061973,2.918722152709961
565,58.515499114990234,874.0399780273438,0.224639892578125,0.775360107421875,0.3556522727012634,0.00039018443203531206,0.1715942770242691,-0.002177051967009902,2.917198419570923
566,56.958438873291016,872.3800048828125,0.22137451171875,0.77862548828125,0.3555005192756653,0.0005852766335010529,0.16935907304286957,-0.0037456266582012177,2.9086620807647705
567,58.22462463378906,878.5,0.21656036376953125,0.7834396362304688,0.356065034866333,0.0005852766335010529,0.17567522823810577,-0.0036273542791604996,2.9203646183013916
568,54.742774963378906,837.0499877929688,0.2138214111328125,0.7861785888671875,0.3563011586666107,0.0005852766335010529,0.17463426291942596,-0.001692730002105236,2.927971124649048
569,59.553836822509766,891.8499755859375,0.2110595703125,0.7889404296875,0.35577118396759033,0.0005852766335010529,0.1808805912733078,-0.0008960841223597527,2.921523332595825
570,57.60340881347656,874.4199829101562,0.2094268798828125,0.7905731201171875,0.35638004541397095,0.0008779149502515793,0.1876106709241867,-0.004140620585530996,2.9290316104888916
571,59.94283676147461,884.3800048828125,0.209381103515625,0.790618896484375,0.35633066296577454,0.00039018443203531206,0.19093036651611328,-0.002248053904622793,2.935612916946411
572,56.27982711791992,842.719970703125,0.20931243896484375,0.7906875610351562,0.35669559240341187,0.00039018443203531206,0.1777670532464981,-0.0036212324630469084,2.9356484413146973
573,54.693824768066406,832.9000244140625,0.211669921875,0.788330078125,0.35699212551116943,0.0005852766335010529,0.17847426235675812,-0.006255399435758591,2.9469103813171387
574,58.28860092163086,864.6400146484375,0.21050262451171875,0.7894973754882812,0.3573058545589447,0.0005852766335010529,0.18411339819431305,-0.0035361351910978556,2.946977376937866
575,55.48052978515625,839.3599853515625,0.20977783203125,0.79022216796875,0.35755056142807007,0.0005852766335010529,0.19265443086624146,-0.003414084203541279,2.956404685974121
576,58.681358337402344,883.9199829101562,0.20832061767578125,0.7916793823242188,0.3577742576599121,0.0005852766335010529,0.20567920804023743,-0.0033548306673765182,2.9599263668060303
577,57.1169548034668,846.5700073242188,0.2081298828125,0.7918701171875,0.35760200023651123,0.00039018443203531206,0.20047999918460846,-0.00236339820548892,2.956669330596924
578,55.6092414855957,831.3099975585938,0.2111663818359375,0.7888336181640625,0.35706955194473267,0.0005852766335010529,0.21454046666622162,-0.0031933519057929516,2.946990728378296
579,56.76616668701172,849.9000244140625,0.21277618408203125,0.7872238159179688,0.35638535022735596,0.00039018443203531206,0.18916134536266327,-0.002591258380562067,2.9395792484283447
580,52.173377990722656,808.969970703125,0.213836669921875,0.786163330078125,0.35683226585388184,0.0005852766335010529,0.18134909868240356,-0.004772624000906944,2.9260966777801514
581,57.36420440673828,853.739990234375,0.21535491943359375,0.7846450805664062,0.3575230836868286,0.00039018443203531206,0.19252900779247284,-0.004561394453048706,2.9439666271209717
582,55.733314514160156,842.22998046875,0.2131500244140625,0.7868499755859375,0.3577049970626831,0.0005852766335010529,0.19270451366901398,-0.006174684502184391,2.9490280151367188
583,52.09125518798828,790.489990234375,0.21369171142578125,0.7863082885742188,0.35771507024765015,0.0005852766335010529,0.19832010567188263,-0.0022302032448351383,2.9531099796295166
584,57.213706970214844,847.3400268554688,0.21607208251953125,0.7839279174804688,0.3576374053955078,0.0005852766335010529,0.1939961165189743,-0.004053671378642321,2.9564032554626465
585,56.90585708618164,855.3400268554688,0.2183074951171875,0.7816925048828125,0.3579646646976471,0.0005852766335010529,0.20843365788459778,-0.0024976665154099464,2.957587480545044
586,57.57211685180664,869.7999877929688,0.21887969970703125,0.7811203002929688,0.35806965827941895,0.00039018443203531206,0.20535291731357574,-0.002122710458934307,2.960843324661255
587,56.880035400390625,828.6099853515625,0.218841552734375,0.781158447265625,0.3577665090560913,0.00039018443203531206,0.18779417872428894,0.0011856486089527607,2.9549195766448975
588,58.51226806640625,868.3099975585938,0.21758270263671875,0.7824172973632812,0.3578392267227173,0.0005852766335010529,0.1694757491350174,-0.0041356454603374004,2.9583165645599365
589,54.388427734375,831.030029296875,0.21949005126953125,0.7805099487304688,0.3578977584838867,0.0005852766335010529,0.1713300198316574,-0.00226114084944129,2.955061674118042
590,59.33654022216797,891.6300048828125,0.218231201171875,0.781768798828125,0.3582502007484436,0.0005852766335010529,0.17185737192630768,-0.0034702038392424583,2.9604148864746094
591,58.42647171020508,869.27001953125,0.2182159423828125,0.7817840576171875,0.3580075204372406,0.00039018443203531206,0.18170548975467682,-0.0016121724620461464,2.9606270790100098
592,55.878196716308594,837.4600219726562,0.22086334228515625,0.7791366577148438,0.358012855052948,0.0005852766335010529,0.18516765534877777,-0.005030622705817223,2.959404468536377
593,58.942325592041016,876.530029296875,0.22216033935546875,0.7778396606445312,0.3586652874946594,0.0008779149502515793,0.20776191353797913,-0.003070870880037546,2.964582681655884
594,59.28509521484375,884.469970703125,0.220947265625,0.779052734375,0.3591630160808563,0.0005852766335010529,0.19913077354431152,-0.0006402012659236789,2.9766411781311035
595,53.51396179199219,832.1199951171875,0.221527099609375,0.778472900390625,0.3592601716518402,0.00017341530474368483,0.18051256239414215,0.0028987335972487926,2.982151985168457
596,58.13942337036133,871.7100219726562,0.22513580322265625,0.7748641967773438,0.3586270213127136,0.0002601229352876544,0.19905567169189453,-0.005323896650224924,2.980419635772705
597,53.77941131591797,820.030029296875,0.22724151611328125,0.7727584838867188,0.3591972291469574,0.0005852766335010529,0.18525588512420654,-0.005580304190516472,2.9757683277130127
598,57.18141555786133,836.7000122070312,0.22847747802734375,0.7715225219726562,0.3596421480178833,0.0005852766335010529,0.17535413801670074,-0.002427630592137575,2.990924596786499
599,58.05377960205078,869.1300048828125,0.22918701171875,0.77081298828125,0.360605925321579,0.00039018443203531206,0.1909872591495514,-0.0033269382547587156,3.0068862438201904
600,58.73230743408203,877.52001953125,0.2292327880859375,0.7707672119140625,0.3607484996318817,0.0005852766335010529,0.18813756108283997,-0.002898021135479212,3.011429786682129
601,53.411598205566406,813.4400024414062,0.2299652099609375,0.7700347900390625,0.36007654666900635,0.00039018443203531206,0.1842944622039795,-0.0022157891653478146,3.016416549682617
602,60.89414596557617,901.75,0.2306976318359375,0.7693023681640625,0.3597429394721985,0.0005852766335010529,0.18046462535858154,-0.005616713315248489,2.9936065673828125
603,57.59593963623047,851.2999877929688,0.22873687744140625,0.7712631225585938,0.3594898283481598,0.0005852766335010529,0.18845663964748383,-0.001893055741675198,2.9928627014160156
604,60.551456451416016,886.4400024414062,0.229827880859375,0.770172119140625,0.35864800214767456,0.00039018443203531206,0.170441672205925,-0.00200139032676816,2.9840753078460693
605,58.39942932128906,883.6300048828125,0.22974395751953125,0.7702560424804688,0.35840487480163574,0.0005852766335010529,0.17763106524944305,-0.004278090316802263,2.975433588027954
606,59.25827407836914,889.6300048828125,0.229583740234375,0.770416259765625,0.3582075834274292,0.0005852766335010529,0.18375439941883087,-0.0036160240415483713,2.9718775749206543
607,60.87994384765625,897.8200073242188,0.22747039794921875,0.7725296020507812,0.3577817678451538,0.0002601229352876544,0.15836049616336823,-0.0012972760014235973,2.9626564979553223
608,59.6522216796875,868.9299926757812,0.225189208984375,0.774810791015625,0.3583143353462219,0.0005852766335010529,0.16083991527557373,-0.005167248658835888,2.966491460800171
609,59.9200553894043,877.1599731445312,0.2242584228515625,0.7757415771484375,0.35907918214797974,0.0005852766335010529,0.15350015461444855,-0.004181578289717436,2.981455087661743
610,58.24666976928711,859.8800048828125,0.221832275390625,0.778167724609375,0.35746973752975464,0.00039018443203531206,0.14597326517105103,-0.002345462329685688,2.9704031944274902
611,58.36547088623047,876.260009765625,0.2188720703125,0.7811279296875,0.35782110691070557,0.0005852766335010529,0.14690333604812622,-0.003635487286373973,2.950507164001465
612,56.55765151977539,854.1699829101562,0.21582794189453125,0.7841720581054688,0.3581462502479553,0.00039018443203531206,0.15515795350074768,-0.001665005343966186,2.966524600982666
613,61.49677276611328,920.5999755859375,0.21210479736328125,0.7878952026367188,0.35837870836257935,0.0005852766335010529,0.15519081056118011,-0.003998694010078907,2.9672000408172607
614,59.91291809082031,885.8400268554688,0.206939697265625,0.793060302734375,0.3577810525894165,0.0002601229352876544,0.15446139872074127,-0.0013740470167249441,2.9607927799224854
615,58.84122085571289,865.3300170898438,0.20417022705078125,0.7958297729492188,0.357948899269104,0.0005852766335010529,0.1521359086036682,-0.005362519063055515,2.9519903659820557
616,60.20806121826172,893.719970703125,0.2028350830078125,0.7971649169921875,0.3569473326206207,0.0005852766335010529,0.145449697971344,-0.003632213454693556,2.9435901641845703
617,61.49100875854492,906.9299926757812,0.200103759765625,0.799896240234375,0.356613427400589,0.00039018443203531206,0.15995711088180542,-0.001373549923300743,2.9329779148101807
618,62.43938064575195,920.1799926757812,0.1959991455078125,0.8040008544921875,0.35686221718788147,0.0005852766335010529,0.14969287812709808,-0.0055994754657149315,2.92437744140625
619,59.135311126708984,881.5999755859375,0.1917877197265625,0.8082122802734375,0.3567909598350525,0.0005852766335010529,0.15925206243991852,-0.0029460855294018984,2.931105852127075
620,58.675716400146484,878.7899780273438,0.18985748291015625,0.8101425170898438,0.3565300703048706,0.0005852766335010529,0.1560351848602295,-0.0026438478380441666,2.9276440143585205
621,58.16071319580078,864.27001953125,0.1894378662109375,0.8105621337890625,0.3555038273334503,0.0005852766335010529,0.15584219992160797,-0.0014203210594132543,2.9151132106781006
622,59.33014678955078,890.1199951171875,0.18802642822265625,0.8119735717773438,0.354925274848938,0.0002601229352876544,0.16820739209651947,-0.0009054692927747965,2.893784999847412
623,58.40740966796875,866.2100219726562,0.18488311767578125,0.8151168823242188,0.35538142919540405,0.0005852766335010529,0.15829582512378693,-0.005200593266636133,2.8853769302368164
624,62.05392837524414,904.760009765625,0.18309783935546875,0.8169021606445312,0.35473760962486267,0.00039018443203531206,0.15176120400428772,-0.0019610021263360977,2.888733386993408
625,54.238059997558594,827.510009765625,0.18230438232421875,0.8176956176757812,0.35478103160858154,0.0005852766335010529,0.1450417935848236,-0.0031098935287445784,2.8685455322265625
626,59.6008415222168,884.969970703125,0.1802978515625,0.8197021484375,0.3548364043235779,0.00017341530474368483,0.1598888784646988,0.0036524746101349592,2.877709150314331
627,59.25616455078125,877.3599853515625,0.17740631103515625,0.8225936889648438,0.35382431745529175,0.00039018443203531206,0.16263680160045624,-0.007069018203765154,2.8599326610565186
628,57.817691802978516,848.9400024414062,0.175201416015625,0.824798583984375,0.3535385727882385,0.00039018443203531206,0.1798425316810608,-0.00501506682485342,2.8446414470672607
629,60.54670715332031,896.4199829101562,0.1746978759765625,0.8253021240234375,0.3530728816986084,0.00017341530474368483,0.19320693612098694,-0.0016471815761178732,2.8482325077056885
630,57.446834564208984,870.0599975585938,0.17488861083984375,0.8251113891601562,0.3518734276294708,0.00039018443203531206,0.1582002192735672,-0.005895123351365328,2.817232608795166
631,59.41627502441406,867.4299926757812,0.1732635498046875,0.8267364501953125,0.35247159004211426,0.00039018443203531206,0.17783233523368835,-0.005154106300324202,2.8229176998138428
632,60.66682815551758,873.3900146484375,0.17079925537109375,0.8292007446289062,0.353165864944458,0.0005852766335010529,0.17288778722286224,-0.003513038856908679,2.8226122856140137
633,59.82855224609375,877.5,0.1692352294921875,0.8307647705078125,0.3541615307331085,0.0002601229352876544,0.17347654700279236,-0.0013853621203452349,2.852546453475952
634,60.71968078613281,894.8900146484375,0.168426513671875,0.831573486328125,0.35432231426239014,0.0005852766335010529,0.1717921495437622,-0.004643014632165432,2.8530919551849365
635,57.236019134521484,843.8099975585938,0.1675872802734375,0.8324127197265625,0.3543437719345093,0.00011561020073713735,0.16797780990600586,0.002153265057131648,2.860046863555908
636,57.47311019897461,852.5900268554688,0.1660308837890625,0.8339691162109375,0.35356295108795166,0.0002601229352876544,0.16949909925460815,-0.0056574996560812,2.8473024368286133
637,60.57440185546875,862.1599731445312,0.16680908203125,0.83319091796875,0.3536720275878906,0.0005852766335010529,0.1778373271226883,-0.004611017648130655,2.83809494972229
638,59.79008102416992,884.8400268554688,0.16689300537109375,0.8331069946289062,0.3532974421977997,0.00039018443203531206,0.17970648407936096,-0.003349324455484748,2.8314411640167236
639,62.46409225463867,912.9299926757812,0.16495513916015625,0.8350448608398438,0.3535108268260956,0.0005852766335010529,0.16386668384075165,-0.005345744546502829,2.8317372798919678
640,56.863182067871094,844.52001953125,0.16446685791015625,0.8355331420898438,0.3533254861831665,0.0002601229352876544,0.17130202054977417,0.0008857292123138905,2.832651138305664
641,59.57209396362305,870.5800170898438,0.164642333984375,0.835357666015625,0.3527287244796753,0.00039018443203531206,0.1898566633462906,-0.00526489457115531,2.8208632469177246
642,56.93463897705078,829.5,0.16570281982421875,0.8342971801757812,0.35246556997299194,0.00039018443203531206,0.17963020503520966,-0.0033815009519457817,2.81135892868042
643,59.14288330078125,873.4099731445312,0.16718292236328125,0.8328170776367188,0.35325294733047485,0.0005852766335010529,0.20830324292182922,-0.005079861730337143,2.8242340087890625
644,59.11664962768555,869.0399780273438,0.16938018798828125,0.8306198120117188,0.35269051790237427,0.00039018443203531206,0.17244946956634521,-0.0025361045263707638,2.8208324909210205
645,58.29461669921875,839.760009765625,0.17047119140625,0.82952880859375,0.35311031341552734,0.00039018443203531206,0.17740459740161896,-0.0029326698277145624,2.826071262359619
646,59.21748733520508,858.97998046875,0.17066192626953125,0.8293380737304688,0.35411831736564636,0.0005852766335010529,0.17823122441768646,-0.004822237882763147,2.8382089138031006
647,64.0810775756836,916.3599853515625,0.1732177734375,0.8267822265625,0.35437095165252686,0.0005852766335010529,0.17537811398506165,-0.002345740096643567,2.851505994796753
648,57.71548080444336,838.030029296875,0.17467498779296875,0.8253250122070312,0.353952556848526,0.00017341530474368483,0.17711606621742249,0.003001377684995532,2.8544650077819824
649,63.749019622802734,928.3200073242188,0.1757965087890625,0.8242034912109375,0.3537095785140991,0.00039018443203531206,0.17957183718681335,-0.005782734137028456,2.8373191356658936
650,57.68116760253906,855.1500244140625,0.17435455322265625,0.8256454467773438,0.3540409803390503,0.0005852766335010529,0.18496929109096527,-0.0037235275376588106,2.847531318664551
651,57.608524322509766,847.2100219726562,0.17555999755859375,0.8244400024414062,0.353870689868927,0.00039018443203531206,0.2054576873779297,-0.0034795207902789116,2.846884250640869
652,58.66101837158203,863.0700073242188,0.1784820556640625,0.8215179443359375,0.35364001989364624,0.0005852766335010529,0.1940426081418991,-0.0033291007857769728,2.8398194313049316
653,59.608516693115234,864.0900268554688,0.18194580078125,0.81805419921875,0.35359466075897217,0.00039018443203531206,0.20551785826683044,-0.0019859191961586475,2.841722011566162
654,57.44091796875,853.1300048828125,0.18447113037109375,0.8155288696289062,0.3539413809776306,0.0005852766335010529,0.20042158663272858,-0.005006434861570597,2.841005563735962
655,59.07701110839844,848.489990234375,0.185272216796875,0.814727783203125,0.3538144826889038,0.00039018443203531206,0.1970679610967636,-0.003072541207075119,2.8484139442443848
656,59.89237976074219,873.1099853515625,0.185760498046875,0.814239501953125,0.35299599170684814,0.0005852766335010529,0.19670197367668152,-0.005587935913354158,2.8338782787323
657,58.38031005859375,841.5900268554688,0.1885223388671875,0.8114776611328125,0.3524850010871887,0.0005852766335010529,0.20006996393203735,-0.0027828768361359835,2.8262476921081543
658,59.076900482177734,855.530029296875,0.19033050537109375,0.8096694946289062,0.3530765771865845,0.0002601229352876544,0.20585279166698456,-0.0004579885571729392,2.8219258785247803
659,59.49959182739258,854.489990234375,0.19091796875,0.80908203125,0.3533611297607422,0.0005852766335010529,0.19900448620319366,-0.004810198675841093,2.831324338912964
660,60.42616653442383,868.3699951171875,0.192626953125,0.807373046875,0.3533468246459961,0.00039018443203531206,0.20014511048793793,-0.001016321126371622,2.8366751670837402
661,57.81666564941406,834.989990234375,0.19368743896484375,0.8063125610351562,0.3539872169494629,0.0005852766335010529,0.21386173367500305,-0.004001039080321789,2.8353588581085205
662,57.25309371948242,828.989990234375,0.19412994384765625,0.8058700561523438,0.35446101427078247,0.0005852766335010529,0.20801173150539398,-0.0037798841949552298,2.858272075653076
663,60.242950439453125,887.5900268554688,0.19538116455078125,0.8046188354492188,0.3547065258026123,0.0005852766335010529,0.2031475305557251,-0.0018442318541929126,2.863269567489624
664,57.40117263793945,825.2000122070312,0.19715118408203125,0.8028488159179688,0.3549824357032776,0.0002601229352876544,0.19175520539283752,-0.0010887985117733479,2.8680689334869385
665,58.852596282958984,853.0399780273438,0.19930267333984375,0.8006973266601562,0.35503774881362915,0.00039018443203531206,0.17491507530212402,-0.0067821587435901165,2.8696305751800537
666,60.626976013183594,885.8699951171875,0.20125579833984375,0.7987442016601562,0.3551812171936035,0.0005852766335010529,0.18364179134368896,-0.0038572100456804037,2.8716084957122803
667,60.137413024902344,865.5499877929688,0.2015228271484375,0.7984771728515625,0.3553164601325989,0.00039018443203531206,0.20147491991519928,-0.004853505175560713,2.8722786903381348
668,61.24713897705078,871.5800170898438,0.20122528076171875,0.7987747192382812,0.3559214472770691,0.0005852766335010529,0.20460906624794006,-0.0035362248308956623,2.879803419113159
669,59.2542610168457,858.9500122070312,0.20264434814453125,0.7973556518554688,0.3555377125740051,0.0005852766335010529,0.18768471479415894,-0.004230917897075415,2.8800063133239746
670,58.85597229003906,843.5,0.2028350830078125,0.7971649169921875,0.35625049471855164,0.00039018443203531206,0.18898390233516693,-0.003220115089789033,2.895095109939575
671,58.10963439941406,853.2100219726562,0.20526123046875,0.79473876953125,0.35579073429107666,0.0005852766335010529,0.18225115537643433,-0.0032829977571964264,2.893723964691162
672,56.45825958251953,826.8499755859375,0.2060546875,0.7939453125,0.35537925362586975,0.00039018443203531206,0.173470139503479,-0.0042119622230529785,2.8807222843170166
673,61.56733322143555,890.530029296875,0.205657958984375,0.794342041015625,0.3553670048713684,0.0005852766335010529,0.1695447713136673,-0.005293446127325296,2.87729549407959
674,58.66780090332031,855.260009765625,0.203704833984375,0.796295166015625,0.3546982705593109,0.00039018443203531206,0.1866828054189682,-0.002729924628511071,2.874502658843994
675,58.68677520751953,863.0999755859375,0.2036285400390625,0.7963714599609375,0.35462960600852966,0.0005852766335010529,0.18152974545955658,-0.0054249088279902935,2.863361358642578
676,59.01017379760742,856.4099731445312,0.205108642578125,0.794891357421875,0.3545653820037842,0.0005852766335010529,0.1733655333518982,-0.0031324964947998524,2.8643455505371094
677,61.736846923828125,882.030029296875,0.2042083740234375,0.7957916259765625,0.3545800447463989,0.0002601229352876544,0.16872245073318481,-0.0012603235663846135,2.8591673374176025
678,62.67433166503906,887.9199829101562,0.20464324951171875,0.7953567504882812,0.3541528582572937,0.0005852766335010529,0.17693915963172913,-0.002922025043517351,2.851069211959839
679,62.188232421875,892.8099975585938,0.2040863037109375,0.7959136962890625,0.35414785146713257,0.0002601229352876544,0.17669744789600372,-0.0012195738963782787,2.8561205863952637
680,57.50828552246094,837.8599853515625,0.205413818359375,0.794586181640625,0.353884220123291,0.00039018443203531206,0.16470234096050262,-0.006124367006123066,2.843799114227295
681,60.277198791503906,876.4400024414062,0.20548248291015625,0.7945175170898438,0.3540053367614746,0.0005852766335010529,0.18555790185928345,-0.0057295747101306915,2.8519997596740723
682,62.28288269042969,893.9400024414062,0.2049560546875,0.7950439453125,0.3542068898677826,0.00039018443203531206,0.17410260438919067,-0.0019614275079220533,2.8533198833465576
683,61.183349609375,882.2000122070312,0.20410919189453125,0.7958908081054688,0.35435742139816284,0.0005852766335010529,0.17772242426872253,-0.005447391886264086,2.8562052249908447
684,62.56480407714844,898.510009765625,0.2021942138671875,0.7978057861328125,0.3551558256149292,0.0005852766335010529,0.1744510531425476,-0.0031481594778597355,2.8678319454193115
685,62.093360900878906,892.25,0.20182037353515625,0.7981796264648438,0.3545697033405304,0.00039018443203531206,0.17805221676826477,-0.0004952179151587188,2.8681137561798096
686,56.982303619384766,831.4299926757812,0.20123291015625,0.79876708984375,0.35471928119659424,0.0005852766335010529,0.17878153920173645,-0.005817132536321878,2.852567434310913
687,62.139305114746094,903.739990234375,0.2005615234375,0.7994384765625,0.3556172251701355,0.0005852766335010529,0.18928736448287964,-0.0025507574900984764,2.8712079524993896
688,61.850093841552734,870.1599731445312,0.19768524169921875,0.8023147583007812,0.3552838861942291,0.00039018443203531206,0.19912658631801605,-0.0017283298075199127,2.8739748001098633
689,60.65230941772461,875.27001953125,0.19830322265625,0.80169677734375,0.35530489683151245,0.0005852766335010529,0.18353617191314697,-0.005347359925508499,2.8733749389648438
690,60.91693115234375,876.9400024414062,0.199676513671875,0.800323486328125,0.3548755943775177,0.00039018443203531206,0.18093442916870117,-0.0015772338956594467,2.8634023666381836
691,60.93341827392578,876.6500244140625,0.19824981689453125,0.8017501831054688,0.3543868064880371,0.00039018443203531206,0.17060555517673492,-0.005496172234416008,2.8533713817596436
692,61.757896423339844,888.5800170898438,0.19617462158203125,0.8038253784179688,0.35410094261169434,0.0002601229352876544,0.15983039140701294,-0.001652199076488614,2.855083703994751
693,59.63392639160156,860.6599731445312,0.19423675537109375,0.8057632446289062,0.3543148636817932,0.0005852766335010529,0.16979944705963135,-0.004653378389775753,2.841050624847412
694,65.0398178100586,906.7000122070312,0.19278717041015625,0.8072128295898438,0.3541122078895569,0.00039018443203531206,0.19663861393928528,-0.0020016508642584085,2.8494415283203125
695,62.09898376464844,898.5800170898438,0.18927001953125,0.81072998046875,0.3547637164592743,0.0005852766335010529,0.2005506455898285,-0.0034724026918411255,2.8485233783721924
696,60.83761215209961,873.52001953125,0.18701171875,0.81298828125,0.35459721088409424,0.00039018443203531206,0.18101005256175995,-0.0038239473942667246,2.8612992763519287
697,61.681358337402344,879.75,0.18737030029296875,0.8126296997070312,0.35455867648124695,0.0005852766335010529,0.19521409273147583,-0.0046648490242660046,2.8464879989624023
698,64.706787109375,899.6799926757812,0.18798065185546875,0.8120193481445312,0.3542577624320984,0.0005852766335010529,0.18574893474578857,-0.002864131238311529,2.8525357246398926
699,59.498321533203125,865.2000122070312,0.1889190673828125,0.8110809326171875,0.3549279570579529,0.0005852766335010529,0.19175538420677185,-0.003293673973530531,2.8529956340789795
700,62.123687744140625,889.8200073242188,0.18756866455078125,0.8124313354492188,0.3549917936325073,0.00039018443203531206,0.1951245218515396,-0.0009434195817448199,2.860337734222412
701,58.168148040771484,836.280029296875,0.18543243408203125,0.8145675659179688,0.3550489544868469,0.00017341530474368483,0.22076161205768585,0.0017150492640212178,2.8619980812072754
702,58.94202423095703,849.8499755859375,0.185577392578125,0.814422607421875,0.35419830679893494,0.00039018443203531206,0.21455110609531403,-0.006837107706815004,2.848546266555786
703,57.581329345703125,826.760009765625,0.18706512451171875,0.8129348754882812,0.3545668423175812,0.0005852766335010529,0.2236974537372589,-0.0039833527989685535,2.851717233657837
704,58.874637603759766,838.760009765625,0.19263458251953125,0.8073654174804688,0.3548767566680908,0.00011561020073713735,0.21538417041301727,0.0024698905181139708,2.85536789894104
705,57.70805740356445,848.1799926757812,0.193267822265625,0.806732177734375,0.35501399636268616,0.0002601229352876544,0.2146836519241333,-0.005779493600130081,2.861116886138916
706,59.80703353881836,862.7100219726562,0.19255828857421875,0.8074417114257812,0.3555862009525299,0.0005852766335010529,0.21170510351657867,-0.0028695010114461184,2.866825580596924
707,59.79295349121094,848.4299926757812,0.19351959228515625,0.8064804077148438,0.35627439618110657,0.0002601229352876544,0.1997646987438202,-0.0002991198853123933,2.8807997703552246
708,55.22231674194336,814.2100219726562,0.19646453857421875,0.8035354614257812,0.3563794195652008,0.00039018443203531206,0.19980180263519287,-0.006095226854085922,2.8838396072387695
709,50.299346923828125,741.9099731445312,0.199249267578125,0.800750732421875,0.35686826705932617,0.0005852766335010529,0.18989141285419464,-0.0026102978736162186,2.8865482807159424
710,60.75308609008789,871.4000244140625,0.20212554931640625,0.7978744506835938,0.35706040263175964,0.0005852766335010529,0.18148896098136902,-0.003584376536309719,2.892470121383667
711,61.50535583496094,864.5399780273438,0.20298004150390625,0.7970199584960938,0.35741785168647766,0.0005852766335010529,0.18764197826385498,-0.004071337636560202,2.8945157527923584
712,61.09312057495117,861.239990234375,0.20476531982421875,0.7952346801757812,0.3575354516506195,0.00039018443203531206,0.18194985389709473,-0.0036793050821870565,2.895989179611206
713,61.35133743286133,879.3900146484375,0.20706939697265625,0.7929306030273438,0.35733306407928467,0.0005852766335010529,0.1815798133611679,-0.004382725805044174,2.901338577270508
714,59.0155029296875,844.3499755859375,0.20900726318359375,0.7909927368164062,0.35715094208717346,0.0002601229352876544,0.1864882856607437,-0.0010075850877910852,2.9021317958831787
715,62.11054611206055,889.8300170898438,0.21006011962890625,0.7899398803710938,0.3569558262825012,0.00039018443203531206,0.1942656934261322,-0.006022315006703138,2.8900203704833984
716,57.46363067626953,845.2100219726562,0.2101593017578125,0.7898406982421875,0.35729852318763733,0.0005852766335010529,0.19393210113048553,-0.0023467286955565214,2.9009556770324707
717,60.11058044433594,862.6699829101562,0.21041107177734375,0.7895889282226562,0.3579198718070984,0.00039018443203531206,0.19616268575191498,-0.0027021565474569798,2.904324769973755
718,62.24504852294922,893.4400024414062,0.21276092529296875,0.7872390747070312,0.35787951946258545,0.0002601229352876544,0.189907044172287,-0.002050958340987563,2.915921688079834
719,60.59040451049805,864.9099731445312,0.2125244140625,0.7874755859375,0.3583957552909851,0.00039018443203531206,0.19516034424304962,-0.006857320666313171,2.9167494773864746
720,61.17269515991211,882.77001953125,0.21137237548828125,0.7886276245117188,0.3582448661327362,0.0005852766335010529,0.18156039714813232,-0.006364492233842611,2.9205405712127686
721,60.9158821105957,884.1400146484375,0.20989990234375,0.79010009765625,0.3587906062602997,0.0002601229352876544,0.1900688111782074,-0.00023624583263881505,2.936582565307617
722,60.365230560302734,858.3099975585938,0.2095184326171875,0.7904815673828125,0.35851383209228516,0.0005852766335010529,0.17925025522708893,-0.004752022679895163,2.9335525035858154
723,60.30481719970703,872.1699829101562,0.210662841796875,0.789337158203125,0.35794758796691895,0.0005852766335010529,0.18066588044166565,-0.0038003174122422934,2.927489757537842
724,59.74366760253906,846.9400024414062,0.21307373046875,0.78692626953125,0.3582857847213745,0.00039018443203531206,0.18441466987133026,-0.002628752961754799,2.93045973777771
725,61.59321594238281,874.7899780273438,0.21572113037109375,0.7842788696289062,0.35839220881462097,0.0002601229352876544,0.18174000084400177,-0.0012456204276531935,2.937023162841797
726,62.60873031616211,894.530029296875,0.21631622314453125,0.7836837768554688,0.35881274938583374,0.00039018443203531206,0.19035664200782776,-0.004196895286440849,2.933797836303711
727,60.61266326904297,862.5999755859375,0.21387481689453125,0.7861251831054688,0.35907304286956787,0.0002601229352876544,0.1939382255077362,-0.0018993335543200374,2.9425785541534424
728,63.2014274597168,891.7999877929688,0.2133636474609375,0.7866363525390625,0.3603057861328125,0.0005852766335010529,0.1929769515991211,-0.004164398647844791,2.9586074352264404
729,61.629329681396484,873.030029296875,0.211883544921875,0.788116455078125,0.3603456914424896,0.0002601229352876544,0.19416365027427673,-0.00013694648805540055,2.978861093521118
730,59.9709587097168,853.1099853515625,0.21087646484375,0.78912353515625,0.36068257689476013,0.0005852766335010529,0.19501204788684845,-0.005758700426667929,2.978189706802368
731,59.4095458984375,848.6599731445312,0.21137237548828125,0.7886276245117188,0.36102914810180664,0.0005852766335010529,0.1773352473974228,-0.003742791945114732,2.986257314682007
732,59.41789627075195,861.8300170898438,0.21143341064453125,0.7885665893554688,0.36025524139404297,0.0005852766335010529,0.18584594130516052,-0.003899066708981991,2.9748053550720215
733,59.95088195800781,856.780029296875,0.21019744873046875,0.7898025512695312,0.36065465211868286,0.0002601229352876544,0.17923957109451294,0.0009627538966014981,2.9820716381073
734,63.33927536010742,894.6699829101562,0.2070465087890625,0.7929534912109375,0.360574871301651,0.0005852766335010529,0.18170367181301117,-0.005909400526434183,2.982147216796875
735,59.418296813964844,882.5900268554688,0.203521728515625,0.796478271484375,0.36052417755126953,0.0002601229352876544,0.18551525473594666,-0.0010604868875816464,2.98559832572937
736,65.43566131591797,920.9600219726562,0.20058441162109375,0.7994155883789062,0.3602384924888611,0.0005852766335010529,0.18260347843170166,-0.005171723198145628,2.967353343963623
737,61.650665283203125,875.9600219726562,0.19806671142578125,0.8019332885742188,0.36070534586906433,0.0005852766335010529,0.19055230915546417,-0.001147064147517085,2.977921962738037
738,57.636749267578125,821.4600219726562,0.19434356689453125,0.8056564331054688,0.36112111806869507,0.00039018443203531206,0.19812630116939545,-0.001895202905870974,2.985477924346924
739,62.15925598144531,886.510009765625,0.19083404541015625,0.8091659545898438,0.36121487617492676,0.0005852766335010529,0.18355657160282135,-0.005757608916610479,2.9894633293151855
740,62.638336181640625,896.97998046875,0.18541717529296875,0.8145828247070312,0.3614339828491211,0.00039018443203531206,0.17756250500679016,-0.003617646638303995,2.995068073272705
741,61.032100677490234,885.8400268554688,0.1817779541015625,0.8182220458984375,0.3613256514072418,0.0005852766335010529,0.19178840517997742,-0.0032806498929858208,2.9901764392852783
742,61.937416076660156,886.0599975585938,0.17877960205078125,0.8212203979492188,0.3613450825214386,0.0005852766335010529,0.18838219344615936,-0.0030111942905932665,3.001267671585083
743,58.091026306152344,837.8400268554688,0.17861175537109375,0.8213882446289062,0.3610035181045532,0.0005852766335010529,0.19419585168361664,-0.00243324670009315,2.9862868785858154
744,63.56306838989258,912.5,0.17771148681640625,0.8222885131835938,0.3606588542461395,0.00039018443203531206,0.18836748600006104,-0.0019082444487139583,2.9858455657958984
745,61.12715530395508,880.489990234375,0.1767120361328125,0.8232879638671875,0.3605693280696869,0.0005852766335010529,0.17799417674541473,-0.006035310216248035,2.9774158000946045
746,64.27295684814453,912.2899780273438,0.17627716064453125,0.8237228393554688,0.3603922724723816,0.00039018443203531206,0.1978434920310974,-0.0009880411671474576,2.9836935997009277
747,59.52190399169922,866.4299926757812,0.1750030517578125,0.8249969482421875,0.36179783940315247,0.0005852766335010529,0.1856469213962555,-0.004362701904028654,2.9944941997528076
748,58.88987731933594,839.9600219726562,0.17560577392578125,0.8243942260742188,0.36202847957611084,0.00039018443203531206,0.19301354885101318,-0.0037520830519497395,3.014976739883423
749,62.16390609741211,879.6799926757812,0.1766357421875,0.8233642578125,0.3624686896800995,0.00039018443203531206,0.18497182428836823,-0.003946241922676563,3.0169830322265625
750,57.7780876159668,849.4600219726562,0.17632293701171875,0.8236770629882812,0.3625287115573883,0.0005852766335010529,0.18993058800697327,-0.004851948004215956,3.015934705734253
751,61.047420501708984,880.4000244140625,0.1772003173828125,0.8227996826171875,0.36214616894721985,0.00039018443203531206,0.19200555980205536,-0.004349780268967152,3.019946336746216
752,57.741085052490234,841.8699951171875,0.177703857421875,0.822296142578125,0.36144131422042847,0.0005852766335010529,0.190473735332489,-0.003180842148140073,2.9975814819335938
753,56.397274017333984,826.3300170898438,0.1788787841796875,0.8211212158203125,0.36135047674179077,0.0005852766335010529,0.1769450157880783,-0.002547417301684618,3.0008695125579834
754,63.90402603149414,908.77001953125,0.177276611328125,0.822723388671875,0.36132001876831055,0.0002601229352876544,0.20194771885871887,0.0003557867603376508,2.9942023754119873
755,62.98003387451172,892.1599731445312,0.173492431640625,0.826507568359375,0.36216938495635986,0.0005852766335010529,0.18729977309703827,-0.004170561674982309,3.0058951377868652
756,60.51056671142578,857.6500244140625,0.17407989501953125,0.8259201049804688,0.3619654178619385,0.0005852766335010529,0.1994352787733078,-0.0020342154894024134,3.0113284587860107
757,62.974578857421875,893.3699951171875,0.17481231689453125,0.8251876831054688,0.3615550398826599,0.0005852766335010529,0.18629607558250427,-0.0036343764513731003,2.991412878036499
758,61.874210357666016,856.9199829101562,0.1748199462890625,0.8251800537109375,0.3626377582550049,0.0005852766335010529,0.19451464712619781,-0.0026161561254411936,3.0152676105499268
759,63.161556243896484,894.0,0.17476654052734375,0.8252334594726562,0.36243581771850586,0.0005852766335010529,0.19105128943920135,-0.004018227569758892,3.014822244644165
760,58.539859771728516,847.9400024414062,0.17494964599609375,0.8250503540039062,0.3633110523223877,0.00039018443203531206,0.21290048956871033,-0.002382053295150399,3.020397186279297
761,60.579742431640625,869.72998046875,0.17376708984375,0.82623291015625,0.36319422721862793,0.0005852766335010529,0.2170453518629074,-0.0028454354032874107,3.025190591812134
762,62.91427230834961,880.3699951171875,0.173004150390625,0.826995849609375,0.3638259768486023,0.0005852766335010529,0.2115652710199356,-0.004965153057128191,3.0320940017700195
763,63.93418884277344,897.5800170898438,0.1732635498046875,0.8267364501953125,0.36310380697250366,0.00039018443203531206,0.21630863845348358,-0.0025773080997169018,3.0269439220428467
764,64.09082794189453,886.8300170898438,0.1740264892578125,0.8259735107421875,0.36320602893829346,0.0005852766335010529,0.2067773938179016,-0.004052424803376198,3.015777111053467
765,57.20412826538086,834.780029296875,0.1757659912109375,0.8242340087890625,0.3631163239479065,0.00039018443203531206,0.18836842477321625,-0.0030922156292945147,3.0253288745880127
766,65.07350158691406,900.5800170898438,0.1783599853515625,0.8216400146484375,0.36287564039230347,0.0005852766335010529,0.18530575931072235,-0.006661206483840942,3.006648063659668
767,65.26404571533203,904.27001953125,0.1800079345703125,0.8199920654296875,0.3636332154273987,0.0005852766335010529,0.18915432691574097,-0.004268537275493145,3.0251424312591553
768,55.249488830566406,800.739990234375,0.18039703369140625,0.8196029663085938,0.3641055226325989,0.0005852766335010529,0.1846228390932083,-0.0012725702254101634,3.028778076171875
769,61.54471206665039,869.9500122070312,0.18133544921875,0.81866455078125,0.3643025755882263,0.00039018443203531206,0.1910375952720642,-0.003624793142080307,3.0350358486175537
770,59.404571533203125,850.719970703125,0.181488037109375,0.818511962890625,0.3644554913043976,0.0002601229352876544,0.18924580514431,-0.002746557118371129,3.0432493686676025
771,61.973350524902344,888.6199951171875,0.1833343505859375,0.8166656494140625,0.36444926261901855,0.00017341530474368483,0.1772220879793167,0.0006492792163044214,3.0464389324188232
772,63.21952819824219,888.0499877929688,0.18337249755859375,0.8166275024414062,0.3638424277305603,0.00039018443203531206,0.18935991823673248,-0.0074546728283166885,3.041759490966797
773,62.51182174682617,897.510009765625,0.1825408935546875,0.8174591064453125,0.3635683059692383,0.0005852766335010529,0.18245773017406464,-0.0030676277820020914,3.0329883098602295
774,61.5558967590332,865.27001953125,0.18135833740234375,0.8186416625976562,0.3632693886756897,0.0005852766335010529,0.17641590535640717,-0.001999749569222331,3.0302886962890625
775,64.28905487060547,907.0499877929688,0.18054962158203125,0.8194503784179688,0.36242103576660156,0.0005852766335010529,0.168856680393219,-0.0022729223128408194,3.006071090698242
776,62.31734848022461,873.0599975585938,0.18024444580078125,0.8197555541992188,0.36337801814079285,0.00039018443203531206,0.18623122572898865,-0.0018676209729164839,3.015697956085205
777,57.07750701904297,831.3599853515625,0.18189239501953125,0.8181076049804688,0.3632816672325134,0.0005852766335010529,0.19545944035053253,-0.0038401272613555193,3.008634567260742
778,61.67568588256836,875.3699951171875,0.18256378173828125,0.8174362182617188,0.3636325001716614,0.0005852766335010529,0.19106993079185486,-0.001845424878410995,3.0277419090270996
779,64.87387084960938,885.5499877929688,0.18183135986328125,0.8181686401367188,0.36369431018829346,0.00039018443203531206,0.19925741851329803,-0.0014934170758351684,3.0255067348480225
780,63.63833236694336,891.0,0.18248748779296875,0.8175125122070312,0.3633972406387329,0.0005852766335010529,0.19129860401153564,-0.003610421670600772,3.020082950592041
781,61.791622161865234,868.8699951171875,0.18129730224609375,0.8187026977539062,0.3633670210838318,0.0002601229352876544,0.19622372090816498,-0.0006065202178433537,3.019697904586792
782,59.155887603759766,857.0800170898438,0.1816558837890625,0.8183441162109375,0.36342692375183105,0.00039018443203531206,0.19870159029960632,-0.006140638142824173,3.0206594467163086
783,61.79692077636719,882.7000122070312,0.17855072021484375,0.8214492797851562,0.36376485228538513,0.0005852766335010529,0.1938638687133789,-0.004282717127352953,3.0236570835113525
784,62.18476486206055,872.4600219726562,0.17839813232421875,0.8216018676757812,0.3639845848083496,0.00039018443203531206,0.19084888696670532,-0.003348960541188717,3.0289032459259033
785,59.040191650390625,843.6900024414062,0.1806488037109375,0.8193511962890625,0.36364325881004333,0.0005852766335010529,0.187988743185997,-0.007325638551265001,3.019123077392578
786,63.83381652832031,891.3800048828125,0.1813507080078125,0.8186492919921875,0.36322420835494995,0.0005852766335010529,0.1892615705728531,-0.003713647136464715,3.0096702575683594
787,63.687076568603516,889.5599975585938,0.18099212646484375,0.8190078735351562,0.36333388090133667,0.0005852766335010529,0.18167133629322052,-0.0023877534549683332,3.013184070587158
788,65.44839477539062,916.3300170898438,0.17967987060546875,0.8203201293945312,0.3635864555835724,0.0005852766335010529,0.19674569368362427,-0.003726761322468519,3.007561206817627
789,61.5068244934082,879.47998046875,0.1785430908203125,0.8214569091796875,0.36413732171058655,0.0005852766335010529,0.19973768293857574,-0.0033386193681508303,3.0190913677215576
790,60.2132568359375,847.030029296875,0.1798553466796875,0.8201446533203125,0.3642081618309021,0.00039018443203531206,0.21236172318458557,-0.004051876720041037,3.019595146179199
791,61.088924407958984,861.530029296875,0.18140411376953125,0.8185958862304688,0.3643754720687866,0.0005852766335010529,0.22039364278316498,-0.0038205075543373823,3.024623394012451
792,60.25947952270508,859.989990234375,0.18297576904296875,0.8170242309570312,0.3645082116127014,0.0005852766335010529,0.21162796020507812,-0.003452905686572194,3.0255675315856934
793,61.158687591552734,843.9299926757812,0.18190765380859375,0.8180923461914062,0.3648630976676941,0.00039018443203531206,0.23636798560619354,-0.0024238633923232555,3.03749942779541
794,63.8668327331543,875.4199829101562,0.18441009521484375,0.8155899047851562,0.3652764558792114,0.0005852766335010529,0.2155287265777588,-0.005108016077429056,3.0439488887786865
795,60.7535285949707,879.1400146484375,0.18424224853515625,0.8157577514648438,0.36445602774620056,0.00039018443203531206,0.21170619130134583,-0.0025629913434386253,3.0355005264282227
796,61.86431884765625,860.1599731445312,0.183868408203125,0.816131591796875,0.3638584017753601,0.0005852766335010529,0.22595912218093872,-0.0026283145416527987,3.0203261375427246
797,62.09836196899414,851.9199829101562,0.18310546875,0.81689453125,0.3633404076099396,0.00039018443203531206,0.23458123207092285,-0.001955705462023616,3.0098304748535156
798,59.200836181640625,843.969970703125,0.18578338623046875,0.8142166137695312,0.3628857135772705,0.0005852766335010529,0.21347638964653015,-0.004977089818567038,2.9935009479522705
799,60.83171081542969,845.4000244140625,0.18778228759765625,0.8122177124023438,0.3632136583328247,0.0005852766335010529,0.21333332359790802,-0.0031965647358447313,2.995654821395874
800,60.57353973388672,856.6500244140625,0.189544677734375,0.810455322265625,0.362823486328125,0.0002601229352876544,0.2106064110994339,-0.001193629577755928,2.9904935359954834
801,60.69483184814453,865.0800170898438,0.190765380859375,0.809234619140625,0.3627117872238159,0.0005852766335010529,0.1917794942855835,-0.005744029302150011,2.9711527824401855
802,64.88108825683594,900.6199951171875,0.1910552978515625,0.8089447021484375,0.362850546836853,0.0005852766335010529,0.19562514126300812,-0.0033172720577567816,2.989356756210327
803,62.16004943847656,893.3900146484375,0.19033050537109375,0.8096694946289062,0.3615782856941223,0.00039018443203531206,0.18891258537769318,8.862660615704954e-05,2.9676692485809326
804,61.61857223510742,852.75,0.19193267822265625,0.8080673217773438,0.3612656593322754,0.0005852766335010529,0.19286173582077026,-0.0031252342741936445,2.943005323410034
805,63.15208435058594,890.2999877929688,0.19245147705078125,0.8075485229492188,0.3605712056159973,0.00039018443203531206,0.19292470812797546,-0.0034740313421934843,2.9413082599639893
806,60.53639221191406,855.7899780273438,0.19249725341796875,0.8075027465820312,0.3602791130542755,0.0005852766335010529,0.1944703459739685,-0.004459841176867485,2.9285738468170166
807,60.69547653198242,859.239990234375,0.19223785400390625,0.8077621459960938,0.3607759177684784,0.00039018443203531206,0.21202847361564636,-0.0021213984582573175,2.9274630546569824
808,63.948951721191406,904.9099731445312,0.1901397705078125,0.8098602294921875,0.36060410737991333,0.0005852766335010529,0.21324655413627625,-0.005324216093868017,2.9354796409606934
809,61.72659683227539,868.5499877929688,0.1905517578125,0.8094482421875,0.3607000708580017,0.00039018443203531206,0.21745656430721283,-0.004590251948684454,2.9273366928100586
810,63.80904769897461,888.0800170898438,0.191558837890625,0.808441162109375,0.360355943441391,0.00039018443203531206,0.20767690241336823,-0.003598278621211648,2.9303503036499023
811,62.008087158203125,868.9600219726562,0.19310760498046875,0.8068923950195312,0.3607702851295471,0.0005852766335010529,0.20273944735527039,-0.005802106112241745,2.9253933429718018
812,62.70566177368164,885.3900146484375,0.19393157958984375,0.8060684204101562,0.36118894815444946,0.00039018443203531206,0.20075127482414246,-0.0020383778028190136,2.9356167316436768
813,58.82194137573242,844.72998046875,0.19309234619140625,0.8069076538085938,0.3609841465950012,0.00039018443203531206,0.19986218214035034,-0.004103765357285738,2.934668779373169
814,61.192344665527344,858.3400268554688,0.1918182373046875,0.8081817626953125,0.36177459359169006,0.0005852766335010529,0.21311263740062714,-0.00460829259827733,2.9457762241363525
815,62.55521774291992,870.239990234375,0.19264984130859375,0.8073501586914062,0.3618154227733612,0.0005852766335010529,0.22047707438468933,-0.003648732788860798,2.953388214111328
816,61.08127975463867,865.9199829101562,0.19556427001953125,0.8044357299804688,0.3623502254486084,0.00039018443203531206,0.21278448402881622,-0.004630701150745153,2.969399929046631
817,62.137962341308594,866.6599731445312,0.19866180419921875,0.8013381958007812,0.3623935878276825,0.0005852766335010529,0.2161615788936615,-0.004962214268743992,2.973418712615967
818,60.131126403808594,840.8699951171875,0.2008209228515625,0.7991790771484375,0.3612368702888489,0.00039018443203531206,0.2035268396139145,-0.0030071421060711145,2.959784984588623
819,64.20513916015625,896.47998046875,0.203460693359375,0.796539306640625,0.3606484830379486,0.0005852766335010529,0.2112327218055725,-0.0060784523375332355,2.9323489665985107
820,64.11542510986328,882.2100219726562,0.203643798828125,0.796356201171875,0.36070913076400757,0.00039018443203531206,0.20447535812854767,-0.0017820241628214717,2.937936782836914
821,62.220279693603516,881.9000244140625,0.20264434814453125,0.7973556518554688,0.36099836230278015,0.0002601229352876544,0.19179826974868774,-0.003962886519730091,2.9377410411834717
822,66.92327117919922,928.2000122070312,0.20299530029296875,0.7970046997070312,0.36050063371658325,0.00039018443203531206,0.20825578272342682,-0.005088595673441887,2.932342052459717
823,61.90924072265625,880.4199829101562,0.20000457763671875,0.7999954223632812,0.36067995429039,0.0005852766335010529,0.18268148601055145,-0.004797217436134815,2.930025577545166
824,66.7823715209961,920.0800170898438,0.19766998291015625,0.8023300170898438,0.360699862241745,0.0005852766335010529,0.18396684527397156,-0.002481995616108179,2.9360511302948
825,63.63658905029297,888.760009765625,0.19347381591796875,0.8065261840820312,0.36070358753204346,0.0002601229352876544,0.18972384929656982,-0.0012897074921056628,2.9342896938323975
826,61.82069396972656,867.9400024414062,0.1923370361328125,0.8076629638671875,0.3598363995552063,0.0005852766335010529,0.18213889002799988,-0.004583040252327919,2.9187121391296387
827,63.26317596435547,869.3900146484375,0.1920623779296875,0.8079376220703125,0.3599984049797058,0.0005852766335010529,0.19307272136211395,-0.002751061925664544,2.920881986618042
828,63.61643600463867,896.6900024414062,0.1884918212890625,0.8115081787109375,0.35990625619888306,0.0005852766335010529,0.18978706002235413,-0.002306584268808365,2.9183590412139893
829,60.6495475769043,850.719970703125,0.18477630615234375,0.8152236938476562,0.3603886365890503,0.00039018443203531206,0.20354610681533813,-0.0012679767096415162,2.9242758750915527
830,60.81144332885742,854.6900024414062,0.18210601806640625,0.8178939819335938,0.36020123958587646,0.0005852766335010529,0.2143632024526596,-0.004160904325544834,2.917448043823242
831,61.943904876708984,863.1900024414062,0.18122100830078125,0.8187789916992188,0.3599953055381775,0.0002601229352876544,0.19158275425434113,0.0005074145155958831,2.925849437713623
832,62.571929931640625,876.030029296875,0.181854248046875,0.818145751953125,0.35964953899383545,0.00039018443203531206,0.20175649225711823,-0.006949321832507849,2.9050095081329346
833,60.998050689697266,868.510009765625,0.18297576904296875,0.8170242309570312,0.3596208095550537,0.0005852766335010529,0.1958072930574417,-0.0036253684666007757,2.9189529418945312
834,61.62564468383789,856.1199951171875,0.18292999267578125,0.8170700073242188,0.3597833514213562,0.0002601229352876544,0.22596357762813568,0.002321281237527728,2.909315347671509
835,59.807151794433594,833.6599731445312,0.1839447021484375,0.8160552978515625,0.35990768671035767,0.00039018443203531206,0.21921506524085999,-0.006562621332705021,2.9143593311309814
836,60.452186584472656,844.3699951171875,0.1866455078125,0.8133544921875,0.3595861792564392,0.0005852766335010529,0.21043449640274048,-0.003360556438565254,2.906113624572754
837,61.63933563232422,855.9000244140625,0.185821533203125,0.814178466796875,0.3594973683357239,0.00039018443203531206,0.22818870842456818,-0.003208905691280961,2.907904624938965
838,63.042049407958984,881.260009765625,0.18688201904296875,0.8131179809570312,0.3592613935470581,0.00039018443203531206,0.23441140353679657,-0.004106339067220688,2.9039306640625
839,65.57914733886719,894.9099731445312,0.18646240234375,0.81353759765625,0.3593755066394806,0.0005852766335010529,0.22598330676555634,-0.004235668573528528,2.892951726913452
840,64.88370513916016,879.6500244140625,0.18434906005859375,0.8156509399414062,0.35964930057525635,0.00039018443203531206,0.23691387474536896,-0.004272527061402798,2.900588035583496
841,59.94135665893555,828.0599975585938,0.185394287109375,0.814605712890625,0.3600713014602661,0.0005852766335010529,0.23099200427532196,-0.006553656421601772,2.9088494777679443
842,61.685081481933594,863.8300170898438,0.18784332275390625,0.8121566772460938,0.36051249504089355,0.00039018443203531206,0.225796639919281,-0.002628859132528305,2.912569522857666
843,59.64799118041992,848.3200073242188,0.18962860107421875,0.8103713989257812,0.3611677587032318,0.0005852766335010529,0.20935967564582825,-0.005136922467499971,2.9319372177124023
844,61.68850326538086,870.4400024414062,0.1921539306640625,0.8078460693359375,0.3612160086631775,0.00039018443203531206,0.22266645729541779,-0.001279129064641893,2.931030035018921
845,62.267181396484375,880.489990234375,0.19194793701171875,0.8080520629882812,0.36132127046585083,0.0005852766335010529,0.214966282248497,-0.003557537915185094,2.9275503158569336
846,64.19452667236328,870.1799926757812,0.19002532958984375,0.8099746704101562,0.3606485426425934,0.0005852766335010529,0.2058359682559967,-0.003295266069471836,2.9227757453918457
847,64.07444763183594,892.3900146484375,0.19098663330078125,0.8090133666992188,0.3606571853160858,0.00039018443203531206,0.21431265771389008,-0.003463286440819502,2.9221673011779785
848,62.808834075927734,876.469970703125,0.18959808349609375,0.8104019165039062,0.3600008487701416,0.0005852766335010529,0.2033238559961319,-0.0048605347983539104,2.9105029106140137
849,61.78109359741211,863.010009765625,0.18878936767578125,0.8112106323242188,0.36072272062301636,0.00039018443203531206,0.20635062456130981,-0.002440025797113776,2.917527675628662
850,62.044559478759766,874.1599731445312,0.1887664794921875,0.8112335205078125,0.36022835969924927,0.0005852766335010529,0.2054586261510849,-0.005609476938843727,2.911799192428589
851,64.83000183105469,915.9000244140625,0.1883087158203125,0.8116912841796875,0.3603382706642151,0.00039018443203531206,0.20720729231834412,-0.002671855501830578,2.9163591861724854
852,64.07618713378906,873.3200073242188,0.185546875,0.814453125,0.35979562997817993,0.00039018443203531206,0.2235453724861145,-0.003527918132022023,2.9023215770721436
853,61.17640686035156,848.25,0.1874847412109375,0.8125152587890625,0.3602573871612549,0.0005852766335010529,0.23795929551124573,-0.0054708849638700485,2.903280258178711
854,64.57260131835938,874.3400268554688,0.1876678466796875,0.8123321533203125,0.36067718267440796,0.00039018443203531206,0.21469205617904663,-0.002361885504797101,2.913656234741211
855,62.45773696899414,881.739990234375,0.1897125244140625,0.8102874755859375,0.3615044355392456,0.00039018443203531206,0.23150600492954254,-0.003801696700975299,2.9215986728668213
856,64.74649810791016,887.3099975585938,0.19039154052734375,0.8096084594726562,0.3620765209197998,0.0008779149502515793,0.23849153518676758,-0.0028397724963724613,2.939990997314453
857,63.549922943115234,868.3699951171875,0.19127655029296875,0.8087234497070312,0.36173996329307556,0.00039018443203531206,0.2290126383304596,-0.0016154549084603786,2.9449808597564697
858,61.4967155456543,864.3099975585938,0.1906890869140625,0.8093109130859375,0.361221581697464,0.0005852766335010529,0.22721266746520996,-0.005799735896289349,2.9260387420654297
859,62.86037826538086,868.77001953125,0.19341278076171875,0.8065872192382812,0.36118000745773315,0.00039018443203531206,0.20567834377288818,-0.002657028380781412,2.93304705619812
860,65.64229583740234,884.1400146484375,0.1926422119140625,0.8073577880859375,0.36174654960632324,0.00039018443203531206,0.21821390092372894,-0.0022845768835395575,2.9343762397766113
861,62.22135925292969,859.989990234375,0.1914825439453125,0.8085174560546875,0.3619396388530731,0.0005852766335010529,0.2193126678466797,-0.004953603260219097,2.949500560760498
862,61.1370735168457,845.8099975585938,0.19306182861328125,0.8069381713867188,0.36185723543167114,0.0005852766335010529,0.21256452798843384,-0.0013183559058234096,2.942559242248535
863,63.091773986816406,865.280029296875,0.19364166259765625,0.8063583374023438,0.3617522716522217,0.0005852766335010529,0.21923036873340607,-0.0034538209438323975,2.948354721069336
864,65.22207641601562,896.030029296875,0.19443511962890625,0.8055648803710938,0.36169618368148804,0.0002601229352876544,0.211408793926239,0.0008847806602716446,2.9470627307891846
865,64.02902221679688,888.47998046875,0.19234466552734375,0.8076553344726562,0.36215537786483765,0.0005852766335010529,0.22805863618850708,-0.0054877037182450294,2.9502646923065186
866,62.65304946899414,871.469970703125,0.19001007080078125,0.8099899291992188,0.36163854598999023,0.00039018443203531206,0.21639667451381683,-0.0031253923662006855,2.9546709060668945
867,64.25125885009766,890.3200073242188,0.19073486328125,0.80926513671875,0.36140739917755127,0.00039018443203531206,0.21856538951396942,-0.0016621993854641914,2.940946102142334
868,62.80442428588867,877.9400024414062,0.18920135498046875,0.8107986450195312,0.36235660314559937,0.0005852766335010529,0.18636101484298706,-0.004255936946719885,2.9525930881500244
869,65.26338195800781,888.1500244140625,0.1900482177734375,0.8099517822265625,0.36282891035079956,0.0005852766335010529,0.1890779286623001,-0.004242083989083767,2.964174509048462
870,66.97618865966797,895.469970703125,0.19071197509765625,0.8092880249023438,0.36309510469436646,0.0005852766335010529,0.1966983675956726,-0.004294597543776035,2.9810569286346436
871,65.75747680664062,900.3499755859375,0.1893310546875,0.8106689453125,0.3632541298866272,0.00039018443203531206,0.17986637353897095,-0.0043765404261648655,2.9803667068481445
872,64.7899398803711,890.4199829101562,0.1854095458984375,0.8145904541015625,0.36369872093200684,0.0005852766335010529,0.20793171226978302,-0.0029760778415948153,2.984295606613159
873,64.56804656982422,879.8400268554688,0.1832275390625,0.8167724609375,0.3639161288738251,0.0002601229352876544,0.1995268017053604,-0.0003271350869908929,2.99092173576355
874,63.660160064697266,883.489990234375,0.18218231201171875,0.8178176879882812,0.36439281702041626,0.0005852766335010529,0.208085298538208,-0.005280612036585808,2.9900879859924316
875,61.5424919128418,851.0900268554688,0.1822662353515625,0.8177337646484375,0.3646773099899292,0.00039018443203531206,0.18731707334518433,-0.0017682347679510713,3.012366771697998
876,65.92578125,904.9199829101562,0.1810302734375,0.8189697265625,0.3647422790527344,0.0005852766335010529,0.20509548485279083,-0.005677273031324148,3.0008866786956787
877,63.75901794433594,870.6099853515625,0.1762847900390625,0.8237152099609375,0.36515939235687256,0.0002601229352876544,0.19973455369472504,-0.0041379923932254314,3.0210275650024414
878,59.56312561035156,834.3599853515625,0.17646026611328125,0.8235397338867188,0.3649761378765106,0.00039018443203531206,0.20288771390914917,-0.005591910798102617,3.011162757873535
879,61.44820785522461,855.1799926757812,0.1779937744140625,0.8220062255859375,0.36460161209106445,0.00039018443203531206,0.2209857851266861,-0.0037475530989468098,3.0085015296936035
880,62.37249755859375,879.8499755859375,0.1795806884765625,0.8204193115234375,0.364133358001709,0.00039018443203531206,0.2075960338115692,-0.005228141322731972,3.0005550384521484
881,64.61861419677734,880.4099731445312,0.18109893798828125,0.8189010620117188,0.3649635314941406,0.0005852766335010529,0.2204156219959259,-0.004362568724900484,3.007662534713745
882,64.59571838378906,890.27001953125,0.18244171142578125,0.8175582885742188,0.364953875541687,0.00039018443203531206,0.2055705338716507,-0.002592980396002531,3.0092742443084717
883,61.93267059326172,862.4000244140625,0.1818695068359375,0.8181304931640625,0.3639051020145416,0.0005852766335010529,0.21269743144512177,-0.0040296162478625774,2.9935147762298584
884,63.384033203125,864.6400146484375,0.18267059326171875,0.8173294067382812,0.36388128995895386,0.00011561020073713735,0.22401264309883118,0.005826732609421015,2.989582061767578
885,66.64473724365234,906.0,0.1817626953125,0.8182373046875,0.36362725496292114,0.0002601229352876544,0.19686879217624664,-0.006140050012618303,2.9832231998443604
886,65.08199310302734,885.7999877929688,0.1812744140625,0.8187255859375,0.36434125900268555,0.0002601229352876544,0.20259161293506622,-0.0023974322248250246,2.9932706356048584
887,61.64152526855469,848.3800048828125,0.1813812255859375,0.8186187744140625,0.36455872654914856,0.0005852766335010529,0.20985661447048187,-0.005225128959864378,3.0063884258270264
888,61.061058044433594,847.260009765625,0.18304443359375,0.81695556640625,0.3646925091743469,0.00017341530474368483,0.23162125051021576,0.0018867342732846737,3.0085716247558594
889,65.63926696777344,873.3099975585938,0.18273162841796875,0.8172683715820312,0.36536967754364014,0.00039018443203531206,0.23088963329792023,-0.006167890504002571,3.018749713897705
890,59.237396240234375,817.969970703125,0.1833343505859375,0.8166656494140625,0.36552393436431885,0.0005852766335010529,0.21216103434562683,-0.005693120416253805,3.01798415184021
891,59.68141555786133,855.1500244140625,0.184722900390625,0.815277099609375,0.36648017168045044,0.0005852766335010529,0.1993277370929718,-0.0035209713969379663,3.0380096435546875
892,64.56964874267578,890.4299926757812,0.18552398681640625,0.8144760131835938,0.3662394881248474,0.00039018443203531206,0.19738677144050598,-0.0013846965739503503,3.041815757751465
893,58.95579528808594,825.8300170898438,0.18695068359375,0.81304931640625,0.36606523394584656,0.0005852766335010529,0.19991345703601837,-0.0067238714545965195,3.029555082321167
894,62.26310729980469,855.1400146484375,0.18827056884765625,0.8117294311523438,0.3662561774253845,0.00039018443203531206,0.21219338476657867,-0.0034131216816604137,3.0407230854034424
895,60.72224426269531,847.489990234375,0.1900482177734375,0.8099517822265625,0.3663002848625183,0.0005852766335010529,0.20639778673648834,-0.00515777850523591,3.0461535453796387
896,62.866729736328125,872.6400146484375,0.19220733642578125,0.8077926635742188,0.366249144077301,0.00039018443203531206,0.20612692832946777,-0.004330233205109835,3.036414623260498
897,61.62470626831055,880.9500122070312,0.1927490234375,0.8072509765625,0.3655974268913269,0.0005852766335010529,0.19409054517745972,-0.005675064865499735,3.0288562774658203
898,64.66300964355469,884.9299926757812,0.19429779052734375,0.8057022094726562,0.3655722737312317,0.00039018443203531206,0.20134912431240082,-0.003954517655074596,3.0202443599700928
899,63.522743225097656,863.989990234375,0.1933135986328125,0.8066864013671875,0.36564818024635315,0.0005852766335010529,0.21494276821613312,-0.0024744083639234304,3.029165029525757
900,62.93457794189453,861.97998046875,0.1950836181640625,0.8049163818359375,0.3665577173233032,0.00039018443203531206,0.2253493070602417,-0.0019751861691474915,3.03469181060791
901,61.32325744628906,852.0700073242188,0.19620513916015625,0.8037948608398438,0.3666437566280365,0.0005852766335010529,0.2249705195426941,-0.006000935565680265,3.044175863265991
902,63.19807434082031,893.2999877929688,0.198272705078125,0.801727294921875,0.36704152822494507,0.0005852766335010529,0.21889369189739227,-0.00551415141671896,3.044438600540161
903,61.133522033691406,866.0,0.20009613037109375,0.7999038696289062,0.36653947830200195,0.0002601229352876544,0.20023025572299957,-0.00015838266699574888,3.0464258193969727
904,59.62363815307617,833.8400268554688,0.2027130126953125,0.7972869873046875,0.3663064241409302,0.00039018443203531206,0.18973593413829803,-0.005361317656934261,3.024406909942627
905,61.4643440246582,848.3699951171875,0.2051544189453125,0.7948455810546875,0.36659830808639526,0.0005852766335010529,0.20061111450195312,-0.004216369707137346,3.0326504707336426
906,61.920772552490234,865.3099975585938,0.2064666748046875,0.7935333251953125,0.36717668175697327,0.0005852766335010529,0.19086730480194092,-0.004328781273216009,3.04054856300354
907,62.50001525878906,864.3699951171875,0.20709991455078125,0.7929000854492188,0.3674619197845459,0.0005852766335010529,0.1880941390991211,-0.003176201367750764,3.046618938446045
908,59.56290817260742,847.780029296875,0.20738983154296875,0.7926101684570312,0.3671516180038452,0.0002601229352876544,0.19152361154556274,-0.0023702261969447136,3.0501155853271484
909,62.6468505859375,879.6900024414062,0.208221435546875,0.791778564453125,0.36736804246902466,0.0005852766335010529,0.19819889962673187,-0.00445576710626483,3.040506362915039
910,60.887996673583984,851.1199951171875,0.20714569091796875,0.7928543090820312,0.36754781007766724,0.0005852766335010529,0.19770148396492004,-0.0037840523291379213,3.045823812484741
911,61.646766662597656,869.530029296875,0.20684814453125,0.79315185546875,0.36744582653045654,0.00039018443203531206,0.19175560772418976,-0.0035932615865021944,3.0524654388427734
912,62.86687469482422,893.8800048828125,0.20545196533203125,0.7945480346679688,0.3671896755695343,0.00039018443203531206,0.17990601062774658,-0.002777530113235116,3.0461738109588623
913,63.11502456665039,872.8400268554688,0.20349884033203125,0.7965011596679688,0.3672716021537781,0.0002601229352876544,0.18673767149448395,-0.0032452524174004793,3.0404961109161377
914,63.08910369873047,876.75,0.20114898681640625,0.7988510131835938,0.36775922775268555,0.0005852766335010529,0.21476054191589355,-0.00464852899312973,3.045241117477417
915,65.57393646240234,894.9099731445312,0.20063018798828125,0.7993698120117188,0.36784401535987854,0.00017341530474368483,0.20102322101593018,-0.0008289050310850143,3.053009033203125
916,65.35791015625,896.8499755859375,0.197998046875,0.802001953125,0.3670591115951538,0.00039018443203531206,0.19680678844451904,-0.004598512314260006,3.0352888107299805
917,66.71018981933594,910.3800048828125,0.19776153564453125,0.8022384643554688,0.36608731746673584,0.0005852766335010529,0.1963764727115631,-0.00431716488674283,3.0222012996673584
918,66.63446807861328,906.9099731445312,0.1949462890625,0.8050537109375,0.3664863109588623,0.0005852766335010529,0.19438914954662323,-0.0024954299442470074,3.022041082382202
919,61.212406158447266,845.8699951171875,0.19461822509765625,0.8053817749023438,0.36688941717147827,0.00039018443203531206,0.20034323632717133,-0.0024803304113447666,3.0284066200256348
920,64.82484436035156,887.4400024414062,0.19466400146484375,0.8053359985351562,0.36721014976501465,0.0005852766335010529,0.1871931105852127,-0.004097308032214642,3.0362071990966797
921,64.59455871582031,895.6400146484375,0.19207000732421875,0.8079299926757812,0.3666555881500244,0.00039018443203531206,0.1919599175453186,-5.612149107037112e-05,3.029280424118042
922,63.476715087890625,875.719970703125,0.19103240966796875,0.8089675903320312,0.3668356239795685,0.0005852766335010529,0.20302003622055054,-0.004245916847139597,3.0194735527038574
923,63.51227569580078,863.469970703125,0.19036865234375,0.80963134765625,0.3664284348487854,0.00039018443203531206,0.1771899163722992,-0.002803347073495388,3.024574041366577
924,66.88005828857422,912.9000244140625,0.1887359619140625,0.8112640380859375,0.36649930477142334,0.0005852766335010529,0.1831803321838379,-0.002462605247274041,3.0205485820770264
925,65.68644714355469,889.0599975585938,0.18482208251953125,0.8151779174804688,0.3663116693496704,0.00039018443203531206,0.19211891293525696,-0.004175880923867226,3.018207311630249
926,63.19390106201172,871.280029296875,0.1826324462890625,0.8173675537109375,0.36757898330688477,0.0005852766335010529,0.20695190131664276,-0.003727654693648219,3.0233395099639893
927,64.18946075439453,888.6099853515625,0.18155670166015625,0.8184432983398438,0.36748307943344116,0.0002601229352876544,0.21531067788600922,-0.0007925053942017257,3.0422122478485107
928,62.48117446899414,861.0900268554688,0.1800079345703125,0.8199920654296875,0.3688979744911194,0.0005852766335010529,0.21167413890361786,-0.00429020170122385,3.05291748046875
929,66.84539794921875,913.1400146484375,0.18071746826171875,0.8192825317382812,0.3697475790977478,0.00039018443203531206,0.19539441168308258,-0.0030093828681856394,3.0894412994384766
930,63.81073760986328,881.010009765625,0.17749786376953125,0.8225021362304688,0.3691399097442627,0.0005852766335010529,0.20046475529670715,-0.00529349222779274,3.0812737941741943
931,63.91259002685547,886.4600219726562,0.176055908203125,0.823944091796875,0.3687463402748108,0.0008779149502515793,0.20724734663963318,-0.00329139013774693,3.0764107704162598
932,63.100955963134766,875.0800170898438,0.1757965087890625,0.8242034912109375,0.3683508038520813,0.00039018443203531206,0.2373759150505066,0.0006819975096732378,3.0661377906799316
933,63.68974685668945,875.530029296875,0.176849365234375,0.823150634765625,0.36890915036201477,0.0005852766335010529,0.2239302694797516,-0.004273566883057356,3.072929620742798
934,62.641815185546875,869.22998046875,0.1756134033203125,0.8243865966796875,0.36928096413612366,0.0005852766335010529,0.22012276947498322,-0.004731679335236549,3.086601495742798
935,62.86507797241211,865.1199951171875,0.17464447021484375,0.8253555297851562,0.3694331645965576,0.00039018443203531206,0.2129060924053192,-0.0019061421044170856,3.0957300662994385
936,64.77774810791016,890.6500244140625,0.17586517333984375,0.8241348266601562,0.36922687292099,0.0005852766335010529,0.20113781094551086,-0.0047703031450510025,3.095310688018799
937,63.167327880859375,872.6900024414062,0.17627716064453125,0.8237228393554688,0.36991843581199646,0.00039018443203531206,0.20225903391838074,-0.003012311877682805,3.105516195297241
938,63.68879699707031,888.3699951171875,0.1742401123046875,0.8257598876953125,0.3704202473163605,0.00039018443203531206,0.18953269720077515,-0.004468843340873718,3.1167051792144775
939,60.947120666503906,850.530029296875,0.1732940673828125,0.8267059326171875,0.3704339563846588,0.00039018443203531206,0.19411201775074005,-0.004833537619560957,3.1222047805786133
940,65.89065551757812,907.1699829101562,0.17269134521484375,0.8273086547851562,0.37038713693618774,0.0002601229352876544,0.1958175152540207,-0.0006763359415344894,3.120063543319702
941,64.01758575439453,883.9199829101562,0.1710205078125,0.8289794921875,0.37038204073905945,0.00039018443203531206,0.16783593595027924,-0.006975463125854731,3.122276782989502
942,64.92454528808594,891.510009765625,0.170989990234375,0.829010009765625,0.3706967234611511,0.00039018443203531206,0.1751674860715866,-0.004629217088222504,3.130220413208008
943,65.30491638183594,896.75,0.169342041015625,0.830657958984375,0.3702024221420288,0.0002601229352876544,0.17744454741477966,-0.0024104928597807884,3.1216185092926025
944,63.55366516113281,885.8699951171875,0.16827392578125,0.83172607421875,0.370739221572876,0.00039018443203531206,0.18926392495632172,-0.006548676639795303,3.1221072673797607
945,65.76327514648438,902.25,0.1671905517578125,0.8328094482421875,0.3702172040939331,0.0005852766335010529,0.19938577711582184,-0.0051568178460001945,3.115870475769043
946,62.41585159301758,857.3599853515625,0.1661224365234375,0.8338775634765625,0.36889779567718506,0.00039018443203531206,0.18697917461395264,-0.0035129415336996317,3.1008265018463135
947,64.86852264404297,892.280029296875,0.1656341552734375,0.8343658447265625,0.36888545751571655,0.0005852766335010529,0.18203726410865784,-0.004176969639956951,3.075829029083252
948,62.54756546020508,875.8800048828125,0.16705322265625,0.83294677734375,0.3690859079360962,0.0005852766335010529,0.17997455596923828,-0.0013447285164147615,3.0877091884613037
949,67.12962341308594,902.5,0.1658935546875,0.8341064453125,0.3694193959236145,0.00039018443203531206,0.1812904328107834,-0.0003329400788061321,3.092928409576416
950,65.55937194824219,885.010009765625,0.16321563720703125,0.8367843627929688,0.3695549964904785,0.0005852766335010529,0.19414348900318146,-0.006318035069853067,3.0907349586486816
951,68.42179107666016,931.5399780273438,0.16202545166015625,0.8379745483398438,0.368992418050766,0.00039018443203531206,0.19515782594680786,-0.0036940418649464846,3.0922234058380127
952,67.67192840576172,922.969970703125,0.15842437744140625,0.8415756225585938,0.3689824938774109,0.0005852766335010529,0.20214566588401794,-0.004700223915278912,3.0790798664093018
953,64.55850982666016,893.9299926757812,0.15586090087890625,0.8441390991210938,0.36842477321624756,0.0002601229352876544,0.22337311506271362,-0.0015018292469903827,3.0774192810058594
954,62.36665344238281,858.989990234375,0.155975341796875,0.844024658203125,0.36831536889076233,0.00039018443203531206,0.21129634976387024,-0.004026112146675587,3.0604264736175537
955,63.23006820678711,874.1300048828125,0.15944671630859375,0.8405532836914062,0.36813411116600037,0.0005852766335010529,0.19253431260585785,-0.005390588194131851,3.0546457767486572
956,62.374202728271484,862.9199829101562,0.16100311279296875,0.8389968872070312,0.36886852979660034,0.0005852766335010529,0.1959151327610016,-0.0023485419806092978,3.0661652088165283
957,61.50530242919922,852.1699829101562,0.16222381591796875,0.8377761840820312,0.3702550530433655,0.0002601229352876544,0.20641547441482544,-0.0037346433382481337,3.0953011512756348
958,64.08141326904297,880.6400146484375,0.1627349853515625,0.8372650146484375,0.3703625798225403,0.0005852766335010529,0.19481877982616425,-0.005453955847769976,3.0950613021850586
959,65.67462921142578,910.5999755859375,0.1626739501953125,0.8373260498046875,0.37045490741729736,0.0002601229352876544,0.19152091443538666,-0.0012129071401432157,3.1091504096984863
960,64.61579895019531,868.6099853515625,0.1625823974609375,0.8374176025390625,0.3706315755844116,0.00039018443203531206,0.1896325945854187,-0.006386068649590015,3.1073460578918457
961,63.09135818481445,859.8400268554688,0.16314697265625,0.83685302734375,0.370873361825943,0.0005852766335010529,0.19904810190200806,-0.0038291364908218384,3.113684892654419
962,60.73042678833008,856.1199951171875,0.1626129150390625,0.8373870849609375,0.37108033895492554,0.0002601229352876544,0.1895570158958435,-0.00350939086638391,3.125331401824951
963,62.9101676940918,871.3200073242188,0.16132354736328125,0.8386764526367188,0.3712191879749298,0.0005852766335010529,0.18583279848098755,-0.005389111116528511,3.122462749481201
964,64.1281967163086,888.25,0.16077423095703125,0.8392257690429688,0.3714320659637451,0.00039018443203531206,0.20509836077690125,-0.003666199743747711,3.12558650970459
965,68.35603332519531,926.5800170898438,0.15826416015625,0.84173583984375,0.37112748622894287,0.0005852766335010529,0.19637076556682587,-0.0058380234986543655,3.1214561462402344
966,64.23670959472656,875.5499877929688,0.1558074951171875,0.8441925048828125,0.37118005752563477,0.0002601229352876544,0.21685336530208588,0.0011772203724831343,3.119091033935547
967,63.22929000854492,855.5,0.15564727783203125,0.8443527221679688,0.37057429552078247,0.00039018443203531206,0.20231296122074127,-0.006281860172748566,3.1098127365112305
968,64.9375991821289,879.8599853515625,0.15695953369140625,0.8430404663085938,0.36983463168144226,0.0005852766335010529,0.19945982098579407,-0.004998445510864258,3.091804027557373
969,64.93669128417969,885.5999755859375,0.156097412109375,0.843902587890625,0.3701687455177307,0.0002601229352876544,0.21151459217071533,-0.001101887784898281,3.101445436477661
970,64.5539321899414,878.2000122070312,0.155975341796875,0.844024658203125,0.3691577613353729,0.0005852766335010529,0.22423364222049713,-0.00491377804428339,3.0801029205322266
971,62.69093704223633,882.3200073242188,0.1576690673828125,0.8423309326171875,0.3693546652793884,0.00039018443203531206,0.21275055408477783,-0.0005826647975482047,3.084665298461914
972,62.58197021484375,863.0700073242188,0.15932464599609375,0.8406753540039062,0.3687983453273773,0.00039018443203531206,0.20499829947948456,-0.002352948533371091,3.066291570663452
973,66.2222900390625,901.4099731445312,0.1593017578125,0.8406982421875,0.36853739619255066,0.0002601229352876544,0.20013654232025146,-0.0007475268212147057,3.0637404918670654
974,67.42731475830078,909.9600219726562,0.160125732421875,0.839874267578125,0.36856651306152344,0.00039018443203531206,0.20850494503974915,-0.0048644705675542355,3.0546789169311523
975,61.76384735107422,862.7000122070312,0.160430908203125,0.839569091796875,0.36905139684677124,0.0005852766335010529,0.20870552957057953,-0.005815139971673489,3.067288637161255
976,62.09150695800781,857.7000122070312,0.162200927734375,0.837799072265625,0.3688448667526245,0.00039018443203531206,0.21826472878456116,-0.0002595617261249572,3.0715410709381104
977,64.60910034179688,886.5599975585938,0.1633148193359375,0.8366851806640625,0.36810725927352905,0.0005852766335010529,0.20012825727462769,-0.003559157019481063,3.053391456604004
978,66.1335220336914,885.1199951171875,0.16241455078125,0.83758544921875,0.368647038936615,0.00017341530474368483,0.21860656142234802,0.00163874845020473,3.0618839263916016
979,64.08930206298828,876.2100219726562,0.16086578369140625,0.8391342163085938,0.36852025985717773,0.00039018443203531206,0.20148572325706482,-0.006183876655995846,3.061974048614502
980,65.04920196533203,881.4000244140625,0.160858154296875,0.839141845703125,0.3687029480934143,0.0005852766335010529,0.2042844444513321,-0.006396304350346327,3.0537331104278564
981,64.44894409179688,890.4199829101562,0.16164398193359375,0.8383560180664062,0.368755966424942,0.0005852766335010529,0.19652391970157623,-0.0024740109220147133,3.065098762512207
982,67.3109130859375,908.469970703125,0.163543701171875,0.836456298828125,0.36929261684417725,0.0005852766335010529,0.19907815754413605,-0.0025893107522279024,3.068675994873047
983,60.27523422241211,831.22998046875,0.1652069091796875,0.8347930908203125,0.36880627274513245,0.00039018443203531206,0.1923545002937317,-0.003166099777445197,3.075634717941284
984,67.4378433227539,890.9099731445312,0.16471099853515625,0.8352890014648438,0.36884891986846924,0.0005852766335010529,0.19293098151683807,-0.004096957854926586,3.056060791015625
985,66.20327758789062,901.8900146484375,0.1621856689453125,0.8378143310546875,0.3691113591194153,0.00039018443203531206,0.1911233514547348,-0.004129679873585701,3.0719523429870605
986,68.34046936035156,918.6799926757812,0.1612701416015625,0.8387298583984375,0.3694014549255371,0.00039018443203531206,0.19160747528076172,-0.0022853987757116556,3.071652889251709
987,65.85789489746094,902.5999755859375,0.158966064453125,0.841033935546875,0.3694884777069092,0.0005852766335010529,0.18128809332847595,-0.004263411741703749,3.074160575866699
988,66.57691192626953,908.2100219726562,0.1580810546875,0.8419189453125,0.3689671754837036,0.0002601229352876544,0.18381667137145996,-0.0015048184432089329,3.0714714527130127
989,63.901676177978516,884.8800048828125,0.1578826904296875,0.8421173095703125,0.3684796094894409,0.00039018443203531206,0.19467376172542572,-0.006499494891613722,3.0556373596191406
990,66.40162658691406,897.3699951171875,0.15819549560546875,0.8418045043945312,0.3692137897014618,0.0005852766335010529,0.20433159172534943,-0.0056152730248868465,3.063800811767578
991,66.00444030761719,903.7899780273438,0.15573883056640625,0.8442611694335938,0.3692176938056946,0.0002601229352876544,0.2061462104320526,-0.00040267681470140815,3.073432445526123
992,64.79643249511719,882.3300170898438,0.154388427734375,0.845611572265625,0.369443416595459,0.00039018443203531206,0.2286558598279953,-0.006729775108397007,3.0778555870056152
993,63.282806396484375,883.52001953125,0.15454864501953125,0.8454513549804688,0.36854004859924316,0.0005852766335010529,0.2172098606824875,-0.0030990266241133213,3.068798780441284
994,64.43789672851562,873.739990234375,0.154266357421875,0.845733642578125,0.3684080243110657,0.00017341530474368483,0.20716337859630585,0.0009268338326364756,3.053568124771118
995,62.23113250732422,853.3099975585938,0.15561676025390625,0.8443832397460938,0.3677724301815033,0.00039018443203531206,0.21810977160930634,-0.005693793296813965,3.04974102973938
996,65.76666259765625,904.0999755859375,0.15766143798828125,0.8423385620117188,0.36893048882484436,0.0005852766335010529,0.216343954205513,-0.004392049740999937,3.0511274337768555
997,64.90568542480469,884.8800048828125,0.1576690673828125,0.8423309326171875,0.3691280484199524,0.0005852766335010529,0.213644877076149,-0.00439978763461113,3.068575143814087
998,62.98123550415039,880.52001953125,0.15694427490234375,0.8430557250976562,0.369137704372406,0.00039018443203531206,0.2056180238723755,-0.0037431407254189253,3.060769557952881
999,65.6724624633789,894.0599975585938,0.15727996826171875,0.8427200317382812,0.3688705563545227,0.0002601229352876544,0.20410779118537903,-0.002334665274247527,3.060838222503662
