iteration,mean_reward,mean_episode_length,fall_share,time_out_share,action_noise_std,learning_rate,value_loss,surrogate_loss,entropy
0,0.3526725471019745,22.709999084472656,0.0,0.01937103271484375,0.36823195219039917,9.999999747378752e-06,0.10054986923933029,0.12704534828662872,3.04429030418396
1,1.5424662828445435,52.5099983215332,0.00045013427734375,0.05594635009765625,0.36823272705078125,5.062499985797331e-05,0.18321199715137482,-0.0028691545594483614,3.045757532119751
2,3.6712725162506104,86.4800033569336,0.0040740966796875,0.09238433837890625,0.3682172894477844,0.0002562890585977584,0.23725658655166626,-0.0029346863739192486,3.0445895195007324
3,5.304083347320557,116.33999633789062,0.0097198486328125,0.12552642822265625,0.36820685863494873,0.00017085937724914402,0.23360675573349,0.00029192015063017607,3.0450756549835205
4,7.766663074493408,145.2100067138672,0.01519012451171875,0.15679168701171875,0.3683321177959442,0.00038443360244855285,0.20169740915298462,-0.005991986021399498,3.0397350788116455
5,9.880852699279785,179.1300048828125,0.01983642578125,0.18482208251953125,0.3681774139404297,0.0005766503745689988,0.20327477157115936,-0.0013874296564608812,3.048241138458252
6,13.154623985290527,213.8000030517578,0.0252838134765625,0.21700286865234375,0.3688410222530365,0.0005766503745689988,0.2016301453113556,-0.0031998769845813513,3.050973415374756
7,15.556642532348633,242.3800048828125,0.0297088623046875,0.247344970703125,0.3686121106147766,0.00017085937724914402,0.20622453093528748,0.0010794103145599365,3.054069995880127
8,17.114044189453125,266.5799865722656,0.0337982177734375,0.275909423828125,0.3687063157558441,0.00038443360244855285,0.2057100087404251,-0.0049120644107460976,3.0425236225128174
9,19.69649887084961,307.7200012207031,0.03753662109375,0.30547332763671875,0.3695737421512604,0.00038443360244855285,0.2302282452583313,-0.0030699740163981915,3.057234764099121
10,22.287511825561523,327.8800048828125,0.0418853759765625,0.3390960693359375,0.36985480785369873,0.0005766503745689988,0.2433108687400818,-0.005267852917313576,3.0655405521392822
11,24.582733154296875,371.55999755859375,0.0475616455078125,0.373382568359375,0.3712195158004761,0.0002562890585977584,0.23790235817432404,-0.0008594615501351655,3.0851030349731445
12,26.64885711669922,401.0199890136719,0.05220794677734375,0.4011688232421875,0.37096861004829407,0.00017085937724914402,0.22627553343772888,1.035954301187303e-05,3.096229314804077
13,27.14043617248535,412.05999755859375,0.05669403076171875,0.42993927001953125,0.3708752393722534,0.00038443360244855285,0.24215060472488403,-0.006194688845425844,3.0837132930755615
14,30.175283432006836,448.2200012207031,0.062225341796875,0.457275390625,0.3697284460067749,0.0005766503745689988,0.2294313609600067,-0.004858470056205988,3.0670182704925537
15,34.631046295166016,487.42999267578125,0.0680694580078125,0.48731231689453125,0.3704127073287964,0.00038443360244855285,0.2460743933916092,-0.003033154411241412,3.0709545612335205
16,35.475685119628906,506.4800109863281,0.0746307373046875,0.5150299072265625,0.37036067247390747,0.0005766503745689988,0.2413410097360611,-0.003358377842232585,3.0691213607788086
17,37.97290802001953,545.9500122070312,0.082183837890625,0.5435638427734375,0.370292067527771,0.00038443360244855285,0.22984233498573303,-0.0007216630037873983,3.0704329013824463
18,40.81564712524414,573.8599853515625,0.0882720947265625,0.5712127685546875,0.3711841106414795,0.0005766503745689988,0.22944782674312592,-0.005923473741859198,3.0738325119018555
19,42.279319763183594,588.530029296875,0.09336090087890625,0.5972137451171875,0.37142205238342285,0.00038443360244855285,0.2241559475660324,-0.0031449475791305304,3.08659029006958
20,44.981327056884766,618.7000122070312,0.09798431396484375,0.6224899291992188,0.37151622772216797,0.0005766503745689988,0.22097760438919067,-0.006135888863354921,3.0919973850250244
21,46.565040588378906,643.5599975585938,0.1040191650390625,0.6436614990234375,0.3705832064151764,0.00038443360244855285,0.21906381845474243,-0.003567449515685439,3.091261625289917
22,48.248565673828125,678.4400024414062,0.10921478271484375,0.6688461303710938,0.3703323006629944,0.0005766503745689988,0.20697085559368134,-0.005513428710401058,3.06968092918396
23,50.57478332519531,696.2100219726562,0.11374664306640625,0.69647216796875,0.3709030747413635,0.0002562890585977584,0.21256808936595917,-0.004073278047144413,3.077387571334839
24,53.76126480102539,744.97998046875,0.11862945556640625,0.72039794921875,0.371036171913147,0.0005766503745689988,0.22267650067806244,-0.00571115268394351,3.085820198059082
25,56.85801696777344,764.5800170898438,0.12340545654296875,0.7449111938476562,0.37109488248825073,0.0005766503745689988,0.25387683510780334,-0.0034965635277330875,3.0900745391845703
26,57.58319854736328,777.7000122070312,0.12866973876953125,0.7686996459960938,0.37112152576446533,0.00038443360244855285,0.21094460785388947,-0.0020402378868311644,3.0857179164886475
27,61.73182678222656,849.6900024414062,0.1334228515625,0.794891357421875,0.3707640767097473,0.0005766503745689988,0.2410213053226471,-0.005471288226544857,3.0783846378326416
28,61.36222839355469,836.5599975585938,0.13751983642578125,0.8199005126953125,0.3706012964248657,0.00038443360244855285,0.22789517045021057,-0.00392517726868391,3.0742151737213135
29,65.22933197021484,898.7000122070312,0.1416015625,0.8434982299804688,0.3704359531402588,0.0005766503745689988,0.22426149249076843,-0.005681774578988552,3.0661118030548096
30,61.84147644042969,855.3599853515625,0.147705078125,0.852294921875,0.37053775787353516,0.00038443360244855285,0.23059360682964325,-0.0005566144245676696,3.0772385597229004
31,66.93286895751953,902.3699951171875,0.15193939208984375,0.8480606079101562,0.3710511326789856,0.0005766503745689988,0.23064903914928436,-0.005185562185943127,3.082440137863159
32,64.2276382446289,875.0399780273438,0.1548614501953125,0.8451385498046875,0.3706042170524597,0.0002562890585977584,0.24738971889019012,-0.0012427720939740539,3.0884947776794434
33,62.74188232421875,871.6300048828125,0.15642547607421875,0.8435745239257812,0.36983874440193176,0.00038443360244855285,0.23109979927539825,-0.006973574869334698,3.0740604400634766
34,60.00961685180664,838.1799926757812,0.156585693359375,0.843414306640625,0.36985450983047485,0.0005766503745689988,0.24267061054706573,-0.0055521209724247456,3.066654920578003
35,65.81861877441406,890.1400146484375,0.15926361083984375,0.8407363891601562,0.3699626326560974,0.0005766503745689988,0.23005302250385284,-0.0035538035444915295,3.071272611618042
36,66.38924407958984,890.489990234375,0.15854644775390625,0.8414535522460938,0.3702383041381836,0.00038443360244855285,0.233933225274086,-0.003921706695109606,3.0669937133789062
37,66.06660461425781,891.72998046875,0.158599853515625,0.841400146484375,0.37045931816101074,0.0005766503745689988,0.22405417263507843,-0.004234885331243277,3.077120304107666
38,63.5045280456543,882.6199951171875,0.15955352783203125,0.8404464721679688,0.37058448791503906,0.00011390625149942935,0.24232976138591766,0.0022212318144738674,3.0829432010650635
39,63.76838302612305,891.489990234375,0.16094207763671875,0.8390579223632812,0.37045586109161377,0.0002562890585977584,0.2387566715478897,-0.00662587396800518,3.0826022624969482
40,64.0461196899414,895.7999877929688,0.161163330078125,0.838836669921875,0.37002938985824585,0.0005766503745689988,0.22182819247245789,-0.004971601068973541,3.0769898891448975
41,63.274959564208984,887.7100219726562,0.16127777099609375,0.8387222290039062,0.36941465735435486,0.00038443360244855285,0.2276296764612198,-0.002335218945518136,3.067244529724121
42,64.58821105957031,878.5499877929688,0.163604736328125,0.836395263671875,0.36926913261413574,0.00038443360244855285,0.23916372656822205,-0.0046339151449501514,3.0505549907684326
43,62.60536575317383,877.0499877929688,0.16357421875,0.83642578125,0.3688775300979614,0.0005766503745689988,0.22578902542591095,-0.003880459116771817,3.0446624755859375
44,67.5982437133789,925.4400024414062,0.16419219970703125,0.8358078002929688,0.3699660301208496,0.0005766503745689988,0.23519806563854218,-0.004194413777440786,3.0583653450012207
45,63.834686279296875,866.5,0.1647186279296875,0.8352813720703125,0.36916041374206543,0.00038443360244855285,0.22889885306358337,-0.0025796934496611357,3.057276964187622
46,62.5574951171875,858.4000244140625,0.1628875732421875,0.8371124267578125,0.3693453371524811,0.0005766503745689988,0.23011989891529083,-0.005810510832816362,3.0533084869384766
47,64.40061950683594,897.6199951171875,0.16164398193359375,0.8383560180664062,0.36961084604263306,0.0002562890585977584,0.23975369334220886,-0.003403841983526945,3.0582172870635986
48,63.42416000366211,863.97998046875,0.1610260009765625,0.8389739990234375,0.36943936347961426,0.00038443360244855285,0.21216684579849243,-0.007074163760989904,3.059077739715576
49,65.06396484375,868.9400024414062,0.16220855712890625,0.8377914428710938,0.3695286214351654,0.0005766503745689988,0.22853073477745056,-0.0048268018290400505,3.062565803527832
50,63.06679153442383,858.5399780273438,0.16347503662109375,0.8365249633789062,0.36979854106903076,0.0005766503745689988,0.2181933969259262,-0.0027939605060964823,3.0700578689575195
51,65.58892822265625,894.97998046875,0.1638641357421875,0.8361358642578125,0.36952126026153564,0.0002562890585977584,0.22099147737026215,0.0005173510289750993,3.070967197418213
52,66.83299255371094,895.3300170898438,0.1639251708984375,0.8360748291015625,0.3694484531879425,0.00038443360244855285,0.24603107571601868,-0.004173103719949722,3.057307720184326
53,65.74248504638672,896.1799926757812,0.16245269775390625,0.8375473022460938,0.3690161406993866,0.00038443360244855285,0.22105266153812408,-0.0037106098607182503,3.0639827251434326
54,65.11351776123047,873.0999755859375,0.16266632080078125,0.8373336791992188,0.3692842423915863,0.0005766503745689988,0.23531463742256165,-0.004314459394663572,3.055403232574463
55,63.53730010986328,871.6599731445312,0.1645965576171875,0.8354034423828125,0.368865966796875,0.0002562890585977584,0.23114877939224243,0.0019973083399236202,3.0595011711120605
56,66.1060562133789,880.219970703125,0.16668701171875,0.83331298828125,0.3689170479774475,0.00038443360244855285,0.2404690682888031,-0.006820595357567072,3.050243616104126
57,63.51486587524414,849.4099731445312,0.1671905517578125,0.8328094482421875,0.3695734739303589,0.0005766503745689988,0.2150425761938095,-0.003406967269256711,3.0629591941833496
58,65.75975799560547,884.1599731445312,0.1678619384765625,0.8321380615234375,0.3696442246437073,0.0005766503745689988,0.22463229298591614,-0.0030402629636228085,3.0733957290649414
59,63.755401611328125,880.27001953125,0.1680908203125,0.8319091796875,0.37063300609588623,0.0005766503745689988,0.2304973602294922,-0.0032148053869605064,3.081772804260254
60,65.20448303222656,892.5399780273438,0.16744232177734375,0.8325576782226562,0.3717004358768463,0.00038443360244855285,0.23485785722732544,-0.002964019076898694,3.1066389083862305
61,64.65447235107422,888.8800048828125,0.16849517822265625,0.8315048217773438,0.37150412797927856,0.0005766503745689988,0.22728519141674042,-0.005006118677556515,3.1033935546875
62,69.65371704101562,909.3400268554688,0.16771697998046875,0.8322830200195312,0.37268516421318054,0.00038443360244855285,0.22982250154018402,-0.0030243596993386745,3.122422218322754
63,67.337890625,903.3499755859375,0.1668243408203125,0.8331756591796875,0.3727401793003082,0.0005766503745689988,0.23094740509986877,-0.0068809580989181995,3.129030704498291
64,61.5694694519043,870.5599975585938,0.1676025390625,0.8323974609375,0.37309399247169495,0.0005766503745689988,0.24295684695243835,-0.0035862154327332973,3.1391215324401855
65,64.05404663085938,877.4400024414062,0.1669769287109375,0.8330230712890625,0.3735855519771576,0.0005766503745689988,0.21504656970500946,-0.0032374567817896605,3.1412012577056885
66,67.84075164794922,899.4500122070312,0.16742706298828125,0.8325729370117188,0.3741432726383209,0.00038443360244855285,0.22692322731018066,-0.0015377226518467069,3.148771047592163
67,64.10446166992188,866.1300048828125,0.167633056640625,0.832366943359375,0.3754578232765198,0.0005766503745689988,0.2312825322151184,-0.004056596662849188,3.1700265407562256
68,66.33952331542969,903.6099853515625,0.1678314208984375,0.8321685791015625,0.3758469223976135,0.0005766503745689988,0.24297137558460236,-0.003908185753971338,3.189666748046875
69,66.27288818359375,895.77001953125,0.16674041748046875,0.8332595825195312,0.37628352642059326,0.0005766503745689988,0.2415914535522461,-0.0038214786909520626,3.204695224761963
70,65.81712341308594,886.010009765625,0.16773223876953125,0.8322677612304688,0.37602734565734863,0.0002562890585977584,0.22770090401172638,-5.79480329179205e-05,3.2048745155334473
71,62.864479064941406,869.6300048828125,0.16814422607421875,0.8318557739257812,0.37574487924575806,0.0005766503745689988,0.22872869670391083,-0.005162229761481285,3.1893537044525146
72,63.80601501464844,878.8200073242188,0.16805267333984375,0.8319473266601562,0.3752676248550415,0.0005766503745689988,0.24440622329711914,-0.00422652717679739,3.197028398513794
73,65.31668853759766,884.3099975585938,0.1700286865234375,0.8299713134765625,0.3750110864639282,0.0005766503745689988,0.23246172070503235,-0.0030425016302615404,3.178943157196045
74,61.55860900878906,851.239990234375,0.1713714599609375,0.8286285400390625,0.3747023046016693,0.00038443360244855285,0.23361971974372864,-0.0023838269989937544,3.178940773010254
75,64.22318267822266,862.0999755859375,0.17116546630859375,0.8288345336914062,0.3749265670776367,0.00038443360244855285,0.21908536553382874,-0.00442341435700655,3.169050693511963
76,66.49864959716797,890.8200073242188,0.17303466796875,0.82696533203125,0.3753127455711365,0.0005766503745689988,0.25420093536376953,-0.005581713281571865,3.1882317066192627
77,63.75143814086914,870.0,0.173431396484375,0.826568603515625,0.37586134672164917,0.00038443360244855285,0.24699296057224274,-0.002241126960143447,3.192086696624756
78,66.0165023803711,882.0399780273438,0.17450714111328125,0.8254928588867188,0.3757275640964508,0.0005766503745689988,0.22505593299865723,-0.003915316890925169,3.1921210289001465
79,61.80044937133789,834.9500122070312,0.17455291748046875,0.8254470825195312,0.37512391805648804,0.0005766503745689988,0.2322525978088379,-0.003980738110840321,3.188363552093506
80,64.88451385498047,876.0599975585938,0.17494964599609375,0.8250503540039062,0.3759329319000244,0.00038443360244855285,0.22967548668384552,-0.004610090982168913,3.191791296005249
81,60.325889587402344,820.1699829101562,0.17584228515625,0.82415771484375,0.3768541216850281,0.0005766503745689988,0.2247249037027359,-0.004559990018606186,3.2020301818847656
82,65.89208221435547,890.1400146484375,0.1770172119140625,0.8229827880859375,0.3773854374885559,0.0005766503745689988,0.23797607421875,-0.004585737362504005,3.2248921394348145
83,64.39820098876953,855.1699829101562,0.1798095703125,0.8201904296875,0.3775252103805542,0.0005766503745689988,0.22793935239315033,-0.0035550305619835854,3.2230165004730225
84,67.58936309814453,887.0,0.17963409423828125,0.8203659057617188,0.3772297501564026,0.00038443360244855285,0.22062045335769653,-0.0023696846328675747,3.2265403270721436
85,63.27241516113281,877.22998046875,0.17896270751953125,0.8210372924804688,0.376453697681427,0.0005766503745689988,0.1999734491109848,-0.006197011563926935,3.2093143463134766
86,65.38569641113281,878.969970703125,0.176116943359375,0.823883056640625,0.37602484226226807,0.0005766503745689988,0.2223595529794693,-0.004326452035456896,3.198444366455078
87,64.46015167236328,872.8499755859375,0.17510986328125,0.82489013671875,0.3758453130722046,0.0005766503745689988,0.22105008363723755,-0.004463062155991793,3.1982674598693848
88,66.65985870361328,880.9600219726562,0.17498016357421875,0.8250198364257812,0.37615764141082764,0.0002562890585977584,0.21459752321243286,0.0008209244697354734,3.1917238235473633
89,65.1241683959961,874.4400024414062,0.175628662109375,0.824371337890625,0.3760821521282196,0.0005766503745689988,0.20669057965278625,-0.0061358194798231125,3.1914095878601074
90,65.70285034179688,897.7999877929688,0.17545318603515625,0.8245468139648438,0.3758924901485443,0.00038443360244855285,0.2220022976398468,-0.004708624444901943,3.1920530796051025
91,68.60376739501953,899.5700073242188,0.17382049560546875,0.8261795043945312,0.3761439621448517,0.0005766503745689988,0.20073455572128296,-0.003966605756431818,3.1954543590545654
92,67.99301147460938,907.72998046875,0.1724090576171875,0.8275909423828125,0.376130610704422,0.00017085937724914402,0.20508596301078796,-0.00023483017866965383,3.194643259048462
93,65.41077423095703,886.97998046875,0.17127227783203125,0.8287277221679688,0.3757704496383667,0.00038443360244855285,0.20600491762161255,-0.0062455590814352036,3.1887290477752686
94,69.30537414550781,927.6099853515625,0.16858673095703125,0.8314132690429688,0.37560784816741943,0.0005766503745689988,0.23451198637485504,-0.0063091772608459,3.186458110809326
95,63.44919967651367,857.5700073242188,0.165985107421875,0.834014892578125,0.3751595616340637,0.00038443360244855285,0.22372344136238098,-0.004171029664576054,3.173971652984619
96,66.3398666381836,886.1900024414062,0.16573333740234375,0.8342666625976562,0.3748546838760376,0.00038443360244855285,0.22162140905857086,-0.0024447657633572817,3.1636903285980225
97,67.48403930664062,897.9099731445312,0.1654510498046875,0.8345489501953125,0.3749178349971771,0.0005766503745689988,0.22730723023414612,-0.005015320610255003,3.1598079204559326
98,66.6446533203125,891.3800048828125,0.1632232666015625,0.8367767333984375,0.37505823373794556,0.0002562890585977584,0.22814017534255981,-0.0029987646266818047,3.165452003479004
99,64.43629455566406,896.0800170898438,0.16168212890625,0.83831787109375,0.37444591522216797,0.00038443360244855285,0.23089517652988434,-0.006401348393410444,3.161201000213623
100,65.0921401977539,876.6099853515625,0.16129302978515625,0.8387069702148438,0.37513428926467896,0.0005766503745689988,0.2321649044752121,-0.006208246573805809,3.1612205505371094
101,65.2490463256836,898.6099853515625,0.16020965576171875,0.8397903442382812,0.37533339858055115,0.00038443360244855285,0.23603346943855286,-0.0031634564511477947,3.1699771881103516
102,65.22433471679688,872.3200073242188,0.15955352783203125,0.8404464721679688,0.3749242424964905,0.0005766503745689988,0.23079076409339905,-0.0033448589965701103,3.1623873710632324
103,66.76480102539062,907.3099975585938,0.15988922119140625,0.8401107788085938,0.375125527381897,0.0002562890585977584,0.23829509317874908,-4.900898602500092e-06,3.1730051040649414
104,66.67654418945312,883.5900268554688,0.15826416015625,0.84173583984375,0.374366819858551,0.00038443360244855285,0.22531141340732574,-0.006889695301651955,3.162198781967163
105,65.6106185913086,889.5499877929688,0.158447265625,0.841552734375,0.374046266078949,0.0005766503745689988,0.21045434474945068,-0.0030643902719020844,3.15655517578125
106,64.69662475585938,869.0,0.15697479248046875,0.8430252075195312,0.3742753267288208,0.0005766503745689988,0.22038008272647858,-0.004901895299553871,3.161241292953491
107,65.47640228271484,883.5,0.157440185546875,0.842559814453125,0.3744086027145386,0.0005766503745689988,0.2180880606174469,-0.0034627290442585945,3.1640453338623047
108,66.75212097167969,895.0599975585938,0.15673828125,0.84326171875,0.3739398121833801,0.0005766503745689988,0.20915214717388153,-0.005053296219557524,3.1570589542388916
109,71.49188995361328,935.22998046875,0.1544952392578125,0.8455047607421875,0.37346866726875305,0.0002562890585977584,0.21783047914505005,0.00018692207231651992,3.1513404846191406
110,69.01262664794922,924.8200073242188,0.151885986328125,0.848114013671875,0.37283968925476074,0.0005766503745689988,0.2117258459329605,-0.005447534844279289,3.118173837661743
111,65.8772964477539,900.6099853515625,0.14972686767578125,0.8502731323242188,0.3727704882621765,0.0005766503745689988,0.21777069568634033,-0.0028318543918430805,3.1282246112823486
112,67.34139251708984,914.52001953125,0.147216796875,0.852783203125,0.37268197536468506,0.00038443360244855285,0.22770816087722778,-0.003154043573886156,3.120969295501709
113,63.02495193481445,866.9600219726562,0.14557647705078125,0.8544235229492188,0.37367039918899536,0.0005766503745689988,0.23731036484241486,-0.00543151656165719,3.1210434436798096
114,67.20211029052734,887.0599975585938,0.146881103515625,0.853118896484375,0.3735291361808777,0.0002562890585977584,0.24096602201461792,-0.003041910007596016,3.139139175415039
115,69.83434295654297,925.4500122070312,0.14731597900390625,0.8526840209960938,0.3732319176197052,0.0005766503745689988,0.22461986541748047,-0.00431163189932704,3.121586322784424
116,66.55421447753906,899.77001953125,0.14694976806640625,0.8530502319335938,0.37294116616249084,0.0002562890585977584,0.23959103226661682,-0.0006524467025883496,3.1312127113342285
117,67.63444519042969,899.0399780273438,0.1475830078125,0.8524169921875,0.3724695146083832,0.00038443360244855285,0.22317935526371002,-0.004790030885487795,3.1110453605651855
118,62.765316009521484,833.75,0.14933013916015625,0.8506698608398438,0.3725317716598511,0.0005766503745689988,0.23539213836193085,-0.005674668122082949,3.1141629219055176
119,65.0647201538086,877.3900146484375,0.15004730224609375,0.8499526977539062,0.37158793210983276,0.0005766503745689988,0.21730691194534302,-0.0036291363649070263,3.0992677211761475
120,65.67616271972656,880.9099731445312,0.15167236328125,0.84832763671875,0.37181442975997925,0.0002562890585977584,0.211588516831398,-0.0019855531863868237,3.098574161529541
121,64.66323852539062,884.1099853515625,0.1513671875,0.8486328125,0.3716617524623871,0.00038443360244855285,0.22372153401374817,-0.003957612439990044,3.086597442626953
122,68.69791412353516,909.6699829101562,0.151214599609375,0.848785400390625,0.371158242225647,0.00038443360244855285,0.2260570526123047,-0.0009100744500756264,3.084460735321045
123,65.57665252685547,891.5800170898438,0.15056610107421875,0.8494338989257812,0.37107300758361816,0.0005766503745689988,0.21081511676311493,-0.0053885942324995995,3.0697946548461914
124,65.72381591796875,882.6599731445312,0.1539306640625,0.8460693359375,0.37147271633148193,0.0002562890585977584,0.21906621754169464,-0.0009946597274392843,3.08010196685791
125,66.91349029541016,892.9500122070312,0.15607452392578125,0.8439254760742188,0.37233203649520874,0.0005766503745689988,0.22642548382282257,-0.004412796813994646,3.083889961242676
126,69.03787994384766,919.2100219726562,0.1551055908203125,0.8448944091796875,0.3724207878112793,0.00017085937724914402,0.2324284315109253,0.0027793291956186295,3.0983481407165527
127,70.01373291015625,919.6699829101562,0.1552734375,0.8447265625,0.37326645851135254,0.00038443360244855285,0.2265721559524536,-0.006770983338356018,3.1032826900482178
128,64.85147094726562,879.9199829101562,0.15557098388671875,0.8444290161132812,0.37254589796066284,0.0005766503745689988,0.2151443064212799,-0.0038731431122869253,3.0995357036590576
129,68.67720794677734,907.1900024414062,0.1559906005859375,0.8440093994140625,0.37206828594207764,0.00038443360244855285,0.22699885070323944,-0.00171719363424927,3.0912230014801025
130,69.01228332519531,921.5900268554688,0.1556549072265625,0.8443450927734375,0.3721557855606079,0.0005766503745689988,0.23909373581409454,-0.0028808165807276964,3.0811095237731934
131,63.68463897705078,870.3400268554688,0.1546783447265625,0.8453216552734375,0.3725077211856842,0.0005766503745689988,0.2436142861843109,-0.0040953983552753925,3.093363046646118
132,67.71973419189453,898.5800170898438,0.154632568359375,0.845367431640625,0.3723441958427429,0.0005766503745689988,0.2573290169239044,-0.0037103930953890085,3.092942714691162
133,65.3028335571289,872.5499877929688,0.15367889404296875,0.8463211059570312,0.37267202138900757,0.00038443360244855285,0.2567923963069916,-0.00024761701934039593,3.095125198364258
134,63.179588317871094,862.0399780273438,0.15471649169921875,0.8452835083007812,0.3729075789451599,0.0005766503745689988,0.22799842059612274,-0.004440948832780123,3.0991592407226562
135,67.39093780517578,886.1199951171875,0.15225982666015625,0.8477401733398438,0.3722327947616577,0.0005766503745689988,0.22737230360507965,-0.0037750897463411093,3.088711738586426
136,65.58328247070312,875.0999755859375,0.15273284912109375,0.8472671508789062,0.3724476099014282,0.0005766503745689988,0.23339083790779114,-0.0029989848844707012,3.0924856662750244
137,63.252254486083984,861.3800048828125,0.15178680419921875,0.8482131958007812,0.372644305229187,0.0005766503745689988,0.24166175723075867,-0.0032435005996376276,3.0843517780303955
138,66.65930938720703,899.8800048828125,0.1515350341796875,0.8484649658203125,0.37233856320381165,0.0002562890585977584,0.2538476288318634,0.00041596745722927153,3.090761184692383
139,67.4915771484375,882.469970703125,0.1532135009765625,0.8467864990234375,0.3734440207481384,0.0005766503745689988,0.24662959575653076,-0.005581580102443695,3.1028988361358643
140,65.14437866210938,860.9500122070312,0.15689849853515625,0.8431015014648438,0.37320661544799805,0.00038443360244855285,0.24487490952014923,-0.00439758924767375,3.1097090244293213
141,66.94234466552734,890.719970703125,0.15801239013671875,0.8419876098632812,0.3738687038421631,0.0005766503745689988,0.23054975271224976,-0.0061514670960605145,3.111497402191162
142,66.27275848388672,879.9500122070312,0.1588897705078125,0.8411102294921875,0.37350523471832275,0.0002562890585977584,0.23593208193778992,-0.0017905868589878082,3.113240957260132
143,68.13240814208984,918.7999877929688,0.15845489501953125,0.8415451049804688,0.3732069432735443,0.00038443360244855285,0.21474136412143707,-0.006639886647462845,3.104431390762329
144,69.35693359375,911.530029296875,0.15857696533203125,0.8414230346679688,0.3730217218399048,0.0005766503745689988,0.22150476276874542,-0.005882939789444208,3.1030454635620117
145,66.90828704833984,895.52001953125,0.15655517578125,0.84344482421875,0.37291544675827026,0.0002562890585977584,0.24916191399097443,-0.001228904933668673,3.1005661487579346
146,67.39645385742188,895.4099731445312,0.15583038330078125,0.8441696166992188,0.37286537885665894,0.0005766503745689988,0.25647687911987305,-0.005146683193743229,3.0900838375091553
147,65.79326629638672,885.8599853515625,0.15538787841796875,0.8446121215820312,0.3728387951850891,0.0002562890585977584,0.23131099343299866,-0.0039419857785105705,3.0904922485351562
148,65.656982421875,881.4600219726562,0.15362548828125,0.84637451171875,0.3727373778820038,0.00038443360244855285,0.22309233248233795,-0.006032290402799845,3.0921056270599365
149,63.0823974609375,849.5399780273438,0.15435028076171875,0.8456497192382812,0.37209948897361755,0.0005766503745689988,0.22575728595256805,-0.006195348221808672,3.0709104537963867
150,66.26892852783203,896.22998046875,0.15283203125,0.84716796875,0.3719051480293274,0.00038443360244855285,0.23038040101528168,-0.004455401562154293,3.0724079608917236
151,65.99320220947266,897.9199829101562,0.15287017822265625,0.8471298217773438,0.3722151219844818,0.0005766503745689988,0.23724132776260376,-0.003745816648006439,3.071899890899658
152,68.72454071044922,912.239990234375,0.153167724609375,0.846832275390625,0.37187957763671875,0.00038443360244855285,0.2513134777545929,-0.000587854185141623,3.0664756298065186
153,66.7707290649414,897.2899780273438,0.1549835205078125,0.8450164794921875,0.3726115822792053,0.0005766503745689988,0.25640374422073364,-0.004687659442424774,3.0678391456604004
154,66.2018814086914,874.760009765625,0.1544036865234375,0.8455963134765625,0.373304545879364,0.0002562890585977584,0.25392189621925354,-0.0012168234679847956,3.0934410095214844
155,68.58492279052734,918.6900024414062,0.155487060546875,0.844512939453125,0.37283724546432495,0.0005766503745689988,0.25781261920928955,-0.004620411898940802,3.0932412147521973
156,64.1563949584961,869.6799926757812,0.156219482421875,0.843780517578125,0.3731748163700104,0.0005766503745689988,0.24556508660316467,-0.005225211847573519,3.092869520187378
157,66.75408172607422,882.239990234375,0.1574554443359375,0.8425445556640625,0.37296733260154724,0.00038443360244855285,0.24836157262325287,-0.002002252032980323,3.099055051803589
158,68.51992797851562,916.5999755859375,0.15869903564453125,0.8413009643554688,0.37312597036361694,0.0005766503745689988,0.2592170238494873,-0.005520223639905453,3.096639394760132
159,64.56908416748047,872.719970703125,0.15862274169921875,0.8413772583007812,0.37317097187042236,0.0005766503745689988,0.2546004354953766,-0.004886121954768896,3.104048728942871
160,67.88672637939453,899.5,0.16015625,0.83984375,0.3727322518825531,0.00017085937724914402,0.28647592663764954,0.0012462902814149857,3.0959224700927734
161,62.582557678222656,856.3599853515625,0.16240692138671875,0.8375930786132812,0.3721311688423157,0.00038443360244855285,0.267906129360199,-0.00405137287452817,3.0833401679992676
162,62.31479263305664,839.6099853515625,0.1645965576171875,0.8354034423828125,0.37177929282188416,0.0002562890585977584,0.2613777816295624,-0.001159080769866705,3.075831174850464
163,61.44225311279297,833.6900024414062,0.16815185546875,0.83184814453125,0.37121713161468506,0.00038443360244855285,0.26120200753211975,-0.006773628294467926,3.058912515640259
164,64.80182647705078,866.1099853515625,0.17014312744140625,0.8298568725585938,0.37175479531288147,0.0005766503745689988,0.26485368609428406,-0.007024954538792372,3.0586838722229004
165,63.515018463134766,848.27001953125,0.17279815673828125,0.8272018432617188,0.37137866020202637,0.00038443360244855285,0.2724779546260834,-0.003115586470812559,3.062987804412842
166,64.63887786865234,865.1099853515625,0.17316436767578125,0.8268356323242188,0.3716645836830139,0.00038443360244855285,0.2701384425163269,-0.00365300546400249,3.061800241470337
167,65.64889526367188,887.8800048828125,0.17508697509765625,0.8249130249023438,0.37237393856048584,0.0005766503745689988,0.25718456506729126,-0.0066359154880046844,3.0763978958129883
168,62.83509826660156,846.0599975585938,0.17832183837890625,0.8216781616210938,0.3725450038909912,0.0002562890585977584,0.24472160637378693,-0.00037874915869906545,3.083763599395752
169,62.7147216796875,830.6300048828125,0.18018341064453125,0.8198165893554688,0.3718909025192261,0.00038443360244855285,0.25715121626853943,-0.005503828637301922,3.072521686553955
170,66.37773895263672,882.510009765625,0.1797943115234375,0.8202056884765625,0.37111011147499084,0.0005766503745689988,0.25083503127098083,-0.005233714822679758,3.061739683151245
171,65.32190704345703,870.75,0.1786956787109375,0.8213043212890625,0.37146830558776855,0.0005766503745689988,0.26340147852897644,-0.0036195102147758007,3.060516595840454
172,63.49989700317383,843.989990234375,0.1797332763671875,0.8202667236328125,0.3714388608932495,0.0005766503745689988,0.24820300936698914,-0.00429729837924242,3.0625250339508057
173,64.17919921875,870.1900024414062,0.18216705322265625,0.8178329467773438,0.37166827917099,0.0005766503745689988,0.25171780586242676,-0.002817791886627674,3.0659961700439453
174,66.39578247070312,877.2000122070312,0.1833343505859375,0.8166656494140625,0.3714557886123657,0.00011390625149942935,0.26749134063720703,0.0017825879622250795,3.069232940673828
175,60.67690658569336,828.8800048828125,0.18619537353515625,0.8138046264648438,0.3712107837200165,0.0002562890585977584,0.24899524450302124,-0.007060439325869083,3.0597898960113525
176,64.0526351928711,861.8400268554688,0.19007110595703125,0.8099288940429688,0.370945543050766,0.0005766503745689988,0.2477206140756607,-0.006106252782046795,3.064629554748535
177,66.53886413574219,863.469970703125,0.1928863525390625,0.8071136474609375,0.3708057999610901,0.00038443360244855285,0.2640431821346283,-0.0035048830322921276,3.060392379760742
178,59.779747009277344,817.219970703125,0.19549560546875,0.80450439453125,0.3707897663116455,0.0005766503745689988,0.25325682759284973,-0.0055184499360620975,3.054044246673584
179,67.30643463134766,903.469970703125,0.19655609130859375,0.8034439086914062,0.370479941368103,0.00038443360244855285,0.24366429448127747,-0.0038168905302882195,3.054680824279785
180,62.901676177978516,853.4600219726562,0.194305419921875,0.805694580078125,0.36999017000198364,0.0002562890585977584,0.25058647990226746,-0.005905468948185444,3.0407845973968506
181,63.202571868896484,852.0800170898438,0.19530487060546875,0.8046951293945312,0.3700624108314514,0.00011390625149942935,0.24665407836437225,0.0002630815142765641,3.0437309741973877
182,61.35950469970703,830.1099853515625,0.19855499267578125,0.8014450073242188,0.37003663182258606,0.0002562890585977584,0.24903854727745056,-0.006511288229376078,3.036226987838745
183,65.93318176269531,882.6099853515625,0.198822021484375,0.801177978515625,0.3697739243507385,0.0005766503745689988,0.23065248131752014,-0.005869709886610508,3.0313491821289062
184,64.61094665527344,865.6799926757812,0.19849395751953125,0.8015060424804688,0.37008732557296753,0.00038443360244855285,0.2509346306324005,-0.001442909357137978,3.0393929481506348
185,63.76160430908203,857.1799926757812,0.1983489990234375,0.8016510009765625,0.37157678604125977,0.0005766503745689988,0.2557535469532013,-0.0040042465552687645,3.0536141395568848
186,64.42430114746094,872.6199951171875,0.1999969482421875,0.8000030517578125,0.3721039891242981,0.00038443360244855285,0.25591129064559937,-0.0037109011318534613,3.0763912200927734
187,64.0203628540039,855.260009765625,0.201324462890625,0.798675537109375,0.3719985783100128,0.00017085937724914402,0.23607902228832245,-0.000965133891440928,3.0833096504211426
188,66.69022369384766,887.6799926757812,0.20137786865234375,0.7986221313476562,0.3727360963821411,0.00038443360244855285,0.2452324479818344,-0.005691193044185638,3.0853042602539062
189,65.38629913330078,877.75,0.20214080810546875,0.7978591918945312,0.37229597568511963,0.0005766503745689988,0.2483513206243515,-0.004772179760038853,3.094404458999634
190,68.09539031982422,883.8699951171875,0.20322418212890625,0.7967758178710938,0.3726574182510376,0.0005766503745689988,0.2586604058742523,-0.004446074832230806,3.092244863510132
191,63.72447967529297,877.0900268554688,0.20287322998046875,0.7971267700195312,0.373200386762619,0.00038443360244855285,0.27610841393470764,-0.0038626529276371002,3.1111507415771484
192,65.55420684814453,864.030029296875,0.20259857177734375,0.7974014282226562,0.3734472692012787,0.0005766503745689988,0.25654733180999756,-0.004118762910366058,3.1139907836914062
193,63.564674377441406,832.469970703125,0.201904296875,0.798095703125,0.37388330698013306,0.0005766503745689988,0.24824704229831696,-0.0034418459981679916,3.1309518814086914
194,66.47703552246094,882.7000122070312,0.20294189453125,0.79705810546875,0.3748219609260559,0.0005766503745689988,0.2368229478597641,-0.004032534547150135,3.144557237625122
195,65.57466125488281,876.7899780273438,0.2021942138671875,0.7978057861328125,0.37462642788887024,0.0005766503745689988,0.21911440789699554,-0.004593682009726763,3.1475393772125244
196,67.98686981201172,897.8699951171875,0.20336151123046875,0.7966384887695312,0.37460994720458984,0.0002562890585977584,0.2546447813510895,-0.0008083718712441623,3.152371883392334
197,67.3226547241211,890.5700073242188,0.20223236083984375,0.7977676391601562,0.375308632850647,0.0005766503745689988,0.24209758639335632,-0.00409360695630312,3.1606578826904297
198,68.27106475830078,917.8800048828125,0.2017822265625,0.7982177734375,0.3755577802658081,0.00038443360244855285,0.24603690207004547,-0.0027515569236129522,3.1646506786346436
199,68.41869354248047,898.8200073242188,0.200347900390625,0.799652099609375,0.37548765540122986,0.00038443360244855285,0.23462627828121185,-0.004434579983353615,3.164444923400879
200,65.99031829833984,882.5900268554688,0.1988983154296875,0.8011016845703125,0.3751881420612335,0.0005766503745689988,0.2756540775299072,-0.005024967715144157,3.155517578125
201,65.90312194824219,889.3699951171875,0.198944091796875,0.801055908203125,0.3760523200035095,0.00038443360244855285,0.24842405319213867,-0.0036772387102246284,3.174128532409668
202,63.87099075317383,861.3800048828125,0.197235107421875,0.802764892578125,0.37593579292297363,0.00017085937724914402,0.23247478902339935,-0.0044446783140301704,3.1744065284729004
203,65.22909545898438,881.5499877929688,0.19782257080078125,0.8021774291992188,0.37547236680984497,0.0002562890585977584,0.2223210334777832,-0.005381939932703972,3.1758341789245605
204,66.15296173095703,889.9199829101562,0.19646453857421875,0.8035354614257812,0.375710129737854,0.0005766503745689988,0.21610292792320251,-0.005598415620625019,3.1659295558929443
205,62.557044982910156,847.97998046875,0.1963653564453125,0.8036346435546875,0.37661439180374146,0.00038443360244855285,0.2345568984746933,-0.002768302569165826,3.1909983158111572
206,67.63108825683594,898.3300170898438,0.19515228271484375,0.8048477172851562,0.37574276328086853,0.0002562890585977584,0.24079693853855133,-0.0020334867294877768,3.1836984157562256
207,65.2530746459961,857.1699829101562,0.19284820556640625,0.8071517944335938,0.3759598135948181,0.00038443360244855285,0.23482324182987213,-0.007880028337240219,3.17714524269104
208,65.36321258544922,865.2000122070312,0.19048309326171875,0.8095169067382812,0.3757912814617157,0.0005766503745689988,0.22813592851161957,-0.004398477729409933,3.1898462772369385
209,63.41156768798828,851.5800170898438,0.1895599365234375,0.8104400634765625,0.37614333629608154,0.0005766503745689988,0.2362486869096756,-0.004437938332557678,3.1840710639953613
210,64.13700866699219,867.0700073242188,0.190582275390625,0.809417724609375,0.3756095767021179,0.00038443360244855285,0.23272095620632172,-0.0031286408193409443,3.185763359069824
211,65.77798461914062,876.4299926757812,0.18976593017578125,0.8102340698242188,0.3772159218788147,0.00038443360244855285,0.22286103665828705,-0.007245676591992378,3.201176643371582
212,63.19453811645508,850.4500122070312,0.18895721435546875,0.8110427856445312,0.377045601606369,0.00038443360244855285,0.2319706380367279,-0.005105623509734869,3.2149977684020996
213,64.73173522949219,869.469970703125,0.18988037109375,0.81011962890625,0.3768438398838043,0.0005766503745689988,0.21137738227844238,-0.005001401528716087,3.19767427444458
214,62.28188705444336,838.510009765625,0.1903533935546875,0.8096466064453125,0.37686774134635925,0.0005766503745689988,0.22550860047340393,-0.004384692758321762,3.2111973762512207
215,64.44342041015625,880.469970703125,0.19057464599609375,0.8094253540039062,0.37700116634368896,0.0005766503745689988,0.21337343752384186,-0.0022254232317209244,3.2069218158721924
216,65.35639190673828,887.989990234375,0.19011688232421875,0.8098831176757812,0.3771743178367615,0.00017085937724914402,0.22090031206607819,-0.004009787458926439,3.21034574508667
217,64.16423034667969,856.4299926757812,0.18845367431640625,0.8115463256835938,0.37701934576034546,0.00038443360244855285,0.23265470564365387,-0.005795207340270281,3.2053942680358887
218,63.9683723449707,858.1599731445312,0.18941497802734375,0.8105850219726562,0.37677064538002014,0.0005766503745689988,0.22987204790115356,-0.006276900880038738,3.1991896629333496
219,63.45985794067383,866.5900268554688,0.1888580322265625,0.8111419677734375,0.37732934951782227,0.00038443360244855285,0.23273363709449768,-0.003488442162051797,3.210705280303955
220,68.95979309082031,908.97998046875,0.18645477294921875,0.8135452270507812,0.37806272506713867,0.0005766503745689988,0.22689779102802277,-0.006532982923090458,3.212502956390381
221,64.000244140625,887.4000244140625,0.185943603515625,0.814056396484375,0.3784281611442566,0.00038443360244855285,0.2174702137708664,-0.0014530317857861519,3.232839822769165
222,67.49119567871094,905.6599731445312,0.183624267578125,0.816375732421875,0.37891870737075806,0.0005766503745689988,0.23392680287361145,-0.006485243793576956,3.237300157546997
223,67.34131622314453,888.8699951171875,0.1813507080078125,0.8186492919921875,0.3795420229434967,0.0005766503745689988,0.21835103631019592,-0.0027263823430985212,3.2496275901794434
224,66.35752868652344,883.2100219726562,0.1788330078125,0.8211669921875,0.378741055727005,0.00038443360244855285,0.2178787738084793,-0.002925511449575424,3.2432212829589844
225,67.49271392822266,902.1199951171875,0.1780853271484375,0.8219146728515625,0.37860286235809326,0.0005766503745689988,0.22735796868801117,-0.0037701530382037163,3.2307488918304443
226,67.5620346069336,893.469970703125,0.176849365234375,0.823150634765625,0.3781971335411072,0.00038443360244855285,0.21624939143657684,-0.0032313347328454256,3.2346372604370117
227,67.73794555664062,903.9000244140625,0.177276611328125,0.822723388671875,0.3787907361984253,0.0005766503745689988,0.22731655836105347,-0.003847644664347172,3.2310233116149902
228,65.13581085205078,875.530029296875,0.17523956298828125,0.8247604370117188,0.3787689208984375,0.00017085937724914402,0.23576389253139496,0.0009054531692527235,3.243960380554199
229,65.96138000488281,872.6500244140625,0.17523193359375,0.82476806640625,0.3782830238342285,0.00038443360244855285,0.226272851228714,-0.0062694186344742775,3.2324821949005127
230,65.65421295166016,878.0399780273438,0.1752471923828125,0.8247528076171875,0.3776131868362427,0.0005766503745689988,0.22655844688415527,-0.004881362430751324,3.21834135055542
231,66.13653564453125,894.1300048828125,0.17592620849609375,0.8240737915039062,0.37745413184165955,0.0002562890585977584,0.25090810656547546,-0.0006795456283725798,3.2168796062469482
232,68.13804626464844,887.1900024414062,0.17574310302734375,0.8242568969726562,0.3777610659599304,0.0005766503745689988,0.25021013617515564,-0.005532614421099424,3.2054481506347656
233,61.782569885253906,836.1699829101562,0.17458343505859375,0.8254165649414062,0.3779444694519043,0.0005766503745689988,0.24334004521369934,-0.0037421046290546656,3.219851016998291
234,66.3570327758789,872.6400146484375,0.17572021484375,0.82427978515625,0.37827277183532715,0.0005766503745689988,0.250013530254364,-0.0030994911212474108,3.2174296379089355
235,64.09807586669922,870.2999877929688,0.17491912841796875,0.8250808715820312,0.37849175930023193,0.0005766503745689988,0.252316415309906,-0.0031493003480136395,3.2245795726776123
236,67.32571411132812,888.5999755859375,0.17409515380859375,0.8259048461914062,0.378059983253479,0.00038443360244855285,0.244102343916893,-0.002212939551100135,3.224937915802002
237,68.11251068115234,892.719970703125,0.17380523681640625,0.8261947631835938,0.37819525599479675,0.00038443360244855285,0.2526456415653229,-0.0028084286022931337,3.2249746322631836
238,64.20454406738281,857.5499877929688,0.172454833984375,0.827545166015625,0.3785805404186249,0.00038443360244855285,0.22880974411964417,-0.006820391397923231,3.231715440750122
239,65.60042572021484,884.5900268554688,0.17212677001953125,0.8278732299804688,0.3785809874534607,0.0005766503745689988,0.23970608413219452,-0.0057203262113034725,3.2333908081054688
240,67.63592529296875,910.530029296875,0.1725311279296875,0.8274688720703125,0.3782155513763428,0.00038443360244855285,0.21833407878875732,-0.0009494928526692092,3.228287935256958
241,62.186492919921875,831.1300048828125,0.17397308349609375,0.8260269165039062,0.3779979646205902,0.0005766503745689988,0.2276661992073059,-0.004551881458610296,3.216855764389038
242,63.74771499633789,859.75,0.17737579345703125,0.8226242065429688,0.3783729672431946,0.0002562890585977584,0.24233126640319824,0.00017330239643342793,3.226268768310547
243,66.69884490966797,900.5800170898438,0.17928314208984375,0.8207168579101562,0.3785538077354431,0.00038443360244855285,0.2234887331724167,-0.006716342642903328,3.2261080741882324
244,64.60028839111328,878.8400268554688,0.17833709716796875,0.8216629028320312,0.37877219915390015,0.00038443360244855285,0.22649110853672028,-0.001612842082977295,3.2340598106384277
245,65.07608795166016,868.5700073242188,0.179443359375,0.820556640625,0.3783509433269501,0.0005766503745689988,0.21154019236564636,-0.004724985454231501,3.2258810997009277
246,64.43077087402344,860.9400024414062,0.18114471435546875,0.8188552856445312,0.37865060567855835,0.0005766503745689988,0.19787660241127014,-0.00481244083493948,3.227409839630127
247,66.05937194824219,881.6599731445312,0.18125152587890625,0.8187484741210938,0.3779653310775757,0.0002562890585977584,0.1945587545633316,-0.0029369459953159094,3.226280927658081
248,63.50483703613281,858.219970703125,0.17946624755859375,0.8205337524414062,0.3775564432144165,0.00038443360244855285,0.1872188001871109,-0.007361379452049732,3.210777997970581
249,65.473876953125,876.9500122070312,0.17755889892578125,0.8224411010742188,0.377156138420105,0.0005766503745689988,0.18521933257579803,-0.004151961300522089,3.201575517654419
250,63.94777297973633,859.1300048828125,0.17827606201171875,0.8217239379882812,0.37700098752975464,0.00038443360244855285,0.20051930844783783,-0.0033655210863798857,3.2102737426757812
251,64.1876220703125,891.7999877929688,0.17724609375,0.82275390625,0.37688979506492615,0.0005766503745689988,0.20422933995723724,-0.004285661969333887,3.197173595428467
252,68.7582015991211,915.4600219726562,0.17726898193359375,0.8227310180664062,0.3757142126560211,0.00038443360244855285,0.1970135122537613,-0.004215704742819071,3.189507484436035
253,67.24568939208984,899.77001953125,0.176544189453125,0.823455810546875,0.37527620792388916,0.0005766503745689988,0.22225673496723175,-0.005249646492302418,3.173210382461548
254,68.32843017578125,914.1300048828125,0.17409515380859375,0.8259048461914062,0.37561923265457153,0.00038443360244855285,0.22372741997241974,-0.001594238798134029,3.1777026653289795
255,64.57058715820312,865.3900146484375,0.17315673828125,0.82684326171875,0.37597334384918213,0.0005766503745689988,0.21374502778053284,-0.0036904369480907917,3.184765100479126
256,66.77442932128906,879.010009765625,0.17440032958984375,0.8255996704101562,0.3755461573600769,0.00038443360244855285,0.22332215309143066,-0.0029832266736775637,3.179823160171509
257,62.95722198486328,852.4400024414062,0.17313385009765625,0.8268661499023438,0.376839816570282,0.0005766503745689988,0.2318437695503235,-0.006973266135901213,3.1961557865142822
258,63.276981353759766,858.510009765625,0.17510986328125,0.82489013671875,0.37742507457733154,0.00038443360244855285,0.2287558615207672,-0.0030064177699387074,3.2214417457580566
259,66.78048706054688,882.5399780273438,0.1772003173828125,0.8227996826171875,0.3775733411312103,0.0005766503745689988,0.2107422649860382,-0.004969825968146324,3.22128963470459
260,65.46813201904297,885.9199829101562,0.178009033203125,0.821990966796875,0.37754249572753906,0.0005766503745689988,0.22627629339694977,-0.0045200553722679615,3.226898670196533
261,64.9543228149414,894.5499877929688,0.1778106689453125,0.8221893310546875,0.3781932294368744,0.0005766503745689988,0.19966961443424225,-0.004028922412544489,3.2349023818969727
262,68.86131286621094,918.3699951171875,0.1770782470703125,0.8229217529296875,0.3777938187122345,0.00038443360244855285,0.2132241576910019,-0.0027584161143749952,3.232135772705078
263,67.53028869628906,902.0900268554688,0.176483154296875,0.823516845703125,0.3769877552986145,0.00038443360244855285,0.20748187601566315,-0.004660017788410187,3.2184369564056396
264,66.0448989868164,881.1900024414062,0.17571258544921875,0.8242874145507812,0.3764469027519226,0.0005766503745689988,0.2109009474515915,-0.006603164132684469,3.208914279937744
265,68.16419219970703,907.030029296875,0.17339324951171875,0.8266067504882812,0.37716102600097656,0.0005766503745689988,0.21086201071739197,-0.004129268694669008,3.2037558555603027
266,65.381591796875,886.1199951171875,0.17113494873046875,0.8288650512695312,0.3768433630466461,0.00038443360244855285,0.19301073253154755,-0.00399648305028677,3.2157700061798096
267,68.35111236572266,895.8200073242188,0.17059326171875,0.82940673828125,0.3761056363582611,0.0005766503745689988,0.20397129654884338,-0.0066844807006418705,3.1968493461608887
268,63.05513000488281,867.9099731445312,0.16956329345703125,0.8304367065429688,0.3766530156135559,0.0005766503745689988,0.20655369758605957,-0.0037623292300850153,3.202951431274414
269,63.55879592895508,875.25,0.1709136962890625,0.8290863037109375,0.37617969512939453,0.0002562890585977584,0.2133280634880066,-0.001421594643034041,3.198103189468384
270,64.9540786743164,873.9500122070312,0.17169952392578125,0.8283004760742188,0.3756623864173889,0.00038443360244855285,0.20885729789733887,-0.0063229892402887344,3.18766188621521
271,64.4681167602539,882.280029296875,0.1705322265625,0.8294677734375,0.37581485509872437,0.0005766503745689988,0.22072941064834595,-0.004172789864242077,3.1821208000183105
272,66.27648162841797,880.7999877929688,0.167205810546875,0.832794189453125,0.37521427869796753,0.0005766503745689988,0.2323230355978012,-0.005654896143823862,3.1810011863708496
273,62.82170867919922,870.010009765625,0.16750335693359375,0.8324966430664062,0.3745402693748474,0.0005766503745689988,0.2302335947751999,-0.004429203923791647,3.1623995304107666
274,64.37356567382812,878.530029296875,0.16863250732421875,0.8313674926757812,0.3739677965641022,0.0005766503745689988,0.23404961824417114,-0.0023686729837208986,3.160491704940796
275,64.3446273803711,865.0999755859375,0.1671600341796875,0.8328399658203125,0.37386229634284973,0.0005766503745689988,0.23526425659656525,-0.005650828126817942,3.1481053829193115
276,65.48200988769531,895.2999877929688,0.16637420654296875,0.8336257934570312,0.37408602237701416,0.00038443360244855285,0.24422019720077515,-0.003145866096019745,3.1495563983917236
277,64.11878204345703,874.7999877929688,0.16741180419921875,0.8325881958007812,0.3743124008178711,0.0005766503745689988,0.2575434148311615,-0.005376937799155712,3.1541855335235596
278,60.968563079833984,828.8599853515625,0.1679840087890625,0.8320159912109375,0.3744378089904785,0.00017085937724914402,0.25094956159591675,0.0034980501513928175,3.1662092208862305
279,61.68937301635742,849.02001953125,0.1703033447265625,0.8296966552734375,0.37465816736221313,0.00038443360244855285,0.23356406390666962,-0.007263022940605879,3.165419101715088
280,61.760684967041016,846.2000122070312,0.1724853515625,0.8275146484375,0.3753929138183594,0.0005766503745689988,0.2547895908355713,-0.007209682371467352,3.1801016330718994
281,64.01111602783203,874.5399780273438,0.17490386962890625,0.8250961303710938,0.3753046989440918,0.00017085937724914402,0.23768240213394165,-0.0016138997161760926,3.1781976222991943
282,62.609649658203125,836.780029296875,0.177154541015625,0.822845458984375,0.37528282403945923,0.00038443360244855285,0.2217887043952942,-0.006577321328222752,3.1808059215545654
283,64.60014343261719,878.7899780273438,0.1796417236328125,0.8203582763671875,0.3751313090324402,0.0005766503745689988,0.22799153625965118,-0.007195614278316498,3.170928478240967
284,63.38188934326172,847.8099975585938,0.181060791015625,0.818939208984375,0.3749611973762512,0.00038443360244855285,0.2495056390762329,-0.003130864817649126,3.17350697517395
285,62.97157669067383,846.9500122070312,0.18471527099609375,0.8152847290039062,0.37581488490104675,0.0005766503745689988,0.24573691189289093,-0.006138100288808346,3.173170804977417
286,63.646488189697266,852.7100219726562,0.186676025390625,0.813323974609375,0.3757250905036926,0.0005766503745689988,0.24752157926559448,-0.004622642882168293,3.1891112327575684
287,62.529972076416016,840.7100219726562,0.18915557861328125,0.8108444213867188,0.3759898543357849,0.0002562890585977584,0.25728878378868103,-0.0010778243886306882,3.1873867511749268
288,66.70677947998047,891.47998046875,0.19016265869140625,0.8098373413085938,0.3770897388458252,0.0005766503745689988,0.2585074007511139,-0.0067044757306575775,3.209824323654175
289,63.35511016845703,853.9299926757812,0.19008636474609375,0.8099136352539062,0.3766149878501892,0.0002562890585977584,0.23784944415092468,-0.004678432829678059,3.211916923522949
290,63.047645568847656,839.7999877929688,0.19195556640625,0.80804443359375,0.3773950934410095,0.0005766503745689988,0.2598034739494324,-0.005534791853278875,3.2176156044006348
291,61.11161422729492,837.510009765625,0.19667816162109375,0.8033218383789062,0.37814754247665405,0.0005766503745689988,0.25101280212402344,-0.0042670960538089275,3.242244243621826
292,64.45426177978516,874.9400024414062,0.20034027099609375,0.7996597290039062,0.3781038522720337,0.00038443360244855285,0.2510361969470978,-0.003030795371159911,3.2400100231170654
293,63.85324478149414,867.5,0.2026214599609375,0.7973785400390625,0.37842410802841187,0.00038443360244855285,0.2459673434495926,-0.004835429601371288,3.2459654808044434
294,62.17722702026367,831.9199829101562,0.205108642578125,0.794891357421875,0.378886878490448,0.0005766503745689988,0.2742127478122711,-0.0037262369878590107,3.2453060150146484
295,63.49739456176758,864.4099731445312,0.20903778076171875,0.7909622192382812,0.3787814676761627,0.0005766503745689988,0.2663888931274414,-0.0030104981269687414,3.2495179176330566
296,60.86318588256836,833.9099731445312,0.2125701904296875,0.7874298095703125,0.37848347425460815,0.0002562890585977584,0.26796647906303406,-0.001873193890787661,3.24660587310791
297,64.44816589355469,857.0599975585938,0.2150726318359375,0.7849273681640625,0.3787682056427002,0.0005766503745689988,0.2575371563434601,-0.006629297509789467,3.246654987335205
298,64.64109802246094,876.4600219726562,0.218017578125,0.781982421875,0.37964609265327454,0.0005766503745689988,0.2573849558830261,-0.004343819804489613,3.2699875831604004
299,59.904598236083984,819.0399780273438,0.21808624267578125,0.7819137573242188,0.3798472285270691,0.0002562890585977584,0.2504863739013672,-0.0024140719324350357,3.2834994792938232
300,61.04529571533203,843.27001953125,0.2210235595703125,0.7789764404296875,0.38075554370880127,0.0002562890585977584,0.23958848416805267,-0.004926723428070545,3.288146495819092
301,59.88544845581055,816.239990234375,0.22287750244140625,0.7771224975585938,0.38001367449760437,0.00038443360244855285,0.24270951747894287,-0.007266519591212273,3.288877010345459
302,64.42945098876953,884.5599975585938,0.22391510009765625,0.7760848999023438,0.3807927966117859,0.0005766503745689988,0.23371747136116028,-0.007237669546157122,3.297572612762451
303,60.98640823364258,831.6599731445312,0.2231903076171875,0.7768096923828125,0.38052457571029663,0.00038443360244855285,0.24598053097724915,-0.0027571741957217455,3.2985692024230957
304,63.24956130981445,856.9500122070312,0.22528839111328125,0.7747116088867188,0.38054901361465454,0.0005766503745689988,0.24414552748203278,-0.005756109021604061,3.2928807735443115
305,61.4300422668457,824.0800170898438,0.227020263671875,0.772979736328125,0.3806051015853882,0.0005766503745689988,0.26764345169067383,-0.004757059272378683,3.3071515560150146
306,65.10018157958984,877.510009765625,0.2266845703125,0.7733154296875,0.38062405586242676,0.00038443360244855285,0.2600317895412445,-0.006231211591511965,3.2984354496002197
307,61.46651077270508,813.25,0.22597503662109375,0.7740249633789062,0.38077813386917114,0.00038443360244855285,0.27818506956100464,-0.0038761794567108154,3.3033876419067383
308,64.24243927001953,872.969970703125,0.2283172607421875,0.7716827392578125,0.38005638122558594,0.0005766503745689988,0.23078687489032745,-0.006888785399496555,3.2947676181793213
309,63.11505126953125,849.6500244140625,0.22918701171875,0.77081298828125,0.3801218271255493,0.00038443360244855285,0.23472529649734497,-0.002133740810677409,3.2953739166259766
310,65.2144546508789,868.8800048828125,0.2293853759765625,0.7706146240234375,0.3808246850967407,0.0005766503745689988,0.2263924777507782,-0.0064087542705237865,3.298750638961792
311,62.8357048034668,848.72998046875,0.22986602783203125,0.7701339721679688,0.3811526894569397,0.00038443360244855285,0.22452576458454132,-0.0038968545850366354,3.30244517326355
312,64.66242980957031,872.489990234375,0.22850799560546875,0.7714920043945312,0.38121700286865234,0.0005766503745689988,0.23765109479427338,-0.007127259857952595,3.3040332794189453
313,64.15547943115234,864.739990234375,0.2280426025390625,0.7719573974609375,0.382375568151474,0.00038443360244855285,0.2330140322446823,-0.0007341832970269024,3.3242671489715576
314,66.5837631225586,880.239990234375,0.2303466796875,0.7696533203125,0.3820094168186188,0.0005766503745689988,0.23699167370796204,-0.004014012403786182,3.319901704788208
315,63.843421936035156,865.4400024414062,0.230438232421875,0.769561767578125,0.3816702365875244,0.00038443360244855285,0.23741640150547028,-0.004340812098234892,3.3196346759796143
316,65.77233123779297,871.27001953125,0.23090362548828125,0.7690963745117188,0.38168656826019287,0.0005766503745689988,0.2203167974948883,-0.0040889098308980465,3.3080480098724365
317,66.49427795410156,899.010009765625,0.229248046875,0.770751953125,0.38182201981544495,0.0002562890585977584,0.21235892176628113,-0.003845882834866643,3.325563430786133
318,64.63545227050781,882.97998046875,0.22829437255859375,0.7717056274414062,0.3820539712905884,0.00038443360244855285,0.22036658227443695,-0.006443294696509838,3.3196444511413574
319,63.99702072143555,863.3499755859375,0.227630615234375,0.772369384765625,0.3820466697216034,0.0005766503745689988,0.22715362906455994,-0.006139354780316353,3.3275506496429443
320,65.08096313476562,873.1099853515625,0.2263336181640625,0.7736663818359375,0.38205042481422424,0.00038443360244855285,0.24653363227844238,-0.001570837921462953,3.3288652896881104
321,65.8241958618164,902.3400268554688,0.223419189453125,0.776580810546875,0.3816070556640625,0.0005766503745689988,0.2194397747516632,-0.006300201639533043,3.3139772415161133
322,66.17584991455078,883.6300048828125,0.22022247314453125,0.7797775268554688,0.38185250759124756,0.00038443360244855285,0.2367217093706131,-0.003677662927657366,3.322072744369507
323,66.28306579589844,891.5700073242188,0.21880340576171875,0.7811965942382812,0.38173848390579224,0.0005766503745689988,0.23672562837600708,-0.004937050864100456,3.3154473304748535
324,64.23568725585938,869.75,0.2183990478515625,0.7816009521484375,0.38132524490356445,0.0002562890585977584,0.23021908104419708,-0.004272308200597763,3.308400869369507
325,63.3709831237793,852.7000122070312,0.21732330322265625,0.7826766967773438,0.3811500668525696,0.00038443360244855285,0.21236459910869598,-0.007694584783166647,3.3035149574279785
326,65.49276733398438,888.5999755859375,0.2172088623046875,0.7827911376953125,0.3813554346561432,0.0005766503745689988,0.20972666144371033,-0.005332709290087223,3.303318738937378
327,68.0750503540039,891.469970703125,0.21614837646484375,0.7838516235351562,0.3814367651939392,0.00038443360244855285,0.22236740589141846,-0.003937031142413616,3.3009555339813232
328,67.44588470458984,899.2999877929688,0.21274566650390625,0.7872543334960938,0.38156700134277344,0.0005766503745689988,0.20242775976657867,-0.005957389250397682,3.2999703884124756
329,67.42388916015625,892.4000244140625,0.21096038818359375,0.7890396118164062,0.3824835419654846,0.00038443360244855285,0.20813459157943726,-0.0023301434703171253,3.317340850830078
330,66.24164581298828,880.6199951171875,0.20948028564453125,0.7905197143554688,0.38260817527770996,0.00038443360244855285,0.21445249021053314,-0.005939385388046503,3.3225162029266357
331,67.0149154663086,894.3499755859375,0.20493316650390625,0.7950668334960938,0.382887601852417,0.0005766503745689988,0.22789129614830017,-0.007600788027048111,3.3243179321289062
332,65.53170013427734,876.2899780273438,0.2012939453125,0.7987060546875,0.38295602798461914,0.0005766503745689988,0.21828767657279968,-0.003734697587788105,3.3341410160064697
333,65.33216857910156,878.7100219726562,0.20074462890625,0.79925537109375,0.38287124037742615,0.00038443360244855285,0.23047852516174316,-0.005387991201132536,3.3283653259277344
334,66.24297332763672,895.6300048828125,0.19753265380859375,0.8024673461914062,0.38323554396629333,0.0005766503745689988,0.23342345654964447,-0.004553525242954493,3.338486433029175
335,64.30687713623047,859.6199951171875,0.1979827880859375,0.8020172119140625,0.38281434774398804,0.0002562890585977584,0.231086865067482,-0.001248495769686997,3.3344480991363525
336,65.2630386352539,880.239990234375,0.19800567626953125,0.8019943237304688,0.3827049732208252,0.00038443360244855285,0.22391319274902344,-0.007635739166289568,3.3225719928741455
337,64.68556213378906,847.489990234375,0.19612884521484375,0.8038711547851562,0.38282451033592224,0.0005766503745689988,0.22082941234111786,-0.004354642704129219,3.3238883018493652
338,64.34835052490234,868.4299926757812,0.19321441650390625,0.8067855834960938,0.38278859853744507,0.0002562890585977584,0.2275487184524536,-0.001025795703753829,3.3287253379821777
339,69.87625122070312,917.6699829101562,0.19165802001953125,0.8083419799804688,0.3829747438430786,0.00038443360244855285,0.2095644176006317,-0.006401364225894213,3.330545425415039
340,68.10550689697266,899.9000244140625,0.18816375732421875,0.8118362426757812,0.3834589719772339,0.00038443360244855285,0.19774623215198517,-0.0026982107665389776,3.336243152618408
341,68.54244232177734,915.75,0.1850433349609375,0.8149566650390625,0.3842308521270752,0.0005766503745689988,0.22811853885650635,-0.0030755253974348307,3.3432493209838867
342,65.16085815429688,878.4600219726562,0.18338775634765625,0.8166122436523438,0.3838755786418915,0.0005766503745689988,0.21585603058338165,-0.0018047774210572243,3.351738929748535
343,65.71575164794922,882.2999877929688,0.18399810791015625,0.8160018920898438,0.38380151987075806,0.0002562890585977584,0.2146516740322113,7.248326437547803e-05,3.340810775756836
344,67.05073547363281,880.9299926757812,0.18340301513671875,0.8165969848632812,0.38348791003227234,0.00038443360244855285,0.22045207023620605,-0.00739624910056591,3.33245849609375
345,64.30477142333984,849.2999877929688,0.1826171875,0.8173828125,0.38393113017082214,0.0005766503745689988,0.20480377972126007,-0.0046325018629431725,3.3402528762817383
346,65.21339416503906,859.02001953125,0.18140411376953125,0.8185958862304688,0.3834744989871979,0.00038443360244855285,0.20885199308395386,-0.0029341503977775574,3.33614444732666
347,66.37104034423828,884.739990234375,0.181396484375,0.818603515625,0.3836957514286041,0.0005766503745689988,0.21403414011001587,-0.005235355347394943,3.330199718475342
348,67.09780883789062,895.1799926757812,0.178253173828125,0.821746826171875,0.3832818269729614,0.00038443360244855285,0.22317004203796387,-0.0030489887576550245,3.332805633544922
349,68.5908432006836,905.719970703125,0.1750946044921875,0.8249053955078125,0.3840014338493347,0.0005766503745689988,0.24394816160202026,-0.004194257315248251,3.331667900085449
350,66.70686340332031,891.8400268554688,0.1721343994140625,0.8278656005859375,0.38392123579978943,0.00038443360244855285,0.2409653663635254,-0.003310311120003462,3.3465240001678467
351,68.2224349975586,907.3200073242188,0.17081451416015625,0.8291854858398438,0.38321733474731445,0.0005766503745689988,0.2461574375629425,-0.004457009490579367,3.328331232070923
352,61.575138092041016,845.9000244140625,0.1728973388671875,0.8271026611328125,0.3833412826061249,0.00038443360244855285,0.2450459599494934,-0.0020312184933573008,3.335136651992798
353,68.6304702758789,901.0800170898438,0.1741790771484375,0.8258209228515625,0.38329896330833435,0.0005766503745689988,0.24381525814533234,-0.005366272758692503,3.3266701698303223
354,67.52667999267578,893.0599975585938,0.17220306396484375,0.8277969360351562,0.38308751583099365,0.0002562890585977584,0.24479928612709045,-0.0032277998980134726,3.332578659057617
355,62.8697509765625,846.6099853515625,0.170745849609375,0.829254150390625,0.3831886649131775,0.0005766503745689988,0.25262653827667236,-0.005648820195347071,3.3242714405059814
356,62.7531852722168,847.3300170898438,0.17050933837890625,0.8294906616210938,0.38244426250457764,0.00038443360244855285,0.24733059108257294,-0.0045431824401021,3.3137433528900146
357,67.92202758789062,897.219970703125,0.1712493896484375,0.8287506103515625,0.3824775516986847,0.0005766503745689988,0.23846250772476196,-0.007201984524726868,3.311710834503174
358,63.8436279296875,836.1799926757812,0.1735382080078125,0.8264617919921875,0.38182350993156433,0.0002562890585977584,0.23143340647220612,-0.0038387784734368324,3.3082163333892822
359,69.11935424804688,922.1599731445312,0.17238616943359375,0.8276138305664062,0.38218891620635986,0.00038443360244855285,0.24757063388824463,-0.0061958832666277885,3.300097942352295
360,64.77527618408203,866.1799926757812,0.17163848876953125,0.8283615112304688,0.3819383978843689,0.00038443360244855285,0.24810102581977844,-0.004266585689038038,3.304565906524658
361,65.53158569335938,881.2100219726562,0.17255401611328125,0.8274459838867188,0.3821287751197815,0.0005766503745689988,0.2514302134513855,-0.007614423055201769,3.2982919216156006
362,67.68563842773438,896.0499877929688,0.1710968017578125,0.8289031982421875,0.38263559341430664,0.00017085937724914402,0.24914517998695374,-0.0002454016066621989,3.314779043197632
363,63.88925552368164,875.9199829101562,0.17111968994140625,0.8288803100585938,0.382969468832016,0.00038443360244855285,0.24708417057991028,-0.006803874392062426,3.3128957748413086
364,63.22602081298828,848.8499755859375,0.1740570068359375,0.8259429931640625,0.3831562399864197,0.00038443360244855285,0.2195020467042923,-0.0024032548535615206,3.3287553787231445
365,65.15265655517578,881.9099731445312,0.17368316650390625,0.8263168334960938,0.38323506712913513,0.0005766503745689988,0.22658391296863556,-0.006665727123618126,3.323066473007202
366,65.91797637939453,878.4199829101562,0.17389678955078125,0.8261032104492188,0.38305529952049255,0.0002562890585977584,0.20741930603981018,-0.000509205216076225,3.3273980617523193
367,67.5792236328125,892.5900268554688,0.17647552490234375,0.8235244750976562,0.383472204208374,0.0005766503745689988,0.22383542358875275,-0.006097772158682346,3.32415771484375
368,67.71969604492188,897.719970703125,0.1768951416015625,0.8231048583984375,0.38331738114356995,0.00038443360244855285,0.2196018248796463,-0.004224041476845741,3.3346753120422363
369,66.998291015625,895.7899780273438,0.17819976806640625,0.8218002319335938,0.38388586044311523,0.0005766503745689988,0.23978862166404724,-0.005571829620748758,3.3397083282470703
370,64.60188293457031,867.6400146484375,0.1809234619140625,0.8190765380859375,0.3845893144607544,0.00038443360244855285,0.230373814702034,-0.00606131087988615,3.3533785343170166
371,69.11485290527344,901.030029296875,0.18247222900390625,0.8175277709960938,0.38473954796791077,0.0005766503745689988,0.23276743292808533,-0.0059662568382918835,3.3538942337036133
372,64.86968994140625,874.0499877929688,0.18323516845703125,0.8167648315429688,0.38426923751831055,0.00038443360244855285,0.23268340528011322,-0.004622280597686768,3.356323480606079
373,63.87053680419922,872.0999755859375,0.18387603759765625,0.8161239624023438,0.3841446042060852,0.0005766503745689988,0.2354142814874649,-0.00423603318631649,3.3453149795532227
374,64.9405746459961,866.8599853515625,0.1861419677734375,0.8138580322265625,0.38426634669303894,0.0005766503745689988,0.2399011254310608,-0.0032050071749836206,3.350374460220337
375,65.07545471191406,867.3699951171875,0.188934326171875,0.811065673828125,0.3847936987876892,0.0005766503745689988,0.23519130051136017,-0.003784473752602935,3.347736120223999
376,67.21941375732422,892.1900024414062,0.1894989013671875,0.8105010986328125,0.3852441906929016,0.0005766503745689988,0.21034228801727295,-0.005127124022692442,3.3687288761138916
377,67.11305236816406,891.0800170898438,0.189422607421875,0.810577392578125,0.38567906618118286,0.0005766503745689988,0.22750164568424225,-0.0053152344189584255,3.361222982406616
378,64.03693389892578,858.8400268554688,0.1917572021484375,0.8082427978515625,0.38559287786483765,0.0005766503745689988,0.2320680469274521,-0.002414262853562832,3.3718481063842773
379,60.65151596069336,819.9000244140625,0.19445037841796875,0.8055496215820312,0.3854159116744995,0.00038443360244855285,0.2254640758037567,-0.0029784550424665213,3.3648993968963623
380,64.526611328125,852.27001953125,0.197052001953125,0.802947998046875,0.3853785991668701,0.0005766503745689988,0.2272278368473053,-0.005016866140067577,3.360164165496826
381,67.5007095336914,904.739990234375,0.1981964111328125,0.8018035888671875,0.38552671670913696,0.0002562890585977584,0.22146211564540863,-0.0009463623282499611,3.365560293197632
382,64.1554183959961,867.5700073242188,0.19506072998046875,0.8049392700195312,0.3854685425758362,0.0005766503745689988,0.22202745079994202,-0.006440820172429085,3.358149290084839
383,70.17719268798828,917.4600219726562,0.19290924072265625,0.8070907592773438,0.38626334071159363,0.0002562890585977584,0.21438342332839966,-0.0017216276610270143,3.373688220977783
384,65.5608139038086,871.1799926757812,0.1920166015625,0.8079833984375,0.38659173250198364,0.0005766503745689988,0.20384757220745087,-0.006221733521670103,3.3753321170806885
385,66.86447143554688,884.1900024414062,0.18935394287109375,0.8106460571289062,0.3864554166793823,0.0002562890585977584,0.1983393132686615,-0.0016731363721191883,3.3890929222106934
386,68.31754302978516,896.77001953125,0.18460845947265625,0.8153915405273438,0.38575395941734314,0.00038443360244855285,0.19257311522960663,-0.006603947374969721,3.3723878860473633
387,67.14849853515625,885.9199829101562,0.183502197265625,0.816497802734375,0.38514530658721924,0.0002562890585977584,0.18822263181209564,-0.004771576728671789,3.365424156188965
388,65.89044189453125,864.1400146484375,0.182159423828125,0.817840576171875,0.3858683109283447,0.0005766503745689988,0.20318585634231567,-0.006240525282919407,3.370431423187256
389,67.1968765258789,890.8499755859375,0.18314361572265625,0.8168563842773438,0.3854005038738251,0.00038443360244855285,0.21424922347068787,-0.00401332788169384,3.3718111515045166
390,66.28309631347656,890.97998046875,0.18262481689453125,0.8173751831054688,0.38533616065979004,0.0005766503745689988,0.2088177651166916,-0.005076420959085226,3.3733716011047363
391,63.6899528503418,861.260009765625,0.18248748779296875,0.8175125122070312,0.3851696848869324,0.0005766503745689988,0.2081974446773529,-0.0034403009340167046,3.371508836746216
392,62.58952713012695,832.8200073242188,0.1838531494140625,0.8161468505859375,0.38411659002304077,0.0005766503745689988,0.1897723525762558,-0.004532238002866507,3.357355833053589
393,66.2265625,878.1099853515625,0.18255615234375,0.81744384765625,0.38449060916900635,0.0005766503745689988,0.1919832080602646,-0.004793258383870125,3.357348680496216
394,65.2711410522461,879.3099975585938,0.17795562744140625,0.8220443725585938,0.38462209701538086,0.0008649755618534982,0.22407259047031403,-0.00450372276827693,3.3563852310180664
395,66.3030776977539,894.8900146484375,0.1754913330078125,0.8245086669921875,0.3851715922355652,0.0005766503745689988,0.22011861205101013,-0.003731339005753398,3.3643388748168945
396,66.5384292602539,885.510009765625,0.17388916015625,0.82611083984375,0.3853849172592163,0.0002562890585977584,0.19672641158103943,-0.003808365436270833,3.368269920349121
397,67.65074920654297,890.6599731445312,0.1726531982421875,0.8273468017578125,0.3855608105659485,0.0005766503745689988,0.2100340723991394,-0.005920321214944124,3.3676486015319824
398,66.54632568359375,881.2899780273438,0.1728515625,0.8271484375,0.385372519493103,0.0005766503745689988,0.21716663241386414,-0.004088249988853931,3.373870372772217
399,70.18601989746094,916.530029296875,0.17063140869140625,0.8293685913085938,0.3846435546875,0.0005766503745689988,0.20329265296459198,-0.0038538994267582893,3.3567850589752197
400,69.1023178100586,914.239990234375,0.16949462890625,0.83050537109375,0.3841801881790161,0.0005766503745689988,0.19946248829364777,-0.003066194010898471,3.3443288803100586
401,66.82293701171875,897.6799926757812,0.16857147216796875,0.8314285278320312,0.3843114376068115,0.00017085937724914402,0.21748724579811096,0.001432807999663055,3.3474948406219482
402,63.540771484375,856.6099853515625,0.1686859130859375,0.8313140869140625,0.3840513825416565,0.00038443360244855285,0.22175920009613037,-0.006401067599654198,3.3389852046966553
403,67.84599304199219,905.0599975585938,0.16797637939453125,0.8320236206054688,0.3848760724067688,0.0005766503745689988,0.2225491851568222,-0.006611588876694441,3.348529815673828
404,63.03288269042969,853.1400146484375,0.16620635986328125,0.8337936401367188,0.3852328062057495,0.00038443360244855285,0.21908165514469147,-0.0012934411643072963,3.3662197589874268
405,66.84423065185547,901.77001953125,0.16538238525390625,0.8346176147460938,0.3858589231967926,0.0002562890585977584,0.19759975373744965,-0.004903633613139391,3.3619749546051025
406,67.09537506103516,886.6599731445312,0.16419219970703125,0.8358078002929688,0.3865451216697693,0.0005766503745689988,0.19157156348228455,-0.006005912087857723,3.380078077316284
407,66.2655258178711,888.47998046875,0.161163330078125,0.838836669921875,0.38656675815582275,0.00038443360244855285,0.18609681725502014,-0.0038826477248221636,3.3824877738952637
408,68.82595825195312,909.5900268554688,0.15781402587890625,0.8421859741210938,0.38569408655166626,0.0005766503745689988,0.18095171451568604,-0.003426565323024988,3.370393991470337
409,66.75068664550781,888.6199951171875,0.15569305419921875,0.8443069458007812,0.38618266582489014,0.0005766503745689988,0.19992153346538544,-0.005281195510178804,3.3786392211914062
410,68.87521362304688,914.6400146484375,0.1525421142578125,0.8474578857421875,0.3865851163864136,0.0002562890585977584,0.19916175305843353,-0.0027692692819982767,3.3775784969329834
411,68.23405456542969,924.3099975585938,0.14974212646484375,0.8502578735351562,0.3856273591518402,0.00038443360244855285,0.19689145684242249,-0.0070597827434539795,3.3632314205169678
412,68.43411254882812,914.47998046875,0.14766693115234375,0.8523330688476562,0.38516706228256226,0.00038443360244855285,0.209634929895401,-0.0059723141603171825,3.344332456588745
413,64.44966888427734,850.3800048828125,0.14696502685546875,0.8530349731445312,0.3851790428161621,0.0005766503745689988,0.20689767599105835,-0.006995221599936485,3.344599485397339
414,67.15483856201172,894.47998046875,0.14849853515625,0.85150146484375,0.3846556842327118,0.0005766503745689988,0.197213813662529,-0.004359750542789698,3.3449044227600098
415,67.29473114013672,897.760009765625,0.1475677490234375,0.8524322509765625,0.3836413025856018,0.00038443360244855285,0.21103812754154205,-0.002462695585563779,3.321559190750122
416,67.22176361083984,903.4099731445312,0.147216796875,0.852783203125,0.3844693899154663,0.00038443360244855285,0.2189682573080063,-0.005175834987312555,3.3155579566955566
417,66.92970275878906,898.3800048828125,0.1468658447265625,0.8531341552734375,0.3843318223953247,0.00038443360244855285,0.22000566124916077,-0.005570090841501951,3.3138833045959473
418,66.01969146728516,866.969970703125,0.14630889892578125,0.8536911010742188,0.38389313220977783,0.0005766503745689988,0.22510915994644165,-0.007545581087470055,3.3234243392944336
419,67.11944580078125,898.47998046875,0.1468963623046875,0.8531036376953125,0.38345783948898315,0.00038443360244855285,0.20149949193000793,-0.004951186943799257,3.306161642074585
420,62.10780715942383,842.6199951171875,0.14783477783203125,0.8521652221679688,0.3839077055454254,0.0005766503745689988,0.22386306524276733,-0.006014902610331774,3.3139331340789795
421,62.766326904296875,848.4199829101562,0.1477203369140625,0.8522796630859375,0.38379716873168945,0.00038443360244855285,0.21778398752212524,-0.0031925481744110584,3.3081231117248535
422,66.80011749267578,882.3099975585938,0.14702606201171875,0.8529739379882812,0.3840603232383728,0.0005766503745689988,0.22319073975086212,-0.0053472756408154964,3.306281566619873
423,68.13042449951172,906.9000244140625,0.14484405517578125,0.8551559448242188,0.3833850920200348,0.00038443360244855285,0.20730985701084137,-0.00446372339501977,3.3088486194610596
424,65.86479187011719,882.1300048828125,0.14444732666015625,0.8555526733398438,0.38324326276779175,0.0005766503745689988,0.2200862318277359,-0.0064270831644535065,3.291654348373413
425,64.08610534667969,858.7899780273438,0.143463134765625,0.856536865234375,0.3835488557815552,0.00038443360244855285,0.22689513862133026,-0.003919016569852829,3.2974371910095215
426,65.88687133789062,880.5700073242188,0.1451873779296875,0.8548126220703125,0.3838311731815338,0.0005766503745689988,0.22480854392051697,-0.005432618781924248,3.292536973953247
427,65.85224151611328,856.8099975585938,0.14568328857421875,0.8543167114257812,0.3836764693260193,0.00038443360244855285,0.20125775039196014,-0.005846772808581591,3.303021192550659
428,65.34860229492188,864.780029296875,0.1471710205078125,0.8528289794921875,0.38409510254859924,0.0005766503745689988,0.20384526252746582,-0.006392233539372683,3.2946434020996094
429,65.77179718017578,873.4099731445312,0.14939117431640625,0.8506088256835938,0.384410560131073,0.0005766503745689988,0.21752245724201202,-0.00404364475980401,3.3077340126037598
430,68.2525405883789,894.1799926757812,0.15041351318359375,0.8495864868164062,0.3844512701034546,0.00038443360244855285,0.21470986306667328,-0.0026282398030161858,3.308116912841797
431,65.79900360107422,886.8900146484375,0.15102386474609375,0.8489761352539062,0.3839053213596344,0.0005766503745689988,0.21681872010231018,-0.00560772093012929,3.30358624458313
432,63.92788314819336,859.1400146484375,0.15033721923828125,0.8496627807617188,0.3841955065727234,0.00038443360244855285,0.2519795894622803,-0.004968887660652399,3.302353620529175
433,65.9493408203125,874.1799926757812,0.149200439453125,0.850799560546875,0.3841624855995178,0.0005766503745689988,0.21927505731582642,-0.006417473312467337,3.305626153945923
434,66.75980377197266,890.1099853515625,0.14928436279296875,0.8507156372070312,0.3840121626853943,0.0005766503745689988,0.23361961543560028,-0.004826441872864962,3.2988779544830322
435,67.3269271850586,898.989990234375,0.14734649658203125,0.8526535034179688,0.38366907835006714,0.00038443360244855285,0.21800845861434937,-0.003953925333917141,3.3063950538635254
436,66.77217864990234,888.4400024414062,0.14629364013671875,0.8537063598632812,0.38299819827079773,0.00038443360244855285,0.22144673764705658,-0.00497340178117156,3.294996738433838
437,65.97509002685547,863.8800048828125,0.14803314208984375,0.8519668579101562,0.383306086063385,0.0005766503745689988,0.22617320716381073,-0.004078656435012817,3.28963303565979
438,69.05818939208984,908.1199951171875,0.1493072509765625,0.8506927490234375,0.3835178017616272,0.0005766503745689988,0.22142758965492249,-0.005286125931888819,3.299254894256592
439,68.11652374267578,895.5900268554688,0.14948272705078125,0.8505172729492188,0.38363564014434814,0.00038443360244855285,0.23101501166820526,-0.002471641404554248,3.29921817779541
440,68.08383178710938,902.9299926757812,0.15137481689453125,0.8486251831054688,0.38354793190956116,0.0005766503745689988,0.23231446743011475,-0.004607806913554668,3.299062967300415
441,68.47785186767578,908.6199951171875,0.153167724609375,0.846832275390625,0.3833145499229431,0.00038443360244855285,0.2315273880958557,-0.004460442811250687,3.290640354156494
442,66.26628112792969,883.3300170898438,0.15409088134765625,0.8459091186523438,0.3831004500389099,0.0005766503745689988,0.2391299605369568,-0.005031835287809372,3.2880399227142334
443,68.10092163085938,890.0900268554688,0.1542510986328125,0.8457489013671875,0.3830168843269348,0.00038443360244855285,0.23428873717784882,-0.004711260087788105,3.283508777618408
444,69.28333282470703,908.6099853515625,0.153045654296875,0.846954345703125,0.38322895765304565,0.00038443360244855285,0.23930427432060242,-0.005361997056752443,3.2803282737731934
445,62.23386001586914,833.9500122070312,0.15445709228515625,0.8455429077148438,0.38313028216362,0.0005766503745689988,0.2289201319217682,-0.005323278252035379,3.2793962955474854
446,63.94855499267578,845.780029296875,0.15705108642578125,0.8429489135742188,0.3835216760635376,0.0005766503745689988,0.22454380989074707,-0.004645113367587328,3.2702715396881104
447,67.75453186035156,894.1500244140625,0.16042327880859375,0.8395767211914062,0.3842340409755707,0.0005766503745689988,0.21183335781097412,-0.0034612060990184546,3.2933404445648193
448,65.31501770019531,865.9500122070312,0.16364288330078125,0.8363571166992188,0.3843536376953125,0.0002562890585977584,0.20906846225261688,-0.0013286835746839643,3.2963550090789795
449,65.68972778320312,871.0,0.1646728515625,0.8353271484375,0.3841671943664551,0.00038443360244855285,0.22668199241161346,-0.006764947436749935,3.2906296253204346
450,67.5001220703125,892.8800048828125,0.1640167236328125,0.8359832763671875,0.38623201847076416,0.0005766503745689988,0.22122269868850708,-0.004274373408406973,3.3133203983306885
451,65.9572982788086,870.4400024414062,0.1636505126953125,0.8363494873046875,0.38619208335876465,0.00038443360244855285,0.2549099326133728,-0.002678639255464077,3.3315303325653076
452,65.80936431884766,867.7000122070312,0.1638336181640625,0.8361663818359375,0.38691413402557373,0.0005766503745689988,0.25154316425323486,-0.003293283749371767,3.33595871925354
453,69.62772369384766,923.2100219726562,0.16414642333984375,0.8358535766601562,0.3866395950317383,0.00017085937724914402,0.25829508900642395,5.389208672568202e-05,3.343062162399292
454,65.34583282470703,876.9099731445312,0.16314697265625,0.83685302734375,0.38685542345046997,0.00038443360244855285,0.2581627368927002,-0.006456084083765745,3.3322901725769043
455,65.15104675292969,860.5399780273438,0.16509246826171875,0.8349075317382812,0.3874432146549225,0.0005766503745689988,0.2644839584827423,-0.007119578309357166,3.345033645629883
456,64.24618530273438,848.010009765625,0.1656341552734375,0.8343658447265625,0.38727426528930664,0.0002562890585977584,0.25706204771995544,-0.0012332878541201353,3.3481760025024414
457,68.88311767578125,894.25,0.16620635986328125,0.8337936401367188,0.3871859908103943,0.00038443360244855285,0.2663857042789459,-0.006001143250614405,3.3389835357666016
458,62.223350524902344,833.75,0.16602325439453125,0.8339767456054688,0.3876553475856781,0.0005766503745689988,0.24792081117630005,-0.0063092755153775215,3.348426342010498
459,65.20736694335938,864.7100219726562,0.16819000244140625,0.8318099975585938,0.38693708181381226,0.0002562890585977584,0.23811596632003784,-0.0024205108638852835,3.3373050689697266
460,66.81436920166016,883.010009765625,0.16840362548828125,0.8315963745117188,0.3871576488018036,0.0005766503745689988,0.24993100762367249,-0.005911797750741243,3.3270835876464844
461,65.58712005615234,873.5800170898438,0.1699066162109375,0.8300933837890625,0.38692206144332886,0.0005766503745689988,0.24444285035133362,-0.003444814123213291,3.325742721557617
462,66.45925903320312,881.8499755859375,0.1707305908203125,0.8292694091796875,0.3871578276157379,0.00038443360244855285,0.22971642017364502,-0.0050468058325350285,3.3311023712158203
463,63.12156295776367,852.780029296875,0.174560546875,0.825439453125,0.3872321844100952,0.0002562890585977584,0.25598981976509094,-0.004227241966873407,3.3197133541107178
464,67.56037902832031,914.2000122070312,0.17458343505859375,0.8254165649414062,0.38717910647392273,0.00017085937724914402,0.2451576292514801,-0.002231162041425705,3.328547716140747
465,65.93113708496094,888.0599975585938,0.1735687255859375,0.8264312744140625,0.3872002065181732,0.00038443360244855285,0.241599902510643,-0.006638914812356234,3.3256826400756836
466,65.96749877929688,887.9299926757812,0.17604827880859375,0.8239517211914062,0.3865818381309509,0.0005766503745689988,0.24265030026435852,-0.006541587878018618,3.319457530975342
467,67.5882339477539,891.7999877929688,0.1759490966796875,0.8240509033203125,0.3868262767791748,0.00017085937724914402,0.2551194727420807,0.001124109490774572,3.3169806003570557
468,60.98392105102539,819.280029296875,0.1766510009765625,0.8233489990234375,0.38618701696395874,0.00038443360244855285,0.24823002517223358,-0.006911646109074354,3.306981086730957
469,63.8447380065918,851.1500244140625,0.17839813232421875,0.8216018676757812,0.38546043634414673,0.0005766503745689988,0.24611367285251617,-0.006385441403836012,3.291215419769287
470,66.60714721679688,887.8499755859375,0.18157196044921875,0.8184280395507812,0.3860475420951843,0.0005766503745689988,0.25893476605415344,-0.004571359138935804,3.2939953804016113
471,63.43941879272461,853.3099975585938,0.18309783935546875,0.8169021606445312,0.38543421030044556,0.00038443360244855285,0.2626003623008728,-0.003607450518757105,3.292928457260132
472,63.43571090698242,851.1599731445312,0.18544769287109375,0.8145523071289062,0.3859068751335144,0.0005766503745689988,0.2737336754798889,-0.004318788647651672,3.2908318042755127
473,66.6438980102539,877.7999877929688,0.18581390380859375,0.8141860961914062,0.3865736126899719,0.0005766503745689988,0.26359158754348755,-0.004041619598865509,3.311194896697998
474,63.16386413574219,838.280029296875,0.1874847412109375,0.8125152587890625,0.3871353268623352,0.0005766503745689988,0.26714369654655457,-0.00469084782525897,3.3185205459594727
475,67.29127502441406,891.8400268554688,0.1873931884765625,0.8126068115234375,0.3877173066139221,0.0005766503745689988,0.2549177408218384,-0.004509680438786745,3.333721876144409
476,62.702938079833984,855.1300048828125,0.1854400634765625,0.8145599365234375,0.38745179772377014,0.00017085937724914402,0.2677711248397827,-0.0007714107632637024,3.3464646339416504
477,69.45785522460938,914.8300170898438,0.184906005859375,0.815093994140625,0.386456698179245,0.00038443360244855285,0.24216748774051666,-0.006874067708849907,3.3158531188964844
478,63.87000274658203,859.530029296875,0.1830291748046875,0.8169708251953125,0.38703083992004395,0.00038443360244855285,0.25993087887763977,-0.0047084735706448555,3.326817274093628
479,66.70765686035156,883.7000122070312,0.18175506591796875,0.8182449340820312,0.3869294226169586,0.0005766503745689988,0.24179285764694214,-0.006490500643849373,3.322310447692871
480,66.34391784667969,882.22998046875,0.18210601806640625,0.8178939819335938,0.38756614923477173,0.00038443360244855285,0.24459418654441833,-0.0031177327036857605,3.3324732780456543
481,66.41588592529297,878.5,0.18329620361328125,0.8167037963867188,0.38779377937316895,0.00017085937724914402,0.2726019024848938,-0.0008718749159015715,3.3431220054626465
482,62.16153335571289,834.1199951171875,0.18482208251953125,0.8151779174804688,0.38776034116744995,0.00038443360244855285,0.2703750729560852,-0.005990250036120415,3.344560384750366
483,66.51984405517578,891.989990234375,0.18688201904296875,0.8131179809570312,0.38768383860588074,0.0005766503745689988,0.24740064144134521,-0.005677040666341782,3.345508575439453
484,65.74801635742188,879.9600219726562,0.1880645751953125,0.8119354248046875,0.3875662088394165,0.00038443360244855285,0.2557661831378937,-0.00523908669129014,3.3458240032196045
485,65.94554901123047,861.4099731445312,0.18712615966796875,0.8128738403320312,0.3878186345100403,0.0005766503745689988,0.2802271246910095,-0.004400668665766716,3.3390138149261475
486,63.37310791015625,848.3099975585938,0.1869049072265625,0.8130950927734375,0.3876197636127472,0.00017085937724914402,0.288934588432312,0.001229844056069851,3.345097541809082
487,67.02025604248047,901.3300170898438,0.18817901611328125,0.8118209838867188,0.38719993829727173,0.0002562890585977584,0.26427891850471497,-0.007104318123310804,3.33217453956604
488,62.06922912597656,842.02001953125,0.189208984375,0.810791015625,0.3871629238128662,0.0005766503745689988,0.2538960874080658,-0.004527224227786064,3.323821783065796
489,68.0851058959961,895.0,0.18862152099609375,0.8113784790039062,0.3880423307418823,0.0005766503745689988,0.2742588520050049,-0.005337134934961796,3.3362536430358887
490,70.70748138427734,930.4299926757812,0.18729400634765625,0.8127059936523438,0.38780438899993896,0.00038443360244855285,0.2886853516101837,-0.004748845938593149,3.341686248779297
491,66.54716491699219,880.239990234375,0.18473052978515625,0.8152694702148438,0.3882395625114441,0.0005766503745689988,0.2801859974861145,-0.005911014974117279,3.3373074531555176
492,62.414241790771484,838.4099731445312,0.18582916259765625,0.8141708374023438,0.3890710473060608,0.0005766503745689988,0.2873842716217041,-0.004522064700722694,3.3602161407470703
493,65.3482437133789,869.5599975585938,0.18448638916015625,0.8155136108398438,0.3896350562572479,0.0005766503745689988,0.26033711433410645,-0.004173136316239834,3.3672232627868652
494,65.52013397216797,856.5399780273438,0.186065673828125,0.813934326171875,0.3901059627532959,0.0005766503745689988,0.27457958459854126,-0.004893911071121693,3.374166965484619
495,65.3137435913086,865.6199951171875,0.18753814697265625,0.8124618530273438,0.3897649049758911,0.0005766503745689988,0.25640884041786194,-0.00471907015889883,3.378906011581421
496,62.77995681762695,841.9099731445312,0.1879425048828125,0.8120574951171875,0.38916951417922974,0.00038443360244855285,0.262174516916275,-0.0009470329387113452,3.3661322593688965
497,65.91034698486328,863.7899780273438,0.18813323974609375,0.8118667602539062,0.38904207944869995,0.00038443360244855285,0.2731558382511139,-0.0036960041616111994,3.357945442199707
498,62.24250793457031,837.5,0.18941497802734375,0.8105850219726562,0.38959693908691406,0.0002562890585977584,0.27361589670181274,-0.0037791721988469362,3.360741138458252
499,62.35782241821289,847.969970703125,0.19132232666015625,0.8086776733398438,0.3902984857559204,0.00038443360244855285,0.27223992347717285,-0.007481474429368973,3.369309663772583
500,66.603759765625,883.530029296875,0.192230224609375,0.807769775390625,0.3905124068260193,0.0005766503745689988,0.2770930230617523,-0.006870302837342024,3.380734443664551
501,66.77686309814453,900.5900268554688,0.1925201416015625,0.8074798583984375,0.3913135826587677,0.00038443360244855285,0.26158469915390015,-0.0035307942889630795,3.398627281188965
502,67.17346954345703,901.1400146484375,0.1917266845703125,0.8082733154296875,0.39062467217445374,0.0005766503745689988,0.262024462223053,-0.006948635447770357,3.3857076168060303
503,65.49925994873047,866.9000244140625,0.19171905517578125,0.8082809448242188,0.3908317983150482,0.00038443360244855285,0.2525799870491028,-0.0023978017270565033,3.389561653137207
504,67.4276123046875,883.6900024414062,0.19142913818359375,0.8085708618164062,0.39111071825027466,0.00038443360244855285,0.24815234541893005,-0.006431117188185453,3.3940682411193848
505,66.30432891845703,890.5599975585938,0.18997955322265625,0.8100204467773438,0.3910379409790039,0.0005766503745689988,0.2402767688035965,-0.006755384150892496,3.3939740657806396
506,68.26158905029297,893.3599853515625,0.18941497802734375,0.8105850219726562,0.3910369873046875,0.00017085937724914402,0.23843055963516235,0.0023603562731295824,3.3955185413360596
507,65.09642791748047,866.9299926757812,0.187774658203125,0.812225341796875,0.39084529876708984,0.00038443360244855285,0.2365589737892151,-0.006925325375050306,3.386735439300537
508,68.21990966796875,903.1699829101562,0.1868896484375,0.8131103515625,0.3910220265388489,0.00038443360244855285,0.24597382545471191,-0.0033054810483008623,3.3914778232574463
509,67.27899932861328,890.1300048828125,0.18704986572265625,0.8129501342773438,0.3915342688560486,0.0005766503745689988,0.257571816444397,-0.0043295323848724365,3.395169496536255
510,64.88497161865234,850.8499755859375,0.18841552734375,0.81158447265625,0.39141103625297546,0.00038443360244855285,0.24092140793800354,-0.003781200386583805,3.402588367462158
511,66.44166564941406,866.52001953125,0.187591552734375,0.812408447265625,0.390886127948761,0.0005766503745689988,0.266278475522995,-0.0038149564061313868,3.3971164226531982
512,67.21907806396484,882.1099853515625,0.1864471435546875,0.8135528564453125,0.39099961519241333,0.00038443360244855285,0.27361345291137695,-0.0027628205716609955,3.395108938217163
513,65.4939193725586,887.1799926757812,0.18605804443359375,0.8139419555664062,0.3915771245956421,0.00038443360244855285,0.25441521406173706,-0.00468062050640583,3.3961381912231445
514,66.24467468261719,878.6699829101562,0.185211181640625,0.814788818359375,0.392225444316864,0.00038443360244855285,0.25910037755966187,-0.004831974860280752,3.419234037399292
515,67.44801330566406,874.25,0.18758392333984375,0.8124160766601562,0.3918358087539673,0.0005766503745689988,0.24135500192642212,-0.0075607942417263985,3.4130027294158936
516,64.3785400390625,871.8599853515625,0.18704986572265625,0.8129501342773438,0.39121508598327637,0.0005766503745689988,0.23668166995048523,-0.0038798535242676735,3.4118077754974365
517,65.61567687988281,879.760009765625,0.18578338623046875,0.8142166137695312,0.3910224139690399,0.00038443360244855285,0.24430131912231445,-0.004372682888060808,3.4058187007904053
518,68.43597412109375,901.4000244140625,0.1837921142578125,0.8162078857421875,0.3909980058670044,0.0005766503745689988,0.23714987933635712,-0.0062731606885790825,3.4041008949279785
519,63.61210250854492,841.760009765625,0.18230438232421875,0.8176956176757812,0.3906925916671753,0.00038443360244855285,0.259981244802475,-0.0030308037530630827,3.4099156856536865
520,64.34085845947266,859.7100219726562,0.18346405029296875,0.8165359497070312,0.39095568656921387,0.0005766503745689988,0.24663309752941132,-0.005974608939141035,3.3952717781066895
521,66.6753158569336,889.489990234375,0.185699462890625,0.814300537109375,0.3906760811805725,0.00038443360244855285,0.25094491243362427,-0.004044943489134312,3.4089951515197754
522,65.87873840332031,875.8200073242188,0.18511199951171875,0.8148880004882812,0.3913666605949402,0.0005766503745689988,0.2658376097679138,-0.005281740799546242,3.408270835876465
523,66.29998016357422,885.0999755859375,0.1840667724609375,0.8159332275390625,0.39122170209884644,0.0005766503745689988,0.27628767490386963,-0.0050512454472482204,3.4100379943847656
524,65.953857421875,874.8499755859375,0.18314361572265625,0.8168563842773438,0.3917297422885895,0.0005766503745689988,0.2567322850227356,-0.004447307903319597,3.410733222961426
525,69.42256927490234,915.25,0.1826019287109375,0.8173980712890625,0.39187586307525635,0.00038443360244855285,0.26393553614616394,-0.004296529572457075,3.4112725257873535
526,65.88448333740234,859.4400024414062,0.18065643310546875,0.8193435668945312,0.3918497562408447,0.00038443360244855285,0.26606738567352295,-0.0030210716649889946,3.420543909072876
527,70.88809204101562,923.1500244140625,0.17990875244140625,0.8200912475585938,0.3924429714679718,0.00038443360244855285,0.26060476899147034,-0.004117818083614111,3.421739101409912
528,65.52246856689453,862.6300048828125,0.17920684814453125,0.8207931518554688,0.3926086127758026,0.00038443360244855285,0.26034921407699585,-0.005734337959438562,3.428187847137451
529,64.23486328125,838.4400024414062,0.1824798583984375,0.8175201416015625,0.3932216763496399,0.00038443360244855285,0.2957395017147064,-0.004686253145337105,3.4412014484405518
530,68.59137725830078,893.3800048828125,0.18112945556640625,0.8188705444335938,0.39375242590904236,0.00038443360244855285,0.26734521985054016,-0.006033176090568304,3.4475677013397217
531,65.33602142333984,875.719970703125,0.1808929443359375,0.8191070556640625,0.39445996284484863,0.0005766503745689988,0.2815314531326294,-0.005722839385271072,3.4607279300689697
532,63.943817138671875,855.3300170898438,0.18109893798828125,0.8189010620117188,0.39505887031555176,0.00038443360244855285,0.274556428194046,-0.004321801941841841,3.48884654045105
533,63.967491149902344,867.739990234375,0.18326568603515625,0.8167343139648438,0.39493680000305176,0.0005766503745689988,0.26327162981033325,-0.004081416875123978,3.4758963584899902
534,64.9874496459961,854.5599975585938,0.1829681396484375,0.8170318603515625,0.39533281326293945,0.0005766503745689988,0.2595033347606659,-0.005223174579441547,3.491227388381958
535,69.19023895263672,904.22998046875,0.18450927734375,0.81549072265625,0.394620805978775,0.00038443360244855285,0.26473721861839294,-0.004964317195117474,3.477128744125366
536,66.6493911743164,881.0700073242188,0.1858367919921875,0.8141632080078125,0.39530640840530396,0.0005766503745689988,0.2669769525527954,-0.005517295561730862,3.490298271179199
537,63.230201721191406,845.719970703125,0.1888885498046875,0.8111114501953125,0.394239604473114,0.00038443360244855285,0.2777068018913269,-0.004343564622104168,3.489295244216919
538,65.09030151367188,862.6599731445312,0.1910247802734375,0.8089752197265625,0.39442718029022217,0.0005766503745689988,0.26334264874458313,-0.004745315760374069,3.474205255508423
539,65.69249725341797,881.489990234375,0.19181060791015625,0.8081893920898438,0.39443784952163696,0.00038443360244855285,0.23560689389705658,-0.005343404598534107,3.4794576168060303
540,67.02405548095703,878.9000244140625,0.19144439697265625,0.8085556030273438,0.39420652389526367,0.0005766503745689988,0.24361860752105713,-0.005701619200408459,3.4734396934509277
541,65.7735595703125,855.97998046875,0.1918792724609375,0.8081207275390625,0.39425939321517944,0.0002562890585977584,0.25655293464660645,-0.0019954743329435587,3.473634719848633
542,69.82931518554688,902.6400146484375,0.19080352783203125,0.8091964721679688,0.3947119116783142,0.00038443360244855285,0.24570047855377197,-0.006134996190667152,3.4772109985351562
543,67.04168701171875,882.469970703125,0.19010162353515625,0.8098983764648438,0.39460843801498413,0.0005766503745689988,0.2462204098701477,-0.004656110890209675,3.479099988937378
544,69.67691802978516,924.1900024414062,0.189361572265625,0.810638427734375,0.39465829730033875,0.00038443360244855285,0.2469201683998108,-0.0032147385645657778,3.477484703063965
545,69.39967346191406,901.3699951171875,0.1860504150390625,0.8139495849609375,0.39474809169769287,0.0005766503745689988,0.2322341799736023,-0.005323409102857113,3.4867963790893555
546,66.89620971679688,882.1900024414062,0.1852569580078125,0.8147430419921875,0.39496850967407227,0.00038443360244855285,0.24349580705165863,-0.004334331955760717,3.484036922454834
547,68.78087615966797,890.4099731445312,0.185272216796875,0.814727783203125,0.3948320746421814,0.00038443360244855285,0.24756118655204773,-0.004818193148821592,3.488685369491577
548,70.66059112548828,918.8499755859375,0.1846923828125,0.8153076171875,0.3941456973552704,0.0005766503745689988,0.2344159483909607,-0.0076234289444983006,3.474789619445801
549,68.1520004272461,900.6500244140625,0.18210601806640625,0.8178939819335938,0.3938632905483246,0.0005766503745689988,0.260300874710083,-0.0037454883567988873,3.4740355014801025
550,66.19010925292969,880.97998046875,0.1806488037109375,0.8193511962890625,0.3936077356338501,0.0002562890585977584,0.21548451483249664,-0.0033095362596213818,3.4704623222351074
551,67.6917724609375,904.2899780273438,0.17790985107421875,0.8220901489257812,0.392853707075119,0.0005766503745689988,0.22743764519691467,-0.0060457149520516396,3.4466466903686523
552,64.07109069824219,847.3900146484375,0.17624664306640625,0.8237533569335938,0.39326030015945435,0.0002562890585977584,0.23262310028076172,-0.0017822773661464453,3.461514472961426
553,67.49746704101562,901.7899780273438,0.1776123046875,0.8223876953125,0.39326149225234985,0.0005766503745689988,0.23538392782211304,-0.005252262111753225,3.447584867477417
554,69.53961181640625,909.989990234375,0.175445556640625,0.824554443359375,0.3925962448120117,0.00038443360244855285,0.21748872101306915,-0.002375701442360878,3.45194935798645
555,68.18171691894531,878.510009765625,0.17333221435546875,0.8266677856445312,0.3917042911052704,0.0005766503745689988,0.2328205406665802,-0.005409578792750835,3.428096294403076
556,64.71246337890625,860.0399780273438,0.1744537353515625,0.8255462646484375,0.3916701078414917,0.0005766503745689988,0.20832620561122894,-0.0019749347120523453,3.430731773376465
557,66.82749938964844,890.3599853515625,0.1732635498046875,0.8267364501953125,0.39175623655319214,0.00038443360244855285,0.2252873182296753,-0.0015746819553896785,3.425095558166504
558,66.9149398803711,895.219970703125,0.1705474853515625,0.8294525146484375,0.39154475927352905,0.0005766503745689988,0.20831093192100525,-0.005190287251025438,3.4186582565307617
559,67.92900848388672,906.2999877929688,0.16495513916015625,0.8350448608398438,0.3918493986129761,0.0005766503745689988,0.22484229505062103,-0.0037645245902240276,3.4260122776031494
560,70.2912368774414,917.2000122070312,0.16191864013671875,0.8380813598632812,0.39211708307266235,0.0005766503745689988,0.22234264016151428,-0.0031438858713954687,3.4209392070770264
561,67.3585433959961,892.52001953125,0.1584320068359375,0.8415679931640625,0.3921104669570923,0.0005766503745689988,0.22460207343101501,-0.004311118274927139,3.424839973449707
562,65.76409912109375,895.25,0.156463623046875,0.843536376953125,0.3927050828933716,0.00038443360244855285,0.2089080661535263,-0.003975083120167255,3.4284582138061523
563,67.98934936523438,889.5499877929688,0.153350830078125,0.846649169921875,0.39207130670547485,0.00038443360244855285,0.22097232937812805,-0.003389113349840045,3.426711320877075
564,69.87288665771484,910.0599975585938,0.149749755859375,0.850250244140625,0.39264804124832153,0.0005766503745689988,0.21808961033821106,-0.004271151032298803,3.423870801925659
565,67.83983612060547,895.280029296875,0.146026611328125,0.853973388671875,0.39343810081481934,0.00038443360244855285,0.21912993490695953,-0.0035872231237590313,3.43540096282959
566,68.80690002441406,910.52001953125,0.14266204833984375,0.8573379516601562,0.3942526578903198,0.0005766503745689988,0.2068672627210617,-0.006683285813778639,3.4464569091796875
567,68.82919311523438,921.27001953125,0.1390380859375,0.8609619140625,0.3944246768951416,0.0005766503745689988,0.22248224914073944,-0.0031880815513432026,3.455972194671631
568,67.42698669433594,882.3499755859375,0.13674163818359375,0.8632583618164062,0.39484673738479614,0.0002562890585977584,0.21306081116199493,-0.0005207169451750815,3.4564366340637207
569,67.81228637695312,883.3800048828125,0.135101318359375,0.864898681640625,0.3943479359149933,0.0005766503745689988,0.21136139333248138,-0.005103556904941797,3.456620693206787
570,67.20284271240234,879.22998046875,0.13288116455078125,0.8671188354492188,0.3941352367401123,0.00038443360244855285,0.21643280982971191,-0.0027297288179397583,3.4519951343536377
571,73.61495208740234,940.1599731445312,0.13094329833984375,0.8690567016601562,0.39427727460861206,0.0005766503745689988,0.22308942675590515,-0.006923282984644175,3.4413278102874756
572,70.64456939697266,919.7100219726562,0.12828826904296875,0.8717117309570312,0.3940621316432953,0.0005766503745689988,0.22868967056274414,-0.003473615273833275,3.445547342300415
573,69.0125961303711,904.5700073242188,0.1271209716796875,0.8728790283203125,0.394659161567688,0.00038443360244855285,0.22901712357997894,-0.004090655595064163,3.446699619293213
574,70.364501953125,906.6900024414062,0.1260223388671875,0.8739776611328125,0.39540526270866394,0.00038443360244855285,0.23003879189491272,-0.00537232356145978,3.456728458404541
575,66.64826202392578,864.22998046875,0.12535858154296875,0.8746414184570312,0.3951253294944763,0.0005766503745689988,0.22992590069770813,-0.004760029260069132,3.460092544555664
576,68.82620239257812,895.7899780273438,0.1237335205078125,0.8762664794921875,0.3950854539871216,0.00038443360244855285,0.25361961126327515,-0.003633278887718916,3.465362310409546
577,71.29731750488281,921.260009765625,0.12164306640625,0.87835693359375,0.3946684002876282,0.0005766503745689988,0.2559027075767517,-0.005336079280823469,3.449821949005127
578,67.67240142822266,893.7999877929688,0.12139129638671875,0.8786087036132812,0.3944283127784729,0.0008649755618534982,0.2782645523548126,-0.004104458726942539,3.4597108364105225
579,67.08234405517578,879.719970703125,0.12313079833984375,0.8768692016601562,0.39408448338508606,0.0002562890585977584,0.26024922728538513,0.000961941375862807,3.4419476985931396
580,70.20999145507812,908.22998046875,0.12285614013671875,0.8771438598632812,0.39440643787384033,0.0005766503745689988,0.2633470296859741,-0.004863059613853693,3.4405221939086914
581,66.93283081054688,889.0900268554688,0.1227569580078125,0.8772430419921875,0.39370113611221313,0.00038443360244855285,0.24264512956142426,-0.003990814555436373,3.4350881576538086
582,64.84635925292969,853.7899780273438,0.1241455078125,0.8758544921875,0.39420217275619507,0.0005766503745689988,0.2561967670917511,-0.004047813825309277,3.4268407821655273
583,64.35740661621094,860.25,0.1254119873046875,0.8745880126953125,0.39445483684539795,0.0005766503745689988,0.24042192101478577,-0.00349497701972723,3.4415225982666016
584,67.0046615600586,871.8800048828125,0.1268310546875,0.8731689453125,0.393951416015625,0.00038443360244855285,0.2303958535194397,-0.004079073201864958,3.433781147003174
585,66.32225799560547,866.739990234375,0.128204345703125,0.871795654296875,0.3936341404914856,0.0005766503745689988,0.22017447650432587,-0.006965709384530783,3.425344228744507
586,68.3847427368164,890.77001953125,0.1277313232421875,0.8722686767578125,0.3936862349510193,0.00038443360244855285,0.22099612653255463,-0.0030272596050053835,3.42941951751709
587,74.22835540771484,940.6199951171875,0.1265411376953125,0.8734588623046875,0.3941129148006439,0.0005766503745689988,0.21873250603675842,-0.007033530157059431,3.423727512359619
588,68.30115509033203,894.3099975585938,0.124176025390625,0.875823974609375,0.39438021183013916,0.0005766503745689988,0.22864416241645813,-0.004633646924048662,3.4378082752227783
589,65.74143981933594,877.4400024414062,0.12496185302734375,0.8750381469726562,0.3955087661743164,0.00038443360244855285,0.22044748067855835,-0.003545552957803011,3.450634717941284
590,69.5160140991211,908.8499755859375,0.12546539306640625,0.8745346069335938,0.39582663774490356,0.00038443360244855285,0.23417988419532776,-0.004219802096486092,3.465569496154785
591,68.70206451416016,886.4099731445312,0.12549591064453125,0.8745040893554688,0.39532190561294556,0.00038443360244855285,0.24271102249622345,-0.002369377762079239,3.4677646160125732
592,69.72208404541016,913.5900268554688,0.12590789794921875,0.8740921020507812,0.39453125,0.0005766503745689988,0.2178983837366104,-0.005255172029137611,3.4397878646850586
593,71.97212219238281,925.9500122070312,0.1266937255859375,0.8733062744140625,0.3948705792427063,0.00038443360244855285,0.22747591137886047,-0.0044712042436003685,3.4494457244873047
594,70.11921691894531,915.1599731445312,0.12530517578125,0.87469482421875,0.395403116941452,0.0005766503745689988,0.2354600429534912,-0.006463540717959404,3.4458467960357666
595,68.23101043701172,904.1699829101562,0.12577056884765625,0.8742294311523438,0.3947310745716095,0.00038443360244855285,0.23320147395133972,-0.004159832373261452,3.4519612789154053
596,69.91792297363281,912.8400268554688,0.1258697509765625,0.8741302490234375,0.39430856704711914,0.0005766503745689988,0.23064349591732025,-0.006458614487200975,3.4292588233947754
597,66.10030364990234,876.6300048828125,0.12487030029296875,0.8751296997070312,0.39412543177604675,0.0005766503745689988,0.24705608189105988,-0.004078209865838289,3.4330952167510986
598,67.37326049804688,887.8599853515625,0.1248931884765625,0.8751068115234375,0.3941259980201721,0.0005766503745689988,0.24994347989559174,-0.0052365888841450214,3.421790599822998
599,69.63819122314453,917.1900024414062,0.1261749267578125,0.8738250732421875,0.39342552423477173,0.00038443360244855285,0.2434343844652176,-0.005072608590126038,3.4207358360290527
