iteration,mean_reward,mean_episode_length,fall_share,time_out_share,action_noise_std,learning_rate,value_loss,surrogate_loss,entropy
0,-0.5609413981437683,22.139999389648438,0.0,0.01696014404296875,0.9901880025863647,0.0005000000237487257,0.03641093522310257,-0.00850867573171854,11.31244945526123
1,-1.7008123397827148,58.560001373291016,0.006134033203125,0.051116943359375,0.9662573933601379,0.001687500043772161,0.04523443058133125,-0.009265760891139507,11.169926643371582
2,-2.6008412837982178,92.4000015258789,0.05225372314453125,0.08084869384765625,0.9402948617935181,0.003796875011175871,0.04120089113712311,-0.008132308721542358,10.929118156433105
3,-3.294851541519165,120.95999908447266,0.133697509765625,0.1066131591796875,0.9180266857147217,0.005695312283933163,0.034877289086580276,-0.00764991482719779,10.719883918762207
4,-3.6148769855499268,143.89999389648438,0.2171630859375,0.126312255859375,0.9034858345985413,0.008542968891561031,0.03241384029388428,-0.006600640714168549,10.525396347045898
5,-4.185705661773682,169.35000610351562,0.3000030517578125,0.139251708984375,0.8901556730270386,0.009999999776482582,0.0259770005941391,-0.007850725203752518,10.39295768737793
6,-4.200012683868408,185.49000549316406,0.36919403076171875,0.15373992919921875,0.8753044605255127,0.006666666828095913,0.023091837763786316,-0.008876980282366276,10.265719413757324
7,-3.968364953994751,197.4600067138672,0.42804718017578125,0.1638946533203125,0.8597248792648315,0.006666666828095913,0.021281126886606216,-0.009164352901279926,10.136441230773926
8,-3.9764039516448975,213.16000366210938,0.47507476806640625,0.1680908203125,0.8449214696884155,0.006666666828095913,0.021439526230096817,-0.008990738540887833,9.99740982055664
9,-3.5724945068359375,217.25999450683594,0.5185546875,0.16855621337890625,0.8311468362808228,0.006666666828095913,0.023262806236743927,-0.006956459954380989,9.866366386413574
10,-2.7901997566223145,205.33999633789062,0.5624160766601562,0.17221832275390625,0.8132402300834656,0.004444444552063942,0.020410733297467232,-0.006231874227523804,9.737358093261719
11,-3.063188076019287,235.1199951171875,0.6057586669921875,0.16985321044921875,0.794498085975647,0.004444444552063942,0.01763254590332508,-0.009222488850355148,9.557918548583984
12,-2.528484582901001,236.47000122070312,0.644561767578125,0.16599273681640625,0.7801464796066284,0.004444444552063942,0.01638278365135193,-0.007183646317571402,9.383040428161621
13,-1.7031793594360352,212.42999267578125,0.673614501953125,0.16429901123046875,0.7687978148460388,0.006666666828095913,0.012716361321508884,-0.005119356792420149,9.23161792755127
14,-1.4823601245880127,211.1699981689453,0.6958084106445312,0.159698486328125,0.753756582736969,0.004444444552063942,0.009578550234436989,-0.0019268462201580405,9.121342658996582
15,-1.5603362321853638,239.55999755859375,0.7147369384765625,0.1575927734375,0.7421635389328003,0.004444444552063942,0.007497456390410662,-0.0032256608828902245,8.958077430725098
16,-0.8105679750442505,211.75999450683594,0.7288055419921875,0.15987396240234375,0.7325504422187805,0.006666666828095913,0.0066477954387664795,-0.0035615216474980116,8.838146209716797
17,-1.167746901512146,236.00999450683594,0.7408981323242188,0.16088104248046875,0.7201738953590393,0.004444444552063942,0.0047894991002976894,-0.0015761057147756219,8.735480308532715
18,-0.6306488513946533,230.02999877929688,0.75,0.16298675537109375,0.7123855352401733,0.006666666828095913,0.004157899413257837,-0.0053306277841329575,8.601041793823242
19,-0.1952211558818817,202.3300018310547,0.756927490234375,0.16663360595703125,0.7035927772521973,0.006666666828095913,0.003529078559949994,-0.0029527267906814814,8.512823104858398
20,-0.8115131855010986,246.0500030517578,0.7642669677734375,0.1700439453125,0.69447261095047,0.006666666828095913,0.0029748862143605947,-0.0030330547597259283,8.408275604248047
21,-0.885107696056366,267.739990234375,0.7711715698242188,0.17194366455078125,0.6864328980445862,0.006666666828095913,0.0026642403099685907,-0.0032798945903778076,8.313426971435547
22,-0.3450201153755188,237.86000061035156,0.778228759765625,0.17325592041015625,0.6782004237174988,0.006666666828095913,0.002834949642419815,-0.0021196212619543076,8.229888916015625
23,0.10723378509283066,266.54998779296875,0.7833251953125,0.17481231689453125,0.6674487590789795,0.00296296295709908,0.001993873156607151,-0.0004431990091688931,8.119939804077148
24,-1.1017104387283325,348.30999755859375,0.7865066528320312,0.17848968505859375,0.6594387292861938,0.004444444552063942,0.002141717355698347,-0.004752436187118292,8.007671356201172
25,-0.259905070066452,312.0199890136719,0.788909912109375,0.183624267578125,0.6550217270851135,0.006666666828095913,0.0020735948346555233,-0.0024352692998945713,7.932595729827881
26,-0.11854339390993118,315.82000732421875,0.790618896484375,0.188018798828125,0.6458914875984192,0.00296296295709908,0.0017700670287013054,-0.00037815803079865873,7.865224361419678
27,0.4349386990070343,319.6000061035156,0.7928237915039062,0.192840576171875,0.6398133039474487,0.004444444552063942,0.0018459856510162354,-0.004498465918004513,7.749415874481201
28,-0.048466186970472336,355.2699890136719,0.794647216796875,0.19687652587890625,0.6339340209960938,0.004444444552063942,0.0018772867042571306,-0.003428739495575428,7.6942596435546875
29,0.32486236095428467,390.7799987792969,0.7962417602539062,0.20076751708984375,0.6264450550079346,0.0019753086380660534,0.0022222516126930714,-0.0011878716759383678,7.616886615753174
30,0.2318202704191208,361.29998779296875,0.7978363037109375,0.2021636962890625,0.6175937652587891,0.00296296295709908,0.002187483012676239,-0.005877872928977013,7.523368835449219
31,-0.5371321439743042,494.1000061035156,0.797882080078125,0.202117919921875,0.6123970746994019,0.004444444552063942,0.002389719244092703,-0.005326183047145605,7.416333198547363
32,0.22070470452308655,573.8200073242188,0.7908248901367188,0.20917510986328125,0.6081627607345581,0.004444444552063942,0.0028771678917109966,-0.0028629580046981573,7.364617347717285
33,0.5728797316551208,536.27001953125,0.7754058837890625,0.2245941162109375,0.6037274599075317,0.00296296295709908,0.0030439395923167467,-0.0037091835401952267,7.310800075531006
34,0.980957567691803,628.2999877929688,0.756927490234375,0.243072509765625,0.6000447273254395,0.004444444552063942,0.0031491101253777742,-0.004486765246838331,7.253018379211426
35,1.4821189641952515,573.1099853515625,0.7342987060546875,0.2657012939453125,0.5937480926513672,0.0019753086380660534,0.0036535090766847134,-0.0032887528650462627,7.2042317390441895
36,2.292732000350952,622.6699829101562,0.7154312133789062,0.28456878662109375,0.5901744365692139,0.00296296295709908,0.004202911630272865,-0.0045479764230549335,7.122880458831787
37,2.3414599895477295,564.0999755859375,0.7005462646484375,0.2994537353515625,0.5856208205223083,0.0019753086380660534,0.0038040911313146353,-0.004979235585778952,7.0803632736206055
38,2.640756368637085,561.3099975585938,0.688812255859375,0.311187744140625,0.5794274210929871,0.001316872425377369,0.004037505481392145,-0.005828408990055323,7.022725582122803
39,3.3265023231506348,655.989990234375,0.673004150390625,0.326995849609375,0.5749237537384033,0.0019753086380660534,0.004343034233897924,-0.00707392580807209,6.929670810699463
40,3.5355801582336426,670.1400146484375,0.6552658081054688,0.34473419189453125,0.5711084008216858,0.0019753086380660534,0.004302557557821274,-0.004531422629952431,6.872588634490967
41,4.077500820159912,705.469970703125,0.6377410888671875,0.3622589111328125,0.5677736401557922,0.00296296295709908,0.004935396369546652,-0.005421180743724108,6.817049980163574
42,4.082645893096924,697.0999755859375,0.6192169189453125,0.3807830810546875,0.5651419758796692,0.00296296295709908,0.007374668028205633,-0.004843012895435095,6.776090621948242
43,4.7152323722839355,760.9299926757812,0.6051864624023438,0.39481353759765625,0.560749888420105,0.0008779149502515793,0.006490088999271393,-0.0016393600963056087,6.748341083526611
44,4.584537029266357,693.52001953125,0.5884857177734375,0.4115142822265625,0.5560457706451416,0.001316872425377369,0.00793920923024416,-0.007568058092147112,6.665902614593506
45,5.02051305770874,758.8800048828125,0.5730743408203125,0.4269256591796875,0.5520955920219421,0.0019753086380660534,0.008933027274906635,-0.005669573787599802,6.603872776031494
46,4.693724155426025,706.719970703125,0.5582962036132812,0.44170379638671875,0.5473549365997314,0.001316872425377369,0.009918520227074623,-0.00372675945982337,6.549498081207275
47,5.4149394035339355,764.0800170898438,0.5440444946289062,0.45595550537109375,0.5437747240066528,0.0019753086380660534,0.011713041923940182,-0.0059560262598097324,6.488271713256836
48,5.084621429443359,702.3200073242188,0.5339431762695312,0.46605682373046875,0.5418703556060791,0.0019753086380660534,0.013775902800261974,-0.0031030483078211546,6.444863796234131
49,5.444723606109619,703.6799926757812,0.5253524780273438,0.47464752197265625,0.5381801128387451,0.001316872425377369,0.01551138423383236,-0.0026684035547077656,6.409764289855957
50,5.57167911529541,693.77001953125,0.5172271728515625,0.4827728271484375,0.5363616347312927,0.0019753086380660534,0.017756685614585876,-0.004784377291798592,6.351749897003174
51,5.659451961517334,650.8099975585938,0.5078582763671875,0.4921417236328125,0.5337638854980469,0.0019753086380660534,0.020096104592084885,-0.005265793297439814,6.328777313232422
52,5.323702812194824,619.3400268554688,0.5009231567382812,0.49907684326171875,0.5308693647384644,0.001316872425377369,0.023413514718413353,-0.0038658748380839825,6.274501323699951
53,5.393022537231445,595.3200073242188,0.496307373046875,0.503692626953125,0.5279623866081238,0.0019753086380660534,0.024162722751498222,-0.006074783392250538,6.239281177520752
54,5.608659744262695,596.5700073242188,0.4936065673828125,0.5063934326171875,0.5244622230529785,0.001316872425377369,0.02565721794962883,-0.0034456904977560043,6.2023491859436035
55,5.97579288482666,606.8099975585938,0.49373626708984375,0.5062637329101562,0.522109866142273,0.001316872425377369,0.02687886171042919,-0.0053184013813734055,6.143238067626953
56,6.393863677978516,647.5,0.49463653564453125,0.5053634643554688,0.5201423168182373,0.0019753086380660534,0.026315197348594666,-0.004869106225669384,6.1137237548828125
57,6.3199357986450195,606.1500244140625,0.49230194091796875,0.5076980590820312,0.5175197720527649,0.001316872425377369,0.027191538363695145,-0.0024797862861305475,6.090012073516846
58,6.49990701675415,618.4000244140625,0.49289703369140625,0.5071029663085938,0.5159266591072083,0.0019753086380660534,0.02793150395154953,-0.006859207525849342,6.041722297668457
59,6.6798906326293945,624.5599975585938,0.4937744140625,0.5062255859375,0.5141184329986572,0.001316872425377369,0.03352269530296326,-0.0030362552497535944,6.016472816467285
60,7.746800422668457,672.47998046875,0.49417877197265625,0.5058212280273438,0.5122023224830627,0.0019753086380660534,0.028014445677399635,-0.006485365331172943,5.979992866516113
61,7.72968864440918,648.4500122070312,0.49268341064453125,0.5073165893554688,0.5108586549758911,0.0019753086380660534,0.030351629480719566,-0.004452249966561794,5.967382431030273
62,8.720526695251465,695.25,0.489776611328125,0.510223388671875,0.5087778568267822,0.001316872425377369,0.030237464234232903,-0.004623934160917997,5.939037799835205
63,9.16087818145752,741.6799926757812,0.48513031005859375,0.5148696899414062,0.5064188241958618,0.0019753086380660534,0.029569609090685844,-0.005299161653965712,5.88754415512085
64,9.936216354370117,743.1400146484375,0.47479248046875,0.52520751953125,0.5034706592559814,0.0005852766335010529,0.031815968453884125,-0.001998778199777007,5.876549243927002
65,10.516538619995117,780.52001953125,0.4689788818359375,0.5310211181640625,0.5006381869316101,0.001316872425377369,0.0314469151198864,-0.007027292158454657,5.795705318450928
66,10.928858757019043,783.3699951171875,0.4595489501953125,0.5404510498046875,0.4978187680244446,0.001316872425377369,0.03498848155140877,-0.005042491480708122,5.770735740661621
67,11.152106285095215,768.2000122070312,0.453033447265625,0.546966552734375,0.4945867955684662,0.001316872425377369,0.034727346152067184,-0.0034212481696158648,5.711673736572266
68,11.076520919799805,769.760009765625,0.44678497314453125,0.5532150268554688,0.4930992126464844,0.0019753086380660534,0.03557109832763672,-0.006742989644408226,5.669039249420166
69,11.914175033569336,740.260009765625,0.44084930419921875,0.5591506958007812,0.4905928373336792,0.00039018443203531206,0.03841158002614975,0.00046496515278704464,5.651309490203857
70,13.223960876464844,790.4299926757812,0.43831634521484375,0.5616836547851562,0.48697835206985474,0.0008779149502515793,0.04088979959487915,-0.006407853681594133,5.5961174964904785
71,12.175402641296387,752.2000122070312,0.43526458740234375,0.5647354125976562,0.48481202125549316,0.001316872425377369,0.0389951653778553,-0.006394988391548395,5.551678657531738
72,12.234354019165039,701.02001953125,0.43488311767578125,0.5651168823242188,0.482113778591156,0.0008779149502515793,0.042021818459033966,-0.004132701549679041,5.497180938720703
73,12.30028247833252,711.5,0.433074951171875,0.566925048828125,0.47978654503822327,0.001316872425377369,0.04525616765022278,-0.006703251041471958,5.472985744476318
74,12.623269081115723,678.5800170898438,0.43173980712890625,0.5682601928710938,0.47828051447868347,0.001316872425377369,0.04317562282085419,-0.0034490732941776514,5.420843601226807
75,13.122162818908691,684.4600219726562,0.43180084228515625,0.5681991577148438,0.47417259216308594,0.0008779149502515793,0.04699276015162468,-0.0017615505494177341,5.401297569274902
76,13.827129364013672,715.0499877929688,0.43329620361328125,0.5667037963867188,0.47153711318969727,0.001316872425377369,0.046621400862932205,-0.005792269017547369,5.322504997253418
77,13.374419212341309,650.22998046875,0.43566131591796875,0.5643386840820312,0.4686390161514282,0.001316872425377369,0.05370789021253586,-0.0028145713731646538,5.2874979972839355
78,14.20637321472168,684.8800048828125,0.4398345947265625,0.5601654052734375,0.4664376378059387,0.0008779149502515793,0.05746247619390488,-0.00189154502004385,5.237098693847656
79,12.968326568603516,625.1300048828125,0.44210052490234375,0.5578994750976562,0.4642816483974457,0.001316872425377369,0.05412868782877922,-0.00421665096655488,5.195689678192139
80,16.75621223449707,748.010009765625,0.443878173828125,0.556121826171875,0.46149536967277527,0.001316872425377369,0.0522647351026535,-0.001716021099127829,5.160758018493652
81,16.329479217529297,744.280029296875,0.44242095947265625,0.5575790405273438,0.458355188369751,0.0008779149502515793,0.0572858527302742,9.207207767758518e-05,5.122764587402344
82,18.25828742980957,818.9600219726562,0.43569183349609375,0.5643081665039062,0.45599547028541565,0.00039018443203531206,0.061170339584350586,0.0009396756067872047,5.071922302246094
83,16.729700088500977,697.8499755859375,0.429534912109375,0.570465087890625,0.4537828862667084,0.0008779149502515793,0.06633175909519196,-0.0057901619002223015,5.0102972984313965
84,17.79132843017578,747.010009765625,0.42662811279296875,0.5733718872070312,0.4510921835899353,0.001316872425377369,0.06842643767595291,-0.004737794399261475,4.974634647369385
85,17.739870071411133,723.5,0.4261932373046875,0.5738067626953125,0.4493752121925354,0.0008779149502515793,0.0680101215839386,-0.0009671854786574841,4.95389461517334
86,17.800457000732422,735.239990234375,0.42574310302734375,0.5742568969726562,0.4484395980834961,0.001316872425377369,0.06167241185903549,-0.003722241846844554,4.902841567993164
87,20.315174102783203,776.6599731445312,0.42308807373046875,0.5769119262695312,0.44634151458740234,0.0008779149502515793,0.06556198000907898,-0.0016556967748329043,4.893685817718506
88,20.681304931640625,808.5700073242188,0.42081451416015625,0.5791854858398438,0.4447193145751953,0.001316872425377369,0.06301344186067581,-0.0019966026302427053,4.841740131378174
89,21.490644454956055,832.1599731445312,0.41292572021484375,0.5870742797851562,0.4430941939353943,0.0008779149502515793,0.06632421910762787,-0.000758811947889626,4.827524662017822
90,20.167207717895508,742.3900146484375,0.403961181640625,0.596038818359375,0.4411272704601288,0.001316872425377369,0.06061529740691185,-0.002611848758533597,4.777475833892822
91,20.12254524230957,744.4199829101562,0.3983154296875,0.6016845703125,0.4397430419921875,0.0008779149502515793,0.0676937848329544,-0.00026574928779155016,4.770056247711182
92,23.682477951049805,796.2000122070312,0.39447784423828125,0.6055221557617188,0.4377472400665283,0.0008779149502515793,0.06689293682575226,-0.002108772750943899,4.729759216308594
93,24.58035659790039,828.489990234375,0.3932952880859375,0.6067047119140625,0.43633532524108887,0.0002601229352876544,0.06690715253353119,0.0018433317309245467,4.706621170043945
94,23.445072174072266,800.8300170898438,0.3901214599609375,0.6098785400390625,0.4344364404678345,0.0002601229352876544,0.0658373087644577,-0.002463957527652383,4.667904853820801
95,25.478788375854492,833.8300170898438,0.3858795166015625,0.6141204833984375,0.43175628781318665,0.0008779149502515793,0.06041079759597778,-0.005779233295470476,4.617794990539551
96,22.93356704711914,762.75,0.38382720947265625,0.6161727905273438,0.4306551218032837,0.001316872425377369,0.06919624656438828,-0.0015314993215724826,4.588441371917725
97,25.389562606811523,826.5999755859375,0.3825225830078125,0.6174774169921875,0.4291582703590393,0.0008779149502515793,0.059405747801065445,-0.0004939322243444622,4.572807312011719
98,25.397258758544922,824.1500244140625,0.38001251220703125,0.6199874877929688,0.42843160033226013,0.0008779149502515793,0.07158767431974411,-0.0028916916344314814,4.536242961883545
99,27.21013832092285,834.780029296875,0.37497711181640625,0.6250228881835938,0.4269716441631317,0.001316872425377369,0.06988411396741867,-0.0024900769349187613,4.523555278778076
100,26.219926834106445,792.4299926757812,0.367919921875,0.632080078125,0.42589619755744934,0.0008779149502515793,0.07908356189727783,-0.00011514654761413112,4.509028911590576
101,25.403310775756836,784.72998046875,0.36566925048828125,0.6343307495117188,0.4237305521965027,0.0008779149502515793,0.0765981376171112,-0.002569381147623062,4.462766647338867
102,22.93805694580078,740.989990234375,0.365203857421875,0.634796142578125,0.42184752225875854,0.00039018443203531206,0.07576051354408264,-0.0005681895418092608,4.439737796783447
103,27.308582305908203,818.8499755859375,0.36553192138671875,0.6344680786132812,0.4198046922683716,0.0008779149502515793,0.07942011207342148,-0.005152260418981314,4.3761982917785645
104,27.02362823486328,796.22998046875,0.36457061767578125,0.6354293823242188,0.41751980781555176,0.0008779149502515793,0.07492579519748688,-0.002753789070993662,4.356727123260498
105,27.919435501098633,793.4500122070312,0.35980987548828125,0.6401901245117188,0.4159332513809204,0.001316872425377369,0.07310864329338074,-0.002777328249067068,4.305125713348389
106,26.996721267700195,801.1699829101562,0.3594512939453125,0.6405487060546875,0.4153350293636322,0.001316872425377369,0.07829880714416504,-0.000966883497312665,4.295795440673828
107,25.767738342285156,741.7000122070312,0.359710693359375,0.640289306640625,0.4146966338157654,0.0008779149502515793,0.07589678466320038,-0.0016740190330892801,4.27848482131958
108,26.407859802246094,772.239990234375,0.3574981689453125,0.6425018310546875,0.4130081534385681,0.0005852766335010529,0.08302073180675507,0.00047393294516950846,4.2654314041137695
109,26.428014755249023,777.010009765625,0.35382080078125,0.64617919921875,0.41137558221817017,0.0008779149502515793,0.08449646830558777,-0.005469704046845436,4.220530986785889
110,28.966285705566406,801.1300048828125,0.35137939453125,0.64862060546875,0.4113611876964569,0.0008779149502515793,0.08231987804174423,-0.0010405204957351089,4.206399917602539
111,28.437583923339844,821.969970703125,0.34909820556640625,0.6509017944335938,0.41068902611732483,0.001316872425377369,0.07625424861907959,-0.004610207863152027,4.188656806945801
112,29.156431198120117,818.1099853515625,0.34680938720703125,0.6531906127929688,0.4105272889137268,0.0008779149502515793,0.08846553415060043,-0.0016078463522717357,4.204699993133545
113,30.08492088317871,851.52001953125,0.34333038330078125,0.6566696166992188,0.40997782349586487,0.0008779149502515793,0.08826754987239838,-0.0033173421397805214,4.183446884155273
114,31.18344497680664,844.5800170898438,0.3356170654296875,0.6643829345703125,0.4077650308609009,0.0005852766335010529,0.09082840383052826,-3.450490839895792e-05,4.167253017425537
115,31.885038375854492,866.0900268554688,0.3303985595703125,0.6696014404296875,0.40753841400146484,0.001316872425377369,0.09293971955776215,-0.003545066574588418,4.123067855834961
116,29.8855037689209,811.760009765625,0.32523345947265625,0.6747665405273438,0.40747886896133423,0.0008779149502515793,0.10260950773954391,-0.0003758511447813362,4.137549877166748
117,30.55500602722168,830.3300170898438,0.32364654541015625,0.6763534545898438,0.40724849700927734,0.00039018443203531206,0.1007753238081932,-0.00016032505664043128,4.131045818328857
118,31.26980209350586,841.8200073242188,0.31903839111328125,0.6809616088867188,0.40618643164634705,0.0005852766335010529,0.09972119331359863,-0.005304517690092325,4.117061614990234
119,29.4189453125,804.75,0.31743621826171875,0.6825637817382812,0.4063851237297058,0.001316872425377369,0.10374866425991058,-0.0029838921036571264,4.097043991088867
120,29.036405563354492,755.0599975585938,0.31679534912109375,0.6832046508789062,0.4057275056838989,0.0005852766335010529,0.10293268412351608,0.0013770301593467593,4.105443477630615
121,30.998004913330078,808.8800048828125,0.31661224365234375,0.6833877563476562,0.40403246879577637,0.0008779149502515793,0.10395235568284988,-0.0035302385222166777,4.0731587409973145
122,33.916534423828125,862.489990234375,0.31475067138671875,0.6852493286132812,0.40283721685409546,0.0008779149502515793,0.09117109328508377,-0.0023000475484877825,4.060508728027344
123,30.52226448059082,796.969970703125,0.31195068359375,0.68804931640625,0.40256255865097046,0.0008779149502515793,0.09209263324737549,-0.0015655935276299715,4.018213748931885
124,32.47311019897461,833.0599975585938,0.31378936767578125,0.6862106323242188,0.40249329805374146,0.0008779149502515793,0.09924168139696121,-0.0037382266018539667,4.032759189605713
125,35.06947326660156,895.760009765625,0.313568115234375,0.686431884765625,0.4005526900291443,0.0005852766335010529,0.09155803173780441,-0.0017268892843276262,4.015242099761963
126,32.854618072509766,840.780029296875,0.3132476806640625,0.6867523193359375,0.40055954456329346,0.0008779149502515793,0.09829861670732498,-0.0017915474018082023,3.982966899871826
127,31.32235336303711,789.6199951171875,0.31278228759765625,0.6872177124023438,0.3997300863265991,0.0008779149502515793,0.09983494877815247,-0.003061518771573901,3.979431629180908
128,31.971336364746094,812.9600219726562,0.31548309326171875,0.6845169067382812,0.3986682891845703,0.001316872425377369,0.10029807686805725,-0.001229799585416913,3.964442014694214
129,33.51835632324219,809.4600219726562,0.31725311279296875,0.6827468872070312,0.39763617515563965,0.0008779149502515793,0.10003899782896042,-0.001236689742654562,3.9334545135498047
130,32.265830993652344,798.030029296875,0.31689453125,0.68310546875,0.3974149227142334,0.0008779149502515793,0.09118283540010452,-0.0017444523982703686,3.932271718978882
131,31.658323287963867,792.469970703125,0.3158416748046875,0.6841583251953125,0.39609599113464355,0.0005852766335010529,0.09684939682483673,-0.0019781615119427443,3.918391704559326
132,31.30427360534668,800.4600219726562,0.3149871826171875,0.6850128173828125,0.3955288231372833,0.0008779149502515793,0.09361044317483902,-0.0035026120021939278,3.8789336681365967
133,31.603803634643555,788.6599731445312,0.3145599365234375,0.6854400634765625,0.39487209916114807,0.001316872425377369,0.10740374028682709,-0.002545321360230446,3.87995982170105
134,32.9979133605957,790.510009765625,0.31301116943359375,0.6869888305664062,0.39461982250213623,0.001316872425377369,0.10257364064455032,-0.0018318557413294911,3.8669583797454834
135,33.29572677612305,802.8800048828125,0.3139190673828125,0.6860809326171875,0.39412543177604675,0.0005852766335010529,0.09587699919939041,0.0013389259111136198,3.8643712997436523
136,31.512174606323242,792.9299926757812,0.313385009765625,0.686614990234375,0.39275723695755005,0.0008779149502515793,0.10162219405174255,-0.0017029664013534784,3.8423633575439453
137,31.372859954833984,774.6300048828125,0.31200408935546875,0.6879959106445312,0.39175814390182495,0.0008779149502515793,0.0992160513997078,-0.00207812013104558,3.8136205673217773
138,32.84525680541992,818.2999877929688,0.30942535400390625,0.6905746459960938,0.39108848571777344,0.0002601229352876544,0.0975390076637268,0.0014387466944754124,3.8087351322174072
139,32.24403762817383,795.1900024414062,0.30622100830078125,0.6937789916992188,0.389435350894928,0.0005852766335010529,0.11249802261590958,-0.005035685375332832,3.7720000743865967
140,35.385398864746094,827.1199951171875,0.3029327392578125,0.6970672607421875,0.38867563009262085,0.0008779149502515793,0.10605031251907349,-0.004916239995509386,3.7519447803497314
141,36.21260452270508,876.3800048828125,0.30263519287109375,0.6973648071289062,0.3882328271865845,0.0008779149502515793,0.11049690842628479,-0.0023361926432698965,3.744532585144043
142,31.684907913208008,770.719970703125,0.30281829833984375,0.6971817016601562,0.3867838978767395,0.0008779149502515793,0.12533867359161377,-0.0007679692353121936,3.71909499168396
143,34.39372253417969,825.4099731445312,0.303955078125,0.696044921875,0.38671132922172546,0.0008779149502515793,0.10984275490045547,-0.0024565893691033125,3.706563949584961
144,36.452903747558594,866.489990234375,0.3055877685546875,0.6944122314453125,0.3860743045806885,0.0008779149502515793,0.11498822271823883,-0.0033434482757002115,3.6954360008239746
145,34.43841552734375,821.4500122070312,0.30339813232421875,0.6966018676757812,0.3863266110420227,0.001316872425377369,0.11798623204231262,-0.004717033822089434,3.693340301513672
146,33.49797058105469,788.52001953125,0.30257415771484375,0.6974258422851562,0.38585448265075684,0.0005852766335010529,0.11829189211130142,-0.0006826978642493486,3.6829233169555664
147,33.4403076171875,790.0499877929688,0.3016357421875,0.6983642578125,0.38479962944984436,0.0008779149502515793,0.11154405772686005,-0.002512202598154545,3.666780948638916
148,34.34185028076172,811.5599975585938,0.3021697998046875,0.6978302001953125,0.3851856589317322,0.0005852766335010529,0.11475429683923721,-0.002821053145453334,3.670581817626953
149,32.82888412475586,784.6199951171875,0.3010101318359375,0.6989898681640625,0.38436007499694824,0.0008779149502515793,0.11563137173652649,-0.0049371616914868355,3.64707350730896
150,33.637901306152344,785.25,0.29703521728515625,0.7029647827148438,0.3843523859977722,0.001316872425377369,0.11549617350101471,-0.003261866746470332,3.641008138656616
151,37.77138900756836,837.4299926757812,0.29450225830078125,0.7054977416992188,0.3836161494255066,0.0008779149502515793,0.11290819942951202,-0.0010162333492189646,3.643158435821533
152,39.078529357910156,884.1900024414062,0.2927398681640625,0.7072601318359375,0.38202226161956787,0.0008779149502515793,0.11130674183368683,-0.0032978367526084185,3.619234561920166
153,37.51314163208008,859.97998046875,0.288177490234375,0.711822509765625,0.3820599913597107,0.001316872425377369,0.10730971395969391,-0.0036150594241917133,3.5873191356658936
154,38.00898361206055,850.1699829101562,0.28386688232421875,0.7161331176757812,0.3810141384601593,0.0005852766335010529,0.11455793678760529,-0.000563233916182071,3.591430902481079
155,35.65425491333008,807.7000122070312,0.28313446044921875,0.7168655395507812,0.3811231851577759,0.0008779149502515793,0.10623578727245331,-0.002990115201100707,3.5729830265045166
156,35.96881866455078,808.3400268554688,0.2828216552734375,0.7171783447265625,0.3815242648124695,0.00039018443203531206,0.11436505615711212,-0.0031859956216067076,3.571925640106201
157,34.766448974609375,804.3400268554688,0.2839813232421875,0.7160186767578125,0.3801532983779907,0.0005852766335010529,0.10129010677337646,-0.005489687900990248,3.5703887939453125
158,38.68890380859375,867.8699951171875,0.28211212158203125,0.7178878784179688,0.379859983921051,0.0008779149502515793,0.1033502072095871,-0.002029968658462167,3.5450475215911865
159,37.66019821166992,850.8200073242188,0.27989959716796875,0.7201004028320312,0.3795755207538605,0.00039018443203531206,0.11197540163993835,-0.0008241774048656225,3.55241060256958
160,33.80708694458008,764.1799926757812,0.27976226806640625,0.7202377319335938,0.37852025032043457,0.0008779149502515793,0.11254961043596268,-0.005951576866209507,3.5235345363616943
161,37.033145904541016,819.530029296875,0.2804107666015625,0.7195892333984375,0.37757059931755066,0.0008779149502515793,0.09342458099126816,-0.001810873975045979,3.5114779472351074
162,37.77241134643555,838.4500122070312,0.27993011474609375,0.7200698852539062,0.37727090716362,0.0008779149502515793,0.10336200892925262,-0.0010606306605041027,3.4985756874084473
163,37.86153793334961,832.9099731445312,0.27875518798828125,0.7212448120117188,0.3767223358154297,0.00039018443203531206,0.11716954410076141,0.0012440949212759733,3.4888038635253906
164,40.083187103271484,867.0999755859375,0.276092529296875,0.723907470703125,0.3766866624355316,0.0008779149502515793,0.09574098885059357,-0.005222438834607601,3.469076633453369
165,36.45135498046875,807.6099853515625,0.2725830078125,0.7274169921875,0.37714850902557373,0.001316872425377369,0.10322203487157822,-0.0014786776155233383,3.4862449169158936
166,39.458763122558594,867.760009765625,0.2695770263671875,0.7304229736328125,0.37712347507476807,0.0008779149502515793,0.10052987188100815,-0.002307589165866375,3.4827003479003906
167,37.37056350708008,828.7899780273438,0.26651763916015625,0.7334823608398438,0.3768764138221741,0.00017341530474368483,0.0991896539926529,0.001906975987367332,3.4875662326812744
168,35.46682357788086,807.52001953125,0.26532745361328125,0.7346725463867188,0.37620794773101807,0.00039018443203531206,0.10655089467763901,-0.001658808090724051,3.4750237464904785
169,40.12519073486328,881.1199951171875,0.26494598388671875,0.7350540161132812,0.37629517912864685,0.0008779149502515793,0.10155273973941803,-0.0047304523177444935,3.4590632915496826
170,38.91943359375,838.0,0.264312744140625,0.735687255859375,0.3756887912750244,0.0008779149502515793,0.10152646154165268,-0.002130407141521573,3.453777313232422
171,38.56363296508789,856.8699951171875,0.26197052001953125,0.7380294799804688,0.3746645450592041,0.0005852766335010529,0.09668043255805969,-0.0014286544173955917,3.4471652507781982
172,37.32986068725586,813.0700073242188,0.25949859619140625,0.7405014038085938,0.37492191791534424,0.0008779149502515793,0.10844746232032776,-0.0016743824817240238,3.4314956665039062
173,40.31889724731445,856.719970703125,0.2565155029296875,0.7434844970703125,0.3739313781261444,0.00039018443203531206,0.12106446176767349,-0.00015959134907461703,3.4247965812683105
174,40.5440788269043,874.0399780273438,0.25319671630859375,0.7468032836914062,0.37322312593460083,0.0008779149502515793,0.10618788748979568,-0.004516970366239548,3.3998870849609375
175,36.50070571899414,801.5599975585938,0.25406646728515625,0.7459335327148438,0.3725084662437439,0.0008779149502515793,0.11689835041761398,-0.0010655294172465801,3.392901659011841
176,39.65545654296875,860.6099853515625,0.25443267822265625,0.7455673217773438,0.37278109788894653,0.001316872425377369,0.10557173192501068,-0.004413098096847534,3.3753156661987305
177,40.20048904418945,867.1900024414062,0.251708984375,0.748291015625,0.37256497144699097,0.0005852766335010529,0.09640182554721832,0.0002799328067339957,3.387120485305786
178,37.42057800292969,804.4199829101562,0.248138427734375,0.751861572265625,0.3720622658729553,0.0008779149502515793,0.10495461523532867,-0.0038571488112211227,3.370755195617676
179,39.635379791259766,861.0499877929688,0.24755859375,0.75244140625,0.3721122145652771,0.00039018443203531206,0.10762687027454376,-0.00248707621358335,3.3710989952087402
180,40.42577362060547,863.8900146484375,0.2440643310546875,0.7559356689453125,0.3716045022010803,0.0005852766335010529,0.1117023304104805,-0.0057672178372740746,3.3627309799194336
181,39.38829040527344,825.0900268554688,0.2420654296875,0.7579345703125,0.3707907795906067,0.0005852766335010529,0.106869176030159,-0.0021760277450084686,3.349486827850342
182,38.68796920776367,826.239990234375,0.2392120361328125,0.7607879638671875,0.37101638317108154,0.0008779149502515793,0.11414100229740143,-0.0039475117810070515,3.3423893451690674
183,38.42559814453125,822.1400146484375,0.2405853271484375,0.7594146728515625,0.3698955774307251,0.0005852766335010529,0.11581763625144958,-0.0016967006959021091,3.326195240020752
184,39.489219665527344,833.02001953125,0.24185943603515625,0.7581405639648438,0.3699321746826172,0.0008779149502515793,0.10648325830698013,-0.004788355901837349,3.3205819129943848
185,38.13645935058594,799.5,0.24079132080078125,0.7592086791992188,0.3688095211982727,0.0008779149502515793,0.11334338784217834,-0.0017275174614042044,3.298997402191162
186,40.0497932434082,833.75,0.24056243896484375,0.7594375610351562,0.3687862753868103,0.0005852766335010529,0.11793335527181625,-0.0015835126396268606,3.2994632720947266
187,36.42524337768555,784.7000122070312,0.2386932373046875,0.7613067626953125,0.3692036271095276,0.0008779149502515793,0.10777758061885834,-0.0037514588329941034,3.293050765991211
188,39.01777648925781,814.6599731445312,0.24169921875,0.75830078125,0.36953264474868774,0.0008779149502515793,0.11295131593942642,-0.0015616323798894882,3.3108842372894287
189,41.33544921875,879.0399780273438,0.2437744140625,0.7562255859375,0.3682878911495209,0.0005852766335010529,0.10177303850650787,-0.002124087419360876,3.2877185344696045
190,39.68525314331055,840.780029296875,0.24169158935546875,0.7583084106445312,0.3684045374393463,0.0008779149502515793,0.10522838681936264,-0.005014939233660698,3.2746386528015137
191,38.47425079345703,818.0499877929688,0.24005126953125,0.75994873046875,0.36764147877693176,0.0005852766335010529,0.09257544577121735,-0.0010751585941761732,3.277841091156006
192,38.17584991455078,828.719970703125,0.23999786376953125,0.7600021362304688,0.36768293380737305,0.0008779149502515793,0.11053656041622162,-0.003628340782597661,3.2534189224243164
193,40.0070686340332,851.9600219726562,0.24051666259765625,0.7594833374023438,0.3681565523147583,0.0008779149502515793,0.11300478875637054,-0.00469001941382885,3.2659552097320557
194,37.5914306640625,781.739990234375,0.2407684326171875,0.7592315673828125,0.3683316707611084,0.0008779149502515793,0.12901294231414795,-0.002437364077195525,3.2820448875427246
195,38.9740104675293,822.0700073242188,0.2430267333984375,0.7569732666015625,0.36761534214019775,0.00039018443203531206,0.11647198349237442,-0.00028542859945446253,3.2664687633514404
196,39.32536697387695,834.1500244140625,0.2454071044921875,0.7545928955078125,0.36681944131851196,0.00039018443203531206,0.11498186737298965,-0.003285667859017849,3.2546160221099854
197,38.354671478271484,829.3699951171875,0.2470245361328125,0.7529754638671875,0.366798996925354,0.0008779149502515793,0.11423621326684952,-0.005083301104605198,3.242919445037842
198,36.614444732666016,789.3800048828125,0.2467498779296875,0.7532501220703125,0.3666887879371643,0.0008779149502515793,0.12811289727687836,-0.0013198337983340025,3.2365734577178955
199,39.16911697387695,809.0800170898438,0.2494354248046875,0.7505645751953125,0.36639273166656494,0.0005852766335010529,0.1291186809539795,-0.0021537868306040764,3.2411293983459473
200,40.3630256652832,829.8800048828125,0.25238037109375,0.74761962890625,0.3661091923713684,0.0008779149502515793,0.1313457190990448,-0.002760710660368204,3.2330946922302246
201,39.65543746948242,825.9199829101562,0.25475311279296875,0.7452468872070312,0.3660685420036316,0.0005852766335010529,0.12972144782543182,-0.001626803888939321,3.2300479412078857
202,38.40245819091797,813.3499755859375,0.2592315673828125,0.7407684326171875,0.36507004499435425,0.0005852766335010529,0.13566499948501587,-0.003406005911529064,3.209890842437744
203,38.87003707885742,817.760009765625,0.25949859619140625,0.7405014038085938,0.36491864919662476,0.0008779149502515793,0.13426683843135834,-0.0038719549775123596,3.208200454711914
204,38.924110412597656,806.1300048828125,0.26154327392578125,0.7384567260742188,0.36504581570625305,0.0008779149502515793,0.13001658022403717,-0.0027235655579715967,3.2065043449401855
205,39.26343536376953,818.1300048828125,0.264617919921875,0.735382080078125,0.3649730682373047,0.0005852766335010529,0.13434965908527374,-0.002164066769182682,3.20322847366333
206,40.431739807128906,838.5800170898438,0.26468658447265625,0.7353134155273438,0.36492976546287537,0.00039018443203531206,0.12989957630634308,-0.003350126324221492,3.1958961486816406
207,41.3763542175293,855.4400024414062,0.2643280029296875,0.7356719970703125,0.36419594287872314,0.0005852766335010529,0.10537789016962051,-0.005978557746857405,3.191470146179199
208,38.299991607666016,795.0800170898438,0.2667388916015625,0.7332611083984375,0.36416879296302795,0.0005852766335010529,0.12437986582517624,-0.003353342181071639,3.1789979934692383
209,41.94178009033203,871.3900146484375,0.26580047607421875,0.7341995239257812,0.364246666431427,0.0008779149502515793,0.122592993080616,-0.003637605579569936,3.180748701095581
210,41.62843704223633,841.0700073242188,0.266571044921875,0.733428955078125,0.36390188336372375,0.0005852766335010529,0.1324855387210846,-0.003045125864446163,3.176560640335083
211,42.01850509643555,835.77001953125,0.26892852783203125,0.7310714721679688,0.36332085728645325,0.0005852766335010529,0.1309870332479477,-0.002641262486577034,3.167022466659546
212,39.99152755737305,807.9099731445312,0.268951416015625,0.731048583984375,0.3642950654029846,0.0008779149502515793,0.14101234078407288,-0.005729074589908123,3.1659493446350098
213,42.38596725463867,850.6599731445312,0.267547607421875,0.732452392578125,0.36403438448905945,0.0008779149502515793,0.1229686439037323,-0.004211616702377796,3.1721527576446533
214,41.13149642944336,817.02001953125,0.26737213134765625,0.7326278686523438,0.36365678906440735,0.0005852766335010529,0.1388295739889145,-0.0028996909968554974,3.1675662994384766
215,44.109474182128906,894.5599975585938,0.26728057861328125,0.7327194213867188,0.363685667514801,0.0008779149502515793,0.13948893547058105,-0.0033191824331879616,3.167235851287842
216,41.39668273925781,824.9099731445312,0.26573944091796875,0.7342605590820312,0.36225426197052,0.00039018443203531206,0.12610001862049103,-0.0009266872657462955,3.1493172645568848
217,38.81809616088867,794.6400146484375,0.2661285400390625,0.7338714599609375,0.3615192174911499,0.0005852766335010529,0.13609275221824646,-0.006392302457243204,3.117603302001953
218,39.777950286865234,790.0900268554688,0.26529693603515625,0.7347030639648438,0.3622162640094757,0.0008779149502515793,0.1313362419605255,-0.005016549490392208,3.133667230606079
219,40.77851867675781,805.969970703125,0.26364898681640625,0.7363510131835938,0.3624873459339142,0.0005852766335010529,0.12995103001594543,-0.0027739449869841337,3.1323578357696533
220,41.53813934326172,829.2000122070312,0.26604461669921875,0.7339553833007812,0.36300045251846313,0.0008779149502515793,0.13648295402526855,-0.005853667855262756,3.1319689750671387
221,39.564476013183594,798.02001953125,0.26775360107421875,0.7322463989257812,0.36234891414642334,0.00039018443203531206,0.13688288629055023,-0.0010923154186457396,3.1446588039398193
222,38.50571823120117,771.6799926757812,0.26999664306640625,0.7300033569335938,0.3619431257247925,0.0005852766335010529,0.1373518705368042,-0.005667352117598057,3.1162376403808594
223,42.48677444458008,826.3200073242188,0.27266693115234375,0.7273330688476562,0.36128222942352295,0.0008779149502515793,0.130413219332695,-0.004393249284476042,3.1054303646087646
224,41.34727478027344,838.1199951171875,0.27266693115234375,0.7273330688476562,0.36068910360336304,0.0008779149502515793,0.11871190369129181,-0.002303724642843008,3.0975890159606934
225,44.577789306640625,856.1099853515625,0.272308349609375,0.727691650390625,0.3604104518890381,0.0005852766335010529,0.12295201420783997,-0.0017416472546756268,3.084843635559082
226,40.42627716064453,799.030029296875,0.2707672119140625,0.7292327880859375,0.36036375164985657,0.0005852766335010529,0.14019131660461426,-0.003999199252575636,3.075199604034424
227,38.65166091918945,768.4299926757812,0.27130889892578125,0.7286911010742188,0.36047160625457764,0.00039018443203531206,0.1441648006439209,-0.0025636404752731323,3.0833678245544434
228,42.81129455566406,849.5599975585938,0.274993896484375,0.725006103515625,0.3610076606273651,0.0008779149502515793,0.1395544409751892,-0.004513891413807869,3.090590715408325
229,42.71792984008789,815.6199951171875,0.274139404296875,0.725860595703125,0.3606109023094177,0.0005852766335010529,0.14189916849136353,-0.0006368419271893799,3.0944151878356934
230,42.00297164916992,807.3200073242188,0.27437591552734375,0.7256240844726562,0.3618621826171875,0.0008779149502515793,0.16290003061294556,-0.001979527762159705,3.1000418663024902
231,41.80559539794922,828.77001953125,0.2726593017578125,0.7273406982421875,0.36147862672805786,0.0005852766335010529,0.14291249215602875,-0.002244463888928294,3.1070005893707275
232,44.06562805175781,860.9000244140625,0.27025604248046875,0.7297439575195312,0.3617488741874695,0.0005852766335010529,0.14557309448719025,-0.002866608090698719,3.1099624633789062
233,41.7222785949707,804.989990234375,0.27223968505859375,0.7277603149414062,0.3621620833873749,0.0008779149502515793,0.14643755555152893,-0.005426757503300905,3.1191139221191406
234,43.66352081298828,837.2899780273438,0.2729034423828125,0.7270965576171875,0.3619137406349182,0.00039018443203531206,0.13790546357631683,-0.0025287242606282234,3.1255905628204346
235,44.96591567993164,856.969970703125,0.27077484130859375,0.7292251586914062,0.3617321848869324,0.0005852766335010529,0.12245853245258331,-0.004512414336204529,3.1143434047698975
236,43.083465576171875,841.8499755859375,0.2684478759765625,0.7315521240234375,0.36186450719833374,0.0008779149502515793,0.1517656445503235,-0.0034038019366562366,3.1108994483947754
237,43.93520736694336,838.47998046875,0.268035888671875,0.731964111328125,0.36237645149230957,0.0002601229352876544,0.14612025022506714,0.003861497389152646,3.128166437149048
238,44.96604919433594,850.8499755859375,0.26663970947265625,0.7333602905273438,0.3622862696647644,0.0005852766335010529,0.15389087796211243,-0.0037270556204020977,3.1211488246917725
239,43.50676727294922,835.5800170898438,0.26612091064453125,0.7338790893554688,0.36201611161231995,0.0008779149502515793,0.14530447125434875,-0.0044569517485797405,3.131427049636841
240,43.3655891418457,842.1500244140625,0.26682281494140625,0.7331771850585938,0.36188599467277527,0.0005852766335010529,0.13261336088180542,-0.0030793342739343643,3.1216318607330322
241,40.87944412231445,785.8400268554688,0.2679290771484375,0.7320709228515625,0.3613310754299164,0.00039018443203531206,0.13868916034698486,-0.0022852150723338127,3.1144113540649414
242,44.207706451416016,850.97998046875,0.2679443359375,0.7320556640625,0.3609181046485901,0.0005852766335010529,0.12585942447185516,-0.006306937430053949,3.0940258502960205
243,44.217369079589844,833.030029296875,0.26564788818359375,0.7343521118164062,0.3610132336616516,0.00039018443203531206,0.13822180032730103,-0.002070010406896472,3.096652030944824
244,44.79023361206055,850.25,0.264434814453125,0.735565185546875,0.3609466850757599,0.00039018443203531206,0.1309077888727188,-0.0019491729326546192,3.0951449871063232
245,41.750728607177734,807.6900024414062,0.26207733154296875,0.7379226684570312,0.36138880252838135,0.0005852766335010529,0.14186501502990723,-0.005980407819151878,3.0974438190460205
246,44.37831497192383,849.0700073242188,0.2632293701171875,0.7367706298828125,0.36169299483299255,0.0008779149502515793,0.14090628921985626,-0.0028135553002357483,3.102250814437866
247,43.89354705810547,836.6799926757812,0.26194000244140625,0.7380599975585938,0.3617003560066223,0.0008779149502515793,0.13291622698307037,-0.00014306075172498822,3.1094534397125244
248,45.72377395629883,857.7999877929688,0.26100921630859375,0.7389907836914062,0.3613966703414917,0.0005852766335010529,0.12237218022346497,-0.0023976245429366827,3.100590944290161
249,45.35721206665039,849.8300170898438,0.2613067626953125,0.7386932373046875,0.3608081042766571,0.0008779149502515793,0.12930366396903992,-0.003751561976969242,3.0912134647369385
250,45.297767639160156,857.719970703125,0.2599639892578125,0.7400360107421875,0.36021554470062256,0.0005852766335010529,0.13861878216266632,-0.0021527677308768034,3.086909770965576
251,40.76436996459961,786.8800048828125,0.259521484375,0.740478515625,0.36083266139030457,0.0008779149502515793,0.1332562267780304,-0.0020757103338837624,3.078287124633789
252,44.229496002197266,840.2999877929688,0.26007843017578125,0.7399215698242188,0.3607792854309082,0.0008779149502515793,0.14742644131183624,-0.0027590820100158453,3.0935750007629395
253,45.27070236206055,845.0399780273438,0.25711822509765625,0.7428817749023438,0.360918790102005,0.00039018443203531206,0.1447862684726715,0.00032767155789770186,3.094064235687256
254,42.30275344848633,806.25,0.258148193359375,0.741851806640625,0.36068737506866455,0.0005852766335010529,0.15902240574359894,-0.005051844287663698,3.0840744972229004
255,41.55632400512695,774.6500244140625,0.26108551025390625,0.7389144897460938,0.3612051010131836,0.0008779149502515793,0.14060263335704803,-0.0023689144290983677,3.096890687942505
256,43.00822067260742,830.2100219726562,0.26300811767578125,0.7369918823242188,0.361493319272995,0.0008779149502515793,0.14642947912216187,-0.0021249025594443083,3.1004815101623535
257,43.89790725708008,831.4500122070312,0.2643280029296875,0.7356719970703125,0.3612763583660126,0.0008779149502515793,0.14615333080291748,-0.002850170014426112,3.09602427482605
258,42.61819839477539,811.8599853515625,0.2606658935546875,0.7393341064453125,0.36183610558509827,0.0005852766335010529,0.13779710233211517,-0.003445195034146309,3.1089820861816406
259,44.55595779418945,845.1900024414062,0.26288604736328125,0.7371139526367188,0.36193981766700745,0.0008779149502515793,0.14035628736019135,-0.004198852926492691,3.100114107131958
260,47.05553436279297,876.8800048828125,0.2625579833984375,0.7374420166015625,0.3618096709251404,0.00039018443203531206,0.1394432932138443,0.0010541117517277598,3.114269256591797
261,43.33967208862305,813.6699829101562,0.262054443359375,0.737945556640625,0.3617723882198334,0.0005852766335010529,0.13856253027915955,-0.006357794627547264,3.1061112880706787
262,45.70969009399414,845.6199951171875,0.261016845703125,0.738983154296875,0.36193710565567017,0.0008779149502515793,0.14644987881183624,-0.0028246655128896236,3.113307237625122
263,44.92926025390625,846.969970703125,0.25981903076171875,0.7401809692382812,0.36234790086746216,0.0008779149502515793,0.13756637275218964,-0.0027991284150630236,3.11797833442688
264,44.363502502441406,828.030029296875,0.25778961181640625,0.7422103881835938,0.3632830083370209,0.0008779149502515793,0.15436848998069763,-0.003190946765244007,3.1266579627990723
265,44.62173080444336,848.780029296875,0.25612640380859375,0.7438735961914062,0.3630748987197876,0.0002601229352876544,0.14880059659481049,8.490041363984346e-05,3.133267879486084
266,41.4376106262207,782.1199951171875,0.255950927734375,0.744049072265625,0.3629937469959259,0.0005852766335010529,0.1575932651758194,-0.003860227297991514,3.1249144077301025
267,47.29835510253906,857.9000244140625,0.25754547119140625,0.7424545288085938,0.36245572566986084,0.0008779149502515793,0.14815428853034973,-0.00411616824567318,3.124431848526001
268,40.764190673828125,774.8200073242188,0.25826263427734375,0.7417373657226562,0.36195653676986694,0.0005852766335010529,0.16086897253990173,-0.004032216966152191,3.1059303283691406
269,44.64653778076172,824.1799926757812,0.26134490966796875,0.7386550903320312,0.3618117570877075,0.0005852766335010529,0.1498222053050995,-0.0026693011168390512,3.1078903675079346
270,44.26861572265625,822.9400024414062,0.2624664306640625,0.7375335693359375,0.3618415296077728,0.0008779149502515793,0.1576804518699646,-0.005713377147912979,3.1019768714904785
271,44.31462478637695,813.7000122070312,0.262115478515625,0.737884521484375,0.3615223467350006,0.0008779149502515793,0.14849457144737244,-0.0031599602662026882,3.116675615310669
272,42.835350036621094,798.8099975585938,0.2619476318359375,0.7380523681640625,0.36169037222862244,0.0005852766335010529,0.15469491481781006,-0.0012627579271793365,3.103438377380371
273,44.891693115234375,817.8699951171875,0.26336669921875,0.73663330078125,0.3616364002227783,0.0008779149502515793,0.14923398196697235,-0.004317907150834799,3.101269245147705
274,44.05983352661133,822.5700073242188,0.2655029296875,0.7344970703125,0.3624017536640167,0.0005852766335010529,0.16937963664531708,-0.0031215189956128597,3.1166398525238037
275,42.107295989990234,798.969970703125,0.2668304443359375,0.7331695556640625,0.36251530051231384,0.0005852766335010529,0.15501046180725098,-0.00395325617864728,3.1246206760406494
276,45.601688385009766,825.0599975585938,0.26668548583984375,0.7333145141601562,0.36227288842201233,0.0008779149502515793,0.16093561053276062,-0.002560504712164402,3.115314483642578
277,43.19049835205078,808.47998046875,0.26654052734375,0.73345947265625,0.3626881241798401,0.0008779149502515793,0.1688062846660614,-0.003010011510923505,3.1265251636505127
278,44.09050750732422,802.6599731445312,0.26811981201171875,0.7318801879882812,0.3630344569683075,0.0008779149502515793,0.1658157855272293,-0.0025443078484386206,3.1226892471313477
279,43.059226989746094,788.9500122070312,0.2725372314453125,0.7274627685546875,0.36316198110580444,0.0008779149502515793,0.1716630458831787,-0.0026287506334483624,3.1299564838409424
280,45.805213928222656,829.9600219726562,0.27588653564453125,0.7241134643554688,0.36251693964004517,0.0005852766335010529,0.15925952792167664,-0.0037747928872704506,3.125300884246826
281,43.86692810058594,823.1599731445312,0.27864837646484375,0.7213516235351562,0.3636665940284729,0.0008779149502515793,0.1683608740568161,-0.005756749305874109,3.1319639682769775
282,46.969688415527344,861.47998046875,0.2799530029296875,0.7200469970703125,0.3635289669036865,0.0005852766335010529,0.16991731524467468,-0.0017328662797808647,3.146635055541992
283,44.441551208496094,826.0900268554688,0.284149169921875,0.715850830078125,0.3637627959251404,0.0008779149502515793,0.16232135891914368,-0.004270902369171381,3.1500260829925537
284,43.329017639160156,824.5800170898438,0.28548431396484375,0.7145156860351562,0.3638147711753845,0.0005852766335010529,0.17952072620391846,-0.0015927545027807355,3.1533141136169434
285,40.790977478027344,749.8499755859375,0.28609466552734375,0.7139053344726562,0.36405718326568604,0.0008779149502515793,0.17067846655845642,-0.0030420315451920033,3.1567673683166504
286,41.95273971557617,779.7100219726562,0.286346435546875,0.713653564453125,0.36349692940711975,0.0008779149502515793,0.1622062772512436,-0.002619966398924589,3.14553165435791
287,41.644351959228516,784.9400024414062,0.288818359375,0.711181640625,0.3633526563644409,0.0002601229352876544,0.15399499237537384,-0.0005691386177204549,3.1495766639709473
288,43.35879898071289,802.3699951171875,0.29184722900390625,0.7081527709960938,0.363298624753952,0.0005852766335010529,0.14638324081897736,-0.005910032894462347,3.1324355602264404
289,44.113807678222656,807.6900024414062,0.29058074951171875,0.7094192504882812,0.3635781407356262,0.0008779149502515793,0.16685332357883453,-0.00452610244974494,3.147242546081543
290,46.26759719848633,837.9600219726562,0.29074859619140625,0.7092514038085938,0.3634290099143982,0.0005852766335010529,0.149946391582489,-0.0014520190889015794,3.1454195976257324
291,41.4813346862793,759.7899780273438,0.29631805419921875,0.7036819458007812,0.3632168769836426,0.0008779149502515793,0.15578728914260864,-0.005466632544994354,3.1346983909606934
292,46.434722900390625,850.1400146484375,0.29925537109375,0.70074462890625,0.3632763624191284,0.0005852766335010529,0.15375034511089325,-0.0028772137593477964,3.1351146697998047
293,43.10649871826172,801.8400268554688,0.2998809814453125,0.7001190185546875,0.36357396841049194,0.0008779149502515793,0.14581100642681122,-0.005407075397670269,3.140997886657715
294,44.32252883911133,808.9000244140625,0.30223846435546875,0.6977615356445312,0.36415302753448486,0.0005852766335010529,0.1551375538110733,-0.002049436094239354,3.150296449661255
295,46.694271087646484,839.6400146484375,0.30463409423828125,0.6953659057617188,0.3639603555202484,0.0005852766335010529,0.15975293517112732,-0.0028479185421019793,3.1511447429656982
296,43.17441177368164,794.1799926757812,0.3074493408203125,0.6925506591796875,0.36394554376602173,0.0008779149502515793,0.15004144608974457,-0.0036596255376935005,3.140251636505127
297,47.954261779785156,852.239990234375,0.30542755126953125,0.6945724487304688,0.36413073539733887,0.0008779149502515793,0.15075477957725525,-0.0024497322738170624,3.148926019668579
298,46.916114807128906,869.3300170898438,0.301971435546875,0.698028564453125,0.36472609639167786,0.00039018443203531206,0.15967077016830444,-0.0011058971285820007,3.168581962585449
299,44.37590789794922,803.739990234375,0.30101776123046875,0.6989822387695312,0.3643132448196411,0.0005852766335010529,0.16325633227825165,-0.0060789138078689575,3.1551060676574707
300,44.6625862121582,819.5700073242188,0.300811767578125,0.699188232421875,0.36391645669937134,0.0008779149502515793,0.14067339897155762,-0.0012586539378389716,3.156362295150757
301,47.720741271972656,853.1799926757812,0.30059814453125,0.69940185546875,0.3641511797904968,0.0005852766335010529,0.1414705067873001,-0.0018104126211255789,3.152571678161621
302,47.010276794433594,846.0900268554688,0.29941558837890625,0.7005844116210938,0.36417555809020996,0.00039018443203531206,0.15832872688770294,-0.002533870982006192,3.1543209552764893
303,47.94321060180664,873.260009765625,0.29703521728515625,0.7029647827148438,0.3647202253341675,0.0008779149502515793,0.173945814371109,-0.005607041995972395,3.1564178466796875
304,45.27557373046875,820.3400268554688,0.295379638671875,0.704620361328125,0.36415839195251465,0.0002601229352876544,0.14202184975147247,-0.0005233400734141469,3.1650233268737793
305,46.58035659790039,852.22998046875,0.29427337646484375,0.7057266235351562,0.36472928524017334,0.0005852766335010529,0.16226531565189362,-0.005407681223005056,3.1539762020111084
306,45.08030700683594,827.780029296875,0.29428863525390625,0.7057113647460938,0.36463481187820435,0.0005852766335010529,0.146570086479187,-0.005485642701387405,3.148503065109253
307,44.877315521240234,813.1799926757812,0.29628753662109375,0.7037124633789062,0.36527007818222046,0.0008779149502515793,0.15714500844478607,-0.004877287894487381,3.167389154434204
308,45.78922653198242,827.3400268554688,0.29636383056640625,0.7036361694335938,0.36546313762664795,0.0005852766335010529,0.15351997315883636,-0.0025883358903229237,3.175868511199951
309,47.097084045410156,841.0999755859375,0.2947998046875,0.7052001953125,0.36496371030807495,0.0005852766335010529,0.15525014698505402,-0.003091639606282115,3.175389528274536
310,47.03252410888672,837.5,0.29257965087890625,0.7074203491210938,0.36446231603622437,0.0005852766335010529,0.15321241319179535,-0.0028027906082570553,3.1631019115448
311,46.981624603271484,850.9600219726562,0.28912353515625,0.71087646484375,0.3654436469078064,0.0005852766335010529,0.1593281626701355,-0.00568423792719841,3.1698038578033447
312,46.725337982177734,835.6099853515625,0.286529541015625,0.713470458984375,0.3663811981678009,0.0008779149502515793,0.15950053930282593,-0.005207398906350136,3.1932735443115234
313,50.16783905029297,890.2100219726562,0.2841339111328125,0.7158660888671875,0.36713629961013794,0.0005852766335010529,0.16851279139518738,-0.002063437830656767,3.209510564804077
314,44.7625732421875,804.239990234375,0.28313446044921875,0.7168655395507812,0.3673255145549774,0.0005852766335010529,0.179495707154274,-0.0035626068711280823,3.2204346656799316
315,49.41637420654297,856.6500244140625,0.28118133544921875,0.7188186645507812,0.36770325899124146,0.0008779149502515793,0.16012050211429596,-0.0049850838258862495,3.2198235988616943
316,44.79524612426758,809.510009765625,0.27909088134765625,0.7209091186523438,0.36740219593048096,0.00039018443203531206,0.17218410968780518,-0.0015167203964665532,3.2212650775909424
317,46.366275787353516,828.0399780273438,0.27692413330078125,0.7230758666992188,0.36736398935317993,0.0008779149502515793,0.15693289041519165,-0.005718608386814594,3.2150073051452637
318,45.26563262939453,816.2899780273438,0.27561187744140625,0.7243881225585938,0.3671140670776367,0.00039018443203531206,0.16785059869289398,0.0007567759603261948,3.22493839263916
319,45.1339225769043,845.9199829101562,0.275054931640625,0.724945068359375,0.36694052815437317,0.0005852766335010529,0.16058331727981567,-0.006546985823661089,3.192768096923828
320,46.701053619384766,817.8900146484375,0.27374267578125,0.72625732421875,0.3670216202735901,0.0008779149502515793,0.15216226875782013,-0.003634367836639285,3.208552122116089
321,45.734683990478516,825.0800170898438,0.27074432373046875,0.7292556762695312,0.36668860912323,0.00039018443203531206,0.14753912389278412,-0.002801191760227084,3.2035725116729736
322,46.83534240722656,827.02001953125,0.26961517333984375,0.7303848266601562,0.3657774031162262,0.0005852766335010529,0.15325519442558289,-0.006692681461572647,3.1868364810943604
323,48.8208122253418,866.5,0.26883697509765625,0.7311630249023438,0.3655608892440796,0.0008779149502515793,0.15030252933502197,-0.003107579192146659,3.1794488430023193
324,48.58760070800781,860.2999877929688,0.26523590087890625,0.7347640991210938,0.36518049240112305,0.0008779149502515793,0.1664745956659317,-0.0012835529632866383,3.172762870788574
325,50.83706283569336,881.52001953125,0.26238250732421875,0.7376174926757812,0.3646112382411957,0.00039018443203531206,0.1481710970401764,-0.0015332198236137629,3.162095785140991
326,49.15053176879883,878.8900146484375,0.25827789306640625,0.7417221069335938,0.3627607226371765,0.0005852766335010529,0.13538920879364014,-0.005902297329157591,3.1279215812683105
327,44.51448440551758,789.9600219726562,0.25787353515625,0.74212646484375,0.3629404604434967,0.0008779149502515793,0.1506662368774414,-0.003125959075987339,3.114576578140259
328,46.653194427490234,824.4099731445312,0.25878143310546875,0.7412185668945312,0.3625088334083557,0.0005852766335010529,0.14105701446533203,-0.0027004266157746315,3.1199092864990234
329,45.54941940307617,812.8599853515625,0.25566864013671875,0.7443313598632812,0.36288076639175415,0.0008779149502515793,0.14717166125774384,-0.004413030110299587,3.1081185340881348
330,47.633888244628906,830.9000244140625,0.25524139404296875,0.7447586059570312,0.36270835995674133,0.0005852766335010529,0.165805846452713,-0.001594197005033493,3.1169724464416504
331,46.43782424926758,831.739990234375,0.25244140625,0.74755859375,0.36230963468551636,0.0005852766335010529,0.16073201596736908,-0.0030713481828570366,3.1116864681243896
332,45.32156753540039,809.780029296875,0.2526702880859375,0.7473297119140625,0.36161452531814575,0.0005852766335010529,0.15618082880973816,-0.003474233439192176,3.108036518096924
333,47.536170959472656,837.3800048828125,0.2547454833984375,0.7452545166015625,0.3616260886192322,0.0008779149502515793,0.14661331474781036,-0.0029079194646328688,3.0866825580596924
334,48.90505599975586,862.9400024414062,0.25640869140625,0.74359130859375,0.36153680086135864,0.00039018443203531206,0.1565125584602356,-0.0009956505382433534,3.0893359184265137
335,47.08576202392578,840.5399780273438,0.25567626953125,0.74432373046875,0.3614324927330017,0.0008779149502515793,0.14971700310707092,-0.0043722535483539104,3.0885181427001953
336,45.09379577636719,804.5,0.2577667236328125,0.7422332763671875,0.36160510778427124,0.00039018443203531206,0.1694278120994568,-0.00026212685042992234,3.088548421859741
337,46.02892303466797,826.0900268554688,0.257843017578125,0.742156982421875,0.3617839217185974,0.0008779149502515793,0.16478733718395233,-0.004208204336464405,3.090883493423462
338,49.197566986083984,869.8300170898438,0.25809478759765625,0.7419052124023438,0.36258387565612793,0.0005852766335010529,0.1608150750398636,-0.0026276549324393272,3.1096596717834473
339,48.69561004638672,854.3400268554688,0.257232666015625,0.742767333984375,0.363139808177948,0.0005852766335010529,0.17652519047260284,-0.004123303107917309,3.1174678802490234
340,49.206321716308594,855.5999755859375,0.2566986083984375,0.7433013916015625,0.3640231490135193,0.0002601229352876544,0.18076381087303162,0.0006393964868038893,3.139815092086792
341,45.22974395751953,809.22998046875,0.256866455078125,0.743133544921875,0.364223837852478,0.00039018443203531206,0.19155971705913544,-0.005914193112403154,3.1437594890594482
342,43.902313232421875,768.0900268554688,0.25843048095703125,0.7415695190429688,0.3635113835334778,0.0005852766335010529,0.16553644835948944,-0.005436641164124012,3.1367833614349365
343,46.099365234375,808.77001953125,0.26102447509765625,0.7389755249023438,0.36295950412750244,0.0002601229352876544,0.17974919080734253,-0.002661783481016755,3.1254544258117676
344,47.59577178955078,850.47998046875,0.2633056640625,0.7366943359375,0.36286890506744385,0.0005852766335010529,0.17345570027828217,-0.006693757604807615,3.1156959533691406
345,48.11818313598633,836.22998046875,0.2609405517578125,0.7390594482421875,0.36296501755714417,0.0008779149502515793,0.17645160853862762,-0.004678304772824049,3.118828296661377
346,46.53907775878906,813.6099853515625,0.26125335693359375,0.7387466430664062,0.36280667781829834,0.00039018443203531206,0.19031000137329102,-0.00312483636662364,3.120633602142334
347,48.606815338134766,858.5399780273438,0.2593231201171875,0.7406768798828125,0.36225712299346924,0.0005852766335010529,0.18002866208553314,-0.005627072416245937,3.1055572032928467
348,45.82569122314453,820.72998046875,0.2575836181640625,0.7424163818359375,0.3625478744506836,0.0008779149502515793,0.17888100445270538,-0.0038536260835826397,3.1072463989257812
349,45.4029426574707,812.8800048828125,0.25652313232421875,0.7434768676757812,0.36258232593536377,0.00039018443203531206,0.16233815252780914,-0.0026609080377966166,3.105884552001953
350,44.189170837402344,778.9199829101562,0.25943756103515625,0.7405624389648438,0.36253103613853455,0.0005852766335010529,0.1597379744052887,-0.00535607011988759,3.1144003868103027
351,48.555091857910156,831.75,0.2614898681640625,0.7385101318359375,0.3623611629009247,0.0005852766335010529,0.16309334337711334,-0.003383693750947714,3.1038105487823486
352,49.29126739501953,864.3599853515625,0.262298583984375,0.737701416015625,0.36234351992607117,0.0005852766335010529,0.15921199321746826,-0.004129339475184679,3.092477798461914
353,48.42002487182617,843.6799926757812,0.25994873046875,0.74005126953125,0.36170417070388794,0.00039018443203531206,0.1626949906349182,-0.002192620886489749,3.0972986221313477
354,51.292869567871094,871.4400024414062,0.25923919677734375,0.7407608032226562,0.362204372882843,0.0008779149502515793,0.15253396332263947,-0.004724203143268824,3.083287239074707
355,47.646751403808594,839.8800048828125,0.258758544921875,0.741241455078125,0.36206668615341187,0.0005852766335010529,0.17114810645580292,-0.003652866231277585,3.093402624130249
356,45.22134017944336,793.6099853515625,0.26202392578125,0.73797607421875,0.3623031973838806,0.0008779149502515793,0.16216573119163513,-0.004390539601445198,3.0948851108551025
357,43.99138641357422,804.2899780273438,0.26397705078125,0.73602294921875,0.3627261519432068,0.0005852766335010529,0.16042852401733398,-0.004105523694306612,3.1003684997558594
358,48.86367416381836,846.9500122070312,0.26412200927734375,0.7358779907226562,0.362586110830307,0.0008779149502515793,0.15742123126983643,-0.005222090985625982,3.1025524139404297
359,49.60551834106445,835.9099731445312,0.26621246337890625,0.7337875366210938,0.3626857399940491,0.0005852766335010529,0.15649011731147766,-0.001166398054920137,3.1109228134155273
360,50.02021789550781,858.739990234375,0.266876220703125,0.733123779296875,0.3631133735179901,0.0008779149502515793,0.1782318651676178,-0.0040850210934877396,3.100743293762207
361,48.83942794799805,824.7899780273438,0.26787567138671875,0.7321243286132812,0.36302560567855835,0.0002601229352876544,0.18509095907211304,-0.0008134065428748727,3.1035208702087402
362,50.26227569580078,866.6500244140625,0.26746368408203125,0.7325363159179688,0.3630191683769226,0.0005852766335010529,0.15707214176654816,-0.00685506034642458,3.108522415161133
363,51.562320709228516,871.989990234375,0.26734161376953125,0.7326583862304688,0.36273306608200073,0.00039018443203531206,0.18350480496883392,-0.0022268863394856453,3.1039798259735107
364,49.26413345336914,844.5900268554688,0.265380859375,0.734619140625,0.3625734746456146,0.0005852766335010529,0.1596924066543579,-0.005851780530065298,3.0911641120910645
365,47.46059799194336,830.6799926757812,0.265350341796875,0.734649658203125,0.36290162801742554,0.0008779149502515793,0.16875873506069183,-0.004370335955172777,3.0919189453125
366,47.795326232910156,840.3200073242188,0.26461029052734375,0.7353897094726562,0.36227208375930786,0.0005852766335010529,0.16200339794158936,-0.0015042251907289028,3.096261978149414
367,47.3958854675293,829.7000122070312,0.26349639892578125,0.7365036010742188,0.36229443550109863,0.0005852766335010529,0.1535739153623581,-0.006128017324954271,3.073936939239502
368,51.612606048583984,881.0999755859375,0.26343536376953125,0.7365646362304688,0.36247527599334717,0.0008779149502515793,0.16939806938171387,-0.00593982357531786,3.089454412460327
369,52.32884216308594,873.9299926757812,0.26172637939453125,0.7382736206054688,0.36352458596229553,0.0002601229352876544,0.1549210250377655,-0.0004695831739809364,3.1044561862945557
370,48.31308364868164,832.72998046875,0.2584991455078125,0.7415008544921875,0.3633466958999634,0.0005852766335010529,0.1680653691291809,-0.006778492592275143,3.1134471893310547
371,49.39457702636719,850.719970703125,0.2573394775390625,0.7426605224609375,0.3640252351760864,0.0005852766335010529,0.18649347126483917,-0.0020946648437529802,3.1167960166931152
372,51.65836715698242,872.5499877929688,0.255767822265625,0.744232177734375,0.3644234240055084,0.0005852766335010529,0.16994883120059967,-0.005493341479450464,3.120058298110962
373,49.64760971069336,866.989990234375,0.24976348876953125,0.7502365112304688,0.36509469151496887,0.0008779149502515793,0.18260371685028076,-0.005767323076725006,3.1327970027923584
374,47.34794616699219,803.4600219726562,0.24761199951171875,0.7523880004882812,0.3651884198188782,0.0005852766335010529,0.18275383114814758,-0.0031464144121855497,3.1468405723571777
375,47.31742858886719,806.8900146484375,0.24851226806640625,0.7514877319335938,0.365112841129303,0.0005852766335010529,0.16543184220790863,-0.0036155947018414736,3.1387062072753906
376,46.807655334472656,815.7000122070312,0.24782562255859375,0.7521743774414062,0.3647432327270508,0.0008779149502515793,0.16736415028572083,-0.005215820856392384,3.1446359157562256
377,46.60442352294922,810.8800048828125,0.2488250732421875,0.7511749267578125,0.3643007278442383,0.0005852766335010529,0.16235551238059998,-0.0017286171205341816,3.1352851390838623
378,48.71640396118164,846.5800170898438,0.249298095703125,0.750701904296875,0.36500996351242065,0.0008779149502515793,0.1621703952550888,-0.002942833583801985,3.1362767219543457
379,51.987091064453125,880.75,0.2465667724609375,0.7534332275390625,0.365887314081192,0.0008779149502515793,0.18089604377746582,-0.0035796230658888817,3.156193494796753
380,48.38310623168945,817.4099731445312,0.24225616455078125,0.7577438354492188,0.36485761404037476,0.00039018443203531206,0.19109275937080383,-0.001269992790184915,3.1507561206817627
381,50.494476318359375,845.3099975585938,0.24147796630859375,0.7585220336914062,0.36514875292778015,0.0005852766335010529,0.1745033711194992,-0.0061439150013029575,3.137704610824585
382,46.64145278930664,813.1199951171875,0.240142822265625,0.759857177734375,0.36538413166999817,0.00039018443203531206,0.17114508152008057,-0.004673464689403772,3.144178867340088
383,46.486473083496094,807.0700073242188,0.24279022216796875,0.7572097778320312,0.3660009503364563,0.0005852766335010529,0.16739521920681,-0.0054410286247730255,3.1552953720092773
384,51.73188018798828,880.9199829101562,0.24645233154296875,0.7535476684570312,0.36604148149490356,0.00039018443203531206,0.1755150854587555,-0.0011968393810093403,3.160595655441284
385,51.67764663696289,872.5800170898438,0.2459259033203125,0.7540740966796875,0.3669094741344452,0.0005852766335010529,0.1724950671195984,-0.007632218301296234,3.1621546745300293
386,48.50004196166992,850.0900268554688,0.24452972412109375,0.7554702758789062,0.3676462769508362,0.0008779149502515793,0.1813800036907196,-0.005180853884667158,3.194244861602783
387,48.39431381225586,834.2000122070312,0.2417449951171875,0.7582550048828125,0.36792469024658203,0.0005852766335010529,0.18591244518756866,-0.002591857686638832,3.192755937576294
388,47.031333923339844,810.22998046875,0.24090576171875,0.75909423828125,0.3683936297893524,0.0008779149502515793,0.16549231112003326,-0.0031676830258220434,3.200195074081421
389,49.218658447265625,828.9099731445312,0.2426910400390625,0.7573089599609375,0.36798495054244995,0.00039018443203531206,0.18015660345554352,-0.002788911573588848,3.200650930404663
390,48.099334716796875,829.72998046875,0.24350738525390625,0.7564926147460938,0.3675706386566162,0.0005852766335010529,0.16566108167171478,-0.004935818258672953,3.18599009513855
391,47.276702880859375,821.72998046875,0.24459075927734375,0.7554092407226562,0.36707234382629395,0.0005852766335010529,0.1541617214679718,-0.0025276783853769302,3.180208444595337
392,47.225624084472656,815.27001953125,0.24555206298828125,0.7544479370117188,0.36753010749816895,0.0008779149502515793,0.15446142852306366,-0.0024496165569871664,3.185100555419922
393,51.59663009643555,855.5700073242188,0.2454986572265625,0.7545013427734375,0.3676201105117798,0.0005852766335010529,0.149630606174469,-0.003663611365482211,3.177163600921631
394,49.6182861328125,849.75,0.24501800537109375,0.7549819946289062,0.36806756258010864,0.0005852766335010529,0.14312197268009186,-0.0039620837196707726,3.1927988529205322
395,49.51702117919922,851.6699829101562,0.24346923828125,0.75653076171875,0.3681698441505432,0.0005852766335010529,0.14558623731136322,-0.0037482574116438627,3.1956236362457275
396,50.41377639770508,867.4600219726562,0.24327850341796875,0.7567214965820312,0.3686272203922272,0.0008779149502515793,0.15650387108325958,-0.006242336705327034,3.202380895614624
397,47.22024154663086,816.1599731445312,0.2409515380859375,0.7590484619140625,0.3684734106063843,0.0005852766335010529,0.15844224393367767,-0.0035224799066781998,3.202310085296631
398,47.836341857910156,814.0900268554688,0.23987579345703125,0.7601242065429688,0.3684084713459015,0.0005852766335010529,0.16389873623847961,-0.0038812446873635054,3.201937675476074
399,50.305206298828125,850.9600219726562,0.24039459228515625,0.7596054077148438,0.3688473701477051,0.0005852766335010529,0.161394864320755,-0.0025454668793827295,3.2073733806610107
400,48.73212814331055,839.780029296875,0.2413482666015625,0.7586517333984375,0.3689962923526764,0.0008779149502515793,0.1665925234556198,-0.003918831702321768,3.203662395477295
401,51.2992057800293,877.030029296875,0.24019622802734375,0.7598037719726562,0.3690794110298157,0.0008779149502515793,0.16361252963542938,-0.001672164537012577,3.21733021736145
402,49.531009674072266,835.52001953125,0.24047088623046875,0.7595291137695312,0.3688012361526489,0.0005852766335010529,0.16262944042682648,-0.003965900745242834,3.2042367458343506
403,50.98033142089844,870.1599731445312,0.24105072021484375,0.7589492797851562,0.3692407011985779,0.0008779149502515793,0.15703456103801727,-0.004363211337476969,3.209233045578003
404,50.03984832763672,866.4099731445312,0.23931121826171875,0.7606887817382812,0.3695763945579529,0.0008779149502515793,0.1547020673751831,-0.004035608377307653,3.219210147857666
405,50.116493225097656,868.4199829101562,0.23615264892578125,0.7638473510742188,0.36998021602630615,0.0008779149502515793,0.1594480723142624,-0.00333969434723258,3.2248902320861816
406,51.961402893066406,899.4099731445312,0.234344482421875,0.765655517578125,0.3699527978897095,0.0005852766335010529,0.16285337507724762,-0.002778572728857398,3.2352185249328613
407,49.51945114135742,850.9500122070312,0.231903076171875,0.768096923828125,0.36996257305145264,0.0005852766335010529,0.1680401712656021,-0.003477248828858137,3.2264609336853027
408,49.81002426147461,843.5499877929688,0.22823333740234375,0.7717666625976562,0.37024539709091187,0.0008779149502515793,0.14517450332641602,-0.0041089435108006,3.2477188110351562
409,50.46065139770508,868.1699829101562,0.22774505615234375,0.7722549438476562,0.3696519434452057,0.0005852766335010529,0.15528902411460876,-0.002984624123200774,3.233849048614502
410,51.12480545043945,864.22998046875,0.226318359375,0.773681640625,0.3698539137840271,0.00039018443203531206,0.1508021503686905,-0.0029851594008505344,3.232654571533203
411,48.36732482910156,821.6699829101562,0.22487640380859375,0.7751235961914062,0.36973798274993896,0.0005852766335010529,0.15280596911907196,-0.005966749973595142,3.22234845161438
412,51.49162292480469,875.1900024414062,0.2232818603515625,0.7767181396484375,0.36892765760421753,0.0008779149502515793,0.1485106348991394,-0.0036833835765719414,3.2242791652679443
413,50.88364791870117,875.3200073242188,0.21871185302734375,0.7812881469726562,0.3689243495464325,0.0005852766335010529,0.15943725407123566,-0.003128277137875557,3.202458381652832
414,53.6196174621582,905.97998046875,0.21453094482421875,0.7854690551757812,0.36850059032440186,0.00039018443203531206,0.14685708284378052,-0.003301392076537013,3.1998229026794434
415,49.49686050415039,835.8800048828125,0.21260833740234375,0.7873916625976562,0.3689539432525635,0.0005852766335010529,0.15348190069198608,-0.003850066801533103,3.1937828063964844
416,50.704010009765625,867.9099731445312,0.20975494384765625,0.7902450561523438,0.36916977167129517,0.0005852766335010529,0.1542655974626541,-0.0008973472868092358,3.209315776824951
417,49.791927337646484,850.6199951171875,0.20703125,0.79296875,0.3693116009235382,0.0005852766335010529,0.16384319961071014,-0.004638263490051031,3.200134515762329
418,53.88056182861328,913.3699951171875,0.204803466796875,0.795196533203125,0.3695666491985321,0.0008779149502515793,0.15544089674949646,-0.004847456235438585,3.2073726654052734
419,51.15830612182617,857.1699829101562,0.2019195556640625,0.7980804443359375,0.3697627782821655,0.0005852766335010529,0.15437732636928558,-0.003064496908336878,3.2197515964508057
420,52.090476989746094,880.1300048828125,0.200592041015625,0.799407958984375,0.3698594272136688,0.0005852766335010529,0.14589013159275055,-0.0030887087341398,3.2139642238616943
421,49.376522064208984,846.0399780273438,0.19867706298828125,0.8013229370117188,0.3689374029636383,0.0005852766335010529,0.1546066403388977,-0.0025577696505934,3.2012572288513184
422,50.61094665527344,833.3699951171875,0.1957244873046875,0.8042755126953125,0.3684752285480499,0.00017341530474368483,0.15639281272888184,-0.0012274538166821003,3.183070421218872
423,49.62771987915039,844.239990234375,0.19268798828125,0.80731201171875,0.3680853545665741,0.0005852766335010529,0.16002044081687927,-0.005639728158712387,3.1824731826782227
424,51.41331100463867,842.489990234375,0.1916656494140625,0.8083343505859375,0.36757180094718933,0.0005852766335010529,0.15471670031547546,-1.692592559265904e-05,3.166910409927368
425,47.209774017333984,822.5900268554688,0.1920318603515625,0.8079681396484375,0.36765745282173157,0.0008779149502515793,0.17828014492988586,-0.0050790198147296906,3.163264751434326
426,52.44802474975586,887.6400146484375,0.1909637451171875,0.8090362548828125,0.36719709634780884,0.0005852766335010529,0.1940658837556839,-0.0015411784406751394,3.155851125717163
427,54.54700469970703,917.5,0.19183349609375,0.80816650390625,0.3670627772808075,0.00039018443203531206,0.16910108923912048,-0.0031042948830872774,3.1578474044799805
428,50.0882682800293,851.260009765625,0.1898040771484375,0.8101959228515625,0.36677825450897217,0.0005852766335010529,0.1794852614402771,-0.004938245285302401,3.1432793140411377
429,50.67934799194336,845.8300170898438,0.1898651123046875,0.8101348876953125,0.36747655272483826,0.00039018443203531206,0.18241636455059052,-0.004308345261961222,3.163853406906128
430,51.50028610229492,859.030029296875,0.18907928466796875,0.8109207153320312,0.3672052025794983,0.0002601229352876544,0.19042901694774628,-0.0010227574966847897,3.159273862838745
431,52.57232666015625,880.6199951171875,0.1899871826171875,0.8100128173828125,0.36754804849624634,0.0005852766335010529,0.18658161163330078,-0.005077559035271406,3.1696810722351074
432,48.99853515625,821.3099975585938,0.1892852783203125,0.8107147216796875,0.3679439425468445,0.0008779149502515793,0.18275445699691772,-0.005560921039432287,3.1642448902130127
433,52.763545989990234,877.6099853515625,0.19194793701171875,0.8080520629882812,0.36782386898994446,0.0005852766335010529,0.17513900995254517,-0.0015701702795922756,3.183457851409912
434,50.250038146972656,847.1500244140625,0.1932830810546875,0.8067169189453125,0.36799532175064087,0.0005852766335010529,0.1935640424489975,-0.0033789395820349455,3.164428472518921
435,51.095340728759766,859.6400146484375,0.19610595703125,0.80389404296875,0.3678351044654846,0.0008779149502515793,0.17447364330291748,-0.004347457550466061,3.1740949153900146
436,49.12693405151367,849.3900146484375,0.19681549072265625,0.8031845092773438,0.3675544261932373,0.0002601229352876544,0.17218516767024994,0.001149852410890162,3.1739466190338135
437,49.339874267578125,854.27001953125,0.2000274658203125,0.7999725341796875,0.3666834235191345,0.0005852766335010529,0.1804439276456833,-0.005589725915342569,3.148409366607666
438,52.89773178100586,862.7899780273438,0.20267486572265625,0.7973251342773438,0.3667071461677551,0.0008779149502515793,0.1722155064344406,-0.0024536799173802137,3.154128313064575
439,51.043128967285156,862.7100219726562,0.2038421630859375,0.7961578369140625,0.3662331700325012,0.00039018443203531206,0.1833176463842392,-0.0010091766016557813,3.1500649452209473
440,50.4543571472168,843.239990234375,0.20552825927734375,0.7944717407226562,0.36553120613098145,0.0005852766335010529,0.19366618990898132,-0.005380026530474424,3.128990888595581
441,48.94184112548828,832.0399780273438,0.2059783935546875,0.7940216064453125,0.365520179271698,0.0005852766335010529,0.19337376952171326,-0.005298702046275139,3.128875970840454
442,52.880859375,885.6699829101562,0.20763397216796875,0.7923660278320312,0.3654094934463501,0.0005852766335010529,0.19861668348312378,-0.0027055558748543262,3.1200246810913086
443,50.366512298583984,834.9400024414062,0.21063995361328125,0.7893600463867188,0.3654002845287323,0.0005852766335010529,0.18468718230724335,-0.0018229817505925894,3.125786066055298
444,51.137447357177734,846.6900024414062,0.21234893798828125,0.7876510620117188,0.3654211163520813,0.0005852766335010529,0.18018023669719696,-0.0030219394247978926,3.1139636039733887
445,47.622344970703125,800.97998046875,0.21581268310546875,0.7841873168945312,0.3655855655670166,0.0005852766335010529,0.1826542317867279,-0.002737696748226881,3.121081829071045
446,50.52306365966797,835.97998046875,0.21707916259765625,0.7829208374023438,0.36574703454971313,0.0008779149502515793,0.19031421840190887,-0.00403946079313755,3.1163785457611084
447,51.66869354248047,863.0599975585938,0.22028350830078125,0.7797164916992188,0.36554402112960815,0.0008779149502515793,0.1888541728258133,-0.002083315746858716,3.128636360168457
448,51.06005096435547,854.02001953125,0.2194671630859375,0.7805328369140625,0.36548352241516113,0.0005852766335010529,0.19323569536209106,-0.0033684177324175835,3.1111936569213867
449,51.44537353515625,839.2000122070312,0.21910858154296875,0.7808914184570312,0.36566227674484253,0.0008779149502515793,0.1986778825521469,-0.004148314241319895,3.1222994327545166
450,50.291595458984375,831.3400268554688,0.21732330322265625,0.7826766967773438,0.3655723035335541,0.0008779149502515793,0.19416360557079315,-0.002092756563797593,3.1180570125579834
451,50.191471099853516,836.1799926757812,0.21851348876953125,0.7814865112304688,0.36572739481925964,0.0005852766335010529,0.1921800673007965,-0.0030196330044418573,3.11092472076416
452,51.20769119262695,836.1300048828125,0.22028350830078125,0.7797164916992188,0.3654106855392456,0.0008779149502515793,0.19732797145843506,-0.0032135476358234882,3.106058120727539
453,52.61666488647461,874.3200073242188,0.22121429443359375,0.7787857055664062,0.36511537432670593,0.0005852766335010529,0.18417926132678986,-0.003432203084230423,3.097564697265625
454,49.08718490600586,821.4299926757812,0.2227630615234375,0.7772369384765625,0.3653072714805603,0.0005852766335010529,0.20228032767772675,-0.004389704670757055,3.102569341659546
455,52.202491760253906,869.6400146484375,0.2261962890625,0.7738037109375,0.3656756281852722,0.0008779149502515793,0.1946125477552414,-0.0036871805787086487,3.099515199661255
456,52.35151672363281,859.5800170898438,0.2285919189453125,0.7714080810546875,0.3652545213699341,0.00039018443203531206,0.20807479321956635,-0.002247686730697751,3.103135108947754
457,51.8989372253418,851.719970703125,0.23012542724609375,0.7698745727539062,0.36508283019065857,0.0005852766335010529,0.19274809956550598,-0.006380596663802862,3.0939109325408936
458,50.157867431640625,824.1599731445312,0.23082733154296875,0.7691726684570312,0.3658929765224457,0.00039018443203531206,0.19411738216876984,-0.003060166258364916,3.1017959117889404
459,51.441410064697266,837.97998046875,0.23097991943359375,0.7690200805664062,0.36584946513175964,0.0005852766335010529,0.1975536346435547,-0.005201346706598997,3.1065070629119873
460,53.085540771484375,864.1300048828125,0.230377197265625,0.769622802734375,0.3665841221809387,0.00039018443203531206,0.19087505340576172,-0.004001128952950239,3.1189684867858887
461,53.573123931884766,879.5700073242188,0.229034423828125,0.770965576171875,0.3663066029548645,0.0005852766335010529,0.18436405062675476,-0.0075415875762701035,3.1147730350494385
462,51.58415603637695,849.4299926757812,0.2283477783203125,0.7716522216796875,0.36618053913116455,0.0005852766335010529,0.1759980320930481,-0.0031584168318659067,3.1189236640930176
463,50.637516021728516,846.6799926757812,0.22653961181640625,0.7734603881835938,0.36597853899002075,0.00039018443203531206,0.19062326848506927,-0.002194097498431802,3.1091082096099854
464,50.962764739990234,860.219970703125,0.227752685546875,0.772247314453125,0.36657389998435974,0.0005852766335010529,0.1814071238040924,-0.0027938969433307648,3.1228995323181152
465,51.588043212890625,844.0499877929688,0.22725677490234375,0.7727432250976562,0.36685726046562195,0.0005852766335010529,0.18144148588180542,-0.0036819148808717728,3.117215156555176
466,52.693912506103516,868.969970703125,0.22837066650390625,0.7716293334960938,0.3660371005535126,0.00039018443203531206,0.19530123472213745,-0.002877688966691494,3.1213176250457764
467,53.03195571899414,878.510009765625,0.22369384765625,0.77630615234375,0.3656398057937622,0.0005852766335010529,0.1924975961446762,-0.004780682269483805,3.103586196899414
468,52.110809326171875,851.5700073242188,0.2207489013671875,0.7792510986328125,0.366050660610199,0.0005852766335010529,0.18044999241828918,-0.0031227797735482454,3.108332633972168
469,52.42791748046875,879.6400146484375,0.21881103515625,0.78118896484375,0.36617109179496765,0.0005852766335010529,0.1874711513519287,-0.004985058214515448,3.0982561111450195
470,52.406192779541016,857.760009765625,0.21845245361328125,0.7815475463867188,0.367400199174881,0.0005852766335010529,0.19117611646652222,-0.0033868972677737474,3.1280324459075928
471,50.782169342041016,843.4600219726562,0.21997833251953125,0.7800216674804688,0.3663594126701355,0.0005852766335010529,0.18668261170387268,-0.004105648957192898,3.1268105506896973
472,54.06071472167969,877.510009765625,0.22060394287109375,0.7793960571289062,0.36573076248168945,0.0008779149502515793,0.1935378760099411,-0.002928305882960558,3.10271954536438
473,52.85380935668945,865.3699951171875,0.21833038330078125,0.7816696166992188,0.3665026128292084,0.00039018443203531206,0.19495785236358643,-0.0010812660912051797,3.1221888065338135
474,50.89924621582031,836.1699829101562,0.21762847900390625,0.7823715209960938,0.36677396297454834,0.0005852766335010529,0.19462016224861145,-0.004784996155649424,3.119096040725708
475,51.398128509521484,838.7000122070312,0.21709442138671875,0.7829055786132812,0.36732715368270874,0.0008779149502515793,0.18534567952156067,-0.002866445342078805,3.1336421966552734
476,53.304866790771484,893.6699829101562,0.2169342041015625,0.7830657958984375,0.368064820766449,0.00039018443203531206,0.2069300264120102,-0.0016528443666175008,3.1505463123321533
477,51.21552658081055,856.1799926757812,0.21501922607421875,0.7849807739257812,0.36835339665412903,0.0005852766335010529,0.19048672914505005,-0.004515261854976416,3.15812087059021
478,51.37773132324219,854.5800170898438,0.21848297119140625,0.7815170288085938,0.3687284290790558,0.0008779149502515793,0.1856340616941452,-0.005186942405998707,3.163825273513794
479,53.99420166015625,864.1199951171875,0.2201995849609375,0.7798004150390625,0.368297815322876,0.0005852766335010529,0.1873660385608673,-0.0008536380482837558,3.1677117347717285
480,49.57154083251953,810.1300048828125,0.22327423095703125,0.7767257690429688,0.3677402138710022,0.0005852766335010529,0.18050432205200195,-0.0034085477236658335,3.15067720413208
481,52.195064544677734,848.4099731445312,0.2239837646484375,0.7760162353515625,0.36786872148513794,0.00039018443203531206,0.18071793019771576,-0.0016435045981779695,3.148674726486206
482,53.545467376708984,873.2100219726562,0.22333526611328125,0.7766647338867188,0.3671530485153198,0.0005852766335010529,0.190932035446167,-0.0045118751004338264,3.1354408264160156
483,52.40703201293945,861.0900268554688,0.22235870361328125,0.7776412963867188,0.3669453561306,0.0005852766335010529,0.17541494965553284,-0.003483003471046686,3.132761001586914
484,52.62232208251953,845.510009765625,0.22074127197265625,0.7792587280273438,0.36641788482666016,0.0002601229352876544,0.19325578212738037,-0.0022426918148994446,3.1180384159088135
485,52.443382263183594,863.9199829101562,0.217864990234375,0.782135009765625,0.36571812629699707,0.00039018443203531206,0.18136948347091675,-0.005128799006342888,3.1082401275634766
486,51.9052848815918,857.0900268554688,0.215545654296875,0.784454345703125,0.366665244102478,0.0005852766335010529,0.17893780767917633,-0.005572409834712744,3.1088883876800537
487,48.84312438964844,814.7000122070312,0.21491241455078125,0.7850875854492188,0.3659827709197998,0.00039018443203531206,0.17765143513679504,-0.0029568620957434177,3.117482900619507
488,52.316925048828125,862.7100219726562,0.2151336669921875,0.7848663330078125,0.3654510974884033,0.0005852766335010529,0.19961866736412048,-0.006329130847007036,3.1004464626312256
489,53.0511360168457,869.1300048828125,0.21338653564453125,0.7866134643554688,0.36580735445022583,0.0005852766335010529,0.18519656360149384,-0.0034063744824379683,3.1067802906036377
490,53.04776382446289,863.9500122070312,0.2110595703125,0.7889404296875,0.3669968545436859,0.0005852766335010529,0.19565850496292114,-0.0026008132845163345,3.1232151985168457
491,50.733577728271484,828.4400024414062,0.21201324462890625,0.7879867553710938,0.36704689264297485,0.0005852766335010529,0.18481434881687164,-0.0048659262247383595,3.131873846054077
492,52.774818420410156,845.52001953125,0.213043212890625,0.786956787109375,0.36769354343414307,0.0005852766335010529,0.1988018900156021,-0.004694196395576,3.146578788757324
493,53.45598602294922,879.3099975585938,0.21392822265625,0.78607177734375,0.36826273798942566,0.0005852766335010529,0.1773701310157776,-0.002980245044454932,3.1570777893066406
494,53.733829498291016,867.0700073242188,0.211029052734375,0.788970947265625,0.3686234951019287,0.0005852766335010529,0.1806647926568985,-0.00358557584695518,3.164851188659668
495,52.08271408081055,845.0999755859375,0.20952606201171875,0.7904739379882812,0.36936554312705994,0.0008779149502515793,0.17536135017871857,-0.003147303592413664,3.1861891746520996
496,52.98065185546875,855.6500244140625,0.20848846435546875,0.7915115356445312,0.3687812089920044,0.0005852766335010529,0.17577841877937317,-0.003514639101922512,3.177506923675537
497,52.74560546875,859.219970703125,0.21068572998046875,0.7893142700195312,0.3691234588623047,0.0008779149502515793,0.17765863239765167,-0.0038842076901346445,3.174407958984375
498,50.988956451416016,835.239990234375,0.211151123046875,0.788848876953125,0.3692590594291687,0.0005852766335010529,0.16881665587425232,-0.0031700637191534042,3.179157257080078
499,53.304569244384766,865.7999877929688,0.21254730224609375,0.7874526977539062,0.3691810965538025,0.0005852766335010529,0.17692603170871735,-0.0019849345553666353,3.1883461475372314
500,52.381134033203125,857.7899780273438,0.21190643310546875,0.7880935668945312,0.36898910999298096,0.0005852766335010529,0.1857469230890274,-0.0045260279439389706,3.178910732269287
501,50.23322296142578,825.1400146484375,0.21295166015625,0.78704833984375,0.36885565519332886,0.0008779149502515793,0.18411259353160858,-0.0038702762685716152,3.172828435897827
502,53.389225006103516,875.4500122070312,0.21380615234375,0.78619384765625,0.36853650212287903,0.00039018443203531206,0.18599528074264526,-0.0005159329157322645,3.178334951400757
503,53.273216247558594,863.77001953125,0.21273040771484375,0.7872695922851562,0.36832910776138306,0.0005852766335010529,0.17691907286643982,-0.005714452359825373,3.1625452041625977
504,52.343421936035156,846.5,0.2106781005859375,0.7893218994140625,0.36846840381622314,0.00039018443203531206,0.19538947939872742,-0.002432430163025856,3.169666290283203
505,50.822635650634766,848.22998046875,0.21044921875,0.78955078125,0.36797183752059937,0.0005852766335010529,0.19219204783439636,-0.004813367500901222,3.155730962753296
506,52.427955627441406,859.2100219726562,0.21022796630859375,0.7897720336914062,0.3685304522514343,0.0008779149502515793,0.17633652687072754,-0.005367759149521589,3.162595510482788
507,52.91056823730469,853.0700073242188,0.20990753173828125,0.7900924682617188,0.3686181306838989,0.0005852766335010529,0.17910830676555634,-0.002393142320215702,3.167529821395874
508,53.79305648803711,870.260009765625,0.20821380615234375,0.7917861938476562,0.36868560314178467,0.0005852766335010529,0.1919531375169754,-0.004291240591555834,3.171173334121704
509,52.606014251708984,853.75,0.2082366943359375,0.7917633056640625,0.36931857466697693,0.0005852766335010529,0.1715753823518753,-0.002327043330296874,3.175506830215454
510,51.820491790771484,837.2100219726562,0.20648956298828125,0.7935104370117188,0.3702542781829834,0.0005852766335010529,0.18844559788703918,-0.0016064459923654795,3.185826301574707
511,52.130794525146484,845.280029296875,0.20436859130859375,0.7956314086914062,0.3708987236022949,0.0005852766335010529,0.18693214654922485,-0.0017054472118616104,3.213585138320923
512,53.90583419799805,883.8099975585938,0.204498291015625,0.795501708984375,0.37104231119155884,0.0005852766335010529,0.19887083768844604,-0.002631009090691805,3.2140378952026367
513,53.21878433227539,868.0499877929688,0.20337677001953125,0.7966232299804688,0.37126433849334717,0.0008779149502515793,0.19240224361419678,-0.005943148396909237,3.2151143550872803
514,54.287784576416016,856.5999755859375,0.20279693603515625,0.7972030639648438,0.37094610929489136,0.0005852766335010529,0.1965886801481247,-0.0020863597746938467,3.2199251651763916
515,51.40631103515625,844.1599731445312,0.20184326171875,0.79815673828125,0.37131577730178833,0.0005852766335010529,0.19432301819324493,-0.005174027755856514,3.2124719619750977
516,51.6168098449707,854.1599731445312,0.20314788818359375,0.7968521118164062,0.37130075693130493,0.0008779149502515793,0.18243204057216644,-0.004502537194639444,3.2170960903167725
517,54.328086853027344,885.530029296875,0.201812744140625,0.798187255859375,0.37196117639541626,0.0005852766335010529,0.18173740804195404,-0.002384709659963846,3.2280945777893066
518,54.719970703125,883.72998046875,0.200653076171875,0.799346923828125,0.37284141778945923,0.0008779149502515793,0.19200251996517181,-0.00480331527069211,3.2403061389923096
519,55.256591796875,872.469970703125,0.2006683349609375,0.7993316650390625,0.3733314275741577,0.0008779149502515793,0.174275740981102,-0.0024600117467343807,3.2622411251068115
520,50.57415008544922,810.3099975585938,0.20320892333984375,0.7967910766601562,0.37315571308135986,0.0002601229352876544,0.16720563173294067,0.0017420813674107194,3.261112928390503
521,54.31892013549805,889.0599975585938,0.20490264892578125,0.7950973510742188,0.37303626537323,0.0005852766335010529,0.17342810332775116,-0.007240900304168463,3.2450037002563477
522,52.25832748413086,844.1300048828125,0.204345703125,0.795654296875,0.3732898235321045,0.0002601229352876544,0.17213912308216095,-0.003558760043233633,3.265141725540161
523,53.91065979003906,883.219970703125,0.20368194580078125,0.7963180541992188,0.37250807881355286,0.0005852766335010529,0.18129684031009674,-0.007764626294374466,3.2412774562835693
524,52.81047821044922,854.7899780273438,0.204437255859375,0.795562744140625,0.37230950593948364,0.00039018443203531206,0.18318955600261688,-0.0034816076513379812,3.2501986026763916
525,54.727210998535156,878.6799926757812,0.20455169677734375,0.7954483032226562,0.3718653917312622,0.0005852766335010529,0.17408429086208344,-0.006468509789556265,3.2337262630462646
526,55.34543991088867,894.6500244140625,0.2035064697265625,0.7964935302734375,0.3716190755367279,0.0005852766335010529,0.1637856513261795,-0.004152276553213596,3.227623701095581
527,56.95292663574219,917.1900024414062,0.19966888427734375,0.8003311157226562,0.3711514472961426,0.0008779149502515793,0.16258832812309265,-0.004034958779811859,3.2164695262908936
528,53.54558563232422,860.3699951171875,0.198150634765625,0.801849365234375,0.3720725178718567,0.0005852766335010529,0.17627285420894623,-0.0028834387194365263,3.2328743934631348
529,55.05463409423828,876.6300048828125,0.19582366943359375,0.8041763305664062,0.3729599714279175,0.0008779149502515793,0.17602916061878204,-0.003098180517554283,3.2467777729034424
530,52.50004196166992,878.1699829101562,0.19535064697265625,0.8046493530273438,0.37318888306617737,0.00039018443203531206,0.1733492761850357,-0.002359122969210148,3.263756513595581
531,56.796173095703125,891.2999877929688,0.192657470703125,0.807342529296875,0.3735946714878082,0.0005852766335010529,0.19081252813339233,-0.006386028602719307,3.2631113529205322
532,52.08525085449219,839.0499877929688,0.19170379638671875,0.8082962036132812,0.37344133853912354,0.0005852766335010529,0.18175891041755676,-0.004649738315492868,3.2623212337493896
533,54.81887435913086,878.0499877929688,0.19353485107421875,0.8064651489257812,0.3732990026473999,0.00039018443203531206,0.16980497539043427,-0.0024676574394106865,3.275191307067871
534,50.49236297607422,828.030029296875,0.19431304931640625,0.8056869506835938,0.37329918146133423,0.0005852766335010529,0.1723727434873581,-0.006129495799541473,3.2581684589385986
535,54.0318489074707,894.0700073242188,0.1948699951171875,0.8051300048828125,0.37322279810905457,0.0005852766335010529,0.1781553030014038,-0.004279738292098045,3.261444091796875
536,52.21644973754883,850.4400024414062,0.19327545166015625,0.8067245483398438,0.3734307885169983,0.00039018443203531206,0.18126875162124634,-0.005696590058505535,3.2594943046569824
537,54.39267349243164,872.7100219726562,0.19396209716796875,0.8060379028320312,0.3732713460922241,0.0005852766335010529,0.18492548167705536,-0.004160151816904545,3.261214017868042
538,53.20436096191406,870.5800170898438,0.1938018798828125,0.8061981201171875,0.37316083908081055,0.0002601229352876544,0.18731866776943207,-0.00457508722320199,3.2545065879821777
539,54.67349624633789,862.77001953125,0.19219970703125,0.80780029296875,0.3734027147293091,0.00039018443203531206,0.17487797141075134,-0.005218150559812784,3.2639074325561523
540,56.07138442993164,882.969970703125,0.19164276123046875,0.8083572387695312,0.37270087003707886,0.0005852766335010529,0.18386876583099365,-0.004744304809719324,3.252762794494629
541,52.88639831542969,855.5900268554688,0.19068145751953125,0.8093185424804688,0.3729066848754883,0.00039018443203531206,0.18287231028079987,-0.0014231903478503227,3.258763313293457
542,54.39060592651367,873.1300048828125,0.1891326904296875,0.8108673095703125,0.37290602922439575,0.0005852766335010529,0.17997965216636658,-0.00678597018122673,3.2475955486297607
543,53.354095458984375,855.9400024414062,0.1884765625,0.8115234375,0.3727594017982483,0.0008779149502515793,0.18317219614982605,-0.00433847913518548,3.2504212856292725
544,52.9630241394043,832.0800170898438,0.18902587890625,0.81097412109375,0.37263596057891846,0.0005852766335010529,0.18736909329891205,-0.0022220986429601908,3.2422516345977783
545,54.90394592285156,869.75,0.1879730224609375,0.8120269775390625,0.3730734586715698,0.00039018443203531206,0.1909407675266266,-0.003984672483056784,3.248011350631714
546,57.35432052612305,914.9099731445312,0.1872406005859375,0.8127593994140625,0.3733382225036621,0.0005852766335010529,0.1773524284362793,-0.005676179192960262,3.2599451541900635
547,55.3420524597168,890.0,0.18609619140625,0.81390380859375,0.37397289276123047,0.0005852766335010529,0.18961799144744873,-0.00409336481243372,3.264864683151245
548,54.68348693847656,874.3900146484375,0.1845550537109375,0.8154449462890625,0.37392497062683105,0.0005852766335010529,0.1849050670862198,-0.005299202166497707,3.260981321334839
549,52.75498962402344,840.9099731445312,0.18343353271484375,0.8165664672851562,0.3742612600326538,0.0005852766335010529,0.18698902428150177,-0.0031434069387614727,3.2734363079071045
550,56.64400100708008,880.4299926757812,0.18399810791015625,0.8160018920898438,0.3752022981643677,0.0008779149502515793,0.1947443038225174,-0.005236019846051931,3.280853748321533
551,53.643802642822266,864.6400146484375,0.1834259033203125,0.8165740966796875,0.37515732645988464,0.00039018443203531206,0.18844085931777954,-0.002236957661807537,3.2943172454833984
552,53.84797668457031,863.5800170898438,0.18183135986328125,0.8181686401367188,0.3749659061431885,0.0005852766335010529,0.17931397259235382,-0.006828315556049347,3.2788970470428467
553,52.80607604980469,866.7999877929688,0.18067169189453125,0.8193283081054688,0.37464818358421326,0.0005852766335010529,0.18554344773292542,-0.0027599281165748835,3.2860963344573975
554,52.2993049621582,857.0800170898438,0.1798553466796875,0.8201446533203125,0.3748709559440613,0.0008779149502515793,0.18837574124336243,-0.003188287140801549,3.2769246101379395
555,55.904754638671875,895.1199951171875,0.1793212890625,0.8206787109375,0.3761717677116394,0.00039018443203531206,0.18586356937885284,-0.002528549637645483,3.302722454071045
556,53.96650695800781,872.1599731445312,0.17836761474609375,0.8216323852539062,0.3757646381855011,0.0005852766335010529,0.19855625927448273,-0.007253662683069706,3.30191707611084
557,53.148826599121094,849.72998046875,0.179962158203125,0.820037841796875,0.3755778670310974,0.0005852766335010529,0.19575189054012299,-0.0032970826141536236,3.3019895553588867
558,56.84030532836914,901.6099853515625,0.181976318359375,0.818023681640625,0.3763962984085083,0.0005852766335010529,0.21255552768707275,-0.003293535439297557,3.308380603790283
559,51.07618713378906,829.739990234375,0.18402862548828125,0.8159713745117188,0.37577974796295166,0.00039018443203531206,0.2048337161540985,-0.001164998160675168,3.311906337738037
560,52.16875457763672,866.3900146484375,0.1866455078125,0.8133544921875,0.37608808279037476,0.0005852766335010529,0.20420511066913605,-0.007267221808433533,3.292520523071289
561,55.52192306518555,876.280029296875,0.18816375732421875,0.8118362426757812,0.376266211271286,0.0005852766335010529,0.1986130326986313,-0.004243399482220411,3.3074729442596436
562,55.97594451904297,890.6099853515625,0.18733978271484375,0.8126602172851562,0.3764038383960724,0.0008779149502515793,0.20064081251621246,-0.004265136085450649,3.31170654296875
563,53.569000244140625,857.3699951171875,0.187042236328125,0.812957763671875,0.37692588567733765,0.0005852766335010529,0.19561491906642914,-0.0037651469465345144,3.324200391769409
564,49.71057891845703,832.02001953125,0.18755340576171875,0.8124465942382812,0.3778799772262573,0.0005852766335010529,0.19545061886310577,-0.0049622198566794395,3.3324437141418457
565,50.89809799194336,824.52001953125,0.1881103515625,0.8118896484375,0.37817126512527466,0.0005852766335010529,0.2070343792438507,-0.004913226701319218,3.3490350246429443
566,52.85294723510742,851.0499877929688,0.19142913818359375,0.8085708618164062,0.37781059741973877,0.0005852766335010529,0.19814157485961914,-0.0040044100023806095,3.341515302658081
567,54.8909797668457,871.6199951171875,0.191192626953125,0.808807373046875,0.3774365782737732,0.00039018443203531206,0.21695980429649353,-0.0019422085024416447,3.338716506958008
568,52.49776077270508,844.6199951171875,0.19344329833984375,0.8065567016601562,0.3775472044944763,0.0005852766335010529,0.20683923363685608,-0.006639417260885239,3.327727794647217
569,56.71550369262695,879.0,0.19559478759765625,0.8044052124023438,0.3779239058494568,0.0008779149502515793,0.21194793283939362,-0.004143109079450369,3.3440568447113037
570,55.71378707885742,882.5999755859375,0.1960296630859375,0.8039703369140625,0.3780529499053955,0.00017341530474368483,0.19740739464759827,0.004805469885468483,3.344373941421509
571,55.85280990600586,861.27001953125,0.19664764404296875,0.8033523559570312,0.3779224157333374,0.00039018443203531206,0.19212289154529572,-0.00693557457998395,3.333745002746582
572,53.06852722167969,865.8099975585938,0.19707489013671875,0.8029251098632812,0.3789476752281189,0.0005852766335010529,0.1923951506614685,-0.0034076347947120667,3.355874538421631
573,53.036922454833984,866.6400146484375,0.19818878173828125,0.8018112182617188,0.3792736232280731,0.0002601229352876544,0.18582871556282043,-0.003333705011755228,3.3633861541748047
574,55.50918197631836,867.1199951171875,0.196624755859375,0.803375244140625,0.37954533100128174,0.0005852766335010529,0.19516298174858093,-0.006833829917013645,3.3697726726531982
575,52.681549072265625,841.5900268554688,0.196533203125,0.803466796875,0.37992119789123535,0.0005852766335010529,0.1873594969511032,-0.004861227702349424,3.371009111404419
576,54.86537170410156,878.780029296875,0.198272705078125,0.801727294921875,0.3799986243247986,0.0005852766335010529,0.19331194460391998,-0.004633086733520031,3.3749520778656006
577,54.23786926269531,862.9299926757812,0.19890594482421875,0.8010940551757812,0.37926867604255676,0.0005852766335010529,0.17699413001537323,-0.004181172698736191,3.367431163787842
578,54.248531341552734,868.5999755859375,0.2006683349609375,0.7993316650390625,0.3787466287612915,0.0005852766335010529,0.1868450790643692,-0.0034655567724257708,3.364819049835205
579,50.73377227783203,833.25,0.20246124267578125,0.7975387573242188,0.37890565395355225,0.0005852766335010529,0.16956418752670288,-0.004162099212408066,3.353032112121582
580,58.354820251464844,902.219970703125,0.20171356201171875,0.7982864379882812,0.37933942675590515,0.0008779149502515793,0.18325836956501007,-0.0035968278534710407,3.3600878715515137
581,54.147865295410156,874.25,0.2007598876953125,0.7992401123046875,0.3791573643684387,0.0005852766335010529,0.18198303878307343,-0.0018866105237975717,3.369312286376953
582,54.483238220214844,857.02001953125,0.201385498046875,0.798614501953125,0.3791698217391968,0.0005852766335010529,0.18526707589626312,-0.004249716643244028,3.351999044418335
583,54.06429672241211,875.9600219726562,0.20096588134765625,0.7990341186523438,0.37885648012161255,0.0005852766335010529,0.19377997517585754,-0.0038128916639834642,3.3573968410491943
584,53.58856964111328,848.239990234375,0.20101165771484375,0.7989883422851562,0.37892934679985046,0.00039018443203531206,0.17928063869476318,-0.004313408862799406,3.3544669151306152
585,57.27474594116211,890.6400146484375,0.20145416259765625,0.7985458374023438,0.3790273070335388,0.0005852766335010529,0.18917910754680634,-0.007008769549429417,3.3625833988189697
586,56.15266418457031,877.72998046875,0.2016448974609375,0.7983551025390625,0.3795258402824402,0.0005852766335010529,0.19020570814609528,-0.005640292540192604,3.369368076324463
587,55.978538513183594,876.0800170898438,0.19960784912109375,0.8003921508789062,0.3790176510810852,0.0005852766335010529,0.1964673101902008,-0.0026750736869871616,3.367358446121216
588,52.52078628540039,844.9299926757812,0.19780731201171875,0.8021926879882812,0.378994345664978,0.0005852766335010529,0.18565967679023743,-0.003966737538576126,3.3645870685577393
589,54.503257751464844,872.5499877929688,0.19795989990234375,0.8020401000976562,0.37939268350601196,0.0005852766335010529,0.1724531352519989,-0.00536889024078846,3.3656413555145264
590,57.52877426147461,907.3200073242188,0.19704437255859375,0.8029556274414062,0.3786214590072632,0.00039018443203531206,0.18253611028194427,-0.0029240979347378016,3.36366868019104
591,54.1912956237793,847.219970703125,0.19647979736328125,0.8035202026367188,0.3789012134075165,0.0008779149502515793,0.18048694729804993,-0.006078042089939117,3.3578810691833496
592,55.41842269897461,884.5700073242188,0.19750213623046875,0.8024978637695312,0.37861302495002747,0.0005852766335010529,0.19261033833026886,-0.00244208169169724,3.3599610328674316
593,55.78995132446289,860.239990234375,0.1970977783203125,0.8029022216796875,0.37815892696380615,0.0002601229352876544,0.18937654793262482,-0.00027502948069013655,3.3559000492095947
594,57.65547180175781,906.4299926757812,0.19342041015625,0.80657958984375,0.3780488073825836,0.0005852766335010529,0.1839051991701126,-0.006637757644057274,3.337608814239502
595,52.89014434814453,850.510009765625,0.190826416015625,0.809173583984375,0.3779565691947937,0.0005852766335010529,0.18984532356262207,-0.005534559488296509,3.337877035140991
596,58.19984436035156,913.22998046875,0.18679046630859375,0.8132095336914062,0.37787139415740967,0.0005852766335010529,0.1811555027961731,-0.004281430970877409,3.3432633876800537
597,56.98052978515625,896.3499755859375,0.183380126953125,0.816619873046875,0.37790536880493164,0.0008779149502515793,0.18069013953208923,-0.004631689749658108,3.3385355472564697
598,53.475616455078125,864.1099853515625,0.1795196533203125,0.8204803466796875,0.37743186950683594,0.00039018443203531206,0.18661192059516907,-0.0018935581902042031,3.3425912857055664
599,57.439544677734375,886.8800048828125,0.1800689697265625,0.8199310302734375,0.37737923860549927,0.0005852766335010529,0.1982727348804474,-0.00414790166541934,3.322540283203125
600,53.94935607910156,850.3599853515625,0.1809234619140625,0.8190765380859375,0.3772120773792267,0.0008779149502515793,0.18304522335529327,-0.005533766001462936,3.3193717002868652
601,55.212181091308594,841.510009765625,0.1815032958984375,0.8184967041015625,0.3772004246711731,0.0005852766335010529,0.17553947865962982,-0.0019241174450144172,3.336156129837036
602,55.309410095214844,882.1699829101562,0.18044281005859375,0.8195571899414062,0.3767150044441223,0.00039018443203531206,0.16281646490097046,-0.0024873665533959866,3.3204424381256104
603,56.18069839477539,887.1300048828125,0.18010711669921875,0.8198928833007812,0.37689775228500366,0.0005852766335010529,0.17941933870315552,-0.005490425042808056,3.315227746963501
604,58.547542572021484,895.4500122070312,0.17951202392578125,0.8204879760742188,0.3764949440956116,0.0005852766335010529,0.17087095975875854,-0.0032253884710371494,3.3092198371887207
605,57.88254165649414,898.7100219726562,0.17945098876953125,0.8205490112304688,0.3760833442211151,0.00039018443203531206,0.17242619395256042,-0.0030966931954026222,3.3067352771759033
606,56.230926513671875,854.0999755859375,0.1772918701171875,0.8227081298828125,0.37619897723197937,0.0005852766335010529,0.1676274836063385,-0.007441587280482054,3.2946383953094482
607,59.09258270263672,906.27001953125,0.1750946044921875,0.8249053955078125,0.3763568699359894,0.0008779149502515793,0.18147988617420197,-0.0032056542113423347,3.2985403537750244
608,55.81000900268555,875.239990234375,0.17235565185546875,0.8276443481445312,0.3760213851928711,0.00039018443203531206,0.19050730764865875,-0.0011909950990229845,3.3016324043273926
609,56.67346954345703,884.1699829101562,0.1704254150390625,0.8295745849609375,0.37561067938804626,0.0005852766335010529,0.17579147219657898,-0.006200783886015415,3.2896828651428223
610,56.48643493652344,887.239990234375,0.16826629638671875,0.8317337036132812,0.37498652935028076,0.0005852766335010529,0.18263210356235504,-0.006110085174441338,3.27164888381958
611,50.63100814819336,825.6599731445312,0.169708251953125,0.830291748046875,0.37462151050567627,0.0008779149502515793,0.189918652176857,-0.004067590460181236,3.270202398300171
612,55.32948684692383,868.47998046875,0.1704559326171875,0.8295440673828125,0.3745075464248657,0.00039018443203531206,0.20286248624324799,-0.0025580425281077623,3.271353244781494
613,56.92776107788086,900.3599853515625,0.17057037353515625,0.8294296264648438,0.3743404150009155,0.00039018443203531206,0.1958450973033905,-0.0055586001835763454,3.255777597427368
614,56.280025482177734,872.489990234375,0.1703643798828125,0.8296356201171875,0.37454986572265625,0.0008779149502515793,0.18582852184772491,-0.003967735450714827,3.262396812438965
615,56.066802978515625,875.9600219726562,0.17104339599609375,0.8289566040039062,0.37451863288879395,0.0005852766335010529,0.19059261679649353,-0.002900482155382633,3.27285099029541
616,54.66551971435547,863.6099853515625,0.1709136962890625,0.8290863037109375,0.37492167949676514,0.00039018443203531206,0.18463343381881714,-0.002757885493338108,3.264249563217163
617,57.04259490966797,886.4099731445312,0.1723785400390625,0.8276214599609375,0.37459421157836914,0.0005852766335010529,0.18277408182621002,-0.005106519442051649,3.2635769844055176
618,59.675750732421875,898.3499755859375,0.1732025146484375,0.8267974853515625,0.37442219257354736,0.0005852766335010529,0.19144845008850098,-0.003516420256346464,3.260162353515625
619,55.4383544921875,859.969970703125,0.17047119140625,0.82952880859375,0.3746051788330078,0.0005852766335010529,0.1845962107181549,-0.003696560626849532,3.2618138790130615
620,56.08699417114258,873.0399780273438,0.1719207763671875,0.8280792236328125,0.3745708465576172,0.0005852766335010529,0.19526952505111694,-0.0038318566512316465,3.260262966156006
621,54.55314636230469,845.989990234375,0.173095703125,0.826904296875,0.3754308819770813,0.0005852766335010529,0.1845657378435135,-0.004538450390100479,3.2777276039123535
622,56.579376220703125,864.8699951171875,0.17292022705078125,0.8270797729492188,0.3753668963909149,0.00039018443203531206,0.18475092947483063,-0.0020754034630954266,3.279447317123413
623,55.4138069152832,865.72998046875,0.17073822021484375,0.8292617797851562,0.37486785650253296,0.0005852766335010529,0.1899808794260025,-0.005948103964328766,3.268486738204956
624,57.09617614746094,902.02001953125,0.17072296142578125,0.8292770385742188,0.3756226897239685,0.00039018443203531206,0.16486573219299316,-0.004715549759566784,3.2770543098449707
625,53.24166488647461,843.6799926757812,0.17012786865234375,0.8298721313476562,0.3752816915512085,0.0002601229352876544,0.1695234626531601,-0.002736381720751524,3.274775743484497
626,53.97349166870117,855.9600219726562,0.1717681884765625,0.8282318115234375,0.37510472536087036,0.0005852766335010529,0.20021560788154602,-0.006454477086663246,3.2693681716918945
627,58.42258834838867,921.4000244140625,0.1727142333984375,0.8272857666015625,0.37549933791160583,0.0005852766335010529,0.19411052763462067,-0.002982853911817074,3.266303777694702
628,55.14336013793945,851.5399780273438,0.17322540283203125,0.8267745971679688,0.376515656709671,0.0008779149502515793,0.20675133168697357,-0.002352879149839282,3.2831668853759766
629,58.33086013793945,887.1400146484375,0.1744232177734375,0.8255767822265625,0.37679892778396606,0.0005852766335010529,0.2035181224346161,-0.0029305415228009224,3.292966604232788
630,58.757957458496094,895.1599731445312,0.17270660400390625,0.8272933959960938,0.3767966032028198,0.0005852766335010529,0.19567172229290009,-0.003811880247667432,3.300056219100952
631,57.93815612792969,877.5499877929688,0.17261505126953125,0.8273849487304688,0.3767480254173279,0.0005852766335010529,0.19132405519485474,-0.005761838983744383,3.286998987197876
632,54.86686706542969,857.6099853515625,0.172882080078125,0.827117919921875,0.37762153148651123,0.0005852766335010529,0.2077966183423996,-0.00359557569026947,3.3065972328186035
633,58.159549713134766,914.3699951171875,0.17218780517578125,0.8278121948242188,0.3779109716415405,0.0008779149502515793,0.18449844419956207,-0.003450165269896388,3.3241395950317383
634,60.852359771728516,905.719970703125,0.17186737060546875,0.8281326293945312,0.37793269753456116,0.0005852766335010529,0.18407437205314636,-0.004460420925170183,3.314201593399048
635,54.467464447021484,847.2100219726562,0.17137908935546875,0.8286209106445312,0.37838003039360046,0.0005852766335010529,0.19331088662147522,-0.004433031659573317,3.323843240737915
636,58.228729248046875,881.4400024414062,0.172119140625,0.827880859375,0.37924617528915405,0.0008779149502515793,0.21347159147262573,-0.0037192287854850292,3.3434817790985107
637,56.96506118774414,866.489990234375,0.17240142822265625,0.8275985717773438,0.38022541999816895,0.0008779149502515793,0.17768234014511108,-0.0034787694457918406,3.363300323486328
638,57.40361022949219,869.780029296875,0.17508697509765625,0.8249130249023438,0.37923768162727356,0.00039018443203531206,0.18189603090286255,-0.0013464769581332803,3.356083631515503
639,55.15278625488281,855.969970703125,0.17596435546875,0.82403564453125,0.3785455822944641,0.0005852766335010529,0.16456001996994019,-0.00528265256434679,3.338416337966919
640,57.987491607666016,905.2100219726562,0.17809295654296875,0.8219070434570312,0.3786649703979492,0.0005852766335010529,0.17868319153785706,-0.0008342255023308098,3.332592010498047
641,56.28866958618164,855.469970703125,0.17690277099609375,0.8230972290039062,0.3784494996070862,0.0005852766335010529,0.18089430034160614,-0.00555560365319252,3.323185443878174
642,55.4891471862793,853.27001953125,0.1759033203125,0.8240966796875,0.37873780727386475,0.0005852766335010529,0.17544469237327576,-0.004065273329615593,3.3317670822143555
643,57.12089157104492,874.1900024414062,0.17723846435546875,0.8227615356445312,0.37917670607566833,0.00039018443203531206,0.17922578752040863,-0.0030765205156058073,3.34763765335083
644,58.6389045715332,891.489990234375,0.17653656005859375,0.8234634399414062,0.37902507185935974,0.0005852766335010529,0.18544116616249084,-0.005961590446531773,3.347291946411133
645,56.821197509765625,861.5999755859375,0.17417144775390625,0.8258285522460938,0.3794891834259033,0.0005852766335010529,0.1866387575864792,-0.0023972566705197096,3.354185104370117
646,54.507869720458984,860.4000244140625,0.17425537109375,0.82574462890625,0.3804182708263397,0.0008779149502515793,0.18271291255950928,-0.0025230867322534323,3.365668773651123
647,53.725746154785156,833.1400146484375,0.17473602294921875,0.8252639770507812,0.3804197907447815,0.0005852766335010529,0.19207704067230225,-0.0020626825280487537,3.3769283294677734
648,56.27437973022461,874.780029296875,0.1755523681640625,0.8244476318359375,0.3806995749473572,0.0005852766335010529,0.1807524561882019,-0.0031705480068922043,3.3767871856689453
649,54.8370246887207,869.6799926757812,0.17765045166015625,0.8223495483398438,0.3799286186695099,0.0005852766335010529,0.1753460317850113,-0.0053995875641703606,3.372474193572998
650,56.293540954589844,883.1900024414062,0.175537109375,0.824462890625,0.3806319832801819,0.00039018443203531206,0.19103960692882538,-0.0044677057303488255,3.3808374404907227
651,56.46443176269531,873.3200073242188,0.17467498779296875,0.8253250122070312,0.3810575008392334,0.0005852766335010529,0.16997060179710388,-0.007133891806006432,3.3866403102874756
652,59.8011360168457,911.4500122070312,0.17145538330078125,0.8285446166992188,0.381742000579834,0.0005852766335010529,0.17183464765548706,-0.0031243120320141315,3.4124202728271484
653,56.65373611450195,871.4199829101562,0.17055511474609375,0.8294448852539062,0.3813250660896301,0.0002601229352876544,0.171493262052536,-0.001546162529848516,3.407762050628662
654,56.65401077270508,869.4500122070312,0.170745849609375,0.829254150390625,0.3814587891101837,0.0005852766335010529,0.16495947539806366,-0.005899748299270868,3.399810552597046
655,57.46393966674805,891.760009765625,0.1703643798828125,0.8296356201171875,0.3818264603614807,0.0005852766335010529,0.1703057885169983,-0.004471745807677507,3.4002559185028076
656,57.63785171508789,887.239990234375,0.1682586669921875,0.8317413330078125,0.38172101974487305,0.0005852766335010529,0.1675417125225067,-0.003976945299655199,3.4074580669403076
657,58.278663635253906,887.9500122070312,0.16595458984375,0.83404541015625,0.38180357217788696,0.0005852766335010529,0.17738346755504608,-0.004429427441209555,3.410720109939575
658,57.67237854003906,879.7000122070312,0.16725921630859375,0.8327407836914062,0.3820706009864807,0.0005852766335010529,0.19201777875423431,-0.002730052685365081,3.4088118076324463
659,59.141944885253906,905.260009765625,0.16574859619140625,0.8342514038085938,0.3819926083087921,0.00039018443203531206,0.18543660640716553,-0.00422172574326396,3.4123306274414062
660,59.935882568359375,922.6199951171875,0.16632080078125,0.83367919921875,0.38129234313964844,0.0005852766335010529,0.19715222716331482,-0.005819657351821661,3.4006142616271973
661,57.38296127319336,865.5,0.16552734375,0.83447265625,0.38127756118774414,0.0005852766335010529,0.18657566606998444,-0.0022243226412683725,3.396442174911499
662,56.508052825927734,871.3800048828125,0.1659088134765625,0.8340911865234375,0.38079628348350525,0.0008779149502515793,0.2027168720960617,-0.005445451475679874,3.3884918689727783
663,56.76696014404297,879.719970703125,0.16620635986328125,0.8337936401367188,0.3801831603050232,0.00039018443203531206,0.18695197999477386,-0.0010310302022844553,3.3866500854492188
664,55.422489166259766,862.5499877929688,0.16814422607421875,0.8318557739257812,0.379911333322525,0.0005852766335010529,0.20126858353614807,-0.006037368904799223,3.3721871376037598
665,56.10557556152344,863.6099853515625,0.1695404052734375,0.8304595947265625,0.37976962327957153,0.0005852766335010529,0.20320488512516022,-0.0038695810362696648,3.368379592895508
666,53.66164016723633,838.27001953125,0.16900634765625,0.83099365234375,0.3795047998428345,0.0005852766335010529,0.20065420866012573,-0.0023347819223999977,3.3688247203826904
667,55.72541046142578,846.469970703125,0.169647216796875,0.830352783203125,0.3788630962371826,0.0005852766335010529,0.1934436559677124,-0.005596635397523642,3.344850778579712
668,58.203453063964844,876.1400146484375,0.170684814453125,0.829315185546875,0.37893715500831604,0.00039018443203531206,0.1897822916507721,-0.004659814760088921,3.354970932006836
669,52.37689208984375,804.9600219726562,0.17107391357421875,0.8289260864257812,0.3791424036026001,0.0005852766335010529,0.19513915479183197,-0.006479979492723942,3.3435604572296143
670,58.65833282470703,906.0700073242188,0.17197418212890625,0.8280258178710938,0.37893393635749817,0.0005852766335010529,0.191233292222023,-0.005111773032695055,3.345576524734497
671,55.851802825927734,863.280029296875,0.17182159423828125,0.8281784057617188,0.37856537103652954,0.0005852766335010529,0.19454345107078552,-0.004825231619179249,3.3427834510803223
672,58.10176086425781,877.8099975585938,0.17237091064453125,0.8276290893554688,0.37958139181137085,0.00039018443203531206,0.20736077427864075,-0.0033941040746867657,3.352083444595337
673,58.79410934448242,889.8400268554688,0.171844482421875,0.828155517578125,0.37922242283821106,0.0005852766335010529,0.20930466055870056,-0.006280521396547556,3.357349395751953
674,55.70035934448242,864.6099853515625,0.17229461669921875,0.8277053833007812,0.3794252276420593,0.0005852766335010529,0.20489570498466492,-0.004104385618120432,3.3585479259490967
675,57.117523193359375,871.0900268554688,0.174652099609375,0.825347900390625,0.37920665740966797,0.00039018443203531206,0.1856383979320526,-0.00322756078094244,3.362499475479126
676,54.103759765625,841.4299926757812,0.1751708984375,0.8248291015625,0.37945446372032166,0.0005852766335010529,0.18686500191688538,-0.00567419920116663,3.355696678161621
677,55.42373275756836,856.1599731445312,0.17612457275390625,0.8238754272460938,0.37899741530418396,0.0005852766335010529,0.1733396351337433,-0.004652474075555801,3.351640462875366
678,56.19470977783203,854.9600219726562,0.1748504638671875,0.8251495361328125,0.379098504781723,0.00039018443203531206,0.17933343350887299,-0.0007102686795406044,3.3602542877197266
679,56.206825256347656,862.7100219726562,0.1745147705078125,0.8254852294921875,0.3790718615055084,0.0005852766335010529,0.19503577053546906,-0.00432469230145216,3.3493258953094482
680,60.390541076660156,905.280029296875,0.1751556396484375,0.8248443603515625,0.37897437810897827,0.00039018443203531206,0.1851220726966858,-0.006375092547386885,3.358309745788574
681,54.73396301269531,853.1699829101562,0.17394256591796875,0.8260574340820312,0.3788989186286926,0.0005852766335010529,0.16921430826187134,-0.005223721265792847,3.3539717197418213
682,57.02864074707031,851.2999877929688,0.177398681640625,0.822601318359375,0.37810268998146057,0.00039018443203531206,0.17753857374191284,-0.002733215456828475,3.3538818359375
683,55.41815948486328,849.489990234375,0.1773529052734375,0.8226470947265625,0.37790971994400024,0.0005852766335010529,0.18830448389053345,-0.005750344134867191,3.3343734741210938
684,58.10860824584961,891.7899780273438,0.17697906494140625,0.8230209350585938,0.3781225383281708,0.00039018443203531206,0.19409838318824768,-0.0025078312028199434,3.334749937057495
685,56.139705657958984,865.0399780273438,0.17819976806640625,0.8218002319335938,0.37759673595428467,0.0005852766335010529,0.19299542903900146,-0.007007571868598461,3.3309388160705566
686,59.28321838378906,889.8900146484375,0.178497314453125,0.821502685546875,0.37681490182876587,0.0005852766335010529,0.17789901793003082,-0.0044257305562496185,3.310417413711548
687,57.103004455566406,880.280029296875,0.179931640625,0.820068359375,0.37687185406684875,0.0002601229352876544,0.17585404217243195,-0.0014734184369444847,3.3193957805633545
688,57.95558166503906,885.8200073242188,0.17767333984375,0.82232666015625,0.3772448003292084,0.0005852766335010529,0.18891549110412598,-0.006854492239654064,3.3131449222564697
689,58.717891693115234,886.0999755859375,0.1768951416015625,0.8231048583984375,0.37737178802490234,0.0005852766335010529,0.17779920995235443,-0.0032901663798838854,3.3249781131744385
690,58.30596923828125,884.6199951171875,0.17540740966796875,0.8245925903320312,0.3776856064796448,0.0005852766335010529,0.1794876605272293,-0.0032516561914235353,3.323237419128418
691,58.92862319946289,890.8099975585938,0.174896240234375,0.825103759765625,0.37744519114494324,0.0005852766335010529,0.18037162721157074,-0.0043982998467981815,3.3246917724609375
692,57.31316375732422,883.1900024414062,0.17418670654296875,0.8258132934570312,0.37817633152008057,0.0008779149502515793,0.17555886507034302,-0.006273866631090641,3.339111328125
693,59.00213623046875,897.6199951171875,0.17470550537109375,0.8252944946289062,0.37782520055770874,0.0005852766335010529,0.1932750642299652,-0.002355393022298813,3.3379945755004883
694,56.040157318115234,857.6500244140625,0.17562103271484375,0.8243789672851562,0.37834322452545166,0.0005852766335010529,0.17450156807899475,-0.004415551200509071,3.34344482421875
695,58.62904739379883,895.719970703125,0.173675537109375,0.826324462890625,0.37921327352523804,0.0005852766335010529,0.1833164542913437,-0.0047959228977561,3.3503427505493164
696,59.95033264160156,894.2100219726562,0.171966552734375,0.828033447265625,0.37927359342575073,0.00039018443203531206,0.16760899126529694,-0.001573528628796339,3.3718674182891846
697,59.68828201293945,906.760009765625,0.16962432861328125,0.8303756713867188,0.3783712387084961,0.0005852766335010529,0.1602465659379959,-0.006645074114203453,3.3476991653442383
698,59.28486251831055,896.719970703125,0.16710662841796875,0.8328933715820312,0.37838214635849,0.00039018443203531206,0.1604493260383606,-0.0020732402335852385,3.351548910140991
699,58.41139221191406,880.02001953125,0.1634979248046875,0.8365020751953125,0.37850242853164673,0.0002601229352876544,0.16338671743869781,-0.005635869689285755,3.3444061279296875
700,61.44956588745117,932.1400146484375,0.16176605224609375,0.8382339477539062,0.37807756662368774,0.00039018443203531206,0.1549801528453827,-0.006625373847782612,3.34298038482666
701,57.37531280517578,868.1699829101562,0.16158294677734375,0.8384170532226562,0.3777061402797699,0.0005852766335010529,0.1587880700826645,-0.005312452092766762,3.331646680831909
702,60.52814483642578,910.9299926757812,0.16005706787109375,0.8399429321289062,0.37755826115608215,0.0005852766335010529,0.15988759696483612,-0.002820507623255253,3.325853109359741
703,58.7094612121582,898.6599731445312,0.15984344482421875,0.8401565551757812,0.37704193592071533,0.00039018443203531206,0.16505201160907745,-0.0029614362865686417,3.322693347930908
704,59.939632415771484,906.4500122070312,0.15875244140625,0.84124755859375,0.3773486614227295,0.0005852766335010529,0.17447884380817413,-0.004037424921989441,3.3157973289489746
705,59.55949020385742,885.9000244140625,0.1556549072265625,0.8443450927734375,0.3781886100769043,0.0005852766335010529,0.18310868740081787,-0.0041305627673864365,3.3332197666168213
706,59.34252166748047,893.77001953125,0.156097412109375,0.843902587890625,0.37846213579177856,0.0008779149502515793,0.18079330027103424,-0.004829096607863903,3.332704782485962
707,58.6735954284668,889.3800048828125,0.1537017822265625,0.8462982177734375,0.37802988290786743,0.0005852766335010529,0.18454967439174652,-0.0026933178305625916,3.343369722366333
708,58.95270919799805,889.280029296875,0.15206146240234375,0.8479385375976562,0.37829381227493286,0.0005852766335010529,0.182967871427536,-0.004008013289421797,3.3291401863098145
709,57.67007064819336,881.5399780273438,0.15093994140625,0.84906005859375,0.3780844509601593,0.0005852766335010529,0.18910609185695648,-0.004089581314474344,3.336737632751465
710,58.73922348022461,879.4099731445312,0.15102386474609375,0.8489761352539062,0.3788313865661621,0.0005852766335010529,0.191656693816185,-0.00623228307813406,3.337367296218872
711,58.046363830566406,891.3099975585938,0.15206146240234375,0.8479385375976562,0.37897878885269165,0.0005852766335010529,0.18470701575279236,-0.00531343650072813,3.349809169769287
712,61.07636260986328,912.3900146484375,0.148040771484375,0.851959228515625,0.3788314461708069,0.0005852766335010529,0.17688459157943726,-0.0036500021815299988,3.356013774871826
713,58.53179168701172,897.47998046875,0.14715576171875,0.85284423828125,0.3786636292934418,0.0005852766335010529,0.18066632747650146,-0.00366341695189476,3.348987579345703
714,60.591285705566406,903.0599975585938,0.14614105224609375,0.8538589477539062,0.37921905517578125,0.0008779149502515793,0.17986886203289032,-0.003762262174859643,3.351868152618408
715,59.56308364868164,893.8200073242188,0.1444091796875,0.8555908203125,0.37909477949142456,0.00039018443203531206,0.19097797572612762,-0.002655928721651435,3.3573548793792725
716,59.257347106933594,883.0499877929688,0.144439697265625,0.855560302734375,0.37889015674591064,0.0005852766335010529,0.17707706987857819,-0.006293989717960358,3.3486008644104004
717,58.82162094116211,881.5499877929688,0.14493560791015625,0.8550643920898438,0.3782865107059479,0.0005852766335010529,0.1838846504688263,-0.003906952682882547,3.3461878299713135
718,60.17322540283203,912.6900024414062,0.14601898193359375,0.8539810180664062,0.37834686040878296,0.0008779149502515793,0.1926528811454773,-0.004314206540584564,3.3321425914764404
719,59.70496368408203,899.530029296875,0.14752960205078125,0.8524703979492188,0.3791814148426056,0.0005852766335010529,0.20297664403915405,-0.002570584649220109,3.349360942840576
720,55.54564666748047,841.9500122070312,0.14890289306640625,0.8510971069335938,0.3789094090461731,0.0008779149502515793,0.18339955806732178,-0.004475866444408894,3.3586642742156982
721,62.118099212646484,918.739990234375,0.14913177490234375,0.8508682250976562,0.3792702555656433,0.00039018443203531206,0.18267863988876343,0.00032457144698128104,3.3638315200805664
722,59.6981086730957,899.77001953125,0.14647674560546875,0.8535232543945312,0.3785742223262787,0.0005852766335010529,0.17127767205238342,-0.00392841687425971,3.3516314029693604
723,58.64548873901367,882.3499755859375,0.1458892822265625,0.8541107177734375,0.3790394961833954,0.0005852766335010529,0.18618139624595642,-0.005622891243547201,3.3574957847595215
724,58.610050201416016,894.8099975585938,0.1446075439453125,0.8553924560546875,0.37911927700042725,0.0005852766335010529,0.15966641902923584,-0.004030507989227772,3.356544256210327
725,58.97425842285156,904.469970703125,0.14495086669921875,0.8550491333007812,0.3786722421646118,0.00039018443203531206,0.1670113354921341,-0.0053511084988713264,3.354250192642212
726,57.77969741821289,870.97998046875,0.1450042724609375,0.8549957275390625,0.3782934546470642,0.00039018443203531206,0.1756478101015091,-0.004438953474164009,3.3539977073669434
727,60.80353546142578,914.3699951171875,0.144775390625,0.855224609375,0.3782193660736084,0.0005852766335010529,0.16758330166339874,-0.005830857902765274,3.3388752937316895
728,61.25920104980469,900.9500122070312,0.145294189453125,0.854705810546875,0.37814074754714966,0.0005852766335010529,0.16323551535606384,-0.0042839739471673965,3.3320162296295166
729,55.431365966796875,855.5999755859375,0.14556121826171875,0.8544387817382812,0.37845566868782043,0.00039018443203531206,0.17608338594436646,-0.00547008728608489,3.3413240909576416
730,58.127403259277344,869.239990234375,0.1463165283203125,0.8536834716796875,0.3782437741756439,0.0005852766335010529,0.17560988664627075,-0.006222110707312822,3.329436779022217
731,55.875587463378906,853.030029296875,0.14682769775390625,0.8531723022460938,0.3781622648239136,0.0005852766335010529,0.17786316573619843,-0.003043628064915538,3.3342745304107666
732,58.915653228759766,876.25,0.14672088623046875,0.8532791137695312,0.3782432973384857,0.0005852766335010529,0.1804300993680954,-0.002505645388737321,3.3341925144195557
733,60.643272399902344,903.760009765625,0.1458740234375,0.8541259765625,0.3775659501552582,0.00039018443203531206,0.18721209466457367,-0.004290917422622442,3.328239679336548
734,57.78495788574219,866.3300170898438,0.14488983154296875,0.8551101684570312,0.37658917903900146,0.0005852766335010529,0.20007121562957764,-0.00631723552942276,3.3114664554595947
735,60.740745544433594,893.6199951171875,0.14684295654296875,0.8531570434570312,0.3767566680908203,0.00039018443203531206,0.19958125054836273,-0.002996965777128935,3.3135645389556885
736,60.470157623291016,906.8499755859375,0.1446380615234375,0.8553619384765625,0.37636488676071167,0.0005852766335010529,0.18988947570323944,-0.006802708376199007,3.2968099117279053
737,58.15842819213867,871.1699829101562,0.145050048828125,0.854949951171875,0.3769199848175049,0.0005852766335010529,0.17861464619636536,-0.004055625759065151,3.3157238960266113
738,60.124149322509766,900.1500244140625,0.14473724365234375,0.8552627563476562,0.376723051071167,0.0005852766335010529,0.1987416297197342,-0.0035276650451123714,3.3075928688049316
739,57.09334182739258,869.8800048828125,0.1454010009765625,0.8545989990234375,0.37713566422462463,0.0005852766335010529,0.2043667584657669,-0.00568587239831686,3.3106184005737305
740,60.85723876953125,910.6599731445312,0.14568328857421875,0.8543167114257812,0.37759411334991455,0.0005852766335010529,0.19908712804317474,-0.0034264016430824995,3.319816827774048
741,57.95215606689453,875.739990234375,0.14368438720703125,0.8563156127929688,0.3780083656311035,0.0005852766335010529,0.18773336708545685,-0.0049900393933057785,3.3285787105560303
742,58.62351608276367,867.280029296875,0.1457366943359375,0.8542633056640625,0.37745237350463867,0.00039018443203531206,0.18291154503822327,-0.0018318920629099011,3.325221061706543
743,59.264801025390625,887.5499877929688,0.14776611328125,0.85223388671875,0.37694016098976135,0.0005852766335010529,0.19618837535381317,-0.006891489028930664,3.303427219390869
744,58.529449462890625,867.0999755859375,0.14957427978515625,0.8504257202148438,0.37723273038864136,0.0005852766335010529,0.1761220544576645,-0.004682847298681736,3.319957733154297
745,58.223609924316406,874.9099731445312,0.14975738525390625,0.8502426147460938,0.3774471879005432,0.0005852766335010529,0.19127489626407623,-0.0050001610070466995,3.305314064025879
746,60.491981506347656,901.469970703125,0.14957427978515625,0.8504257202148438,0.3785434067249298,0.00039018443203531206,0.18483543395996094,-0.005629126448184252,3.3307058811187744
747,56.880863189697266,844.219970703125,0.14955902099609375,0.8504409790039062,0.37812650203704834,0.0005852766335010529,0.18464604020118713,-0.006450678687542677,3.328463077545166
748,57.6890983581543,868.3499755859375,0.152069091796875,0.847930908203125,0.37858545780181885,0.0005852766335010529,0.21586553752422333,-0.004129745997488499,3.3367364406585693
749,61.08327865600586,906.6099853515625,0.15309906005859375,0.8469009399414062,0.37841513752937317,0.0005852766335010529,0.18350167572498322,-0.002836621832102537,3.334873676300049
750,61.854679107666016,919.5,0.1517791748046875,0.8482208251953125,0.3785226047039032,0.0005852766335010529,0.18496426939964294,-0.0029048309661448,3.340914249420166
751,61.37694549560547,893.3499755859375,0.15158843994140625,0.8484115600585938,0.37833625078201294,0.0008779149502515793,0.1760004311800003,-0.005061885807663202,3.329752206802368
752,62.266998291015625,910.9500122070312,0.15291595458984375,0.8470840454101562,0.378115713596344,0.0005852766335010529,0.18325479328632355,-0.002947059227153659,3.333702802658081
753,57.18928909301758,871.530029296875,0.15262603759765625,0.8473739624023438,0.3776155710220337,0.00039018443203531206,0.21474607288837433,-0.004367375746369362,3.319222927093506
754,59.78067398071289,885.1300048828125,0.15291595458984375,0.8470840454101562,0.3769792318344116,0.0005852766335010529,0.18570980429649353,-0.0066743167117238045,3.3133976459503174
755,59.068851470947266,876.1199951171875,0.15244293212890625,0.8475570678710938,0.37686896324157715,0.0005852766335010529,0.18084265291690826,-0.005474851466715336,3.305324077606201
756,60.65599060058594,898.1599731445312,0.15421295166015625,0.8457870483398438,0.37653225660324097,0.00039018443203531206,0.1974841058254242,-0.003384649520739913,3.2975943088531494
757,57.368675231933594,852.72998046875,0.1557159423828125,0.8442840576171875,0.376382976770401,0.0005852766335010529,0.18639153242111206,-0.0046244156546890736,3.3038594722747803
758,57.06637191772461,846.4400024414062,0.15714263916015625,0.8428573608398438,0.3761681318283081,0.0005852766335010529,0.1963082253932953,-0.002793278079479933,3.284592390060425
759,60.277347564697266,895.5399780273438,0.157867431640625,0.842132568359375,0.3763126730918884,0.0005852766335010529,0.19863909482955933,-0.004150341730564833,3.287963628768921
760,60.0290641784668,896.3499755859375,0.156707763671875,0.843292236328125,0.37706130743026733,0.0002601229352876544,0.1946188062429428,-0.00400178600102663,3.298654317855835
761,58.36216735839844,868.0599975585938,0.1573638916015625,0.8426361083984375,0.37735575437545776,0.0005852766335010529,0.20256608724594116,-0.006377102341502905,3.304647922515869
762,58.62417221069336,867.3099975585938,0.1579437255859375,0.8420562744140625,0.3774859309196472,0.0005852766335010529,0.17839965224266052,-0.004529470577836037,3.3253157138824463
763,60.82542037963867,881.6699829101562,0.1584320068359375,0.8415679931640625,0.37734702229499817,0.0005852766335010529,0.20343098044395447,-0.002919078804552555,3.3155672550201416
764,58.91152572631836,874.0800170898438,0.159698486328125,0.840301513671875,0.3772689700126648,0.00039018443203531206,0.20485755801200867,-0.002380229765549302,3.3213748931884766
765,60.77071762084961,874.0,0.15909576416015625,0.8409042358398438,0.37715089321136475,0.0005852766335010529,0.20338010787963867,-0.007067258935421705,3.3148107528686523
766,57.843204498291016,864.2899780273438,0.1605224609375,0.8394775390625,0.377050518989563,0.00039018443203531206,0.2060193568468094,-0.005065169185400009,3.319956064224243
767,58.177635192871094,848.7999877929688,0.16375732421875,0.83624267578125,0.37729525566101074,0.0005852766335010529,0.2051313817501068,-0.006125818472355604,3.3248727321624756
768,59.07434844970703,881.6099853515625,0.163665771484375,0.836334228515625,0.3774785101413727,0.0005852766335010529,0.20066067576408386,-0.0049942233599722385,3.330031633377075
769,60.790283203125,893.7899780273438,0.1646881103515625,0.8353118896484375,0.37706512212753296,0.00039018443203531206,0.21058887243270874,-0.0028341535944491625,3.326279640197754
770,61.01312255859375,891.8900146484375,0.16382598876953125,0.8361740112304688,0.37787407636642456,0.0005852766335010529,0.2118418663740158,-0.006616983562707901,3.3297650814056396
771,60.204139709472656,891.2000122070312,0.16249847412109375,0.8375015258789062,0.3778660297393799,0.0005852766335010529,0.1895422488451004,-0.006154051050543785,3.3370201587677
772,59.02711486816406,874.72998046875,0.1635894775390625,0.8364105224609375,0.3780638575553894,0.00039018443203531206,0.2014656662940979,-0.0034238954540342093,3.341752290725708
773,60.004859924316406,883.7100219726562,0.16503143310546875,0.8349685668945312,0.37796491384506226,0.0005852766335010529,0.20185552537441254,-0.005025481805205345,3.347424030303955
774,60.440399169921875,871.22998046875,0.165252685546875,0.834747314453125,0.3777066171169281,0.0008779149502515793,0.16025696694850922,-0.0049708071164786816,3.333554983139038
775,58.66461944580078,862.9500122070312,0.167327880859375,0.832672119140625,0.37779444456100464,0.00039018443203531206,0.19655294716358185,-0.0030797356739640236,3.347238540649414
776,56.706722259521484,838.52001953125,0.16961669921875,0.83038330078125,0.3777138888835907,0.0005852766335010529,0.19215212762355804,-0.005312296561896801,3.3347368240356445
777,60.87137222290039,905.5,0.16965484619140625,0.8303451538085938,0.37745946645736694,0.0002601229352876544,0.17963887751102448,-0.0005051293410360813,3.3398823738098145
778,60.638553619384766,886.989990234375,0.1680908203125,0.8319091796875,0.37684497237205505,0.00039018443203531206,0.18590867519378662,-0.005837141536176205,3.3259658813476562
779,59.88836669921875,880.6599731445312,0.1668701171875,0.8331298828125,0.3773404061794281,0.0005852766335010529,0.18016600608825684,-0.006149816792458296,3.3257784843444824
780,60.882808685302734,887.6500244140625,0.167510986328125,0.832489013671875,0.37762701511383057,0.0005852766335010529,0.19386309385299683,-0.006093156524002552,3.3360702991485596
781,58.8577880859375,866.27001953125,0.16780853271484375,0.8321914672851562,0.3776484429836273,0.0005852766335010529,0.18121598660945892,-0.005209567490965128,3.328002452850342
782,59.315765380859375,874.6300048828125,0.1678009033203125,0.8321990966796875,0.3783538341522217,0.0005852766335010529,0.19079983234405518,-0.0034609916619956493,3.3538150787353516
783,60.35866165161133,893.8400268554688,0.16703033447265625,0.8329696655273438,0.3787590265274048,0.0005852766335010529,0.17817676067352295,-0.0010486437240615487,3.355980396270752
784,59.29310607910156,894.9600219726562,0.16490936279296875,0.8350906372070312,0.3783665597438812,0.0005852766335010529,0.17323355376720428,-0.002726613776758313,3.3589234352111816
785,56.89069747924805,865.6799926757812,0.1642608642578125,0.8357391357421875,0.3785620927810669,0.00039018443203531206,0.18085241317749023,-0.0041669863276183605,3.354541301727295
786,63.24762725830078,930.8300170898438,0.16327667236328125,0.8367233276367188,0.3784436583518982,0.0005852766335010529,0.1730278879404068,-0.005481260363012552,3.3552186489105225
787,62.084449768066406,912.0900268554688,0.1613616943359375,0.8386383056640625,0.37941980361938477,0.0005852766335010529,0.18297910690307617,-0.003142099827528,3.3716225624084473
788,61.86912536621094,915.489990234375,0.1575927734375,0.8424072265625,0.37979716062545776,0.00039018443203531206,0.16878648102283478,-0.0046110376715660095,3.3747143745422363
789,58.332481384277344,874.6699829101562,0.15679931640625,0.84320068359375,0.3795921504497528,0.00039018443203531206,0.19553422927856445,-0.004618392325937748,3.383462429046631
790,60.31801986694336,877.97998046875,0.158050537109375,0.841949462890625,0.3791220188140869,0.0005852766335010529,0.16960053145885468,-0.006275435909628868,3.37540864944458
791,62.20871353149414,902.97998046875,0.15773773193359375,0.8422622680664062,0.37967967987060547,0.0005852766335010529,0.18135102093219757,-0.005470308940857649,3.374070167541504
792,60.85930633544922,887.0800170898438,0.15602874755859375,0.8439712524414062,0.3794635832309723,0.0005852766335010529,0.1783331334590912,-0.0027182642370462418,3.3908920288085938
793,60.25267028808594,893.3900146484375,0.15480804443359375,0.8451919555664062,0.3792335093021393,0.00039018443203531206,0.18459603190422058,-0.0021455155219882727,3.377126455307007
794,60.458255767822266,894.6199951171875,0.15277099609375,0.84722900390625,0.3793661594390869,0.0002601229352876544,0.16838037967681885,-0.005948955658823252,3.3800547122955322
795,58.899600982666016,874.4299926757812,0.1518707275390625,0.8481292724609375,0.37897375226020813,0.0005852766335010529,0.1651105135679245,-0.006605823524296284,3.3733291625976562
796,60.3095817565918,891.3800048828125,0.15056610107421875,0.8494338989257812,0.3781439960002899,0.0005852766335010529,0.17816703021526337,-0.003657765919342637,3.3544063568115234
797,61.0098762512207,883.5700073242188,0.14873504638671875,0.8512649536132812,0.3781180679798126,0.0005852766335010529,0.1978621631860733,-0.003716222010552883,3.3542726039886475
798,61.827064514160156,904.3699951171875,0.14855194091796875,0.8514480590820312,0.37846988439559937,0.0005852766335010529,0.17235198616981506,-0.004551080521196127,3.3578264713287354
799,58.17282485961914,873.3099975585938,0.1465911865234375,0.8534088134765625,0.37817835807800293,0.0005852766335010529,0.18869899213314056,-0.0024803399574011564,3.350459337234497
800,62.45039367675781,917.5800170898438,0.14583587646484375,0.8541641235351562,0.37827566266059875,0.0005852766335010529,0.1897367388010025,-0.0032105555292218924,3.3580262660980225
801,63.221248626708984,932.4199829101562,0.14520263671875,0.85479736328125,0.37871986627578735,0.0005852766335010529,0.1701802760362625,-0.004330625291913748,3.3657243251800537
802,60.1498908996582,890.7000122070312,0.14205169677734375,0.8579483032226562,0.3789721131324768,0.0005852766335010529,0.16856668889522552,-0.004376539960503578,3.3692333698272705
803,61.56809997558594,910.530029296875,0.14054107666015625,0.8594589233398438,0.3795793652534485,0.0005852766335010529,0.18510062992572784,-0.004821009002625942,3.3759677410125732
804,60.140892028808594,893.5399780273438,0.13993072509765625,0.8600692749023438,0.3798767924308777,0.0005852766335010529,0.17838934063911438,-0.004844082985073328,3.385063409805298
805,58.43801498413086,882.6099853515625,0.13782501220703125,0.8621749877929688,0.3800264000892639,0.00039018443203531206,0.17777763307094574,-0.004188783932477236,3.391324758529663
806,57.2899169921875,879.760009765625,0.13613128662109375,0.8638687133789062,0.3807421326637268,0.0005852766335010529,0.20328642427921295,-0.00577353173866868,3.392198085784912
807,58.12553024291992,878.9500122070312,0.13623046875,0.86376953125,0.38067156076431274,0.0005852766335010529,0.18586954474449158,-0.005031732842326164,3.4027090072631836
808,59.50468063354492,869.0700073242188,0.13634490966796875,0.8636550903320312,0.3805501461029053,0.0002601229352876544,0.19206154346466064,-0.0033519258722662926,3.3947837352752686
809,59.4452018737793,876.02001953125,0.13646697998046875,0.8635330200195312,0.3814731538295746,0.0005852766335010529,0.19563381373882294,-0.006429634988307953,3.4060747623443604
810,60.83660888671875,896.5499877929688,0.13689422607421875,0.8631057739257812,0.38122525811195374,0.0005852766335010529,0.18554167449474335,-0.003658062079921365,3.410878896713257
811,61.198455810546875,903.2000122070312,0.1358642578125,0.8641357421875,0.3816598653793335,0.00039018443203531206,0.18870238959789276,-0.0026687602512538433,3.4107930660247803
812,57.578941345214844,875.530029296875,0.1353759765625,0.8646240234375,0.38091498613357544,0.00039018443203531206,0.18738840520381927,-0.0035218712873756886,3.4049324989318848
813,60.50632095336914,895.3599853515625,0.13622283935546875,0.8637771606445312,0.3806445598602295,0.0005852766335010529,0.187905952334404,-0.0064406618475914,3.3923158645629883
814,59.85270690917969,905.780029296875,0.1351776123046875,0.8648223876953125,0.38051432371139526,0.00039018443203531206,0.18717727065086365,-0.0033173428382724524,3.398085594177246
815,59.3682975769043,886.1699829101562,0.135162353515625,0.864837646484375,0.3804992437362671,0.00039018443203531206,0.19730480015277863,-0.0034296675585210323,3.3877146244049072
816,58.40787887573242,877.0800170898438,0.136383056640625,0.863616943359375,0.37970057129859924,0.0005852766335010529,0.19472713768482208,-0.005124314688146114,3.3792033195495605
817,59.5547981262207,889.9000244140625,0.1385955810546875,0.8614044189453125,0.37999552488327026,0.0005852766335010529,0.17264500260353088,-0.004266881849616766,3.3763039112091064
818,58.60986328125,867.6699829101562,0.13988494873046875,0.8601150512695312,0.38046592473983765,0.00039018443203531206,0.1906709372997284,-0.0022663066629320383,3.386324644088745
819,60.4000244140625,893.97998046875,0.13927459716796875,0.8607254028320312,0.38101446628570557,0.0005852766335010529,0.16928918659687042,-0.005945342592895031,3.3912911415100098
820,60.652976989746094,900.1699829101562,0.13700103759765625,0.8629989624023438,0.3811871111392975,0.0005852766335010529,0.17591926455497742,-0.003903533797711134,3.4033005237579346
821,61.685035705566406,906.260009765625,0.13687896728515625,0.8631210327148438,0.3812512755393982,0.0005852766335010529,0.1895001381635666,-0.0033570011146366596,3.4004430770874023
822,61.59657669067383,901.280029296875,0.13573455810546875,0.8642654418945312,0.38158494234085083,0.00039018443203531206,0.1801280379295349,-0.00448167510330677,3.4048807621002197
823,62.87607192993164,922.5499877929688,0.13544464111328125,0.8645553588867188,0.38187962770462036,0.0005852766335010529,0.18185968697071075,-0.004641131963580847,3.4108986854553223
824,60.423583984375,879.280029296875,0.13458251953125,0.86541748046875,0.3815736770629883,0.0002601229352876544,0.179268941283226,-0.003047983394935727,3.407865285873413
825,60.029266357421875,895.4299926757812,0.1356048583984375,0.8643951416015625,0.38060078024864197,0.00039018443203531206,0.187888503074646,-0.007540363818407059,3.388853073120117
826,60.0737419128418,881.719970703125,0.13666534423828125,0.8633346557617188,0.3808107078075409,0.0005852766335010529,0.18673135340213776,-0.005990807898342609,3.392192840576172
827,62.0004768371582,908.4099731445312,0.1375274658203125,0.8624725341796875,0.3811075687408447,0.0005852766335010529,0.18414349853992462,-0.0022176827769726515,3.3875925540924072
828,61.81538009643555,903.4099731445312,0.13634490966796875,0.8636550903320312,0.38090547919273376,0.0005852766335010529,0.17535224556922913,-0.00414217310026288,3.3864858150482178
829,60.1166877746582,903.1799926757812,0.137176513671875,0.862823486328125,0.3812406063079834,0.0005852766335010529,0.17559528350830078,-0.003316098591312766,3.390862464904785
830,61.876277923583984,912.4199829101562,0.13578033447265625,0.8642196655273438,0.3809913396835327,0.0005852766335010529,0.17403320968151093,-0.004277299623936415,3.386531352996826
831,62.33216857910156,913.5700073242188,0.1354522705078125,0.8645477294921875,0.3811572194099426,0.00039018443203531206,0.1626380980014801,-0.0008206292986869812,3.3873047828674316
832,63.09497833251953,917.4600219726562,0.13504791259765625,0.8649520874023438,0.3815810978412628,0.0005852766335010529,0.1663917601108551,-0.0055210222490131855,3.3865034580230713
833,58.556846618652344,887.9299926757812,0.133270263671875,0.866729736328125,0.3823367655277252,0.0008779149502515793,0.18306995928287506,-0.004445429891347885,3.402360200881958
834,62.61213302612305,904.969970703125,0.13372039794921875,0.8662796020507812,0.3823361396789551,0.0005852766335010529,0.1779719591140747,-0.005229933653026819,3.4123170375823975
835,61.408931732177734,902.8499755859375,0.1325836181640625,0.8674163818359375,0.38289323449134827,0.0002601229352876544,0.19863222539424896,-2.6296784199075773e-05,3.4178314208984375
836,60.440223693847656,893.4299926757812,0.13101959228515625,0.8689804077148438,0.3826187551021576,0.0005852766335010529,0.1925540715456009,-0.006775922141969204,3.418836832046509
837,57.81975555419922,846.3300170898438,0.1307830810546875,0.8692169189453125,0.3827477693557739,0.0005852766335010529,0.20567187666893005,-0.0021190084517002106,3.42307448387146
838,62.91246032714844,911.9199829101562,0.13156890869140625,0.8684310913085938,0.38223209977149963,0.00039018443203531206,0.17215463519096375,-0.0038609851617366076,3.4222681522369385
839,57.69145965576172,841.97998046875,0.13159942626953125,0.8684005737304688,0.38183456659317017,0.0005852766335010529,0.19939661026000977,-0.006497516296803951,3.3996899127960205
840,60.38747787475586,886.4600219726562,0.13288116455078125,0.8671188354492188,0.3814865052700043,0.0005852766335010529,0.18321703374385834,-0.003053386462852359,3.4098620414733887
841,63.97329330444336,926.1599731445312,0.13257598876953125,0.8674240112304688,0.38130617141723633,0.0005852766335010529,0.19419044256210327,-0.0026962135452777147,3.391918420791626
842,57.86318588256836,845.0399780273438,0.13298797607421875,0.8670120239257812,0.3814379572868347,0.00039018443203531206,0.190079003572464,-0.0024830338079482317,3.4049129486083984
843,58.95956802368164,878.6199951171875,0.1344757080078125,0.8655242919921875,0.38090506196022034,0.0005852766335010529,0.16566205024719238,-0.004428543616086245,3.3991713523864746
844,62.10470962524414,904.989990234375,0.1362152099609375,0.8637847900390625,0.3808760344982147,0.0005852766335010529,0.1801736056804657,-0.004397536162286997,3.3949227333068848
845,60.740966796875,902.760009765625,0.1357269287109375,0.8642730712890625,0.38107001781463623,0.0005852766335010529,0.16941629350185394,-0.003357058158144355,3.3949134349823
846,61.86273956298828,900.0499877929688,0.13421630859375,0.86578369140625,0.38092485070228577,0.00039018443203531206,0.18402113020420074,-0.0016948777483776212,3.398059844970703
847,62.39765167236328,900.0999755859375,0.13314056396484375,0.8668594360351562,0.38085347414016724,0.0005852766335010529,0.1904466599225998,-0.006074201315641403,3.387906074523926
848,63.78441619873047,924.6699829101562,0.132598876953125,0.867401123046875,0.38062211871147156,0.00039018443203531206,0.18250484764575958,-0.0026356959715485573,3.391249418258667
849,62.021148681640625,901.9299926757812,0.13245391845703125,0.8675460815429688,0.38095206022262573,0.0005852766335010529,0.17968495190143585,-0.005353482905775309,3.3851966857910156
850,61.46233367919922,913.47998046875,0.1325531005859375,0.8674468994140625,0.38038912415504456,0.0005852766335010529,0.1766447275876999,-0.0049819909036159515,3.381551742553711
851,63.8038330078125,905.1799926757812,0.13217926025390625,0.8678207397460938,0.3806859254837036,0.00017341530474368483,0.1982947289943695,0.001130131771788001,3.389376401901245
852,60.9802360534668,882.2100219726562,0.1338958740234375,0.8661041259765625,0.38042956590652466,0.00039018443203531206,0.2079811841249466,-0.007096298038959503,3.380399227142334
853,64.66987609863281,920.7100219726562,0.13298797607421875,0.8670120239257812,0.3800591826438904,0.0005852766335010529,0.18722429871559143,-0.0050309645012021065,3.3666586875915527
854,63.048500061035156,906.489990234375,0.13287353515625,0.86712646484375,0.379806250333786,0.0005852766335010529,0.1912713199853897,-0.003959094174206257,3.373276710510254
855,63.267574310302734,908.1099853515625,0.131988525390625,0.868011474609375,0.3801855146884918,0.00039018443203531206,0.19482946395874023,-0.004807717632502317,3.368300199508667
856,61.8392333984375,897.4000244140625,0.1305389404296875,0.8694610595703125,0.3800915479660034,0.0005852766335010529,0.19781528413295746,-0.004105853848159313,3.369788408279419
857,64.24459075927734,916.219970703125,0.12886810302734375,0.8711318969726562,0.37995123863220215,0.0005852766335010529,0.18938380479812622,-0.002671829890459776,3.3716537952423096
858,62.06117630004883,908.219970703125,0.13036346435546875,0.8696365356445312,0.37997400760650635,0.0005852766335010529,0.16497591137886047,-0.004904092289507389,3.362894296646118
859,62.54513168334961,913.0700073242188,0.12798309326171875,0.8720169067382812,0.380509614944458,0.0005852766335010529,0.19278718531131744,-0.004123371560126543,3.3736917972564697
860,63.025753021240234,912.4500122070312,0.12647247314453125,0.8735275268554688,0.3803293704986572,0.0005852766335010529,0.18968546390533447,-0.003716670908033848,3.376390218734741
861,59.820735931396484,886.1500244140625,0.1260986328125,0.8739013671875,0.3813602924346924,0.0005852766335010529,0.21621598303318024,-0.004027395974844694,3.3820292949676514
862,61.66631317138672,898.0800170898438,0.1268768310546875,0.8731231689453125,0.3803442120552063,0.00039018443203531206,0.19357502460479736,-0.004221245180815458,3.38631534576416
863,60.98383331298828,892.0599975585938,0.12766265869140625,0.8723373413085938,0.37980252504348755,0.0005852766335010529,0.21466633677482605,-0.006324850954115391,3.363292932510376
864,58.41959762573242,865.3400268554688,0.12725830078125,0.87274169921875,0.38025233149528503,0.0005852766335010529,0.20771192014217377,-0.003863261779770255,3.366234302520752
865,61.5108757019043,906.0399780273438,0.12921142578125,0.87078857421875,0.38026922941207886,0.0005852766335010529,0.20440976321697235,-0.004579545930027962,3.3720498085021973
866,58.288002014160156,856.469970703125,0.13019561767578125,0.8698043823242188,0.3803620934486389,0.0005852766335010529,0.2099056988954544,-0.0042389570735394955,3.3755736351013184
867,57.087459564208984,847.5,0.13036346435546875,0.8696365356445312,0.38047361373901367,0.00039018443203531206,0.2141781449317932,-0.0032945049460977316,3.3742687702178955
868,58.23133850097656,852.5,0.13169097900390625,0.8683090209960938,0.38065022230148315,0.0005852766335010529,0.1924259066581726,-0.007156882900744677,3.377215623855591
869,61.868377685546875,892.3099975585938,0.13282012939453125,0.8671798706054688,0.38111865520477295,0.0008779149502515793,0.19922783970832825,-0.004286048002541065,3.3805768489837646
870,62.390350341796875,906.2899780273438,0.1309967041015625,0.8690032958984375,0.38130858540534973,0.00039018443203531206,0.19282449781894684,-0.0006896676495671272,3.3902575969696045
871,64.6583251953125,925.2999877929688,0.13018798828125,0.86981201171875,0.38123515248298645,0.0005852766335010529,0.1928895264863968,-0.0030528733041137457,3.386009693145752
872,62.5462532043457,912.1099853515625,0.12883758544921875,0.8711624145507812,0.3815464377403259,0.0005852766335010529,0.18640802800655365,-0.0037477719597518444,3.391791820526123
873,63.22381591796875,926.0999755859375,0.1254730224609375,0.8745269775390625,0.38167497515678406,0.00039018443203531206,0.1873537003993988,-0.0053011872805655,3.3955042362213135
874,63.22713088989258,925.6900024414062,0.12241363525390625,0.8775863647460938,0.38198626041412354,0.0005852766335010529,0.1837499737739563,-0.0067732143215835094,3.400472640991211
875,60.28646469116211,885.030029296875,0.12139892578125,0.87860107421875,0.38229668140411377,0.0002601229352876544,0.20327186584472656,0.00026971587794832885,3.408228635787964
876,63.04896545410156,912.6199951171875,0.12384033203125,0.87615966796875,0.3814651668071747,0.00039018443203531206,0.19129011034965515,-0.007410937920212746,3.4017202854156494
877,58.84843444824219,862.75,0.12578582763671875,0.8742141723632812,0.38123318552970886,0.0005852766335010529,0.18613234162330627,-0.007064078003168106,3.3900692462921143
878,64.17268371582031,899.9400024414062,0.1276702880859375,0.8723297119140625,0.380917489528656,0.0005852766335010529,0.18757739663124084,-0.004142231773585081,3.384783983230591
879,59.64986801147461,883.1300048828125,0.128265380859375,0.871734619140625,0.38101261854171753,0.00039018443203531206,0.21161942183971405,-0.0043858191929757595,3.3894617557525635
880,61.530860900878906,885.3300170898438,0.13005828857421875,0.8699417114257812,0.3808436989784241,0.0005852766335010529,0.1959792971611023,-0.006352095399051905,3.378272771835327
881,62.817901611328125,890.6500244140625,0.1298828125,0.8701171875,0.38039636611938477,0.0002601229352876544,0.2112773209810257,-0.0057150861248373985,3.370715856552124
882,61.396602630615234,885.1599731445312,0.128814697265625,0.871185302734375,0.381036639213562,0.00039018443203531206,0.19617068767547607,-0.00647754454985261,3.3779044151306152
883,62.280662536621094,895.3200073242188,0.12989044189453125,0.8701095581054688,0.3812974691390991,0.0005852766335010529,0.20190609991550446,-0.005115266423672438,3.385188341140747
884,60.72423553466797,877.8400268554688,0.131011962890625,0.868988037109375,0.38165271282196045,0.00039018443203531206,0.19810304045677185,-0.0033210082910954952,3.3974111080169678
885,61.637168884277344,888.5,0.13198089599609375,0.8680191040039062,0.38156282901763916,0.0005852766335010529,0.21073153614997864,-0.004512832500040531,3.3949925899505615
886,59.6959228515625,852.6199951171875,0.13285064697265625,0.8671493530273438,0.3811277151107788,0.0005852766335010529,0.18375371396541595,-0.004288463853299618,3.3889198303222656
887,65.9109878540039,933.52001953125,0.1349639892578125,0.8650360107421875,0.3811666965484619,0.0005852766335010529,0.1868380308151245,-0.005268738605082035,3.385965585708618
888,60.112911224365234,875.239990234375,0.13411712646484375,0.8658828735351562,0.38039326667785645,0.0005852766335010529,0.18286490440368652,-0.0042793843895196915,3.3695998191833496
889,62.70884704589844,902.510009765625,0.134857177734375,0.865142822265625,0.3805196285247803,0.00039018443203531206,0.19335933029651642,-0.0037523380015045404,3.371338367462158
890,62.21826934814453,891.25,0.13501739501953125,0.8649826049804688,0.38048458099365234,0.00039018443203531206,0.20885464549064636,-0.002966083586215973,3.3678886890411377
891,57.62334442138672,837.75,0.13727569580078125,0.8627243041992188,0.38116782903671265,0.0005852766335010529,0.2007211297750473,-0.008106048218905926,3.3721513748168945
892,61.17679214477539,895.510009765625,0.1372222900390625,0.8627777099609375,0.3816567361354828,0.00039018443203531206,0.19065169990062714,-0.005862128455191851,3.389192819595337
893,62.071510314941406,907.6400146484375,0.13602447509765625,0.8639755249023438,0.38223811984062195,0.0005852766335010529,0.20750345289707184,-0.006851873826235533,3.3979849815368652
894,63.15391540527344,907.4299926757812,0.13565826416015625,0.8643417358398438,0.38257110118865967,0.00039018443203531206,0.20806273818016052,-0.003678171429783106,3.4030563831329346
895,61.62110900878906,903.1500244140625,0.13448333740234375,0.8655166625976562,0.3820706009864807,0.0005852766335010529,0.20867398381233215,-0.005775079131126404,3.3950700759887695
896,62.16640853881836,893.8099975585938,0.13274383544921875,0.8672561645507812,0.38277584314346313,0.00039018443203531206,0.22130824625492096,-0.0019307219190523028,3.4066355228424072
897,58.95796585083008,863.52001953125,0.131134033203125,0.868865966796875,0.3830896317958832,0.0005852766335010529,0.20011146366596222,-0.005327187478542328,3.4128527641296387
898,66.7469253540039,923.1099853515625,0.13069915771484375,0.8693008422851562,0.3825301229953766,0.0005852766335010529,0.20216834545135498,-0.00214726896956563,3.410457134246826
899,59.2049446105957,855.260009765625,0.13137054443359375,0.8686294555664062,0.3817429542541504,0.00039018443203531206,0.1953437775373459,-0.003152464982122183,3.3946306705474854
900,62.90788650512695,892.3300170898438,0.13344573974609375,0.8665542602539062,0.38210657238960266,0.0005852766335010529,0.19853025674819946,-0.006837022956460714,3.3859596252441406
901,62.48157501220703,890.6300048828125,0.13504791259765625,0.8649520874023438,0.3826063573360443,0.0005852766335010529,0.19832050800323486,-0.0054612113162875175,3.3956432342529297
902,60.92470932006836,893.77001953125,0.13587188720703125,0.8641281127929688,0.3823641240596771,0.0005852766335010529,0.19672910869121552,-0.00405678479000926,3.3969173431396484
903,63.730613708496094,913.5599975585938,0.13817596435546875,0.8618240356445312,0.3828046917915344,0.00039018443203531206,0.21480514109134674,-0.0006526688230223954,3.4051108360290527
904,60.379058837890625,881.969970703125,0.14019012451171875,0.8598098754882812,0.38338226079940796,0.0005852766335010529,0.2118237167596817,-0.005179534200578928,3.4131574630737305
905,62.79522705078125,906.5,0.14122772216796875,0.8587722778320312,0.3831915259361267,0.00039018443203531206,0.20750638842582703,-0.004618177656084299,3.4180798530578613
906,61.08578872680664,879.1400146484375,0.14078521728515625,0.8592147827148438,0.3831385374069214,0.0005852766335010529,0.21639028191566467,-0.006227763369679451,3.415959596633911
907,61.46237564086914,887.6599731445312,0.14134979248046875,0.8586502075195312,0.3831385374069214,0.0005852766335010529,0.23053161799907684,-0.0032686409540474415,3.407508373260498
908,64.5547103881836,910.3599853515625,0.1393585205078125,0.8606414794921875,0.3830718994140625,0.0005852766335010529,0.21353022754192352,-0.004171556327491999,3.414527177810669
909,60.175514221191406,877.1400146484375,0.1388397216796875,0.8611602783203125,0.3829782009124756,0.0002601229352876544,0.2290973961353302,-0.001047087018378079,3.4142966270446777
910,59.333518981933594,855.75,0.13995361328125,0.86004638671875,0.38357555866241455,0.00039018443203531206,0.21381284296512604,-0.007330752909183502,3.4143874645233154
911,60.398189544677734,856.969970703125,0.14176177978515625,0.8582382202148438,0.3841990828514099,0.00039018443203531206,0.20809504389762878,-0.0053081270307302475,3.4279589653015137
912,65.032958984375,926.030029296875,0.14129638671875,0.85870361328125,0.3844408392906189,0.0005852766335010529,0.21370254456996918,-0.006974576972424984,3.4308724403381348
913,60.57097625732422,885.8800048828125,0.140716552734375,0.859283447265625,0.3844578266143799,0.00039018443203531206,0.20460368692874908,-0.0068577430211007595,3.4304840564727783
914,64.29753112792969,904.5599975585938,0.139739990234375,0.860260009765625,0.38394758105278015,0.0005852766335010529,0.210467129945755,-0.006744484882801771,3.4244182109832764
915,60.1629524230957,864.6099853515625,0.1411285400390625,0.8588714599609375,0.3839581310749054,0.0002601229352876544,0.212345153093338,-0.0005287271342240274,3.430751085281372
916,62.46259689331055,906.3599853515625,0.14182281494140625,0.8581771850585938,0.38373687863349915,0.0005852766335010529,0.20603828132152557,-0.005936163477599621,3.4178903102874756
917,63.818603515625,902.3900146484375,0.1410980224609375,0.8589019775390625,0.38429874181747437,0.0005852766335010529,0.2006189525127411,-0.00608738511800766,3.4273133277893066
918,60.13796615600586,878.6500244140625,0.14109039306640625,0.8589096069335938,0.38413572311401367,0.00039018443203531206,0.21105562150478363,-0.004907112568616867,3.4340007305145264
919,59.56034469604492,851.510009765625,0.1417236328125,0.8582763671875,0.3839830160140991,0.0002601229352876544,0.2036980539560318,-0.00587382772937417,3.428025245666504
920,64.19784545898438,894.2899780273438,0.14353179931640625,0.8564682006835938,0.3840476870536804,0.0005852766335010529,0.21580870449543,-0.005349611863493919,3.430058717727661
921,62.896484375,914.0800170898438,0.14142608642578125,0.8585739135742188,0.384823739528656,0.00039018443203531206,0.19452357292175293,-0.005917061120271683,3.437965154647827
922,64.95008087158203,921.9400024414062,0.1405181884765625,0.8594818115234375,0.38531631231307983,0.0005852766335010529,0.19452215731143951,-0.004393956623971462,3.44808030128479
923,64.66376495361328,918.5900268554688,0.14151763916015625,0.8584823608398438,0.3858572244644165,0.0005852766335010529,0.2132646143436432,-0.004261429887264967,3.469620704650879
924,60.677242279052734,881.6300048828125,0.1422271728515625,0.8577728271484375,0.3869529366493225,0.0005852766335010529,0.20254436135292053,-0.0033519212156534195,3.471222400665283
925,62.562904357910156,886.969970703125,0.14196014404296875,0.8580398559570312,0.38723015785217285,0.0005852766335010529,0.21300402283668518,-0.003328890772536397,3.487576961517334
926,61.12321090698242,887.9600219726562,0.14357757568359375,0.8564224243164062,0.3876428008079529,0.0005852766335010529,0.22009646892547607,-0.0021000741980969906,3.4924163818359375
927,57.37266540527344,842.0,0.1461029052734375,0.8538970947265625,0.38719895482063293,0.0005852766335010529,0.21894213557243347,-0.0032431697472929955,3.4869000911712646
928,63.787437438964844,913.489990234375,0.14703369140625,0.85296630859375,0.38783979415893555,0.00039018443203531206,0.2293286770582199,-0.0036760501097887754,3.4963817596435547
929,61.0920295715332,869.8800048828125,0.14499664306640625,0.8550033569335938,0.38780057430267334,0.0005852766335010529,0.23212510347366333,-0.00665966747328639,3.4919121265411377
930,61.12399673461914,872.0900268554688,0.14537811279296875,0.8546218872070312,0.3877386152744293,0.0005852766335010529,0.21704210340976715,-0.004630144219845533,3.5042946338653564
931,63.25830841064453,893.4199829101562,0.1465301513671875,0.8534698486328125,0.38812917470932007,0.0005852766335010529,0.2171826958656311,-0.004071761388331652,3.491839647293091
932,60.17680358886719,883.260009765625,0.14635467529296875,0.8536453247070312,0.3879653215408325,0.00039018443203531206,0.21546368300914764,-0.0034081286285072565,3.5080745220184326
933,60.97483825683594,881.6599731445312,0.146240234375,0.853759765625,0.3886175751686096,0.0005852766335010529,0.21997995674610138,-0.006533927749842405,3.5016796588897705
934,61.02499008178711,878.0399780273438,0.1466827392578125,0.8533172607421875,0.3893923759460449,0.00039018443203531206,0.2291727215051651,-0.0056654904037714005,3.514939785003662
935,63.36477279663086,887.0999755859375,0.1472625732421875,0.8527374267578125,0.3891609013080597,0.0005852766335010529,0.22438453137874603,-0.006868346128612757,3.516566276550293
936,63.263797760009766,911.719970703125,0.14759063720703125,0.8524093627929688,0.390089750289917,0.0002601229352876544,0.23048555850982666,-0.0019621148239821196,3.53840970993042
937,62.051944732666016,876.97998046875,0.1484222412109375,0.8515777587890625,0.3896077871322632,0.00039018443203531206,0.2290116846561432,-0.0071354578249156475,3.52864933013916
938,62.1944694519043,891.760009765625,0.1520843505859375,0.8479156494140625,0.3895416855812073,0.0005852766335010529,0.2280757874250412,-0.007971254177391529,3.527958869934082
939,59.3648681640625,852.1599731445312,0.152587890625,0.847412109375,0.3895133137702942,0.0002601229352876544,0.224474236369133,-0.0004591433971654624,3.5305888652801514
940,59.545249938964844,850.1400146484375,0.1531219482421875,0.8468780517578125,0.3901561498641968,0.0005852766335010529,0.2319701910018921,-0.006747425068169832,3.531203031539917
941,60.27378845214844,847.239990234375,0.15309906005859375,0.8469009399414062,0.3898504376411438,0.0005852766335010529,0.24277709424495697,-0.0054823653772473335,3.537646532058716
942,62.85588836669922,889.4199829101562,0.1541900634765625,0.8458099365234375,0.3901884853839874,0.0005852766335010529,0.22339823842048645,-0.003891503671184182,3.532120943069458
943,61.632347106933594,873.3900146484375,0.1549835205078125,0.8450164794921875,0.39047950506210327,0.0005852766335010529,0.2127295732498169,-0.005356620531529188,3.5370473861694336
944,60.10415267944336,866.989990234375,0.15575408935546875,0.8442459106445312,0.39097124338150024,0.00039018443203531206,0.22572851181030273,-0.002086808206513524,3.547696590423584
945,60.03669738769531,870.5599975585938,0.1555938720703125,0.8444061279296875,0.3902379274368286,0.0005852766335010529,0.22675587236881256,-0.00858498364686966,3.5416011810302734
946,63.58657455444336,910.2899780273438,0.1547698974609375,0.8452301025390625,0.3897734582424164,0.0005852766335010529,0.21411065757274628,-0.004416643641889095,3.535367727279663
947,63.320770263671875,877.260009765625,0.15435791015625,0.84564208984375,0.3897935748100281,0.00039018443203531206,0.20975443720817566,-0.005524015519768,3.5290122032165527
948,62.524295806884766,889.3499755859375,0.15532684326171875,0.8446731567382812,0.3902267813682556,0.0005852766335010529,0.21157044172286987,-0.006755204871296883,3.538300037384033
949,64.849365234375,921.9199829101562,0.15373992919921875,0.8462600708007812,0.39074942469596863,0.0005852766335010529,0.21317033469676971,-0.0035153112839907408,3.546307325363159
950,59.565406799316406,862.0,0.15293121337890625,0.8470687866210938,0.3902602195739746,0.0005852766335010529,0.2084154486656189,-0.004804477095603943,3.5475575923919678
951,61.990291595458984,886.6900024414062,0.1553802490234375,0.8446197509765625,0.39049041271209717,0.0005852766335010529,0.2168663740158081,-0.003230104222893715,3.5501909255981445
952,62.05997848510742,894.5399780273438,0.15584564208984375,0.8441543579101562,0.3912171721458435,0.0005852766335010529,0.20679588615894318,-0.004212645813822746,3.5538666248321533
953,61.14793014526367,871.1300048828125,0.15643310546875,0.84356689453125,0.39206528663635254,0.0005852766335010529,0.23223400115966797,-0.004520758520811796,3.569972038269043
954,60.13227462768555,859.7100219726562,0.1561737060546875,0.8438262939453125,0.3925616145133972,0.00039018443203531206,0.22786781191825867,-0.004781291354447603,3.5784950256347656
955,58.84535598754883,853.1699829101562,0.15795135498046875,0.8420486450195312,0.39275527000427246,0.0005852766335010529,0.2423897236585617,-0.006633201148360968,3.5852465629577637
956,62.61587142944336,893.6799926757812,0.1602630615234375,0.8397369384765625,0.39296409487724304,0.00039018443203531206,0.21559840440750122,-0.0036336062476038933,3.5931146144866943
957,58.96682357788086,866.7000122070312,0.1608428955078125,0.8391571044921875,0.39282387495040894,0.0005852766335010529,0.22495581209659576,-0.005359989125281572,3.583068370819092
958,60.82991409301758,853.6199951171875,0.1619415283203125,0.8380584716796875,0.39328357577323914,0.00039018443203531206,0.22567713260650635,-0.003598686307668686,3.600268602371216
959,63.47135925292969,907.7100219726562,0.16407012939453125,0.8359298706054688,0.39345282316207886,0.0005852766335010529,0.20740093290805817,-0.007869908586144447,3.5950698852539062
960,60.81947708129883,875.0,0.1649169921875,0.8350830078125,0.3936072587966919,0.00039018443203531206,0.23805645108222961,-0.00506906071677804,3.6102020740509033
961,62.153656005859375,883.6099853515625,0.166717529296875,0.833282470703125,0.39326179027557373,0.0005852766335010529,0.2095632404088974,-0.004888138268142939,3.601577043533325
962,61.567840576171875,896.010009765625,0.16811370849609375,0.8318862915039062,0.3930136561393738,0.00039018443203531206,0.236733540892601,-0.0027745298575609922,3.5992720127105713
963,59.69651412963867,868.22998046875,0.16912078857421875,0.8308792114257812,0.3924141526222229,0.00039018443203531206,0.23927488923072815,-0.0034711509943008423,3.5908401012420654
964,62.23006057739258,865.22998046875,0.16895294189453125,0.8310470581054688,0.39264604449272156,0.0005852766335010529,0.23225507140159607,-0.005916253663599491,3.5772550106048584
965,61.2095947265625,872.3800048828125,0.17031097412109375,0.8296890258789062,0.3922964334487915,0.0002601229352876544,0.23237453401088715,-0.0028514242731034756,3.587474822998047
966,56.59063720703125,829.4099731445312,0.1732635498046875,0.8267364501953125,0.39235830307006836,0.0005852766335010529,0.22466714680194855,-0.007436634972691536,3.573719024658203
967,62.10466766357422,881.7899780273438,0.17604827880859375,0.8239517211914062,0.3925701379776001,0.0005852766335010529,0.23221632838249207,-0.004403681494295597,3.588958263397217
968,61.135982513427734,881.4400024414062,0.175140380859375,0.824859619140625,0.3936387002468109,0.0005852766335010529,0.22633273899555206,-0.0050539281219244,3.5989925861358643
969,59.3795166015625,851.0800170898438,0.176055908203125,0.823944091796875,0.39425939321517944,0.0005852766335010529,0.22991697490215302,-0.004273163620382547,3.6260526180267334
970,61.25475311279297,894.6500244140625,0.17638397216796875,0.8236160278320312,0.39481478929519653,0.00039018443203531206,0.2303362488746643,-0.005184768699109554,3.638406991958618
971,65.03739166259766,908.1900024414062,0.17360687255859375,0.8263931274414062,0.3937668800354004,0.00039018443203531206,0.21963101625442505,-0.004774064756929874,3.6307742595672607
972,62.751060485839844,892.6500244140625,0.17179107666015625,0.8282089233398438,0.3947429656982422,0.0005852766335010529,0.21377985179424286,-0.00488972058519721,3.627121925354004
973,60.02449035644531,858.8400268554688,0.17144775390625,0.82855224609375,0.39485475420951843,0.0005852766335010529,0.20943734049797058,-0.0028079876210540533,3.641101360321045
974,60.636474609375,882.4500122070312,0.17211151123046875,0.8278884887695312,0.39489632844924927,0.00039018443203531206,0.224849671125412,-0.006006638053804636,3.6355278491973877
975,58.98814010620117,864.5,0.1711273193359375,0.8288726806640625,0.39535391330718994,0.0005852766335010529,0.2161349505186081,-0.006873901467770338,3.6525161266326904
976,62.95009994506836,900.3300170898438,0.170379638671875,0.829620361328125,0.3957039713859558,0.0005852766335010529,0.21093149483203888,-0.007210997398942709,3.6559109687805176
977,60.70357894897461,857.52001953125,0.1711273193359375,0.8288726806640625,0.39580225944519043,0.0008779149502515793,0.20814049243927002,-0.006010917015373707,3.6609396934509277
978,60.15057373046875,873.0399780273438,0.17064666748046875,0.8293533325195312,0.39578375220298767,0.00039018443203531206,0.2096480429172516,-0.003153580706566572,3.664912700653076
979,60.44908905029297,876.8499755859375,0.17099761962890625,0.8290023803710938,0.396658331155777,0.0005852766335010529,0.2067796140909195,-0.006466418504714966,3.6689915657043457
980,61.72124099731445,863.9299926757812,0.1725921630859375,0.8274078369140625,0.3960029184818268,0.0005852766335010529,0.2114485800266266,-0.002566766459494829,3.6694116592407227
981,64.0667724609375,917.7100219726562,0.17200469970703125,0.8279953002929688,0.3964376449584961,0.00039018443203531206,0.1965208202600479,-0.0027946915943175554,3.6703152656555176
982,62.915401458740234,893.0999755859375,0.171600341796875,0.828399658203125,0.3965843617916107,0.0005852766335010529,0.19624872505664825,-0.006030798424035311,3.6723153591156006
983,64.0584945678711,902.6199951171875,0.171295166015625,0.828704833984375,0.39760851860046387,0.0002601229352876544,0.21586255729198456,-0.002679126337170601,3.698474407196045
984,60.551334381103516,893.0800170898438,0.1697845458984375,0.8302154541015625,0.39767181873321533,0.0005852766335010529,0.20808705687522888,-0.007716544903814793,3.6928935050964355
985,62.36837387084961,883.9500122070312,0.1681671142578125,0.8318328857421875,0.3973357081413269,0.00039018443203531206,0.20517517626285553,-0.005277444142848253,3.6991822719573975
986,65.07157135009766,924.5900268554688,0.1631317138671875,0.8368682861328125,0.39751532673835754,0.0005852766335010529,0.22413815557956696,-0.005706204101443291,3.6999926567077637
987,62.51877975463867,892.6599731445312,0.16091156005859375,0.8390884399414062,0.3981727361679077,0.00039018443203531206,0.2117597758769989,-0.005132555961608887,3.7008039951324463
988,66.58772277832031,921.1799926757812,0.15740966796875,0.84259033203125,0.3980352282524109,0.0005852766335010529,0.21494732797145844,-0.007581270765513182,3.7026798725128174
989,60.48828887939453,851.3900146484375,0.1549224853515625,0.8450775146484375,0.3980720043182373,0.0005852766335010529,0.20237533748149872,-0.005359223578125238,3.714527130126953
990,62.67837142944336,900.280029296875,0.15529632568359375,0.8447036743164062,0.3977063298225403,0.00039018443203531206,0.19683977961540222,-0.0034552179276943207,3.7070770263671875
991,61.721744537353516,882.489990234375,0.15409088134765625,0.8459091186523438,0.39775070548057556,0.0005852766335010529,0.20860183238983154,-0.006142923142760992,3.706967353820801
992,63.07398223876953,893.5900268554688,0.15316009521484375,0.8468399047851562,0.39683377742767334,0.00039018443203531206,0.20011639595031738,-0.003071762155741453,3.7064173221588135
993,64.13438415527344,895.8400268554688,0.15082550048828125,0.8491744995117188,0.39735326170921326,0.0005852766335010529,0.20850959420204163,-0.006762229837477207,3.6828556060791016
994,61.403202056884766,880.780029296875,0.15132904052734375,0.8486709594726562,0.39694538712501526,0.0005852766335010529,0.1802922636270523,-0.005546228028833866,3.692260503768921
995,62.93716812133789,906.2899780273438,0.1494293212890625,0.8505706787109375,0.39678508043289185,0.00039018443203531206,0.18682843446731567,-0.0035592124331742525,3.692852020263672
996,63.92057418823242,885.510009765625,0.14592742919921875,0.8540725708007812,0.3970027565956116,0.00039018443203531206,0.1883687824010849,-0.005826409440487623,3.677096366882324
997,63.50096130371094,888.8400268554688,0.14324951171875,0.85675048828125,0.39678168296813965,0.0005852766335010529,0.18453605473041534,-0.004943708423525095,3.682605743408203
998,60.33102035522461,860.2999877929688,0.1425933837890625,0.8574066162109375,0.3962603807449341,0.00039018443203531206,0.20369206368923187,-0.004572943784296513,3.6754660606384277
999,63.95136642456055,902.7999877929688,0.1418304443359375,0.8581695556640625,0.396466463804245,0.0005852766335010529,0.20725958049297333,-0.007213232573121786,3.661310911178589
