model,geometry_seed,reset_seed,env_index,terrain,family,difficulty,one,six,fall,lane_exit,world_exit,return,length,reason,speed
provided_baseline_seed42,51,28,0,True,rough,0.2,True,False,False,False,False,35.28791046142578,960.0,time_out,2.3082990646362305
provided_baseline_seed42,51,28,1,True,rough,0.4,False,False,True,False,False,0.47646743059158325,44.0,overturn,0.5086690729314631
provided_baseline_seed42,51,28,2,True,rough,0.6,False,False,False,True,False,25.402389526367188,960.0,time_out,1.697292447090149
provided_baseline_seed42,51,28,3,True,rough,0.8,False,False,True,False,False,3.976527690887451,148.0,overturn,1.6902390041866817
provided_baseline_seed42,51,28,4,True,rough,1.0,False,False,True,False,False,5.1282548904418945,156.0,overturn,2.0103447253887468
provided_baseline_seed42,51,28,5,True,rough,0.2,True,False,False,False,False,44.23518371582031,960.0,time_out,2.8899993896484375
provided_baseline_seed42,51,28,6,True,rough,0.4,True,False,False,False,False,32.88486099243164,960.0,time_out,2.1171345710754395
provided_baseline_seed42,51,28,7,True,rough,0.6,True,False,False,False,False,24.85744285583496,960.0,time_out,1.5400444269180298
provided_baseline_seed42,51,28,8,True,rough,0.8,True,False,False,False,False,24.926082611083984,960.0,time_out,1.596068024635315
provided_baseline_seed42,51,28,9,True,rough,1.0,False,False,True,False,False,5.113569259643555,118.0,overturn,2.590117050429522
provided_baseline_seed42,51,28,10,True,rough,0.2,False,False,True,False,False,48.614418029785156,935.0,overturn,3.221597763306317
provided_baseline_seed42,51,28,11,True,rough,0.4,True,False,False,False,False,37.33599853515625,960.0,time_out,2.429429054260254
provided_baseline_seed42,51,28,12,True,rough,0.6,False,False,True,True,False,20.479354858398438,704.0,overturn,1.8446281281384556
provided_baseline_seed42,51,28,13,True,rough,0.8,True,False,False,False,False,20.170034408569336,960.0,time_out,1.2956887483596802
provided_baseline_seed42,51,28,14,True,rough,1.0,False,False,True,False,False,4.658844947814941,120.0,overturn,2.316006660461426
provided_baseline_seed42,51,28,15,True,rough,0.2,False,False,False,True,False,33.112491607666016,960.0,time_out,2.278520107269287
provided_baseline_seed42,51,28,16,True,rough,0.4,True,False,False,False,False,28.417869567871094,960.0,time_out,1.8301366567611694
provided_baseline_seed42,51,28,17,True,rough,0.6,True,False,False,False,False,26.133888244628906,960.0,time_out,1.6736466884613037
provided_baseline_seed42,51,28,18,True,rough,0.8,False,False,True,False,False,5.611593723297119,149.0,overturn,2.28472536842295
provided_baseline_seed42,51,28,19,True,rough,1.0,False,False,False,False,False,11.363754272460938,960.0,time_out,0.5392470359802246
provided_baseline_seed42,51,28,20,True,rough,0.2,True,False,False,False,False,42.6434211730957,960.0,time_out,2.7608652114868164
provided_baseline_seed42,51,28,21,True,rough,0.4,True,False,False,False,False,38.97372817993164,960.0,time_out,2.4764862060546875
provided_baseline_seed42,51,28,22,True,rough,0.6,False,False,False,False,False,10.404423713684082,960.0,time_out,0.5385887622833252
provided_baseline_seed42,51,28,23,True,rough,0.8,False,False,False,False,False,13.667069435119629,960.0,time_out,0.6423307657241821
provided_baseline_seed42,51,28,24,True,rough,1.0,False,False,False,False,False,7.980907440185547,960.0,time_out,0.4240412712097168
provided_baseline_seed42,51,28,25,True,slope,0.2,False,False,True,False,False,4.597817897796631,107.0,overturn,2.5942932556722766
provided_baseline_seed42,51,28,26,True,slope,0.4,False,False,True,False,False,6.829648494720459,168.0,torso_height,2.517594609941755
provided_baseline_seed42,51,28,27,True,slope,0.6,False,False,True,False,False,6.600500106811523,191.0,torso_height,2.090027294857964
provided_baseline_seed42,51,28,28,True,slope,0.8,True,False,False,False,False,20.783405303955078,960.0,time_out,1.1749945878982544
provided_baseline_seed42,51,28,29,True,slope,1.0,False,False,False,True,False,14.575382232666016,960.0,time_out,0.5629662275314331
provided_baseline_seed42,51,28,30,True,slope,0.2,True,False,False,False,False,14.106882095336914,960.0,time_out,0.8940494656562805
provided_baseline_seed42,51,28,31,True,slope,0.4,True,False,False,False,False,41.45196533203125,960.0,time_out,2.642672300338745
provided_baseline_seed42,51,28,32,True,slope,0.6,True,False,False,False,False,16.65277099609375,960.0,time_out,1.0186054706573486
provided_baseline_seed42,51,28,33,True,slope,0.8,False,False,True,False,False,4.41121768951416,137.0,overturn,1.9541028990362683
provided_baseline_seed42,51,28,34,True,slope,1.0,True,False,False,False,False,20.74434471130371,960.0,time_out,1.0518766641616821
provided_baseline_seed42,51,28,35,True,slope,0.2,False,False,False,True,False,42.6214599609375,960.0,time_out,2.8717479705810547
provided_baseline_seed42,51,28,36,True,slope,0.4,True,False,False,False,False,34.9998893737793,960.0,time_out,2.2920002937316895
provided_baseline_seed42,51,28,37,True,slope,0.6,False,False,True,False,False,7.050356864929199,142.0,torso_height,3.03742314728213
provided_baseline_seed42,51,28,38,True,slope,0.8,False,False,True,False,False,6.316685676574707,144.0,torso_height,2.6938462257385254
provided_baseline_seed42,51,28,39,True,slope,1.0,False,False,True,False,False,5.891079425811768,181.0,torso_height,1.9395965238961068
provided_baseline_seed42,51,28,40,True,slope,0.2,True,False,False,False,False,29.081865310668945,960.0,time_out,1.6879138946533203
provided_baseline_seed42,51,28,41,True,slope,0.4,False,False,False,True,False,40.93292236328125,960.0,time_out,2.7017908096313477
provided_baseline_seed42,51,28,42,True,slope,0.6,False,False,True,False,False,6.7905778884887695,198.0,torso_height,2.087857795484138
provided_baseline_seed42,51,28,43,True,slope,0.8,False,False,True,False,False,5.837424278259277,167.0,torso_height,2.1140574837873083
provided_baseline_seed42,51,28,44,True,slope,1.0,False,False,True,False,False,4.286397933959961,106.0,overturn,2.5020131525003686
provided_baseline_seed42,51,28,45,True,slope,0.2,False,False,True,False,False,7.901923179626465,176.0,torso_height,2.7391797846013852
provided_baseline_seed42,51,28,46,True,slope,0.4,False,False,False,True,False,39.34707260131836,960.0,time_out,2.5918469429016113
provided_baseline_seed42,51,28,47,True,slope,0.6,False,False,True,True,False,14.907218933105469,419.0,overturn,2.3966804267683006
provided_baseline_seed42,51,28,48,True,slope,0.8,False,False,True,False,False,6.619662284851074,164.0,torso_height,2.43860686697611
provided_baseline_seed42,51,28,49,True,slope,1.0,False,False,True,True,False,22.43122100830078,843.0,overturn,1.4906695219969834
provided_baseline_seed42,51,28,50,True,stairs,0.2,True,False,False,False,False,37.22081756591797,960.0,time_out,2.3483829498291016
provided_baseline_seed42,51,28,51,True,stairs,0.4,False,False,True,False,False,7.29047966003418,191.0,torso_height,2.4299671512623733
provided_baseline_seed42,51,28,52,True,stairs,0.6,False,False,True,False,False,11.28075885772705,659.0,torso_height,0.8520317367067468
provided_baseline_seed42,51,28,53,True,stairs,0.8,False,False,False,False,False,10.845882415771484,960.0,time_out,0.32273757457733154
provided_baseline_seed42,51,28,54,True,stairs,1.0,False,False,False,False,False,11.434356689453125,960.0,time_out,0.3199794292449951
provided_baseline_seed42,51,28,55,True,stairs,0.2,False,False,True,False,False,5.2535505294799805,131.0,overturn,2.3594834422337194
provided_baseline_seed42,51,28,56,True,stairs,0.4,True,False,False,False,False,24.271093368530273,960.0,time_out,1.5347703695297241
provided_baseline_seed42,51,28,57,True,stairs,0.6,False,False,True,False,False,0.2489309012889862,23.0,overturn,0.40308579154636553
provided_baseline_seed42,51,28,58,True,stairs,0.8,False,False,False,False,False,8.178976058959961,960.0,time_out,0.3210636377334595
provided_baseline_seed42,51,28,59,True,stairs,1.0,False,False,True,False,False,7.373998165130615,502.0,torso_height,0.6068521476836793
provided_baseline_seed42,51,28,60,True,stairs,0.2,False,False,False,True,False,28.3030948638916,960.0,time_out,1.8809477090835571
provided_baseline_seed42,51,28,61,True,stairs,0.4,False,False,True,False,False,15.305572509765625,459.0,overturn,2.051963930815653
provided_baseline_seed42,51,28,62,True,stairs,0.6,False,False,True,False,False,10.708927154541016,893.0,torso_height,0.4168354730723553
provided_baseline_seed42,51,28,63,True,stairs,0.8,False,False,True,False,False,4.658227443695068,148.0,overturn,1.8529809487832558
provided_baseline_seed42,51,28,64,True,stairs,1.0,False,False,False,False,False,12.508700370788574,960.0,time_out,0.35386550426483154
provided_baseline_seed42,51,28,65,True,stairs,0.2,True,False,False,False,False,33.50740051269531,960.0,time_out,2.1600797176361084
provided_baseline_seed42,51,28,66,True,stairs,0.4,False,False,True,False,False,8.122848510742188,291.0,torso_height,1.6633075045556138
provided_baseline_seed42,51,28,67,True,stairs,0.6,True,False,False,False,False,18.345029830932617,960.0,time_out,1.067633032798767
provided_baseline_seed42,51,28,68,True,stairs,0.8,False,False,False,False,False,12.310103416442871,960.0,time_out,0.3806799650192261
provided_baseline_seed42,51,28,69,True,stairs,1.0,False,False,False,False,False,11.081533432006836,960.0,time_out,0.3190939426422119
provided_baseline_seed42,51,28,70,True,stairs,0.2,False,False,False,True,False,33.25890350341797,960.0,time_out,2.1936874389648438
provided_baseline_seed42,51,28,71,True,stairs,0.4,False,False,False,False,False,7.149926662445068,960.0,time_out,0.3474365472793579
provided_baseline_seed42,51,28,72,True,stairs,0.6,False,False,True,False,False,8.699915885925293,420.0,torso_height,1.1179447174072266
provided_baseline_seed42,51,28,73,True,stairs,0.8,False,False,True,False,False,7.039932727813721,174.0,torso_height,2.456645965576172
provided_baseline_seed42,51,28,74,True,stairs,1.0,False,False,False,False,False,6.374943256378174,960.0,time_out,0.26549482345581055
provided_baseline_seed42,51,28,75,True,waves,0.2,False,False,True,False,False,0.45369753241539,33.0,overturn,0.5773787064985795
provided_baseline_seed42,51,28,76,True,waves,0.4,False,False,True,False,False,23.45563316345215,590.0,torso_height,2.442468287581104
provided_baseline_seed42,51,28,77,True,waves,0.6,False,False,True,False,False,9.913209915161133,298.0,overturn,1.994801975736682
provided_baseline_seed42,51,28,78,True,waves,0.8,False,False,True,False,False,6.575098037719727,202.0,torso_height,1.933350138144918
provided_baseline_seed42,51,28,79,True,waves,1.0,False,False,True,False,False,4.780263423919678,172.0,torso_height,1.6898492325183958
provided_baseline_seed42,51,28,80,True,waves,0.2,True,False,False,False,False,37.1514892578125,960.0,time_out,2.4254961013793945
provided_baseline_seed42,51,28,81,True,waves,0.4,False,False,True,False,False,12.976912498474121,470.0,overturn,1.7314394687084442
provided_baseline_seed42,51,28,82,True,waves,0.6,False,False,True,False,False,20.430316925048828,800.0,torso_height,1.551569366455078
provided_baseline_seed42,51,28,83,True,waves,0.8,False,False,True,False,False,4.8306756019592285,135.0,torso_height,2.017461140950521
provided_baseline_seed42,51,28,84,True,waves,1.0,False,False,True,False,False,9.856180191040039,661.0,torso_height,0.5662962528292242
provided_baseline_seed42,51,28,85,True,waves,0.2,False,False,True,False,False,10.132416725158691,263.0,torso_height,2.398819143781191
provided_baseline_seed42,51,28,86,True,waves,0.4,False,False,False,True,False,28.166921615600586,960.0,time_out,1.8747185468673706
provided_baseline_seed42,51,28,87,True,waves,0.6,False,False,False,False,False,6.712674617767334,960.0,time_out,0.2994621992111206
provided_baseline_seed42,51,28,88,True,waves,0.8,False,False,True,False,False,0.3818289041519165,25.0,overturn,0.69656982421875
provided_baseline_seed42,51,28,89,True,waves,1.0,False,False,True,False,False,4.518835067749023,107.0,torso_height,2.611564208413953
provided_baseline_seed42,51,28,90,True,waves,0.2,True,False,False,False,False,10.937190055847168,960.0,time_out,0.9384906888008118
provided_baseline_seed42,51,28,91,True,waves,0.4,False,False,False,False,False,8.654008865356445,960.0,time_out,0.7631502151489258
provided_baseline_seed42,51,28,92,True,waves,0.6,False,False,True,False,False,9.467367172241211,195.0,torso_height,2.9846285306490383
provided_baseline_seed42,51,28,93,True,waves,0.8,False,False,True,False,False,8.628697395324707,217.0,torso_height,2.3964539980558754
provided_baseline_seed42,51,28,94,True,waves,1.0,False,False,True,False,False,5.931437969207764,162.0,torso_height,2.2883252744321467
provided_baseline_seed42,51,28,95,True,waves,0.2,False,False,True,False,False,8.276418685913086,210.0,torso_height,2.4206864493233815
provided_baseline_seed42,51,28,96,True,waves,0.4,False,False,True,False,False,17.28034210205078,610.0,torso_height,1.7949011130411119
provided_baseline_seed42,51,28,97,True,waves,0.6,False,False,True,False,False,16.812026977539062,675.0,torso_height,1.44618648952908
provided_baseline_seed42,51,28,98,True,waves,0.8,False,False,True,False,False,5.292558670043945,326.0,torso_height,1.0238140784889642
provided_baseline_seed42,51,28,99,True,waves,1.0,False,False,True,False,False,4.732746601104736,218.0,torso_height,1.3291304702058844
provided_baseline_seed42,51,28,100,True,obstacles,0.2,False,False,True,False,False,23.522903442382812,528.0,torso_height,2.838135849345814
provided_baseline_seed42,51,28,101,True,obstacles,0.4,False,False,True,False,False,5.342410564422607,102.0,overturn,3.257456386790556
provided_baseline_seed42,51,28,102,True,obstacles,0.6,False,False,True,False,False,6.130467891693115,129.0,overturn,3.004613477130269
provided_baseline_seed42,51,28,103,True,obstacles,0.8,False,False,True,False,False,6.680213928222656,170.0,torso_height,2.3932759902056526
provided_baseline_seed42,51,28,104,True,obstacles,1.0,False,False,False,False,False,9.690494537353516,960.0,time_out,0.3106367588043213
provided_baseline_seed42,51,28,105,True,obstacles,0.2,True,False,False,False,False,24.658546447753906,960.0,time_out,1.5771675109863281
provided_baseline_seed42,51,28,106,True,obstacles,0.4,False,False,False,False,False,13.643335342407227,960.0,time_out,0.7206739187240601
provided_baseline_seed42,51,28,107,True,obstacles,0.6,False,False,False,False,False,12.59217643737793,960.0,time_out,0.653567910194397
provided_baseline_seed42,51,28,108,True,obstacles,0.8,False,False,True,False,False,6.559206485748291,181.0,overturn,2.1353688951355316
provided_baseline_seed42,51,28,109,True,obstacles,1.0,False,False,False,False,False,8.027103424072266,960.0,time_out,0.26695919036865234
provided_baseline_seed42,51,28,110,True,obstacles,0.2,True,False,False,False,False,33.644866943359375,960.0,time_out,2.2295069694519043
provided_baseline_seed42,51,28,111,True,obstacles,0.4,True,False,False,False,False,20.101896286010742,960.0,time_out,1.3622639179229736
provided_baseline_seed42,51,28,112,True,obstacles,0.6,False,False,False,False,False,17.571382522583008,960.0,time_out,0.7087138891220093
provided_baseline_seed42,51,28,113,True,obstacles,0.8,False,False,False,False,False,11.642767906188965,960.0,time_out,0.7567263245582581
provided_baseline_seed42,51,28,114,True,obstacles,1.0,False,False,False,False,False,7.3353047370910645,960.0,time_out,0.3874802589416504
provided_baseline_seed42,51,28,115,True,obstacles,0.2,False,False,False,False,False,5.946816444396973,960.0,time_out,0.34584689140319824
provided_baseline_seed42,51,28,116,True,obstacles,0.4,False,False,True,False,False,10.008273124694824,206.0,torso_height,2.9886390167532615
provided_baseline_seed42,51,28,117,True,obstacles,0.6,False,False,True,False,False,5.216667652130127,132.0,overturn,2.4774837493896484
provided_baseline_seed42,51,28,118,True,obstacles,0.8,False,False,False,False,False,17.441129684448242,960.0,time_out,0.7354192733764648
provided_baseline_seed42,51,28,119,True,obstacles,1.0,False,False,True,False,False,5.305944919586182,296.0,torso_height,1.0339462434923326
provided_baseline_seed42,51,28,120,True,obstacles,0.2,False,False,True,False,False,25.367900848388672,554.0,overturn,2.8750772854911726
provided_baseline_seed42,51,28,121,True,obstacles,0.4,False,False,True,False,False,5.724323272705078,176.0,torso_height,2.1445096622813833
provided_baseline_seed42,51,28,122,True,obstacles,0.6,False,False,True,False,False,6.735733509063721,271.0,torso_height,1.3837161187316218
provided_baseline_seed42,51,28,123,True,obstacles,0.8,False,False,False,False,False,14.523781776428223,960.0,time_out,0.5889242887496948
provided_baseline_seed42,51,28,124,True,obstacles,1.0,False,False,False,False,False,8.482873916625977,960.0,time_out,0.26458096504211426
provided_baseline_seed42,51,28,125,True,stepping_stones,0.2,False,False,False,False,False,14.051222801208496,960.0,time_out,0.394961953163147
provided_baseline_seed42,51,28,126,True,stepping_stones,0.4,False,False,False,False,False,8.276039123535156,960.0,time_out,0.31395745277404785
provided_baseline_seed42,51,28,127,True,stepping_stones,0.6,False,False,False,False,False,10.957971572875977,960.0,time_out,0.3248029947280884
provided_baseline_seed42,51,28,128,True,stepping_stones,0.8,False,False,False,False,False,14.809248924255371,960.0,time_out,0.36442410945892334
provided_baseline_seed42,51,28,129,True,stepping_stones,1.0,False,False,False,False,False,12.125831604003906,960.0,time_out,0.2853529453277588
provided_baseline_seed42,51,28,130,True,stepping_stones,0.2,False,False,False,False,False,12.03075122833252,960.0,time_out,0.44072186946868896
provided_baseline_seed42,51,28,131,True,stepping_stones,0.4,False,False,False,False,False,15.013980865478516,960.0,time_out,0.4489084482192993
provided_baseline_seed42,51,28,132,True,stepping_stones,0.6,False,False,True,False,False,3.880310297012329,161.0,torso_height,1.383617709142081
provided_baseline_seed42,51,28,133,True,stepping_stones,0.8,False,False,False,False,False,10.671224594116211,960.0,time_out,0.34305834770202637
provided_baseline_seed42,51,28,134,True,stepping_stones,1.0,False,False,False,False,False,11.58629035949707,960.0,time_out,0.3141956329345703
provided_baseline_seed42,51,28,135,True,stepping_stones,0.2,True,False,False,False,False,19.47859764099121,960.0,time_out,1.1339820623397827
provided_baseline_seed42,51,28,136,True,stepping_stones,0.4,False,False,True,False,False,4.858695030212402,166.0,torso_height,1.8288141273590457
provided_baseline_seed42,51,28,137,True,stepping_stones,0.6,False,False,False,False,False,16.263591766357422,960.0,time_out,0.3305908441543579
provided_baseline_seed42,51,28,138,True,stepping_stones,0.8,False,False,False,False,False,12.803503036499023,960.0,time_out,0.28435683250427246
provided_baseline_seed42,51,28,139,True,stepping_stones,1.0,False,False,False,False,False,8.459917068481445,960.0,time_out,0.30290353298187256
provided_baseline_seed42,51,28,140,True,stepping_stones,0.2,False,False,False,False,False,-1.3447612524032593,960.0,time_out,0.3711906671524048
provided_baseline_seed42,51,28,141,True,stepping_stones,0.4,False,False,False,False,False,6.684150218963623,960.0,time_out,0.4184379577636719
provided_baseline_seed42,51,28,142,True,stepping_stones,0.6,False,False,False,False,False,9.945375442504883,960.0,time_out,0.3028755187988281
provided_baseline_seed42,51,28,143,True,stepping_stones,0.8,False,False,False,False,False,10.094083786010742,960.0,time_out,0.27798891067504883
provided_baseline_seed42,51,28,144,True,stepping_stones,1.0,False,False,False,False,False,12.435962677001953,960.0,time_out,0.3104041814804077
provided_baseline_seed42,51,28,145,True,stepping_stones,0.2,False,False,False,False,False,14.3099946975708,960.0,time_out,0.4000617265701294
provided_baseline_seed42,51,28,146,True,stepping_stones,0.4,False,False,False,False,False,14.50281047821045,960.0,time_out,0.5093001127243042
provided_baseline_seed42,51,28,147,True,stepping_stones,0.6,False,False,False,False,False,13.952872276306152,960.0,time_out,0.4229928255081177
provided_baseline_seed42,51,28,148,True,stepping_stones,0.8,False,False,False,False,False,0.5890182256698608,960.0,time_out,0.25651633739471436
provided_baseline_seed42,51,28,149,True,stepping_stones,1.0,False,False,True,False,False,4.046360015869141,137.0,torso_height,1.783793929719577
provided_baseline_seed42,51,28,150,False,flat,0.2,,,True,False,False,0.37611308693885803,57.0,overturn,0.26390866229408666
provided_baseline_seed42,51,28,151,False,flat,0.4,,,False,False,False,149.34255981445312,960.0,time_out,9.681289672851562
provided_baseline_seed42,51,28,152,False,flat,0.6,,,True,False,False,0.10131397098302841,61.0,overturn,-0.1877468628961532
provided_baseline_seed42,51,28,153,False,flat,0.8,,,False,False,False,141.5222625732422,960.0,time_out,9.187555313110352
provided_baseline_seed42,51,28,154,False,flat,1.0,,,False,False,False,131.4415740966797,960.0,time_out,8.699570655822754
provided_baseline_seed42,51,28,155,False,flat,0.2,,,False,False,False,118.9978256225586,960.0,time_out,8.131696701049805
provided_baseline_seed42,51,28,156,False,flat,0.4,,,False,False,False,124.34396362304688,960.0,time_out,8.246247291564941
provided_baseline_seed42,51,28,157,False,flat,0.6,,,False,False,False,146.87940979003906,960.0,time_out,9.557432174682617
provided_baseline_seed42,51,28,158,False,flat,0.8,,,False,False,False,134.02987670898438,960.0,time_out,8.799954414367676
provided_baseline_seed42,51,28,159,False,flat,1.0,,,False,False,False,133.38467407226562,960.0,time_out,8.639060020446777
provided_baseline_seed42,51,28,160,False,flat,0.2,,,False,False,False,150.3583526611328,960.0,time_out,9.742340087890625
provided_baseline_seed42,51,28,161,False,flat,0.4,,,True,False,False,-0.005257416516542435,30.0,overturn,-0.0840604156255722
provided_baseline_seed42,51,28,162,False,flat,0.6,,,False,False,False,120.10099792480469,960.0,time_out,8.133077621459961
provided_baseline_seed42,51,28,163,False,flat,0.8,,,False,False,False,131.0725860595703,960.0,time_out,8.684487342834473
provided_baseline_seed42,51,28,164,False,flat,1.0,,,False,False,False,140.466064453125,960.0,time_out,9.237464904785156
provided_baseline_seed42,51,28,165,False,flat,0.2,,,False,False,False,146.7574462890625,960.0,time_out,9.506294250488281
provided_baseline_seed42,51,28,166,False,flat,0.4,,,False,False,False,137.99630737304688,960.0,time_out,8.865093231201172
provided_baseline_seed42,51,28,167,False,flat,0.6,,,False,False,False,149.8271942138672,960.0,time_out,9.719572067260742
provided_baseline_seed42,51,28,168,False,flat,0.8,,,False,False,False,141.18765258789062,960.0,time_out,9.241410255432129
provided_baseline_seed42,51,28,169,False,flat,1.0,,,False,False,False,146.92312622070312,960.0,time_out,9.51124382019043
provided_baseline_seed42,51,28,170,False,flat,0.2,,,False,False,False,138.51312255859375,960.0,time_out,9.1724214553833
provided_baseline_seed42,51,28,171,False,flat,0.4,,,False,False,False,139.6853485107422,960.0,time_out,9.119481086730957
provided_baseline_seed42,51,28,172,False,flat,0.6,,,False,False,False,143.6012725830078,960.0,time_out,9.305009841918945
provided_baseline_seed42,51,28,173,False,flat,0.8,,,False,False,False,140.16200256347656,960.0,time_out,9.142313003540039
provided_baseline_seed42,51,28,174,False,flat,1.0,,,False,False,False,151.1565704345703,960.0,time_out,9.780526161193848
provided_baseline_seed42,51,29,0,True,rough,0.2,True,False,False,False,False,21.94568634033203,960.0,time_out,1.4239864349365234
provided_baseline_seed42,51,29,1,True,rough,0.4,False,False,True,False,False,28.3397216796875,715.0,overturn,2.5210685996742517
provided_baseline_seed42,51,29,2,True,rough,0.6,False,False,False,True,False,28.41006088256836,960.0,time_out,1.8979698419570923
provided_baseline_seed42,51,29,3,True,rough,0.8,True,False,False,False,False,18.0074405670166,960.0,time_out,1.0509238243103027
provided_baseline_seed42,51,29,4,True,rough,1.0,False,False,True,False,False,4.3908257484436035,134.0,overturn,1.856749235694088
provided_baseline_seed42,51,29,5,True,rough,0.2,False,False,True,False,False,34.82924270629883,863.0,overturn,2.5213877654711037
provided_baseline_seed42,51,29,6,True,rough,0.4,False,False,False,True,False,35.703922271728516,960.0,time_out,2.343240976333618
provided_baseline_seed42,51,29,7,True,rough,0.6,True,False,False,False,False,29.766206741333008,960.0,time_out,1.8928016424179077
provided_baseline_seed42,51,29,8,True,rough,0.8,False,False,True,False,False,7.233704566955566,331.0,torso_height,1.186097482179947
provided_baseline_seed42,51,29,9,True,rough,1.0,False,False,True,False,False,12.413375854492188,505.0,torso_height,1.4870231930572209
provided_baseline_seed42,51,29,10,True,rough,0.2,False,False,False,True,False,42.543704986572266,960.0,time_out,2.773775100708008
provided_baseline_seed42,51,29,11,True,rough,0.4,True,False,False,False,False,36.090728759765625,960.0,time_out,2.3532865047454834
provided_baseline_seed42,51,29,12,True,rough,0.6,False,False,True,False,False,0.4062621593475342,32.0,overturn,0.485079288482666
provided_baseline_seed42,51,29,13,True,rough,0.8,True,False,False,False,False,20.760522842407227,960.0,time_out,1.2729212045669556
provided_baseline_seed42,51,29,14,True,rough,1.0,False,False,False,False,False,10.953764915466309,960.0,time_out,0.5498456954956055
provided_baseline_seed42,51,29,15,True,rough,0.2,True,False,False,False,False,42.377925872802734,960.0,time_out,2.787090301513672
provided_baseline_seed42,51,29,16,True,rough,0.4,False,False,True,False,False,0.092778280377388,22.0,overturn,0.09728518399325285
provided_baseline_seed42,51,29,17,True,rough,0.6,True,False,False,False,False,26.51154327392578,960.0,time_out,1.7247178554534912
provided_baseline_seed42,51,29,18,True,rough,0.8,False,False,True,False,False,9.46427059173584,355.0,torso_height,1.4999932302555568
provided_baseline_seed42,51,29,19,True,rough,1.0,False,False,False,False,False,9.004125595092773,960.0,time_out,0.5174044370651245
provided_baseline_seed42,51,29,20,True,rough,0.2,False,False,False,True,False,38.74867248535156,960.0,time_out,2.563103437423706
provided_baseline_seed42,51,29,21,True,rough,0.4,True,False,False,False,False,35.335548400878906,960.0,time_out,2.2781200408935547
provided_baseline_seed42,51,29,22,True,rough,0.6,True,False,False,False,False,19.388994216918945,960.0,time_out,1.169959306716919
provided_baseline_seed42,51,29,23,True,rough,0.8,True,False,False,False,False,22.234329223632812,960.0,time_out,1.3327878713607788
provided_baseline_seed42,51,29,24,True,rough,1.0,False,False,True,False,False,7.627953052520752,417.0,torso_height,1.0713291854309521
provided_baseline_seed42,51,29,25,True,slope,0.2,True,False,False,False,False,39.28531265258789,960.0,time_out,2.52573299407959
provided_baseline_seed42,51,29,26,True,slope,0.4,False,False,False,True,False,35.70322799682617,960.0,time_out,2.3511741161346436
provided_baseline_seed42,51,29,27,True,slope,0.6,False,False,False,True,False,27.825342178344727,960.0,time_out,1.9160082340240479
provided_baseline_seed42,51,29,28,True,slope,0.8,False,False,True,True,False,20.118736267089844,691.0,overturn,1.7800200002755857
provided_baseline_seed42,51,29,29,True,slope,1.0,False,False,True,False,False,0.09765423089265823,12.0,overturn,0.24849891662597656
provided_baseline_seed42,51,29,30,True,slope,0.2,False,False,False,True,False,46.030513763427734,960.0,time_out,3.0577211380004883
provided_baseline_seed42,51,29,31,True,slope,0.4,True,False,False,False,False,39.281307220458984,960.0,time_out,2.5519697666168213
provided_baseline_seed42,51,29,32,True,slope,0.6,False,False,True,False,False,12.09804916381836,327.0,overturn,2.2279982610580022
provided_baseline_seed42,51,29,33,True,slope,0.8,False,False,True,False,False,4.436540603637695,123.0,overturn,2.236748672113186
provided_baseline_seed42,51,29,34,True,slope,1.0,False,False,True,False,False,6.507425308227539,189.0,torso_height,2.1529648795960443
provided_baseline_seed42,51,29,35,True,slope,0.2,True,False,False,False,False,47.66183090209961,960.0,time_out,3.185468912124634
provided_baseline_seed42,51,29,36,True,slope,0.4,False,False,True,False,False,8.372077941894531,231.0,torso_height,2.2182776711203833
provided_baseline_seed42,51,29,37,True,slope,0.6,False,False,True,False,False,8.080519676208496,185.0,torso_height,2.811917279217694
provided_baseline_seed42,51,29,38,True,slope,0.8,False,False,True,False,False,10.554032325744629,296.0,overturn,2.2659274694081897
provided_baseline_seed42,51,29,39,True,slope,1.0,False,False,True,False,False,7.1754631996154785,385.0,torso_height,1.035085108373072
provided_baseline_seed42,51,29,40,True,slope,0.2,False,False,False,True,False,41.93268585205078,960.0,time_out,2.745011329650879
provided_baseline_seed42,51,29,41,True,slope,0.4,False,False,True,False,False,11.59089183807373,280.0,overturn,2.53057438986642
provided_baseline_seed42,51,29,42,True,slope,0.6,False,False,False,True,False,32.27799987792969,960.0,time_out,2.187342405319214
provided_baseline_seed42,51,29,43,True,slope,0.8,False,False,True,False,False,6.874472141265869,203.0,torso_height,2.089731188243246
provided_baseline_seed42,51,29,44,True,slope,1.0,False,False,False,True,False,25.79374122619629,960.0,time_out,1.5751014947891235
provided_baseline_seed42,51,29,45,True,slope,0.2,False,False,True,False,False,11.530317306518555,224.0,overturn,3.2202116080692837
provided_baseline_seed42,51,29,46,True,slope,0.4,False,False,False,False,False,6.721553802490234,960.0,time_out,0.6864806413650513
provided_baseline_seed42,51,29,47,True,slope,0.6,False,False,True,False,False,6.831852436065674,143.0,torso_height,2.9592108559775188
provided_baseline_seed42,51,29,48,True,slope,0.8,False,False,False,True,False,32.125396728515625,960.0,time_out,2.074871778488159
provided_baseline_seed42,51,29,49,True,slope,1.0,False,False,True,False,False,5.915746212005615,182.0,torso_height,1.9625020289159083
provided_baseline_seed42,51,29,50,True,stairs,0.2,True,False,False,False,False,36.408668518066406,960.0,time_out,2.3321590423583984
provided_baseline_seed42,51,29,51,True,stairs,0.4,False,False,False,True,False,27.28367805480957,960.0,time_out,1.9563939571380615
provided_baseline_seed42,51,29,52,True,stairs,0.6,False,False,False,False,False,11.345690727233887,960.0,time_out,0.3812103271484375
provided_baseline_seed42,51,29,53,True,stairs,0.8,False,False,False,False,False,11.920507431030273,960.0,time_out,0.3824704885482788
provided_baseline_seed42,51,29,54,True,stairs,1.0,False,False,False,False,False,9.666543006896973,960.0,time_out,0.3345853090286255
provided_baseline_seed42,51,29,55,True,stairs,0.2,True,False,False,False,False,36.93978500366211,960.0,time_out,2.351154327392578
provided_baseline_seed42,51,29,56,True,stairs,0.4,False,False,True,False,False,8.21867561340332,324.0,torso_height,1.5174858658402053
provided_baseline_seed42,51,29,57,True,stairs,0.6,False,False,True,False,False,0.3330247104167938,26.0,overturn,0.45255220853365385
provided_baseline_seed42,51,29,58,True,stairs,0.8,False,False,False,False,False,8.835165023803711,960.0,time_out,0.32591569423675537
provided_baseline_seed42,51,29,59,True,stairs,1.0,False,False,False,False,False,11.556909561157227,960.0,time_out,0.3233606815338135
provided_baseline_seed42,51,29,60,True,stairs,0.2,True,False,False,False,False,34.751075744628906,960.0,time_out,2.272413730621338
provided_baseline_seed42,51,29,61,True,stairs,0.4,False,False,True,False,False,21.65454864501953,786.0,overturn,1.6559193152507754
provided_baseline_seed42,51,29,62,True,stairs,0.6,False,False,True,False,False,8.425437927246094,344.0,torso_height,1.3758150366849677
provided_baseline_seed42,51,29,63,True,stairs,0.8,False,False,False,False,False,11.015347480773926,960.0,time_out,0.33716297149658203
provided_baseline_seed42,51,29,64,True,stairs,1.0,False,False,False,False,False,8.731958389282227,960.0,time_out,0.32038581371307373
provided_baseline_seed42,51,29,65,True,stairs,0.2,False,False,False,True,False,35.999698638916016,960.0,time_out,2.361279249191284
provided_baseline_seed42,51,29,66,True,stairs,0.4,True,False,False,False,False,19.052040100097656,960.0,time_out,1.1709643602371216
provided_baseline_seed42,51,29,67,True,stairs,0.6,False,False,False,False,False,14.00524616241455,960.0,time_out,0.6838665008544922
provided_baseline_seed42,51,29,68,True,stairs,0.8,False,False,True,False,False,4.575068950653076,239.0,overturn,1.1001071371293965
provided_baseline_seed42,51,29,69,True,stairs,1.0,False,False,False,False,False,11.28963851928711,960.0,time_out,0.32067573070526123
provided_baseline_seed42,51,29,70,True,stairs,0.2,True,False,False,False,False,38.44023895263672,960.0,time_out,2.462063789367676
provided_baseline_seed42,51,29,71,True,stairs,0.4,True,False,False,False,False,26.355243682861328,960.0,time_out,1.7253957986831665
provided_baseline_seed42,51,29,72,True,stairs,0.6,False,False,True,False,False,8.755975723266602,565.0,torso_height,0.7498750264665722
provided_baseline_seed42,51,29,73,True,stairs,0.8,False,False,False,False,False,9.885856628417969,960.0,time_out,0.32142019271850586
provided_baseline_seed42,51,29,74,True,stairs,1.0,False,False,True,False,False,5.505199909210205,201.0,torso_height,1.5175030836418493
provided_baseline_seed42,51,29,75,True,waves,0.2,True,False,False,False,False,25.03908348083496,960.0,time_out,1.6264290809631348
provided_baseline_seed42,51,29,76,True,waves,0.4,False,False,True,False,False,9.31187629699707,326.0,torso_height,1.8863780951938744
provided_baseline_seed42,51,29,77,True,waves,0.6,False,False,True,False,False,5.390201568603516,223.0,torso_height,1.5257016853366732
provided_baseline_seed42,51,29,78,True,waves,0.8,False,False,True,False,False,6.7103590965271,297.0,torso_height,1.3693356754803898
provided_baseline_seed42,51,29,79,True,waves,1.0,False,False,True,False,False,5.276382923126221,266.0,torso_height,1.137392574683168
provided_baseline_seed42,51,29,80,True,waves,0.2,False,False,True,False,False,15.945932388305664,362.0,torso_height,2.7408618821623576
provided_baseline_seed42,51,29,81,True,waves,0.4,False,False,True,False,False,7.920100688934326,174.0,torso_height,2.928379979626886
provided_baseline_seed42,51,29,82,True,waves,0.6,False,False,True,False,False,21.464702606201172,782.0,torso_height,1.59089837232819
provided_baseline_seed42,51,29,83,True,waves,0.8,False,False,True,False,False,4.628140449523926,181.0,torso_height,1.600282995740353
provided_baseline_seed42,51,29,84,True,waves,1.0,False,False,True,False,False,8.684247016906738,301.0,torso_height,1.6993328107155834
provided_baseline_seed42,51,29,85,True,waves,0.2,False,False,True,False,False,19.318347930908203,609.0,overturn,2.046214700332416
provided_baseline_seed42,51,29,86,True,waves,0.4,False,False,True,False,False,25.181163787841797,806.0,torso_height,1.964459999027678
provided_baseline_seed42,51,29,87,True,waves,0.6,False,False,True,False,False,6.013138771057129,156.0,torso_height,2.438070590679462
provided_baseline_seed42,51,29,88,True,waves,0.8,False,False,True,False,False,9.93134593963623,376.0,torso_height,1.6332803888523832
provided_baseline_seed42,51,29,89,True,waves,1.0,False,False,True,False,False,5.253132343292236,124.0,torso_height,2.5862706092096146
provided_baseline_seed42,51,29,90,True,waves,0.2,False,False,True,False,False,12.08344554901123,432.0,overturn,1.719498766793145
provided_baseline_seed42,51,29,91,True,waves,0.4,True,False,False,False,False,37.27608108520508,960.0,time_out,2.4137346744537354
provided_baseline_seed42,51,29,92,True,waves,0.6,False,False,True,False,False,23.785831451416016,650.0,torso_height,2.239221778282752
provided_baseline_seed42,51,29,93,True,waves,0.8,False,False,True,False,False,8.281675338745117,289.0,torso_height,1.7686146930839777
provided_baseline_seed42,51,29,94,True,waves,1.0,False,False,True,False,False,5.214831352233887,264.0,torso_height,1.091657985340465
provided_baseline_seed42,51,29,95,True,waves,0.2,False,False,True,True,False,26.53384017944336,851.0,torso_height,2.0783120232659416
provided_baseline_seed42,51,29,96,True,waves,0.4,False,False,True,False,False,4.793785095214844,127.0,torso_height,2.3351543156180794
provided_baseline_seed42,51,29,97,True,waves,0.6,False,False,True,False,False,6.078561782836914,185.0,torso_height,2.0466694187473604
provided_baseline_seed42,51,29,98,True,waves,0.8,False,False,True,False,False,14.609562873840332,628.0,torso_height,1.3866957281805148
provided_baseline_seed42,51,29,99,True,waves,1.0,False,False,True,False,False,4.726480960845947,142.0,torso_height,1.9804685888156084
provided_baseline_seed42,51,29,100,True,obstacles,0.2,False,False,False,True,False,32.968265533447266,960.0,time_out,2.1793670654296875
provided_baseline_seed42,51,29,101,True,obstacles,0.4,False,False,True,False,False,14.730900764465332,814.0,torso_height,1.0851865670019052
provided_baseline_seed42,51,29,102,True,obstacles,0.6,False,False,False,False,False,15.874284744262695,960.0,time_out,0.6581692695617676
provided_baseline_seed42,51,29,103,True,obstacles,0.8,False,False,False,False,False,11.138474464416504,960.0,time_out,0.5250781774520874
provided_baseline_seed42,51,29,104,True,obstacles,1.0,False,False,False,False,False,5.799976348876953,960.0,time_out,0.31205451488494873
provided_baseline_seed42,51,29,105,True,obstacles,0.2,True,False,False,False,False,14.534942626953125,960.0,time_out,1.1684033870697021
provided_baseline_seed42,51,29,106,True,obstacles,0.4,False,False,True,False,False,17.68065643310547,643.0,torso_height,1.7238142924212372
provided_baseline_seed42,51,29,107,True,obstacles,0.6,False,False,False,False,False,10.086777687072754,960.0,time_out,0.35026025772094727
provided_baseline_seed42,51,29,108,True,obstacles,0.8,False,False,True,False,False,7.671470642089844,327.0,torso_height,1.375147968257239
provided_baseline_seed42,51,29,109,True,obstacles,1.0,False,False,False,False,False,9.178566932678223,960.0,time_out,0.387188196182251
provided_baseline_seed42,51,29,110,True,obstacles,0.2,True,False,False,False,False,39.66707229614258,960.0,time_out,2.577554702758789
provided_baseline_seed42,51,29,111,True,obstacles,0.4,True,False,False,False,False,14.697230339050293,960.0,time_out,0.9312566518783569
provided_baseline_seed42,51,29,112,True,obstacles,0.6,True,False,False,False,False,11.959149360656738,960.0,time_out,0.8933050036430359
provided_baseline_seed42,51,29,113,True,obstacles,0.8,False,False,True,False,False,15.134485244750977,630.0,overturn,1.4392633892240978
provided_baseline_seed42,51,29,114,True,obstacles,1.0,False,False,True,False,False,7.257192611694336,534.0,torso_height,0.7938462160946278
provided_baseline_seed42,51,29,115,True,obstacles,0.2,True,False,False,False,False,33.385799407958984,960.0,time_out,2.186349868774414
provided_baseline_seed42,51,29,116,True,obstacles,0.4,False,False,True,False,False,14.490796089172363,419.0,torso_height,2.1106812379240707
provided_baseline_seed42,51,29,117,True,obstacles,0.6,True,False,False,False,False,18.68316650390625,960.0,time_out,0.8824615478515625
provided_baseline_seed42,51,29,118,True,obstacles,0.8,False,False,True,False,False,0.29425546526908875,19.0,overturn,0.7369392796566612
provided_baseline_seed42,51,29,119,True,obstacles,1.0,False,False,False,False,False,6.2625885009765625,960.0,time_out,0.27139198780059814
provided_baseline_seed42,51,29,120,True,obstacles,0.2,True,False,False,False,False,37.40625,960.0,time_out,2.4520680904388428
provided_baseline_seed42,51,29,121,True,obstacles,0.4,True,False,False,False,False,14.81753158569336,960.0,time_out,0.9003790020942688
provided_baseline_seed42,51,29,122,True,obstacles,0.6,True,False,False,False,False,17.762914657592773,960.0,time_out,0.8967576026916504
provided_baseline_seed42,51,29,123,True,obstacles,0.8,False,False,True,False,False,0.006744926795363426,19.0,overturn,-0.34908696224814967
provided_baseline_seed42,51,29,124,True,obstacles,1.0,False,False,True,False,False,4.314762592315674,92.0,overturn,2.79598443404488
provided_baseline_seed42,51,29,125,True,stepping_stones,0.2,False,False,False,False,False,16.507722854614258,960.0,time_out,0.6621960401535034
provided_baseline_seed42,51,29,126,True,stepping_stones,0.4,True,False,False,False,False,19.282743453979492,960.0,time_out,0.8232839703559875
provided_baseline_seed42,51,29,127,True,stepping_stones,0.6,False,False,False,False,False,11.617718696594238,960.0,time_out,0.3805137872695923
provided_baseline_seed42,51,29,128,True,stepping_stones,0.8,False,False,False,False,False,11.879189491271973,960.0,time_out,0.33952581882476807
provided_baseline_seed42,51,29,129,True,stepping_stones,1.0,False,False,False,False,False,6.630131244659424,960.0,time_out,0.30652499198913574
provided_baseline_seed42,51,29,130,True,stepping_stones,0.2,False,False,True,False,False,5.7474684715271,155.0,torso_height,2.1716699907856603
provided_baseline_seed42,51,29,131,True,stepping_stones,0.4,False,False,False,False,False,13.598217010498047,960.0,time_out,0.48311758041381836
provided_baseline_seed42,51,29,132,True,stepping_stones,0.6,False,False,False,False,False,13.678977966308594,960.0,time_out,0.33431577682495117
provided_baseline_seed42,51,29,133,True,stepping_stones,0.8,False,False,False,False,False,13.968131065368652,960.0,time_out,0.29034626483917236
provided_baseline_seed42,51,29,134,True,stepping_stones,1.0,False,False,False,False,False,12.828238487243652,960.0,time_out,0.34652113914489746
provided_baseline_seed42,51,29,135,True,stepping_stones,0.2,False,False,False,False,False,13.16824722290039,960.0,time_out,0.3848074674606323
provided_baseline_seed42,51,29,136,True,stepping_stones,0.4,False,False,False,False,False,8.640800476074219,960.0,time_out,0.3521314859390259
provided_baseline_seed42,51,29,137,True,stepping_stones,0.6,False,False,False,False,False,9.463809967041016,960.0,time_out,0.30755603313446045
provided_baseline_seed42,51,29,138,True,stepping_stones,0.8,False,False,False,False,False,14.688592910766602,960.0,time_out,0.32713770866394043
provided_baseline_seed42,51,29,139,True,stepping_stones,1.0,False,False,False,False,False,12.99006462097168,960.0,time_out,0.29087400436401367
provided_baseline_seed42,51,29,140,True,stepping_stones,0.2,False,False,True,False,False,7.621613502502441,448.0,torso_height,0.7204012359891618
provided_baseline_seed42,51,29,141,True,stepping_stones,0.4,False,False,False,False,False,15.117040634155273,960.0,time_out,0.5394608974456787
provided_baseline_seed42,51,29,142,True,stepping_stones,0.6,False,False,False,False,False,12.549893379211426,960.0,time_out,0.3556474447250366
provided_baseline_seed42,51,29,143,True,stepping_stones,0.8,False,False,False,False,False,13.776585578918457,960.0,time_out,0.3229421377182007
provided_baseline_seed42,51,29,144,True,stepping_stones,1.0,False,False,False,False,False,12.026285171508789,960.0,time_out,0.2854100465774536
provided_baseline_seed42,51,29,145,True,stepping_stones,0.2,False,False,False,False,False,14.30839729309082,960.0,time_out,0.6191773414611816
provided_baseline_seed42,51,29,146,True,stepping_stones,0.4,False,False,False,False,False,14.39610767364502,960.0,time_out,0.44045424461364746
provided_baseline_seed42,51,29,147,True,stepping_stones,0.6,False,False,False,False,False,12.26503849029541,960.0,time_out,0.3500021696090698
provided_baseline_seed42,51,29,148,True,stepping_stones,0.8,False,False,False,False,False,-0.01806524768471718,960.0,time_out,0.29714667797088623
provided_baseline_seed42,51,29,149,True,stepping_stones,1.0,False,False,False,False,False,14.220550537109375,960.0,time_out,0.30770134925842285
provided_baseline_seed42,51,29,150,False,flat,0.2,,,False,False,False,131.4836883544922,960.0,time_out,8.67656135559082
provided_baseline_seed42,51,29,151,False,flat,0.4,,,False,False,False,142.28103637695312,960.0,time_out,9.336738586425781
provided_baseline_seed42,51,29,152,False,flat,0.6,,,False,False,False,123.04322814941406,960.0,time_out,8.50251293182373
provided_baseline_seed42,51,29,153,False,flat,0.8,,,False,False,False,133.48049926757812,960.0,time_out,8.82314682006836
provided_baseline_seed42,51,29,154,False,flat,1.0,,,False,False,False,152.0796356201172,960.0,time_out,9.81947135925293
provided_baseline_seed42,51,29,155,False,flat,0.2,,,False,False,False,137.77450561523438,960.0,time_out,9.18520736694336
provided_baseline_seed42,51,29,156,False,flat,0.4,,,False,False,False,148.9165802001953,960.0,time_out,9.715970993041992
provided_baseline_seed42,51,29,157,False,flat,0.6,,,False,False,False,148.75514221191406,960.0,time_out,9.651589393615723
provided_baseline_seed42,51,29,158,False,flat,0.8,,,False,False,False,135.14254760742188,960.0,time_out,8.861470222473145
provided_baseline_seed42,51,29,159,False,flat,1.0,,,False,False,False,146.563720703125,960.0,time_out,9.572489738464355
provided_baseline_seed42,51,29,160,False,flat,0.2,,,False,False,False,133.6735076904297,960.0,time_out,8.793778419494629
provided_baseline_seed42,51,29,161,False,flat,0.4,,,False,False,False,146.519775390625,960.0,time_out,9.51447582244873
provided_baseline_seed42,51,29,162,False,flat,0.6,,,False,False,False,136.37664794921875,960.0,time_out,8.970882415771484
provided_baseline_seed42,51,29,163,False,flat,0.8,,,False,False,False,126.76909637451172,960.0,time_out,8.426005363464355
provided_baseline_seed42,51,29,164,False,flat,1.0,,,False,False,False,139.44601440429688,960.0,time_out,9.094502449035645
provided_baseline_seed42,51,29,165,False,flat,0.2,,,False,False,False,142.3704376220703,960.0,time_out,9.309711456298828
provided_baseline_seed42,51,29,166,False,flat,0.4,,,False,False,False,143.6702423095703,960.0,time_out,9.349164962768555
provided_baseline_seed42,51,29,167,False,flat,0.6,,,False,False,False,145.7630615234375,960.0,time_out,9.446270942687988
provided_baseline_seed42,51,29,168,False,flat,0.8,,,False,False,False,148.74896240234375,960.0,time_out,9.611427307128906
provided_baseline_seed42,51,29,169,False,flat,1.0,,,False,False,False,134.03060913085938,960.0,time_out,8.726971626281738
provided_baseline_seed42,51,29,170,False,flat,0.2,,,True,False,False,0.2561476230621338,29.0,overturn,0.3273378980570826
provided_baseline_seed42,51,29,171,False,flat,0.4,,,False,False,False,116.38221740722656,960.0,time_out,7.665463447570801
provided_baseline_seed42,51,29,172,False,flat,0.6,,,False,False,False,140.85255432128906,960.0,time_out,9.335124969482422
provided_baseline_seed42,51,29,173,False,flat,0.8,,,False,False,False,140.3460235595703,960.0,time_out,9.248208999633789
provided_baseline_seed42,51,29,174,False,flat,1.0,,,False,False,False,143.0877685546875,960.0,time_out,9.314123153686523
provided_baseline_seed42,54,30,0,True,rough,0.2,True,False,False,False,False,49.256404876708984,960.0,time_out,3.2240653038024902
provided_baseline_seed42,54,30,1,True,rough,0.4,True,False,False,False,False,33.393672943115234,960.0,time_out,2.1203722953796387
provided_baseline_seed42,54,30,2,True,rough,0.6,True,False,False,False,False,30.48068618774414,960.0,time_out,1.9674248695373535
provided_baseline_seed42,54,30,3,True,rough,0.8,True,False,False,False,False,15.842273712158203,960.0,time_out,0.9120475649833679
provided_baseline_seed42,54,30,4,True,rough,1.0,False,False,False,False,False,7.844147682189941,960.0,time_out,0.3392322063446045
provided_baseline_seed42,54,30,5,True,rough,0.2,False,False,False,True,False,39.030269622802734,960.0,time_out,2.6170241832733154
provided_baseline_seed42,54,30,6,True,rough,0.4,True,False,False,False,False,35.570518493652344,960.0,time_out,2.356942892074585
provided_baseline_seed42,54,30,7,True,rough,0.6,False,False,True,False,False,8.869182586669922,266.0,overturn,1.9883834150500763
provided_baseline_seed42,54,30,8,True,rough,0.8,False,False,False,True,False,19.18787384033203,960.0,time_out,1.2423149347305298
provided_baseline_seed42,54,30,9,True,rough,1.0,False,False,True,False,False,6.537464141845703,333.0,torso_height,1.185184856792828
provided_baseline_seed42,54,30,10,True,rough,0.2,False,False,True,False,False,5.232100486755371,130.0,overturn,2.391214810884916
provided_baseline_seed42,54,30,11,True,rough,0.4,False,False,False,False,False,6.548592567443848,960.0,time_out,0.3828089237213135
provided_baseline_seed42,54,30,12,True,rough,0.6,False,False,False,False,False,11.728687286376953,960.0,time_out,0.46845579147338867
provided_baseline_seed42,54,30,13,True,rough,0.8,False,False,False,False,False,2.1933131217956543,960.0,time_out,0.2103327512741089
provided_baseline_seed42,54,30,14,True,rough,1.0,False,False,False,False,False,13.0054292678833,960.0,time_out,0.78119957447052
provided_baseline_seed42,54,30,15,True,rough,0.2,False,False,True,False,False,6.1368408203125,149.0,overturn,2.448064816878146
provided_baseline_seed42,54,30,16,True,rough,0.4,True,False,False,False,False,38.40134811401367,960.0,time_out,2.4904255867004395
provided_baseline_seed42,54,30,17,True,rough,0.6,True,False,False,False,False,31.0948543548584,960.0,time_out,1.997690200805664
provided_baseline_seed42,54,30,18,True,rough,0.8,False,False,True,False,False,9.488225936889648,398.0,overturn,1.4303628164320137
provided_baseline_seed42,54,30,19,True,rough,1.0,False,False,True,False,False,3.9984865188598633,88.0,overturn,2.7730816060846504
provided_baseline_seed42,54,30,20,True,rough,0.2,False,False,False,True,False,40.679718017578125,960.0,time_out,2.7135581970214844
provided_baseline_seed42,54,30,21,True,rough,0.4,True,False,False,False,False,30.28192138671875,960.0,time_out,1.978514313697815
provided_baseline_seed42,54,30,22,True,rough,0.6,True,False,False,False,False,15.327657699584961,960.0,time_out,1.0086822509765625
provided_baseline_seed42,54,30,23,True,rough,0.8,True,False,False,False,False,24.819416046142578,960.0,time_out,1.5371439456939697
provided_baseline_seed42,54,30,24,True,rough,1.0,False,False,False,False,False,6.394659042358398,960.0,time_out,0.40487003326416016
provided_baseline_seed42,54,30,25,True,slope,0.2,False,False,True,False,False,37.246089935302734,918.0,overturn,2.4891657611123876
provided_baseline_seed42,54,30,26,True,slope,0.4,False,False,True,False,False,-0.09916859120130539,28.0,overturn,-0.4699148450578962
provided_baseline_seed42,54,30,27,True,slope,0.6,False,False,True,False,False,4.338068962097168,104.0,overturn,2.5072915737445536
provided_baseline_seed42,54,30,28,True,slope,0.8,True,False,False,False,False,20.879436492919922,960.0,time_out,1.1204898357391357
provided_baseline_seed42,54,30,29,True,slope,1.0,False,False,True,False,False,4.570141315460205,107.0,overturn,2.532743293548299
provided_baseline_seed42,54,30,30,True,slope,0.2,True,False,False,False,False,45.466033935546875,960.0,time_out,3.035327434539795
provided_baseline_seed42,54,30,31,True,slope,0.4,True,False,False,False,False,36.15411376953125,960.0,time_out,2.278698444366455
provided_baseline_seed42,54,30,32,True,slope,0.6,False,False,True,False,False,5.028466701507568,146.0,overturn,2.0360081816372806
provided_baseline_seed42,54,30,33,True,slope,0.8,False,False,True,False,False,-0.07017626613378525,15.0,overturn,-0.6259613037109375
provided_baseline_seed42,54,30,34,True,slope,1.0,False,False,True,False,False,4.374002456665039,145.0,overturn,1.8691848228717673
provided_baseline_seed42,54,30,35,True,slope,0.2,False,False,False,True,False,42.122596740722656,960.0,time_out,2.7992076873779297
provided_baseline_seed42,54,30,36,True,slope,0.4,True,False,False,False,False,24.504913330078125,960.0,time_out,1.485323190689087
provided_baseline_seed42,54,30,37,True,slope,0.6,False,False,True,True,False,10.63743782043457,304.0,overturn,2.253529899998715
provided_baseline_seed42,54,30,38,True,slope,0.8,False,False,True,False,False,6.500655651092529,207.0,torso_height,1.83796094811481
provided_baseline_seed42,54,30,39,True,slope,1.0,False,False,True,False,False,5.93958044052124,199.0,torso_height,1.7652264312284078
provided_baseline_seed42,54,30,40,True,slope,0.2,False,False,False,True,False,39.81360626220703,960.0,time_out,2.6656789779663086
provided_baseline_seed42,54,30,41,True,slope,0.4,False,False,False,True,False,38.09284591674805,960.0,time_out,2.4377095699310303
provided_baseline_seed42,54,30,42,True,slope,0.6,False,False,True,False,False,4.795269012451172,136.0,overturn,2.1057457082411823
provided_baseline_seed42,54,30,43,True,slope,0.8,False,False,True,False,False,6.308599472045898,179.0,torso_height,2.126484876238434
provided_baseline_seed42,54,30,44,True,slope,1.0,False,False,True,False,False,6.080998420715332,212.0,torso_height,1.6459956259097694
provided_baseline_seed42,54,30,45,True,slope,0.2,False,False,False,True,False,34.362728118896484,960.0,time_out,2.345843553543091
provided_baseline_seed42,54,30,46,True,slope,0.4,True,False,False,False,False,34.577999114990234,960.0,time_out,2.3038694858551025
provided_baseline_seed42,54,30,47,True,slope,0.6,False,False,True,False,False,4.7241950035095215,103.0,overturn,2.87987570160801
provided_baseline_seed42,54,30,48,True,slope,0.8,False,False,True,False,False,11.732573509216309,345.0,overturn,2.1178986922554346
provided_baseline_seed42,54,30,49,True,slope,1.0,False,False,True,False,False,5.8709588050842285,223.0,torso_height,1.5616392127066985
provided_baseline_seed42,54,30,50,True,stairs,0.2,True,False,False,False,False,28.923500061035156,960.0,time_out,1.9055163860321045
provided_baseline_seed42,54,30,51,True,stairs,0.4,False,False,True,False,False,17.76891326904297,714.0,overturn,1.5195041945000656
provided_baseline_seed42,54,30,52,True,stairs,0.6,False,False,True,False,False,8.252050399780273,405.0,torso_height,1.1185675726996527
provided_baseline_seed42,54,30,53,True,stairs,0.8,False,False,False,False,False,10.494478225708008,960.0,time_out,0.32232606410980225
provided_baseline_seed42,54,30,54,True,stairs,1.0,False,False,True,False,False,5.697258949279785,311.0,torso_height,0.979943965408963
provided_baseline_seed42,54,30,55,True,stairs,0.2,False,False,True,False,False,5.564207553863525,150.0,overturn,2.1685630798339846
provided_baseline_seed42,54,30,56,True,stairs,0.4,False,False,True,False,False,7.563506603240967,239.0,torso_height,1.9177851018546515
provided_baseline_seed42,54,30,57,True,stairs,0.6,False,False,True,False,False,6.861281394958496,275.0,torso_height,1.4458440607244318
provided_baseline_seed42,54,30,58,True,stairs,0.8,False,False,True,False,False,4.604238033294678,271.0,overturn,0.9144327649331181
provided_baseline_seed42,54,30,59,True,stairs,1.0,False,False,False,False,False,6.095541000366211,960.0,time_out,0.26460838317871094
provided_baseline_seed42,54,30,60,True,stairs,0.2,False,False,True,True,False,29.73688507080078,797.0,torso_height,2.427240752216564
provided_baseline_seed42,54,30,61,True,stairs,0.4,False,False,True,False,False,7.457700252532959,283.0,torso_height,1.599889290206424
provided_baseline_seed42,54,30,62,True,stairs,0.6,False,False,True,False,False,9.616833686828613,662.0,torso_height,0.5977506724008981
provided_baseline_seed42,54,30,63,True,stairs,0.8,False,False,True,False,False,4.619812488555908,169.0,overturn,1.6033423158544056
provided_baseline_seed42,54,30,64,True,stairs,1.0,False,False,False,False,False,10.430214881896973,960.0,time_out,0.3248237371444702
provided_baseline_seed42,54,30,65,True,stairs,0.2,True,False,False,False,False,35.59728240966797,960.0,time_out,2.2813494205474854
provided_baseline_seed42,54,30,66,True,stairs,0.4,False,False,True,False,False,0.37425899505615234,16.0,overturn,1.3005423545837402
provided_baseline_seed42,54,30,67,True,stairs,0.6,False,False,True,False,False,11.377575874328613,685.0,torso_height,0.7818837409471944
provided_baseline_seed42,54,30,68,True,stairs,0.8,False,False,False,False,False,11.280340194702148,960.0,time_out,0.35300588607788086
provided_baseline_seed42,54,30,69,True,stairs,1.0,False,False,False,False,False,11.829680442810059,960.0,time_out,0.3188565969467163
provided_baseline_seed42,54,30,70,True,stairs,0.2,False,False,True,False,False,11.718878746032715,363.0,overturn,1.9803707658751937
provided_baseline_seed42,54,30,71,True,stairs,0.4,False,False,False,True,False,26.020421981811523,960.0,time_out,1.670644998550415
provided_baseline_seed42,54,30,72,True,stairs,0.6,False,False,True,False,False,4.585056304931641,154.0,overturn,1.6575748889477224
provided_baseline_seed42,54,30,73,True,stairs,0.8,False,False,False,False,False,10.367025375366211,960.0,time_out,0.3213611841201782
provided_baseline_seed42,54,30,74,True,stairs,1.0,False,False,False,False,False,10.899481773376465,960.0,time_out,0.3200397491455078
provided_baseline_seed42,54,30,75,True,waves,0.2,False,False,True,False,False,22.727375030517578,584.0,overturn,2.446701167380973
provided_baseline_seed42,54,30,76,True,waves,0.4,False,False,True,False,False,9.550376892089844,292.0,overturn,2.0436420179393195
provided_baseline_seed42,54,30,77,True,waves,0.6,False,False,True,False,False,7.694483757019043,250.0,torso_height,1.9629373168945312
provided_baseline_seed42,54,30,78,True,waves,0.8,False,False,True,False,False,6.499274730682373,270.0,torso_height,1.4907408820258246
provided_baseline_seed42,54,30,79,True,waves,1.0,False,False,True,False,False,-0.1860916018486023,26.0,overturn,-0.6175628075232873
provided_baseline_seed42,54,30,80,True,waves,0.2,False,False,True,False,False,9.773167610168457,184.0,torso_height,3.3595027094301972
provided_baseline_seed42,54,30,81,True,waves,0.4,False,False,True,False,False,14.433724403381348,388.0,overturn,2.4298501260501824
provided_baseline_seed42,54,30,82,True,waves,0.6,False,False,True,False,False,7.928314685821533,219.0,torso_height,2.287431481766374
provided_baseline_seed42,54,30,83,True,waves,0.8,False,False,True,False,False,6.26379919052124,333.0,torso_height,1.1292287465688344
provided_baseline_seed42,54,30,84,True,waves,1.0,False,False,True,False,False,5.727254390716553,176.0,torso_height,1.9468032230030408
provided_baseline_seed42,54,30,85,True,waves,0.2,True,False,False,False,False,34.413787841796875,960.0,time_out,2.249089241027832
provided_baseline_seed42,54,30,86,True,waves,0.4,False,False,True,False,False,6.022350311279297,125.0,overturn,2.9736740112304685
provided_baseline_seed42,54,30,87,True,waves,0.6,False,False,True,False,False,11.750900268554688,431.0,torso_height,1.7692954910880174
provided_baseline_seed42,54,30,88,True,waves,0.8,False,False,True,False,False,3.774886131286621,97.0,overturn,2.358189612319789
provided_baseline_seed42,54,30,89,True,waves,1.0,False,False,True,False,False,5.729103088378906,146.0,overturn,2.396929753969794
provided_baseline_seed42,54,30,90,True,waves,0.2,False,False,False,True,False,21.1463680267334,960.0,time_out,1.4330036640167236
provided_baseline_seed42,54,30,91,True,waves,0.4,False,False,True,False,False,7.645746231079102,163.0,overturn,2.9069811581102614
provided_baseline_seed42,54,30,92,True,waves,0.6,False,False,True,False,False,8.00108814239502,226.0,torso_height,2.174617969884282
provided_baseline_seed42,54,30,93,True,waves,0.8,False,False,True,False,False,4.540755748748779,96.0,torso_height,2.940976619720459
provided_baseline_seed42,54,30,94,True,waves,1.0,False,False,True,False,False,6.41767692565918,172.0,torso_height,2.2399121661518895
provided_baseline_seed42,54,30,95,True,waves,0.2,False,False,True,False,False,0.4226990044116974,26.0,overturn,0.7320081270658053
provided_baseline_seed42,54,30,96,True,waves,0.4,False,False,True,False,False,15.727072715759277,379.0,torso_height,2.6408700263594573
provided_baseline_seed42,54,30,97,True,waves,0.6,False,False,True,False,False,8.364267349243164,239.0,torso_height,2.061492728388958
provided_baseline_seed42,54,30,98,True,waves,0.8,False,False,True,False,False,6.1034159660339355,161.0,overturn,2.3018539618261116
provided_baseline_seed42,54,30,99,True,waves,1.0,False,False,False,False,False,14.291361808776855,960.0,time_out,0.463181734085083
provided_baseline_seed42,54,30,100,True,obstacles,0.2,True,False,False,False,False,42.1488037109375,960.0,time_out,2.7709898948669434
provided_baseline_seed42,54,30,101,True,obstacles,0.4,False,False,True,False,False,5.610787868499756,249.0,overturn,1.3402065598821065
provided_baseline_seed42,54,30,102,True,obstacles,0.6,False,False,False,False,False,7.627472400665283,960.0,time_out,0.4248521327972412
provided_baseline_seed42,54,30,103,True,obstacles,0.8,True,False,False,False,False,19.026559829711914,960.0,time_out,0.9367459416389465
provided_baseline_seed42,54,30,104,True,obstacles,1.0,False,False,True,False,False,11.047186851501465,385.0,torso_height,1.773521225173752
provided_baseline_seed42,54,30,105,True,obstacles,0.2,False,False,True,False,False,38.2958869934082,934.0,overturn,2.5798769017613674
provided_baseline_seed42,54,30,106,True,obstacles,0.4,True,False,False,False,False,22.518735885620117,960.0,time_out,1.3653571605682373
provided_baseline_seed42,54,30,107,True,obstacles,0.6,False,False,False,True,False,22.066898345947266,960.0,time_out,1.3162308931350708
provided_baseline_seed42,54,30,108,True,obstacles,0.8,True,False,False,False,False,16.734758377075195,960.0,time_out,0.9965347051620483
provided_baseline_seed42,54,30,109,True,obstacles,1.0,False,False,True,False,False,8.346952438354492,156.0,overturn,3.2427450326772838
provided_baseline_seed42,54,30,110,True,obstacles,0.2,True,False,False,False,False,37.638790130615234,960.0,time_out,2.4415242671966553
provided_baseline_seed42,54,30,111,True,obstacles,0.4,True,False,False,False,False,27.626728057861328,960.0,time_out,1.6265814304351807
provided_baseline_seed42,54,30,112,True,obstacles,0.6,False,False,True,False,False,7.820116996765137,184.0,torso_height,2.6638294302898906
provided_baseline_seed42,54,30,113,True,obstacles,0.8,False,False,True,False,False,6.947015762329102,433.0,torso_height,0.933721599622907
provided_baseline_seed42,54,30,114,True,obstacles,1.0,False,False,True,False,False,7.885798454284668,281.0,torso_height,1.5982847111929352
provided_baseline_seed42,54,30,115,True,obstacles,0.2,False,False,True,False,False,0.08191876113414764,36.0,overturn,-0.13731956481933594
provided_baseline_seed42,54,30,116,True,obstacles,0.4,True,False,False,False,False,24.99292755126953,960.0,time_out,1.5176985263824463
provided_baseline_seed42,54,30,117,True,obstacles,0.6,False,False,True,False,False,5.718108177185059,158.0,torso_height,2.2137183177320265
provided_baseline_seed42,54,30,118,True,obstacles,0.8,False,False,True,False,False,8.64452838897705,348.0,overturn,1.6104366039407665
provided_baseline_seed42,54,30,119,True,obstacles,1.0,False,False,True,False,False,5.617105484008789,150.0,overturn,2.223492431640625
provided_baseline_seed42,54,30,120,True,obstacles,0.2,False,False,True,False,False,0.2404979020357132,20.0,overturn,0.5416088104248047
provided_baseline_seed42,54,30,121,True,obstacles,0.4,False,False,False,False,False,2.563642740249634,960.0,time_out,0.3959559202194214
provided_baseline_seed42,54,30,122,True,obstacles,0.6,True,False,False,False,False,18.033422470092773,960.0,time_out,1.0885143280029297
provided_baseline_seed42,54,30,123,True,obstacles,0.8,False,False,True,False,False,7.7951765060424805,176.0,overturn,2.728203209963712
provided_baseline_seed42,54,30,124,True,obstacles,1.0,False,False,False,False,False,13.011784553527832,960.0,time_out,0.3671809434890747
provided_baseline_seed42,54,30,125,True,stepping_stones,0.2,False,False,False,False,False,14.047760009765625,960.0,time_out,0.3962688446044922
provided_baseline_seed42,54,30,126,True,stepping_stones,0.4,False,False,False,False,False,14.733981132507324,960.0,time_out,0.41666877269744873
provided_baseline_seed42,54,30,127,True,stepping_stones,0.6,False,False,False,False,False,9.182883262634277,960.0,time_out,0.29084527492523193
provided_baseline_seed42,54,30,128,True,stepping_stones,0.8,False,False,True,False,False,0.46187180280685425,33.0,overturn,0.5230643532492897
provided_baseline_seed42,54,30,129,True,stepping_stones,1.0,False,False,False,False,False,14.341913223266602,960.0,time_out,0.3137882947921753
provided_baseline_seed42,54,30,130,True,stepping_stones,0.2,False,False,False,False,False,12.676673889160156,960.0,time_out,0.41168129444122314
provided_baseline_seed42,54,30,131,True,stepping_stones,0.4,False,False,True,False,False,5.079561710357666,165.0,torso_height,1.7495290582830256
provided_baseline_seed42,54,30,132,True,stepping_stones,0.6,False,False,False,False,False,13.950428009033203,960.0,time_out,0.3154717683792114
provided_baseline_seed42,54,30,133,True,stepping_stones,0.8,False,False,False,False,False,14.638470649719238,960.0,time_out,0.32374119758605957
provided_baseline_seed42,54,30,134,True,stepping_stones,1.0,False,False,False,False,False,12.095088958740234,960.0,time_out,0.3016507625579834
provided_baseline_seed42,54,30,135,True,stepping_stones,0.2,False,False,False,False,False,14.887667655944824,960.0,time_out,0.4896177053451538
provided_baseline_seed42,54,30,136,True,stepping_stones,0.4,False,False,False,False,False,15.425268173217773,960.0,time_out,0.5271135568618774
provided_baseline_seed42,54,30,137,True,stepping_stones,0.6,False,False,False,False,False,6.279104709625244,960.0,time_out,0.2507660388946533
provided_baseline_seed42,54,30,138,True,stepping_stones,0.8,False,False,True,False,False,3.8684253692626953,113.0,torso_height,2.2298407765616357
provided_baseline_seed42,54,30,139,True,stepping_stones,1.0,False,False,False,False,False,13.765454292297363,960.0,time_out,0.38539886474609375
provided_baseline_seed42,54,30,140,True,stepping_stones,0.2,False,False,False,False,False,14.821430206298828,960.0,time_out,0.5163882970809937
provided_baseline_seed42,54,30,141,True,stepping_stones,0.4,False,False,False,False,False,11.576375007629395,960.0,time_out,0.4225565195083618
provided_baseline_seed42,54,30,142,True,stepping_stones,0.6,False,False,False,False,False,7.320089817047119,960.0,time_out,0.27031612396240234
provided_baseline_seed42,54,30,143,True,stepping_stones,0.8,False,False,True,False,False,5.625933647155762,130.0,overturn,2.5379870488093452
provided_baseline_seed42,54,30,144,True,stepping_stones,1.0,False,False,False,False,False,9.541131019592285,960.0,time_out,0.3334871530532837
provided_baseline_seed42,54,30,145,True,stepping_stones,0.2,False,False,True,False,False,6.512138366699219,122.0,overturn,3.2922006825931738
provided_baseline_seed42,54,30,146,True,stepping_stones,0.4,False,False,True,False,False,7.831320762634277,276.0,torso_height,1.4117813110351562
provided_baseline_seed42,54,30,147,True,stepping_stones,0.6,False,False,False,False,False,12.565901756286621,960.0,time_out,0.3336195945739746
provided_baseline_seed42,54,30,148,True,stepping_stones,0.8,False,False,False,False,False,13.664861679077148,960.0,time_out,0.37498176097869873
provided_baseline_seed42,54,30,149,True,stepping_stones,1.0,False,False,False,False,False,13.11425495147705,960.0,time_out,0.32054662704467773
provided_baseline_seed42,54,30,150,False,flat,0.2,,,True,False,False,0.22743308544158936,28.0,overturn,0.22520952458892549
provided_baseline_seed42,54,30,151,False,flat,0.4,,,False,False,False,150.98976135253906,960.0,time_out,9.77561092376709
provided_baseline_seed42,54,30,152,False,flat,0.6,,,False,False,False,145.06015014648438,960.0,time_out,9.379430770874023
provided_baseline_seed42,54,30,153,False,flat,0.8,,,False,False,False,149.97543334960938,960.0,time_out,9.758195877075195
provided_baseline_seed42,54,30,154,False,flat,1.0,,,False,False,False,142.48419189453125,960.0,time_out,9.314807891845703
provided_baseline_seed42,54,30,155,False,flat,0.2,,,False,False,False,143.63104248046875,960.0,time_out,9.323369979858398
provided_baseline_seed42,54,30,156,False,flat,0.4,,,False,False,False,149.4756622314453,960.0,time_out,9.704221725463867
provided_baseline_seed42,54,30,157,False,flat,0.6,,,False,False,False,135.67662048339844,960.0,time_out,8.789145469665527
provided_baseline_seed42,54,30,158,False,flat,0.8,,,False,False,False,136.93930053710938,960.0,time_out,9.047390937805176
provided_baseline_seed42,54,30,159,False,flat,1.0,,,False,False,False,148.55258178710938,960.0,time_out,9.681304931640625
provided_baseline_seed42,54,30,160,False,flat,0.2,,,False,False,False,142.7387237548828,960.0,time_out,9.265212059020996
provided_baseline_seed42,54,30,161,False,flat,0.4,,,False,False,False,139.73638916015625,960.0,time_out,9.220369338989258
provided_baseline_seed42,54,30,162,False,flat,0.6,,,False,False,False,145.6354217529297,960.0,time_out,9.48544979095459
provided_baseline_seed42,54,30,163,False,flat,0.8,,,False,False,False,148.08973693847656,960.0,time_out,9.684769630432129
provided_baseline_seed42,54,30,164,False,flat,1.0,,,False,False,False,147.49270629882812,960.0,time_out,9.592350959777832
provided_baseline_seed42,54,30,165,False,flat,0.2,,,False,False,False,146.248046875,960.0,time_out,9.553722381591797
provided_baseline_seed42,54,30,166,False,flat,0.4,,,True,False,False,0.5616320371627808,56.0,overturn,0.3417802282742092
provided_baseline_seed42,54,30,167,False,flat,0.6,,,False,False,False,113.06678009033203,960.0,time_out,7.8189826011657715
provided_baseline_seed42,54,30,168,False,flat,0.8,,,False,False,False,146.43870544433594,960.0,time_out,9.494720458984375
provided_baseline_seed42,54,30,169,False,flat,1.0,,,False,False,False,143.25662231445312,960.0,time_out,9.2822265625
provided_baseline_seed42,54,30,170,False,flat,0.2,,,False,False,False,146.63180541992188,960.0,time_out,9.497078895568848
provided_baseline_seed42,54,30,171,False,flat,0.4,,,False,False,False,140.40487670898438,960.0,time_out,9.23302173614502
provided_baseline_seed42,54,30,172,False,flat,0.6,,,False,False,False,141.5449676513672,960.0,time_out,9.338582038879395
provided_baseline_seed42,54,30,173,False,flat,0.8,,,False,False,False,146.9699249267578,960.0,time_out,9.497516632080078
provided_baseline_seed42,54,30,174,False,flat,1.0,,,False,False,False,144.92332458496094,960.0,time_out,9.425174713134766
provided_baseline_seed42,55,30,0,True,rough,0.2,False,False,False,True,False,44.226356506347656,960.0,time_out,2.9059643745422363
provided_baseline_seed42,55,30,1,True,rough,0.4,False,False,True,False,False,12.913910865783691,242.0,overturn,3.32337418863596
provided_baseline_seed42,55,30,2,True,rough,0.6,False,False,False,True,False,25.08738136291504,960.0,time_out,1.7308894395828247
provided_baseline_seed42,55,30,3,True,rough,0.8,False,False,True,False,False,9.530477523803711,334.0,overturn,1.694051776817459
provided_baseline_seed42,55,30,4,True,rough,1.0,False,False,False,False,False,11.03866958618164,960.0,time_out,0.3801535367965698
provided_baseline_seed42,55,30,5,True,rough,0.2,False,False,True,False,False,16.274019241333008,460.0,overturn,2.198503825975501
provided_baseline_seed42,55,30,6,True,rough,0.4,True,False,False,False,False,36.87002944946289,960.0,time_out,2.343675136566162
provided_baseline_seed42,55,30,7,True,rough,0.6,True,False,False,False,False,26.01329231262207,960.0,time_out,1.6916383504867554
provided_baseline_seed42,55,30,8,True,rough,0.8,True,False,False,False,False,20.201709747314453,960.0,time_out,1.2520948648452759
provided_baseline_seed42,55,30,9,True,rough,1.0,False,False,True,False,False,5.027544021606445,125.0,overturn,2.48142333984375
provided_baseline_seed42,55,30,10,True,rough,0.2,True,False,False,False,False,47.85009765625,960.0,time_out,3.089657783508301
provided_baseline_seed42,55,30,11,True,rough,0.4,False,False,True,False,False,12.683895111083984,369.0,overturn,2.138120139517435
provided_baseline_seed42,55,30,12,True,rough,0.6,True,False,False,False,False,24.98945426940918,960.0,time_out,1.6495957374572754
provided_baseline_seed42,55,30,13,True,rough,0.8,False,False,False,False,False,14.777552604675293,960.0,time_out,0.6043417453765869
provided_baseline_seed42,55,30,14,True,rough,1.0,False,False,False,False,False,7.624258041381836,960.0,time_out,0.29320812225341797
provided_baseline_seed42,55,30,15,True,rough,0.2,True,False,False,False,False,46.14480209350586,960.0,time_out,2.9786548614501953
provided_baseline_seed42,55,30,16,True,rough,0.4,True,False,False,False,False,37.44896697998047,960.0,time_out,2.3887572288513184
provided_baseline_seed42,55,30,17,True,rough,0.6,False,False,False,True,False,25.645261764526367,960.0,time_out,1.6530964374542236
provided_baseline_seed42,55,30,18,True,rough,0.8,False,False,True,False,False,4.881587982177734,145.0,overturn,1.9839564356310615
provided_baseline_seed42,55,30,19,True,rough,1.0,False,False,False,False,False,12.006829261779785,960.0,time_out,0.43602240085601807
provided_baseline_seed42,55,30,20,True,rough,0.2,True,False,False,False,False,41.370174407958984,960.0,time_out,2.6785101890563965
provided_baseline_seed42,55,30,21,True,rough,0.4,True,False,False,False,False,34.889320373535156,960.0,time_out,2.2104263305664062
provided_baseline_seed42,55,30,22,True,rough,0.6,False,False,False,True,False,24.50768280029297,960.0,time_out,1.5748331546783447
provided_baseline_seed42,55,30,23,True,rough,0.8,True,False,False,False,False,13.612363815307617,960.0,time_out,0.8694364428520203
provided_baseline_seed42,55,30,24,True,rough,1.0,True,False,False,False,False,14.54129695892334,960.0,time_out,0.8290448784828186
provided_baseline_seed42,55,30,25,True,slope,0.2,True,False,False,False,False,37.330848693847656,960.0,time_out,2.3663103580474854
provided_baseline_seed42,55,30,26,True,slope,0.4,False,False,True,False,False,-0.09916859120130539,28.0,overturn,-0.4699148450578962
provided_baseline_seed42,55,30,27,True,slope,0.6,False,False,True,False,False,7.115490913391113,161.0,torso_height,2.73230534903011
provided_baseline_seed42,55,30,28,True,slope,0.8,True,False,False,False,False,21.00466537475586,960.0,time_out,0.9954710006713867
provided_baseline_seed42,55,30,29,True,slope,1.0,False,False,True,False,False,7.64654016494751,201.0,torso_height,2.3005368816318796
provided_baseline_seed42,55,30,30,True,slope,0.2,True,False,False,False,False,41.67742156982422,960.0,time_out,2.7754759788513184
provided_baseline_seed42,55,30,31,True,slope,0.4,False,False,True,False,False,26.94166374206543,771.0,overturn,2.157666544042209
provided_baseline_seed42,55,30,32,True,slope,0.6,False,False,True,False,False,4.759812831878662,134.0,overturn,2.154071010760407
provided_baseline_seed42,55,30,33,True,slope,0.8,False,False,True,False,False,-0.07017626613378525,15.0,overturn,-0.6259613037109375
provided_baseline_seed42,55,30,34,True,slope,1.0,False,False,True,False,False,7.095717430114746,330.0,torso_height,1.2154461253773083
provided_baseline_seed42,55,30,35,True,slope,0.2,True,False,False,False,False,35.76409149169922,960.0,time_out,2.3184945583343506
provided_baseline_seed42,55,30,36,True,slope,0.4,True,False,False,False,False,34.447021484375,960.0,time_out,2.1226351261138916
provided_baseline_seed42,55,30,37,True,slope,0.6,False,False,True,True,False,10.63743782043457,304.0,overturn,2.253529899998715
provided_baseline_seed42,55,30,38,True,slope,0.8,False,False,True,False,False,6.294893264770508,289.0,torso_height,1.2480281051054958
provided_baseline_seed42,55,30,39,True,slope,1.0,False,False,True,False,False,9.672331809997559,317.0,overturn,1.8573988424114625
provided_baseline_seed42,55,30,40,True,slope,0.2,False,False,True,False,False,41.04872512817383,949.0,overturn,2.6794716580775817
provided_baseline_seed42,55,30,41,True,slope,0.4,True,False,False,False,False,36.6237907409668,960.0,time_out,2.314317226409912
provided_baseline_seed42,55,30,42,True,slope,0.6,False,False,True,False,False,6.878396034240723,160.0,torso_height,2.6450679302215576
provided_baseline_seed42,55,30,43,True,slope,0.8,False,False,True,False,False,6.937968730926514,233.0,torso_height,1.820976028114941
provided_baseline_seed42,55,30,44,True,slope,1.0,False,False,True,False,False,6.053538799285889,198.0,torso_height,1.7788389957312383
provided_baseline_seed42,55,30,45,True,slope,0.2,False,False,True,False,False,40.09580993652344,947.0,overturn,2.6764504131570916
provided_baseline_seed42,55,30,46,True,slope,0.4,False,False,True,False,False,30.47662925720215,871.0,overturn,2.2361053747096102
provided_baseline_seed42,55,30,47,True,slope,0.6,False,False,True,False,False,11.362359046936035,400.0,overturn,1.8665133476257323
provided_baseline_seed42,55,30,48,True,slope,0.8,False,False,True,False,False,6.803973197937012,178.0,torso_height,2.3123481836211814
provided_baseline_seed42,55,30,49,True,slope,1.0,False,False,True,False,False,6.339792728424072,242.0,torso_height,1.519892196024745
provided_baseline_seed42,55,30,50,True,stairs,0.2,True,False,False,False,False,30.6126766204834,960.0,time_out,1.9973148107528687
provided_baseline_seed42,55,30,51,True,stairs,0.4,True,False,False,False,False,27.640745162963867,960.0,time_out,1.7336329221725464
provided_baseline_seed42,55,30,52,True,stairs,0.6,True,False,False,False,False,18.06607437133789,960.0,time_out,1.036958932876587
provided_baseline_seed42,55,30,53,True,stairs,0.8,False,False,False,False,False,11.509342193603516,960.0,time_out,0.3221907615661621
provided_baseline_seed42,55,30,54,True,stairs,1.0,False,False,True,False,False,7.262665748596191,644.0,torso_height,0.5069704233489422
provided_baseline_seed42,55,30,55,True,stairs,0.2,False,False,False,True,False,31.579195022583008,960.0,time_out,2.1498942375183105
provided_baseline_seed42,55,30,56,True,stairs,0.4,False,False,True,False,False,23.985347747802734,940.0,torso_height,1.53477591656624
provided_baseline_seed42,55,30,57,True,stairs,0.6,False,False,False,False,False,11.5741605758667,960.0,time_out,0.4666091203689575
provided_baseline_seed42,55,30,58,True,stairs,0.8,False,False,True,False,False,6.525863170623779,307.0,torso_height,1.1900729698156303
provided_baseline_seed42,55,30,59,True,stairs,1.0,False,False,False,False,False,11.443764686584473,960.0,time_out,0.31960272789001465
provided_baseline_seed42,55,30,60,True,stairs,0.2,True,False,False,False,False,34.3155632019043,960.0,time_out,2.228203535079956
provided_baseline_seed42,55,30,61,True,stairs,0.4,True,False,False,False,False,27.045259475708008,960.0,time_out,1.6969090700149536
provided_baseline_seed42,55,30,62,True,stairs,0.6,True,False,False,False,False,17.71613883972168,960.0,time_out,1.0330584049224854
provided_baseline_seed42,55,30,63,True,stairs,0.8,False,False,True,False,False,4.516044616699219,167.0,overturn,1.599267285741018
provided_baseline_seed42,55,30,64,True,stairs,1.0,False,False,False,False,False,9.650647163391113,960.0,time_out,0.3216656446456909
provided_baseline_seed42,55,30,65,True,stairs,0.2,False,False,True,False,False,4.649680137634277,115.0,overturn,2.4872340326723843
provided_baseline_seed42,55,30,66,True,stairs,0.4,False,False,True,False,False,0.37425899505615234,16.0,overturn,1.3005423545837402
provided_baseline_seed42,55,30,67,True,stairs,0.6,False,False,True,True,False,13.301610946655273,768.0,overturn,1.0637818276882172
provided_baseline_seed42,55,30,68,True,stairs,0.8,False,False,False,False,False,11.551669120788574,960.0,time_out,0.3382077217102051
provided_baseline_seed42,55,30,69,True,stairs,1.0,False,False,False,False,False,11.61706829071045,960.0,time_out,0.31974029541015625
provided_baseline_seed42,55,30,70,True,stairs,0.2,True,False,False,False,False,31.094005584716797,960.0,time_out,2.034989595413208
provided_baseline_seed42,55,30,71,True,stairs,0.4,False,False,True,False,False,5.773172378540039,334.0,torso_height,1.0119924716606825
provided_baseline_seed42,55,30,72,True,stairs,0.6,False,False,True,False,False,4.592753887176514,155.0,overturn,1.6481589040448588
provided_baseline_seed42,55,30,73,True,stairs,0.8,False,False,False,False,False,11.25354290008545,960.0,time_out,0.34036266803741455
provided_baseline_seed42,55,30,74,True,stairs,1.0,False,False,True,False,False,8.234421730041504,480.0,torso_height,0.8826465606689453
provided_baseline_seed42,55,30,75,True,waves,0.2,False,False,True,False,False,6.461775779724121,121.0,overturn,3.3002954278110472
provided_baseline_seed42,55,30,76,True,waves,0.4,False,False,True,False,False,15.378750801086426,512.0,torso_height,1.8915988504886627
provided_baseline_seed42,55,30,77,True,waves,0.6,False,False,True,False,False,5.0985331535339355,218.0,torso_height,1.4943983795445994
provided_baseline_seed42,55,30,78,True,waves,0.8,False,False,True,False,False,6.465847492218018,216.0,torso_height,1.878934966193305
provided_baseline_seed42,55,30,79,True,waves,1.0,False,False,True,False,False,-0.1860916018486023,26.0,overturn,-0.6175628075232873
provided_baseline_seed42,55,30,80,True,waves,0.2,False,False,True,False,False,27.40728759765625,597.0,overturn,2.9023324784322004
provided_baseline_seed42,55,30,81,True,waves,0.4,False,False,True,False,False,14.119906425476074,438.0,torso_height,2.0211210642775446
provided_baseline_seed42,55,30,82,True,waves,0.6,False,False,True,False,False,6.476002216339111,204.0,torso_height,1.9759150112376493
provided_baseline_seed42,55,30,83,True,waves,0.8,False,False,True,False,False,7.0596537590026855,346.0,torso_height,1.1618557968580654
provided_baseline_seed42,55,30,84,True,waves,1.0,False,False,True,False,False,7.888481616973877,222.0,torso_height,2.1726762926256336
provided_baseline_seed42,55,30,85,True,waves,0.2,False,False,True,False,False,17.319515228271484,300.0,overturn,3.6832366943359376
provided_baseline_seed42,55,30,86,True,waves,0.4,False,False,True,False,False,9.870865821838379,260.0,torso_height,2.3437310732327976
provided_baseline_seed42,55,30,87,True,waves,0.6,False,False,True,False,False,8.35720443725586,366.0,torso_height,1.4301994198658428
provided_baseline_seed42,55,30,88,True,waves,0.8,False,False,True,False,False,3.774886131286621,97.0,overturn,2.358189612319789
provided_baseline_seed42,55,30,89,True,waves,1.0,False,False,True,False,False,10.348187446594238,280.0,overturn,2.2384966441563194
provided_baseline_seed42,55,30,90,True,waves,0.2,False,False,True,False,False,13.919682502746582,296.0,overturn,2.8433408608307706
provided_baseline_seed42,55,30,91,True,waves,0.4,False,False,True,False,False,9.397188186645508,298.0,torso_height,2.0551745523542366
provided_baseline_seed42,55,30,92,True,waves,0.6,False,False,True,False,False,15.066486358642578,555.0,torso_height,1.5762367248535156
provided_baseline_seed42,55,30,93,True,waves,0.8,False,False,True,False,False,4.540942192077637,96.0,torso_height,2.940707206726074
provided_baseline_seed42,55,30,94,True,waves,1.0,False,False,True,False,False,5.622013568878174,204.0,overturn,1.7043590545654297
provided_baseline_seed42,55,30,95,True,waves,0.2,False,False,True,False,False,0.4226990044116974,26.0,overturn,0.7320081270658053
provided_baseline_seed42,55,30,96,True,waves,0.4,False,False,True,False,False,9.543660163879395,217.0,torso_height,2.8457047422910065
provided_baseline_seed42,55,30,97,True,waves,0.6,False,False,True,False,False,5.678827285766602,168.0,torso_height,2.0621626717703685
provided_baseline_seed42,55,30,98,True,waves,0.8,False,False,True,False,False,4.51429557800293,125.0,torso_height,2.2017425537109374
provided_baseline_seed42,55,30,99,True,waves,1.0,False,False,True,False,False,5.607492923736572,205.0,torso_height,1.6132261694931402
provided_baseline_seed42,55,30,100,True,obstacles,0.2,False,False,False,True,False,14.416030883789062,960.0,time_out,0.83317631483078
provided_baseline_seed42,55,30,101,True,obstacles,0.4,False,False,False,True,False,24.57708168029785,960.0,time_out,1.6378213167190552
provided_baseline_seed42,55,30,102,True,obstacles,0.6,False,False,False,False,False,8.423579216003418,960.0,time_out,0.32801008224487305
provided_baseline_seed42,55,30,103,True,obstacles,0.8,False,False,False,False,False,14.20803165435791,960.0,time_out,0.6704698801040649
provided_baseline_seed42,55,30,104,True,obstacles,1.0,False,False,True,False,False,7.77518367767334,242.0,torso_height,1.9406559841691955
provided_baseline_seed42,55,30,105,True,obstacles,0.2,True,False,False,False,False,38.73722839355469,960.0,time_out,2.5107994079589844
provided_baseline_seed42,55,30,106,True,obstacles,0.4,False,False,True,False,False,20.857919692993164,537.0,overturn,2.3837761905606234
provided_baseline_seed42,55,30,107,True,obstacles,0.6,False,False,False,False,False,2.8671278953552246,960.0,time_out,0.33211231231689453
provided_baseline_seed42,55,30,108,True,obstacles,0.8,False,False,False,False,False,15.177929878234863,960.0,time_out,0.546461820602417
provided_baseline_seed42,55,30,109,True,obstacles,1.0,False,False,True,False,False,6.833232879638672,208.0,torso_height,1.898211149068979
provided_baseline_seed42,55,30,110,True,obstacles,0.2,False,False,True,False,False,12.151732444763184,335.0,overturn,2.2336388772992946
provided_baseline_seed42,55,30,111,True,obstacles,0.4,False,False,True,False,False,14.995582580566406,578.0,torso_height,1.5747227718260874
provided_baseline_seed42,55,30,112,True,obstacles,0.6,False,False,True,False,False,9.283013343811035,213.0,torso_height,2.6778299036160322
provided_baseline_seed42,55,30,113,True,obstacles,0.8,False,False,False,False,False,15.807190895080566,960.0,time_out,0.45917809009552
provided_baseline_seed42,55,30,114,True,obstacles,1.0,False,False,True,False,False,5.554930686950684,135.0,torso_height,2.441438462999132
provided_baseline_seed42,55,30,115,True,obstacles,0.2,False,False,True,False,False,0.08191876113414764,36.0,overturn,-0.13731956481933594
provided_baseline_seed42,55,30,116,True,obstacles,0.4,False,False,False,True,False,28.011388778686523,960.0,time_out,1.7032095193862915
provided_baseline_seed42,55,30,117,True,obstacles,0.6,False,False,True,False,False,11.300683975219727,260.0,torso_height,2.7476199223445015
provided_baseline_seed42,55,30,118,True,obstacles,0.8,False,False,False,False,False,10.523641586303711,960.0,time_out,0.414314866065979
provided_baseline_seed42,55,30,119,True,obstacles,1.0,False,False,True,False,False,8.0120210647583,240.0,torso_height,1.9950995445251465
provided_baseline_seed42,55,30,120,True,obstacles,0.2,False,False,True,False,False,0.2404979020357132,20.0,overturn,0.5416088104248047
provided_baseline_seed42,55,30,121,True,obstacles,0.4,True,False,False,False,False,25.651878356933594,960.0,time_out,1.6716595888137817
provided_baseline_seed42,55,30,122,True,obstacles,0.6,True,False,False,False,False,16.718223571777344,960.0,time_out,1.098872423171997
provided_baseline_seed42,55,30,123,True,obstacles,0.8,False,False,True,False,False,9.759166717529297,377.0,torso_height,1.4266742129540886
provided_baseline_seed42,55,30,124,True,obstacles,1.0,False,False,True,False,False,5.3192458152771,132.0,overturn,2.344728816639293
provided_baseline_seed42,55,30,125,True,stepping_stones,0.2,False,False,True,False,False,5.590498447418213,146.0,overturn,2.229846013735419
provided_baseline_seed42,55,30,126,True,stepping_stones,0.4,False,False,True,False,False,7.597862720489502,826.0,torso_height,0.3661823965446713
provided_baseline_seed42,55,30,127,True,stepping_stones,0.6,False,False,False,False,False,11.074767112731934,960.0,time_out,0.31413817405700684
provided_baseline_seed42,55,30,128,True,stepping_stones,0.8,False,False,True,False,False,0.46187180280685425,33.0,overturn,0.5230643532492897
provided_baseline_seed42,55,30,129,True,stepping_stones,1.0,False,False,False,False,False,9.558298110961914,960.0,time_out,0.3196403980255127
provided_baseline_seed42,55,30,130,True,stepping_stones,0.2,False,False,True,False,False,6.89439582824707,273.0,torso_height,1.4121468512566535
provided_baseline_seed42,55,30,131,True,stepping_stones,0.4,False,False,False,False,False,8.668025016784668,960.0,time_out,0.3594648838043213
provided_baseline_seed42,55,30,132,True,stepping_stones,0.6,False,False,False,False,False,13.672077178955078,960.0,time_out,0.33249330520629883
provided_baseline_seed42,55,30,133,True,stepping_stones,0.8,False,False,False,False,False,14.054391860961914,960.0,time_out,0.29797399044036865
provided_baseline_seed42,55,30,134,True,stepping_stones,1.0,False,False,False,False,False,12.424030303955078,960.0,time_out,0.3504985570907593
provided_baseline_seed42,55,30,135,True,stepping_stones,0.2,False,False,False,False,False,13.91684341430664,960.0,time_out,0.34323060512542725
provided_baseline_seed42,55,30,136,True,stepping_stones,0.4,False,False,True,False,False,8.59573745727539,372.0,torso_height,1.2571411748086252
provided_baseline_seed42,55,30,137,True,stepping_stones,0.6,False,False,True,False,False,4.909943580627441,276.0,torso_height,0.8670379804528279
provided_baseline_seed42,55,30,138,True,stepping_stones,0.8,False,False,True,False,False,3.612780809402466,92.0,torso_height,2.5513197028118633
provided_baseline_seed42,55,30,139,True,stepping_stones,1.0,False,False,False,False,False,14.004158020019531,960.0,time_out,0.32013750076293945
provided_baseline_seed42,55,30,140,True,stepping_stones,0.2,False,False,False,False,False,14.257747650146484,960.0,time_out,0.4376150369644165
provided_baseline_seed42,55,30,141,True,stepping_stones,0.4,False,False,False,False,False,15.39991283416748,960.0,time_out,0.5870181322097778
provided_baseline_seed42,55,30,142,True,stepping_stones,0.6,False,False,False,False,False,7.4135026931762695,960.0,time_out,0.2701380252838135
provided_baseline_seed42,55,30,143,True,stepping_stones,0.8,False,False,False,False,False,10.830473899841309,960.0,time_out,0.2828460931777954
provided_baseline_seed42,55,30,144,True,stepping_stones,1.0,False,False,False,False,False,15.143754005432129,960.0,time_out,0.3567683696746826
provided_baseline_seed42,55,30,145,True,stepping_stones,0.2,False,False,False,False,False,13.583006858825684,960.0,time_out,0.4131033420562744
provided_baseline_seed42,55,30,146,True,stepping_stones,0.4,False,False,True,False,False,8.32518482208252,364.0,torso_height,1.310147924737616
provided_baseline_seed42,55,30,147,True,stepping_stones,0.6,False,False,False,False,False,9.517424583435059,960.0,time_out,0.3539921045303345
provided_baseline_seed42,55,30,148,True,stepping_stones,0.8,False,False,False,False,False,13.53022289276123,960.0,time_out,0.3386725187301636
provided_baseline_seed42,55,30,149,True,stepping_stones,1.0,False,False,False,False,False,14.605080604553223,960.0,time_out,0.3537437915802002
provided_baseline_seed42,55,30,150,False,flat,0.2,,,True,False,False,0.22743308544158936,28.0,overturn,0.22520952458892549
provided_baseline_seed42,55,30,151,False,flat,0.4,,,False,False,False,150.98976135253906,960.0,time_out,9.77561092376709
provided_baseline_seed42,55,30,152,False,flat,0.6,,,False,False,False,145.06015014648438,960.0,time_out,9.379430770874023
provided_baseline_seed42,55,30,153,False,flat,0.8,,,False,False,False,149.97543334960938,960.0,time_out,9.758195877075195
provided_baseline_seed42,55,30,154,False,flat,1.0,,,False,False,False,142.48419189453125,960.0,time_out,9.314807891845703
provided_baseline_seed42,55,30,155,False,flat,0.2,,,False,False,False,143.63104248046875,960.0,time_out,9.323369979858398
provided_baseline_seed42,55,30,156,False,flat,0.4,,,False,False,False,149.4756622314453,960.0,time_out,9.704221725463867
provided_baseline_seed42,55,30,157,False,flat,0.6,,,False,False,False,135.67662048339844,960.0,time_out,8.789145469665527
provided_baseline_seed42,55,30,158,False,flat,0.8,,,False,False,False,136.93930053710938,960.0,time_out,9.047390937805176
provided_baseline_seed42,55,30,159,False,flat,1.0,,,False,False,False,148.55258178710938,960.0,time_out,9.681304931640625
provided_baseline_seed42,55,30,160,False,flat,0.2,,,False,False,False,142.7387237548828,960.0,time_out,9.265212059020996
provided_baseline_seed42,55,30,161,False,flat,0.4,,,False,False,False,139.73638916015625,960.0,time_out,9.220369338989258
provided_baseline_seed42,55,30,162,False,flat,0.6,,,False,False,False,145.6354217529297,960.0,time_out,9.48544979095459
provided_baseline_seed42,55,30,163,False,flat,0.8,,,False,False,False,148.08973693847656,960.0,time_out,9.684769630432129
provided_baseline_seed42,55,30,164,False,flat,1.0,,,False,False,False,147.49270629882812,960.0,time_out,9.592350959777832
provided_baseline_seed42,55,30,165,False,flat,0.2,,,False,False,False,146.248046875,960.0,time_out,9.553722381591797
provided_baseline_seed42,55,30,166,False,flat,0.4,,,True,False,False,0.5616320371627808,56.0,overturn,0.3417802282742092
provided_baseline_seed42,55,30,167,False,flat,0.6,,,False,False,False,113.06678009033203,960.0,time_out,7.8189826011657715
provided_baseline_seed42,55,30,168,False,flat,0.8,,,False,False,False,146.43870544433594,960.0,time_out,9.494720458984375
provided_baseline_seed42,55,30,169,False,flat,1.0,,,False,False,False,143.25662231445312,960.0,time_out,9.2822265625
provided_baseline_seed42,55,30,170,False,flat,0.2,,,False,False,False,146.63180541992188,960.0,time_out,9.497078895568848
provided_baseline_seed42,55,30,171,False,flat,0.4,,,False,False,False,140.40487670898438,960.0,time_out,9.23302173614502
provided_baseline_seed42,55,30,172,False,flat,0.6,,,False,False,False,141.5449676513672,960.0,time_out,9.338582038879395
provided_baseline_seed42,55,30,173,False,flat,0.8,,,False,False,False,146.9699249267578,960.0,time_out,9.497516632080078
provided_baseline_seed42,55,30,174,False,flat,1.0,,,False,False,False,144.92332458496094,960.0,time_out,9.425174713134766
robust_seed42,51,28,0,True,rough,0.2,False,False,False,True,False,30.440847396850586,960.0,time_out,2.051649808883667
robust_seed42,51,28,1,True,rough,0.4,False,False,True,False,False,0.6438376903533936,47.0,overturn,0.5861639469227893
robust_seed42,51,28,2,True,rough,0.6,False,False,False,False,False,8.893231391906738,960.0,time_out,0.4565858840942383
robust_seed42,51,28,3,True,rough,0.8,False,False,False,False,False,11.357449531555176,960.0,time_out,0.3500401973724365
robust_seed42,51,28,4,True,rough,1.0,False,False,False,False,False,11.740645408630371,960.0,time_out,0.5476769208908081
robust_seed42,51,28,5,True,rough,0.2,False,False,False,True,False,31.243026733398438,960.0,time_out,2.198181629180908
robust_seed42,51,28,6,True,rough,0.4,False,False,False,False,False,13.387259483337402,960.0,time_out,0.6238601207733154
robust_seed42,51,28,7,True,rough,0.6,False,False,False,False,False,2.1181867122650146,960.0,time_out,0.24172711372375488
robust_seed42,51,28,8,True,rough,0.8,False,False,False,False,False,4.617034435272217,960.0,time_out,0.23844456672668457
robust_seed42,51,28,9,True,rough,1.0,False,False,False,False,False,10.718172073364258,960.0,time_out,0.3110024929046631
robust_seed42,51,28,10,True,rough,0.2,False,False,False,True,False,16.569293975830078,960.0,time_out,0.9422853589057922
robust_seed42,51,28,11,True,rough,0.4,False,False,False,True,False,20.731700897216797,960.0,time_out,1.2979974746704102
robust_seed42,51,28,12,True,rough,0.6,True,False,False,False,False,18.998355865478516,960.0,time_out,1.1061208248138428
robust_seed42,51,28,13,True,rough,0.8,False,False,False,False,False,11.433892250061035,960.0,time_out,0.33046042919158936
robust_seed42,51,28,14,True,rough,1.0,False,False,False,False,False,13.33379077911377,960.0,time_out,0.6035947799682617
robust_seed42,51,28,15,True,rough,0.2,False,False,False,True,False,37.763771057128906,960.0,time_out,2.5566444396972656
robust_seed42,51,28,16,True,rough,0.4,False,False,False,False,False,13.702815055847168,960.0,time_out,0.732081413269043
robust_seed42,51,28,17,True,rough,0.6,False,False,False,False,False,15.256637573242188,960.0,time_out,0.776728093624115
robust_seed42,51,28,18,True,rough,0.8,False,False,True,False,False,8.791836738586426,283.0,torso_height,1.8758694274686671
robust_seed42,51,28,19,True,rough,1.0,False,False,False,False,False,9.87840461730957,960.0,time_out,0.36630547046661377
robust_seed42,51,28,20,True,rough,0.2,False,False,False,True,False,32.38447570800781,960.0,time_out,2.23073410987854
robust_seed42,51,28,21,True,rough,0.4,False,False,False,False,False,12.628504753112793,960.0,time_out,0.5363590717315674
robust_seed42,51,28,22,True,rough,0.6,True,False,False,False,False,25.582395553588867,960.0,time_out,1.613128900527954
robust_seed42,51,28,23,True,rough,0.8,False,False,False,False,False,9.699256896972656,960.0,time_out,0.5049562454223633
robust_seed42,51,28,24,True,rough,1.0,False,False,False,False,False,2.8912365436553955,960.0,time_out,0.2319505214691162
robust_seed42,51,28,25,True,slope,0.2,False,False,False,True,False,26.795352935791016,960.0,time_out,1.6794542074203491
robust_seed42,51,28,26,True,slope,0.4,False,False,False,False,False,5.873861789703369,960.0,time_out,0.21911883354187012
robust_seed42,51,28,27,True,slope,0.6,False,False,True,False,False,6.586781024932861,177.0,torso_height,2.3237571069749734
robust_seed42,51,28,28,True,slope,0.8,False,False,True,False,False,6.520425319671631,199.0,torso_height,1.9706306265826203
robust_seed42,51,28,29,True,slope,1.0,False,False,True,False,False,6.8682169914245605,290.0,torso_height,1.2579531176336882
robust_seed42,51,28,30,True,slope,0.2,False,False,False,True,False,10.44996166229248,960.0,time_out,0.5585492849349976
robust_seed42,51,28,31,True,slope,0.4,False,False,False,True,False,23.141738891601562,960.0,time_out,1.5277994871139526
robust_seed42,51,28,32,True,slope,0.6,False,False,True,False,False,6.88182258605957,201.0,torso_height,2.07880333288392
robust_seed42,51,28,33,True,slope,0.8,False,False,True,False,False,6.490996837615967,201.0,torso_height,1.9506915647592118
robust_seed42,51,28,34,True,slope,1.0,False,False,False,False,False,10.192159652709961,960.0,time_out,0.20800089836120605
robust_seed42,51,28,35,True,slope,0.2,False,False,False,False,False,5.59098482131958,960.0,time_out,0.20606541633605957
robust_seed42,51,28,36,True,slope,0.4,False,False,True,False,False,6.804698944091797,168.0,torso_height,2.602808134896415
robust_seed42,51,28,37,True,slope,0.6,False,False,False,True,False,11.41794490814209,960.0,time_out,0.5316252708435059
robust_seed42,51,28,38,True,slope,0.8,False,False,False,False,False,9.112879753112793,960.0,time_out,0.2132338285446167
robust_seed42,51,28,39,True,slope,1.0,False,False,False,False,False,11.873087882995605,960.0,time_out,0.23350489139556885
robust_seed42,51,28,40,True,slope,0.2,False,False,False,False,False,5.528233051300049,960.0,time_out,0.257571816444397
robust_seed42,51,28,41,True,slope,0.4,False,False,False,False,False,5.76540994644165,960.0,time_out,0.2623910903930664
robust_seed42,51,28,42,True,slope,0.6,False,False,True,False,False,6.222524166107178,172.0,torso_height,2.23071297933889
robust_seed42,51,28,43,True,slope,0.8,False,False,True,False,False,7.231555938720703,254.0,torso_height,1.659003580649068
robust_seed42,51,28,44,True,slope,1.0,False,False,False,False,False,9.377137184143066,960.0,time_out,0.2053072452545166
robust_seed42,51,28,45,True,slope,0.2,False,False,False,False,False,6.724109172821045,960.0,time_out,0.5624269247055054
robust_seed42,51,28,46,True,slope,0.4,False,False,True,False,False,6.547654628753662,165.0,torso_height,2.5157352794300425
robust_seed42,51,28,47,True,slope,0.6,False,False,True,False,False,6.40915584564209,180.0,torso_height,2.1329288482666016
robust_seed42,51,28,48,True,slope,0.8,False,False,False,False,False,11.374406814575195,960.0,time_out,0.23361873626708984
robust_seed42,51,28,49,True,slope,1.0,False,False,True,False,False,6.744409084320068,204.0,torso_height,1.9966708912568933
robust_seed42,51,28,50,True,stairs,0.2,True,False,False,False,False,21.018184661865234,960.0,time_out,1.10744309425354
robust_seed42,51,28,51,True,stairs,0.4,False,False,False,False,False,10.614649772644043,960.0,time_out,0.27195870876312256
robust_seed42,51,28,52,True,stairs,0.6,False,False,True,False,False,10.01297378540039,804.0,torso_height,0.48980940633745335
robust_seed42,51,28,53,True,stairs,0.8,False,False,False,False,False,10.142265319824219,960.0,time_out,0.25745928287506104
robust_seed42,51,28,54,True,stairs,1.0,False,False,False,False,False,10.446697235107422,960.0,time_out,0.26093780994415283
robust_seed42,51,28,55,True,stairs,0.2,False,False,False,True,False,25.84685516357422,960.0,time_out,1.6509050130844116
robust_seed42,51,28,56,True,stairs,0.4,True,False,False,False,False,16.446025848388672,960.0,time_out,0.834438145160675
robust_seed42,51,28,57,True,stairs,0.6,False,False,True,False,False,0.20888309180736542,20.0,overturn,0.31684112548828125
robust_seed42,51,28,58,True,stairs,0.8,False,False,False,False,False,11.713607788085938,960.0,time_out,0.3002307415008545
robust_seed42,51,28,59,True,stairs,1.0,False,False,False,False,False,10.713882446289062,960.0,time_out,0.2632945775985718
robust_seed42,51,28,60,True,stairs,0.2,False,False,False,False,False,6.57155179977417,960.0,time_out,0.23799681663513184
robust_seed42,51,28,61,True,stairs,0.4,False,False,True,False,False,9.679288864135742,303.0,torso_height,1.9561556070157797
robust_seed42,51,28,62,True,stairs,0.6,False,False,False,False,False,11.267077445983887,960.0,time_out,0.3418015241622925
robust_seed42,51,28,63,True,stairs,0.8,False,False,False,False,False,10.604565620422363,960.0,time_out,0.22987258434295654
robust_seed42,51,28,64,True,stairs,1.0,False,False,False,False,False,9.488821983337402,960.0,time_out,0.2609206438064575
robust_seed42,51,28,65,True,stairs,0.2,False,False,False,True,False,24.423982620239258,960.0,time_out,1.5927104949951172
robust_seed42,51,28,66,True,stairs,0.4,False,False,False,False,False,11.87362289428711,960.0,time_out,0.29041600227355957
robust_seed42,51,28,67,True,stairs,0.6,False,False,False,False,False,11.36181640625,960.0,time_out,0.3464564085006714
robust_seed42,51,28,68,True,stairs,0.8,False,False,True,False,False,10.295788764953613,716.0,torso_height,0.5703175933667401
robust_seed42,51,28,69,True,stairs,1.0,False,False,False,False,False,12.189526557922363,960.0,time_out,0.29352831840515137
robust_seed42,51,28,70,True,stairs,0.2,False,False,False,True,False,17.36688804626465,960.0,time_out,1.1065101623535156
robust_seed42,51,28,71,True,stairs,0.4,False,False,True,False,False,7.941688537597656,207.0,torso_height,2.38975635473279
robust_seed42,51,28,72,True,stairs,0.6,False,False,False,False,False,11.401838302612305,960.0,time_out,0.25997471809387207
robust_seed42,51,28,73,True,stairs,0.8,False,False,False,False,False,8.852240562438965,960.0,time_out,0.26161837577819824
robust_seed42,51,28,74,True,stairs,1.0,False,False,False,False,False,11.97957706451416,960.0,time_out,0.339540958404541
robust_seed42,51,28,75,True,waves,0.2,False,False,True,False,False,0.45704180002212524,33.0,overturn,0.6058398160067471
robust_seed42,51,28,76,True,waves,0.4,False,False,False,False,False,6.374878883361816,960.0,time_out,0.3499410152435303
robust_seed42,51,28,77,True,waves,0.6,False,False,True,False,False,4.31995964050293,122.0,torso_height,2.2099394876448835
robust_seed42,51,28,78,True,waves,0.8,False,False,True,False,False,6.498707294464111,270.0,torso_height,1.431796179877387
robust_seed42,51,28,79,True,waves,1.0,False,False,True,False,False,4.511905193328857,127.0,torso_height,2.1907839437169354
robust_seed42,51,28,80,True,waves,0.2,True,False,False,False,False,15.767962455749512,960.0,time_out,0.8333297371864319
robust_seed42,51,28,81,True,waves,0.4,False,False,False,False,False,8.166783332824707,960.0,time_out,0.44616174697875977
robust_seed42,51,28,82,True,waves,0.6,False,False,True,False,False,5.749728202819824,305.0,torso_height,1.0161640604988473
robust_seed42,51,28,83,True,waves,0.8,False,False,False,False,False,8.371834754943848,960.0,time_out,0.3110384941101074
robust_seed42,51,28,84,True,waves,1.0,False,False,True,False,False,4.935454368591309,175.0,torso_height,1.5674233572823661
robust_seed42,51,28,85,True,waves,0.2,True,False,False,False,False,18.202198028564453,960.0,time_out,1.089786171913147
robust_seed42,51,28,86,True,waves,0.4,False,False,True,False,False,4.754391193389893,147.0,torso_height,1.9871855755241548
robust_seed42,51,28,87,True,waves,0.6,False,False,True,False,False,6.902561187744141,258.0,torso_height,1.509178072907204
robust_seed42,51,28,88,True,waves,0.8,False,False,True,False,False,0.41568025946617126,30.0,overturn,0.5403861999511719
robust_seed42,51,28,89,True,waves,1.0,False,False,True,False,False,4.756391525268555,141.0,torso_height,2.040540005298371
robust_seed42,51,28,90,True,waves,0.2,False,False,False,False,False,11.266963005065918,960.0,time_out,0.5387135744094849
robust_seed42,51,28,91,True,waves,0.4,False,False,False,False,False,3.8380417823791504,960.0,time_out,0.32742929458618164
robust_seed42,51,28,92,True,waves,0.6,False,False,False,False,False,9.20163345336914,960.0,time_out,0.3079674243927002
robust_seed42,51,28,93,True,waves,0.8,False,False,True,False,False,6.338893413543701,192.0,torso_height,1.9380801916122437
robust_seed42,51,28,94,True,waves,1.0,False,False,True,False,False,4.34736442565918,119.0,torso_height,2.3185980019449186
robust_seed42,51,28,95,True,waves,0.2,True,False,False,False,False,17.888322830200195,960.0,time_out,0.9276765584945679
robust_seed42,51,28,96,True,waves,0.4,False,False,True,False,False,13.78757095336914,295.0,torso_height,2.9441064737610896
robust_seed42,51,28,97,True,waves,0.6,False,False,True,False,False,5.353574275970459,174.0,torso_height,1.799272997625943
robust_seed42,51,28,98,True,waves,0.8,False,False,True,False,False,0.707038402557373,63.0,overturn,0.2803530011858259
robust_seed42,51,28,99,True,waves,1.0,False,False,True,False,False,4.475248336791992,131.0,torso_height,2.1546385670436248
robust_seed42,51,28,100,True,obstacles,0.2,True,False,False,False,False,21.953630447387695,960.0,time_out,1.2852708101272583
robust_seed42,51,28,101,True,obstacles,0.4,False,False,False,False,False,8.862866401672363,960.0,time_out,0.4633617401123047
robust_seed42,51,28,102,True,obstacles,0.6,False,False,False,False,False,9.179945945739746,960.0,time_out,0.6061688661575317
robust_seed42,51,28,103,True,obstacles,0.8,False,False,False,False,False,11.994793891906738,960.0,time_out,0.5343853235244751
robust_seed42,51,28,104,True,obstacles,1.0,False,False,False,False,False,11.179394721984863,960.0,time_out,0.28313732147216797
robust_seed42,51,28,105,True,obstacles,0.2,False,False,False,True,False,17.787477493286133,960.0,time_out,1.1185216903686523
robust_seed42,51,28,106,True,obstacles,0.4,False,False,False,True,False,14.903531074523926,960.0,time_out,0.8496372699737549
robust_seed42,51,28,107,True,obstacles,0.6,False,False,True,False,False,11.31836223602295,272.0,torso_height,2.6612149967866787
robust_seed42,51,28,108,True,obstacles,0.8,False,False,False,False,False,9.495119094848633,960.0,time_out,0.3023064136505127
robust_seed42,51,28,109,True,obstacles,1.0,False,False,True,False,False,10.154852867126465,610.0,torso_height,0.6707170205038102
robust_seed42,51,28,110,True,obstacles,0.2,True,False,False,False,False,20.77972984313965,960.0,time_out,1.2270264625549316
robust_seed42,51,28,111,True,obstacles,0.4,False,False,False,False,False,9.410466194152832,960.0,time_out,0.2791109085083008
robust_seed42,51,28,112,True,obstacles,0.6,False,False,False,False,False,11.223137855529785,960.0,time_out,0.32956957817077637
robust_seed42,51,28,113,True,obstacles,0.8,False,False,False,False,False,13.079514503479004,960.0,time_out,0.35865700244903564
robust_seed42,51,28,114,True,obstacles,1.0,False,False,False,False,False,2.5415029525756836,960.0,time_out,0.2873659133911133
robust_seed42,51,28,115,True,obstacles,0.2,False,False,False,False,False,11.23647403717041,960.0,time_out,0.4163905382156372
robust_seed42,51,28,116,True,obstacles,0.4,False,False,False,False,False,10.22060775756836,960.0,time_out,0.36702096462249756
robust_seed42,51,28,117,True,obstacles,0.6,False,False,False,False,False,15.739919662475586,960.0,time_out,0.6954878568649292
robust_seed42,51,28,118,True,obstacles,0.8,False,False,False,False,False,12.105782508850098,960.0,time_out,0.4728966951370239
robust_seed42,51,28,119,True,obstacles,1.0,False,False,True,False,False,7.777945041656494,591.0,torso_height,0.5357198182701459
robust_seed42,51,28,120,True,obstacles,0.2,True,False,False,False,False,13.821244239807129,960.0,time_out,0.9502466917037964
robust_seed42,51,28,121,True,obstacles,0.4,False,False,False,False,False,5.195295333862305,960.0,time_out,0.35089635848999023
robust_seed42,51,28,122,True,obstacles,0.6,False,False,True,False,False,13.372532844543457,604.0,torso_height,1.251905296022529
robust_seed42,51,28,123,True,obstacles,0.8,False,False,True,False,False,5.930899143218994,308.0,torso_height,1.1032431466238841
robust_seed42,51,28,124,True,obstacles,1.0,False,False,False,False,False,9.046037673950195,960.0,time_out,0.25618863105773926
robust_seed42,51,28,125,True,stepping_stones,0.2,False,False,True,False,False,8.605894088745117,563.0,torso_height,0.5402465061438444
robust_seed42,51,28,126,True,stepping_stones,0.4,False,False,False,False,False,11.048788070678711,960.0,time_out,0.2861196994781494
robust_seed42,51,28,127,True,stepping_stones,0.6,False,False,False,False,False,11.733633041381836,960.0,time_out,0.33680248260498047
robust_seed42,51,28,128,True,stepping_stones,0.8,False,False,True,False,False,3.8430261611938477,121.0,torso_height,1.9214497715973657
robust_seed42,51,28,129,True,stepping_stones,1.0,False,False,False,False,False,11.079222679138184,960.0,time_out,0.270125150680542
robust_seed42,51,28,130,True,stepping_stones,0.2,False,False,True,False,False,6.546065330505371,201.0,torso_height,1.8681665676743235
robust_seed42,51,28,131,True,stepping_stones,0.4,False,False,False,False,False,15.052626609802246,960.0,time_out,0.42765259742736816
robust_seed42,51,28,132,True,stepping_stones,0.6,False,False,False,False,False,11.383888244628906,960.0,time_out,0.36885714530944824
robust_seed42,51,28,133,True,stepping_stones,0.8,False,False,False,True,False,13.106047630310059,960.0,time_out,0.39374828338623047
robust_seed42,51,28,134,True,stepping_stones,1.0,False,False,False,False,False,11.805850982666016,960.0,time_out,0.32704877853393555
robust_seed42,51,28,135,True,stepping_stones,0.2,False,False,False,False,False,12.773847579956055,960.0,time_out,0.3265889883041382
robust_seed42,51,28,136,True,stepping_stones,0.4,False,False,False,False,False,13.534196853637695,960.0,time_out,0.3836500644683838
robust_seed42,51,28,137,True,stepping_stones,0.6,False,False,False,False,False,13.817655563354492,960.0,time_out,0.3525724411010742
robust_seed42,51,28,138,True,stepping_stones,0.8,False,False,False,False,False,11.48792839050293,960.0,time_out,0.35223686695098877
robust_seed42,51,28,139,True,stepping_stones,1.0,False,False,False,False,False,13.425487518310547,960.0,time_out,0.3522207736968994
robust_seed42,51,28,140,True,stepping_stones,0.2,False,False,False,False,False,11.85837459564209,960.0,time_out,0.398565411567688
robust_seed42,51,28,141,True,stepping_stones,0.4,False,False,False,False,False,12.0353364944458,960.0,time_out,0.33345234394073486
robust_seed42,51,28,142,True,stepping_stones,0.6,False,False,True,False,False,5.0053019523620605,263.0,torso_height,0.9224917045564254
robust_seed42,51,28,143,True,stepping_stones,0.8,False,False,False,False,False,10.954537391662598,960.0,time_out,0.2900419235229492
robust_seed42,51,28,144,True,stepping_stones,1.0,False,False,False,False,False,11.720134735107422,960.0,time_out,0.30826056003570557
robust_seed42,51,28,145,True,stepping_stones,0.2,False,False,False,False,False,12.07176685333252,960.0,time_out,0.3395366668701172
robust_seed42,51,28,146,True,stepping_stones,0.4,False,False,False,False,False,14.064620018005371,960.0,time_out,0.42411279678344727
robust_seed42,51,28,147,True,stepping_stones,0.6,False,False,False,False,False,12.841809272766113,960.0,time_out,0.3943442106246948
robust_seed42,51,28,148,True,stepping_stones,0.8,False,False,False,False,False,10.471439361572266,960.0,time_out,0.3578680753707886
robust_seed42,51,28,149,True,stepping_stones,1.0,False,False,False,False,False,12.775023460388184,960.0,time_out,0.40675485134124756
robust_seed42,51,28,150,False,flat,0.2,,,True,False,False,0.5913762450218201,63.0,overturn,0.21269690422784712
robust_seed42,51,28,151,False,flat,0.4,,,False,False,False,160.19586181640625,960.0,time_out,11.044157981872559
robust_seed42,51,28,152,False,flat,0.6,,,True,False,False,0.043133802711963654,39.0,overturn,-0.40073431455172026
robust_seed42,51,28,153,False,flat,0.8,,,False,False,False,160.04248046875,960.0,time_out,11.245401382446289
robust_seed42,51,28,154,False,flat,1.0,,,False,False,False,142.94606018066406,960.0,time_out,9.974435806274414
robust_seed42,51,28,155,False,flat,0.2,,,False,False,False,152.4300079345703,960.0,time_out,10.48530101776123
robust_seed42,51,28,156,False,flat,0.4,,,False,False,False,145.2382354736328,960.0,time_out,10.114078521728516
robust_seed42,51,28,157,False,flat,0.6,,,False,False,False,157.6947479248047,960.0,time_out,10.831799507141113
robust_seed42,51,28,158,False,flat,0.8,,,False,False,False,148.734130859375,960.0,time_out,10.253748893737793
robust_seed42,51,28,159,False,flat,1.0,,,False,False,False,159.85728454589844,960.0,time_out,11.059513092041016
robust_seed42,51,28,160,False,flat,0.2,,,False,False,False,159.6240234375,960.0,time_out,11.022451400756836
robust_seed42,51,28,161,False,flat,0.4,,,False,False,False,87.86392974853516,960.0,time_out,6.179290771484375
robust_seed42,51,28,162,False,flat,0.6,,,False,False,False,154.5774688720703,960.0,time_out,10.70338249206543
robust_seed42,51,28,163,False,flat,0.8,,,False,False,False,147.26202392578125,960.0,time_out,10.33178997039795
robust_seed42,51,28,164,False,flat,1.0,,,False,False,False,155.0638885498047,960.0,time_out,10.612091064453125
robust_seed42,51,28,165,False,flat,0.2,,,False,False,False,157.88473510742188,960.0,time_out,10.88970947265625
robust_seed42,51,28,166,False,flat,0.4,,,False,False,False,111.675048828125,960.0,time_out,7.8296217918396
robust_seed42,51,28,167,False,flat,0.6,,,False,False,False,159.4355010986328,960.0,time_out,11.131376266479492
robust_seed42,51,28,168,False,flat,0.8,,,False,False,False,157.79788208007812,960.0,time_out,10.817533493041992
robust_seed42,51,28,169,False,flat,1.0,,,False,False,False,162.864013671875,960.0,time_out,11.26526927947998
robust_seed42,51,28,170,False,flat,0.2,,,False,False,False,161.81565856933594,960.0,time_out,11.256223678588867
robust_seed42,51,28,171,False,flat,0.4,,,False,False,False,161.19204711914062,960.0,time_out,11.019681930541992
robust_seed42,51,28,172,False,flat,0.6,,,False,False,False,51.355247497558594,960.0,time_out,3.8058464527130127
robust_seed42,51,28,173,False,flat,0.8,,,False,False,False,148.3925018310547,960.0,time_out,10.441398620605469
robust_seed42,51,28,174,False,flat,1.0,,,False,False,False,159.9393310546875,960.0,time_out,11.165632247924805
robust_seed42,51,29,0,True,rough,0.2,True,False,False,False,False,28.699054718017578,960.0,time_out,1.8560837507247925
robust_seed42,51,29,1,True,rough,0.4,False,False,False,True,False,23.233898162841797,960.0,time_out,1.556093454360962
robust_seed42,51,29,2,True,rough,0.6,False,False,False,False,False,15.802851676940918,960.0,time_out,0.7719863057136536
robust_seed42,51,29,3,True,rough,0.8,False,False,False,False,False,11.813987731933594,960.0,time_out,0.38476550579071045
robust_seed42,51,29,4,True,rough,1.0,False,False,False,False,False,9.32855224609375,960.0,time_out,0.22721624374389648
robust_seed42,51,29,5,True,rough,0.2,False,False,False,False,False,11.244091033935547,960.0,time_out,0.7207009792327881
robust_seed42,51,29,6,True,rough,0.4,False,False,False,False,False,6.454224586486816,960.0,time_out,0.3955707550048828
robust_seed42,51,29,7,True,rough,0.6,False,False,False,False,False,15.150771141052246,960.0,time_out,0.6918423175811768
robust_seed42,51,29,8,True,rough,0.8,False,False,False,False,False,15.117798805236816,960.0,time_out,0.6744990348815918
robust_seed42,51,29,9,True,rough,1.0,False,False,False,False,False,8.627224922180176,960.0,time_out,0.34827959537506104
robust_seed42,51,29,10,True,rough,0.2,True,False,False,False,False,22.21551513671875,960.0,time_out,1.2342761754989624
robust_seed42,51,29,11,True,rough,0.4,False,False,False,False,False,13.371159553527832,960.0,time_out,0.5773686170578003
robust_seed42,51,29,12,True,rough,0.6,False,False,True,False,False,0.3192136287689209,23.0,overturn,0.5839671259341033
robust_seed42,51,29,13,True,rough,0.8,False,False,False,False,False,12.698700904846191,960.0,time_out,0.4278106689453125
robust_seed42,51,29,14,True,rough,1.0,False,False,True,False,False,7.413486480712891,252.0,torso_height,1.7621825990222748
robust_seed42,51,29,15,True,rough,0.2,False,False,False,False,False,11.161177635192871,960.0,time_out,0.7196557521820068
robust_seed42,51,29,16,True,rough,0.4,True,False,False,False,False,16.537160873413086,960.0,time_out,0.8641592264175415
robust_seed42,51,29,17,True,rough,0.6,False,False,False,False,False,11.803690910339355,960.0,time_out,0.49472570419311523
robust_seed42,51,29,18,True,rough,0.8,True,False,False,False,False,15.906059265136719,960.0,time_out,0.8640533089637756
robust_seed42,51,29,19,True,rough,1.0,False,False,False,False,False,12.28246021270752,960.0,time_out,0.5362170934677124
robust_seed42,51,29,20,True,rough,0.2,False,False,False,True,False,32.184654235839844,960.0,time_out,2.202545642852783
robust_seed42,51,29,21,True,rough,0.4,True,False,False,False,False,17.481311798095703,960.0,time_out,0.9442390203475952
robust_seed42,51,29,22,True,rough,0.6,True,False,False,False,False,16.725601196289062,960.0,time_out,0.8716649413108826
robust_seed42,51,29,23,True,rough,0.8,False,False,True,False,False,5.116445541381836,167.0,torso_height,1.9121782222907702
robust_seed42,51,29,24,True,rough,1.0,False,False,True,False,False,5.540452480316162,209.0,torso_height,1.517406627892307
robust_seed42,51,29,25,True,slope,0.2,False,False,False,True,False,18.02967643737793,960.0,time_out,1.0881614685058594
robust_seed42,51,29,26,True,slope,0.4,True,False,False,False,False,21.3557186126709,960.0,time_out,1.076253890991211
robust_seed42,51,29,27,True,slope,0.6,False,False,True,False,False,6.410881996154785,161.0,torso_height,2.5030901417228746
robust_seed42,51,29,28,True,slope,0.8,False,False,True,False,False,6.461723804473877,187.0,torso_height,2.1321793418517085
robust_seed42,51,29,29,True,slope,1.0,False,False,True,False,False,0.07001854479312897,14.0,overturn,-0.02144132341657366
robust_seed42,51,29,30,True,slope,0.2,False,False,False,True,False,15.392733573913574,960.0,time_out,0.9899760484695435
robust_seed42,51,29,31,True,slope,0.4,False,False,False,True,False,37.481712341308594,960.0,time_out,2.515916109085083
robust_seed42,51,29,32,True,slope,0.6,False,False,False,False,False,4.634688377380371,960.0,time_out,0.30689477920532227
robust_seed42,51,29,33,True,slope,0.8,False,False,True,False,False,7.336730003356934,181.0,torso_height,2.5663103978278228
robust_seed42,51,29,34,True,slope,1.0,False,False,True,False,False,5.806817054748535,202.0,torso_height,1.707747997623859
robust_seed42,51,29,35,True,slope,0.2,False,False,False,True,False,13.411953926086426,960.0,time_out,0.8202564120292664
robust_seed42,51,29,36,True,slope,0.4,False,False,True,False,False,7.130660533905029,170.0,torso_height,2.5806628956514244
robust_seed42,51,29,37,True,slope,0.6,False,False,True,False,False,6.752323627471924,216.0,torso_height,1.8858793046739366
robust_seed42,51,29,38,True,slope,0.8,False,False,True,False,False,6.696040630340576,245.0,torso_height,1.5584867827746334
robust_seed42,51,29,39,True,slope,1.0,False,False,True,False,False,6.166627883911133,191.0,torso_height,1.9401935757142712
robust_seed42,51,29,40,True,slope,0.2,False,False,False,True,False,32.88874053955078,960.0,time_out,2.270566463470459
robust_seed42,51,29,41,True,slope,0.4,False,False,True,False,False,6.2626142501831055,139.0,torso_height,2.867033979017958
robust_seed42,51,29,42,True,slope,0.6,False,False,True,False,False,7.9209980964660645,273.0,torso_height,1.7247013469318768
robust_seed42,51,29,43,True,slope,0.8,False,False,True,False,False,6.9231767654418945,211.0,torso_height,1.9579761740155694
robust_seed42,51,29,44,True,slope,1.0,False,False,False,False,False,10.622187614440918,960.0,time_out,0.34514057636260986
robust_seed42,51,29,45,True,slope,0.2,False,False,False,False,False,5.422021865844727,960.0,time_out,0.23891973495483398
robust_seed42,51,29,46,True,slope,0.4,False,False,True,False,False,7.974150657653809,204.0,torso_height,2.544364368214327
robust_seed42,51,29,47,True,slope,0.6,False,False,False,True,False,14.126227378845215,960.0,time_out,0.7790035009384155
robust_seed42,51,29,48,True,slope,0.8,False,False,True,False,False,6.922830104827881,209.0,torso_height,2.0123553846441387
robust_seed42,51,29,49,True,slope,1.0,True,False,False,False,False,17.40608787536621,960.0,time_out,0.8996394276618958
robust_seed42,51,29,50,True,stairs,0.2,False,False,False,False,False,11.535529136657715,960.0,time_out,0.5508763790130615
robust_seed42,51,29,51,True,stairs,0.4,True,False,False,False,False,21.732864379882812,960.0,time_out,1.2572513818740845
robust_seed42,51,29,52,True,stairs,0.6,False,False,False,False,False,12.94743824005127,960.0,time_out,0.5718138217926025
robust_seed42,51,29,53,True,stairs,0.8,False,False,False,False,False,9.841415405273438,960.0,time_out,0.23463010787963867
robust_seed42,51,29,54,True,stairs,1.0,False,False,False,False,False,12.485154151916504,960.0,time_out,0.2984609603881836
robust_seed42,51,29,55,True,stairs,0.2,False,False,False,False,False,8.870015144348145,960.0,time_out,0.2296231985092163
robust_seed42,51,29,56,True,stairs,0.4,False,False,False,True,False,13.48125171661377,960.0,time_out,0.6789857149124146
robust_seed42,51,29,57,True,stairs,0.6,False,False,True,False,False,0.31729695200920105,23.0,overturn,0.5328767195991848
robust_seed42,51,29,58,True,stairs,0.8,False,False,False,False,False,11.095353126525879,960.0,time_out,0.3605766296386719
robust_seed42,51,29,59,True,stairs,1.0,False,False,False,False,False,9.710277557373047,960.0,time_out,0.2331486940383911
robust_seed42,51,29,60,True,stairs,0.2,True,False,False,False,False,20.53074836730957,960.0,time_out,1.0417015552520752
robust_seed42,51,29,61,True,stairs,0.4,False,False,False,False,False,11.806884765625,960.0,time_out,0.3811298608779907
robust_seed42,51,29,62,True,stairs,0.6,False,False,False,False,False,11.719588279724121,960.0,time_out,0.37453925609588623
robust_seed42,51,29,63,True,stairs,0.8,False,False,False,False,False,11.550416946411133,960.0,time_out,0.2992997169494629
robust_seed42,51,29,64,True,stairs,1.0,False,False,False,False,False,11.74893856048584,960.0,time_out,0.29804134368896484
robust_seed42,51,29,65,True,stairs,0.2,False,False,False,True,False,14.744287490844727,960.0,time_out,0.9452970027923584
robust_seed42,51,29,66,True,stairs,0.4,False,False,True,False,False,6.451149940490723,163.0,torso_height,2.488196203313722
robust_seed42,51,29,67,True,stairs,0.6,False,False,False,False,False,11.168092727661133,960.0,time_out,0.2979471683502197
robust_seed42,51,29,68,True,stairs,0.8,False,False,True,False,False,8.300506591796875,582.0,torso_height,0.5507667777464562
robust_seed42,51,29,69,True,stairs,1.0,False,False,False,False,False,10.701011657714844,960.0,time_out,0.2602592706680298
robust_seed42,51,29,70,True,stairs,0.2,True,False,False,False,False,24.72992515563965,960.0,time_out,1.7214161157608032
robust_seed42,51,29,71,True,stairs,0.4,False,False,True,False,False,7.670835971832275,322.0,torso_height,1.3505222486413044
robust_seed42,51,29,72,True,stairs,0.6,False,False,False,False,False,11.092414855957031,960.0,time_out,0.27934253215789795
robust_seed42,51,29,73,True,stairs,0.8,False,False,False,False,False,8.951800346374512,960.0,time_out,0.25345921516418457
robust_seed42,51,29,74,True,stairs,1.0,False,False,False,False,False,12.383448600769043,960.0,time_out,0.29185807704925537
robust_seed42,51,29,75,True,waves,0.2,False,False,False,True,False,25.384241104125977,960.0,time_out,1.5733411312103271
robust_seed42,51,29,76,True,waves,0.4,False,False,True,False,False,5.849947929382324,121.0,torso_height,3.21507855880359
robust_seed42,51,29,77,True,waves,0.6,False,False,True,False,False,6.751058578491211,199.0,torso_height,2.0606059165456188
robust_seed42,51,29,78,True,waves,0.8,False,False,False,False,False,11.386520385742188,960.0,time_out,0.3329850435256958
robust_seed42,51,29,79,True,waves,1.0,False,False,True,False,False,1.316981554031372,71.0,overturn,0.6802223098110145
robust_seed42,51,29,80,True,waves,0.2,False,False,True,False,False,12.467180252075195,475.0,torso_height,1.6146158318770558
robust_seed42,51,29,81,True,waves,0.4,False,False,True,False,False,6.096139430999756,133.0,torso_height,2.9121049006182447
robust_seed42,51,29,82,True,waves,0.6,False,False,True,False,False,6.239019870758057,224.0,torso_height,1.7760086059570312
robust_seed42,51,29,83,True,waves,0.8,False,False,False,False,False,12.454090118408203,960.0,time_out,0.387459397315979
robust_seed42,51,29,84,True,waves,1.0,False,False,False,False,False,9.286346435546875,960.0,time_out,0.3357464075088501
robust_seed42,51,29,85,True,waves,0.2,False,False,False,False,False,11.486493110656738,960.0,time_out,0.3389068841934204
robust_seed42,51,29,86,True,waves,0.4,False,False,True,False,False,8.477904319763184,406.0,torso_height,1.2610473069064136
robust_seed42,51,29,87,True,waves,0.6,False,False,True,False,False,6.151302337646484,151.0,torso_height,2.544495285741541
robust_seed42,51,29,88,True,waves,0.8,False,False,True,False,False,5.973024845123291,157.0,torso_height,2.407789534064615
robust_seed42,51,29,89,True,waves,1.0,False,False,True,False,False,4.298145294189453,98.0,torso_height,2.7958920537209027
robust_seed42,51,29,90,True,waves,0.2,True,False,False,False,False,18.95177459716797,960.0,time_out,1.2801426649093628
robust_seed42,51,29,91,True,waves,0.4,False,False,True,False,False,9.139799118041992,354.0,torso_height,1.452633485955707
robust_seed42,51,29,92,True,waves,0.6,False,False,True,False,False,6.219792366027832,131.0,torso_height,3.064560926597537
robust_seed42,51,29,93,True,waves,0.8,False,False,True,False,False,5.895463466644287,156.0,torso_height,2.405260526216947
robust_seed42,51,29,94,True,waves,1.0,False,False,True,False,False,4.231591701507568,122.0,torso_height,2.2448561621493983
robust_seed42,51,29,95,True,waves,0.2,False,False,True,False,False,36.01033401489258,776.0,torso_height,2.996601222716656
robust_seed42,51,29,96,True,waves,0.4,False,False,True,False,False,6.071661472320557,129.0,torso_height,2.9412806311319044
robust_seed42,51,29,97,True,waves,0.6,False,False,False,False,False,8.001080513000488,960.0,time_out,0.30484485626220703
robust_seed42,51,29,98,True,waves,0.8,False,False,True,False,False,5.276884078979492,203.0,torso_height,1.5643819799564156
robust_seed42,51,29,99,True,waves,1.0,False,False,True,False,False,4.689569473266602,182.0,torso_height,1.5278246114542198
robust_seed42,51,29,100,True,obstacles,0.2,False,False,False,False,False,12.750503540039062,960.0,time_out,0.45088326930999756
robust_seed42,51,29,101,True,obstacles,0.4,False,False,False,False,False,10.489225387573242,960.0,time_out,0.4460080862045288
robust_seed42,51,29,102,True,obstacles,0.6,False,False,False,True,False,12.378091812133789,960.0,time_out,0.602672815322876
robust_seed42,51,29,103,True,obstacles,0.8,False,False,False,False,False,7.705165386199951,960.0,time_out,0.36813485622406006
robust_seed42,51,29,104,True,obstacles,1.0,False,False,False,False,False,6.7456955909729,960.0,time_out,0.2926541566848755
robust_seed42,51,29,105,True,obstacles,0.2,False,False,False,True,False,21.67559242248535,960.0,time_out,1.294820785522461
robust_seed42,51,29,106,True,obstacles,0.4,False,False,False,False,False,9.142386436462402,960.0,time_out,0.33555614948272705
robust_seed42,51,29,107,True,obstacles,0.6,True,False,False,False,False,13.342723846435547,960.0,time_out,0.8306847214698792
robust_seed42,51,29,108,True,obstacles,0.8,False,False,False,False,False,11.657565116882324,960.0,time_out,0.5317939519882202
robust_seed42,51,29,109,True,obstacles,1.0,False,False,False,False,False,12.893879890441895,960.0,time_out,0.37690603733062744
robust_seed42,51,29,110,True,obstacles,0.2,False,False,False,True,False,16.81549072265625,960.0,time_out,0.8964400291442871
robust_seed42,51,29,111,True,obstacles,0.4,False,False,False,False,False,7.222217082977295,960.0,time_out,0.35816943645477295
robust_seed42,51,29,112,True,obstacles,0.6,False,False,False,False,False,4.33771276473999,960.0,time_out,0.4635777473449707
robust_seed42,51,29,113,True,obstacles,0.8,False,False,False,False,False,10.252144813537598,960.0,time_out,0.38906657695770264
robust_seed42,51,29,114,True,obstacles,1.0,False,False,True,False,False,6.354151725769043,448.0,torso_height,0.6694556134087699
robust_seed42,51,29,115,True,obstacles,0.2,True,False,False,False,False,21.86781883239746,960.0,time_out,1.401159644126892
robust_seed42,51,29,116,True,obstacles,0.4,False,False,False,False,False,7.818859100341797,960.0,time_out,0.34979164600372314
robust_seed42,51,29,117,True,obstacles,0.6,False,False,False,False,False,7.079851150512695,960.0,time_out,0.500651478767395
robust_seed42,51,29,118,True,obstacles,0.8,False,False,True,False,False,0.2779492735862732,16.0,overturn,0.8510112762451172
robust_seed42,51,29,119,True,obstacles,1.0,False,False,False,True,False,14.80245304107666,960.0,time_out,0.5558710098266602
robust_seed42,51,29,120,True,obstacles,0.2,False,False,False,False,False,10.555045127868652,960.0,time_out,0.431870698928833
robust_seed42,51,29,121,True,obstacles,0.4,False,False,False,False,False,12.377777099609375,960.0,time_out,0.5486609935760498
robust_seed42,51,29,122,True,obstacles,0.6,False,False,False,False,False,9.247706413269043,960.0,time_out,0.3223029375076294
robust_seed42,51,29,123,True,obstacles,0.8,False,False,True,False,False,-0.020561374723911285,21.0,overturn,-0.4426247732979911
robust_seed42,51,29,124,True,obstacles,1.0,False,False,True,False,False,7.77492094039917,673.0,torso_height,0.36199923964524516
robust_seed42,51,29,125,True,stepping_stones,0.2,False,False,False,False,False,13.02897834777832,960.0,time_out,0.37222278118133545
robust_seed42,51,29,126,True,stepping_stones,0.4,False,False,False,False,False,15.83265495300293,960.0,time_out,0.5346410274505615
robust_seed42,51,29,127,True,stepping_stones,0.6,False,False,False,False,False,10.712715148925781,960.0,time_out,0.2905391454696655
robust_seed42,51,29,128,True,stepping_stones,0.8,False,False,True,False,False,4.614216327667236,264.0,torso_height,0.9866302663629705
robust_seed42,51,29,129,True,stepping_stones,1.0,False,False,False,True,False,5.345981121063232,960.0,time_out,0.2815781831741333
robust_seed42,51,29,130,True,stepping_stones,0.2,False,False,True,False,False,11.153730392456055,909.0,torso_height,0.3344549046884669
robust_seed42,51,29,131,True,stepping_stones,0.4,False,False,False,False,False,15.188871383666992,960.0,time_out,0.3924754858016968
robust_seed42,51,29,132,True,stepping_stones,0.6,False,False,False,False,False,11.542094230651855,960.0,time_out,0.3055986166000366
robust_seed42,51,29,133,True,stepping_stones,0.8,False,False,False,False,False,7.548314094543457,960.0,time_out,0.34217607975006104
robust_seed42,51,29,134,True,stepping_stones,1.0,False,False,False,False,False,12.037327766418457,960.0,time_out,0.31444835662841797
robust_seed42,51,29,135,True,stepping_stones,0.2,False,False,False,False,False,11.007977485656738,960.0,time_out,0.3248635530471802
robust_seed42,51,29,136,True,stepping_stones,0.4,False,False,False,False,False,12.26650333404541,960.0,time_out,0.2840536832809448
robust_seed42,51,29,137,True,stepping_stones,0.6,False,False,False,False,False,11.597053527832031,960.0,time_out,0.3223229646682739
robust_seed42,51,29,138,True,stepping_stones,0.8,False,False,False,False,False,11.593851089477539,960.0,time_out,0.3008173704147339
robust_seed42,51,29,139,True,stepping_stones,1.0,False,False,False,False,False,7.357580661773682,960.0,time_out,0.28753209114074707
robust_seed42,51,29,140,True,stepping_stones,0.2,False,False,False,False,False,11.971846580505371,960.0,time_out,0.3720792531967163
robust_seed42,51,29,141,True,stepping_stones,0.4,False,False,False,False,False,12.519518852233887,960.0,time_out,0.42690110206604004
robust_seed42,51,29,142,True,stepping_stones,0.6,False,False,False,False,False,11.645108222961426,960.0,time_out,0.3332960605621338
robust_seed42,51,29,143,True,stepping_stones,0.8,False,False,False,False,False,12.077082633972168,960.0,time_out,0.37623131275177
robust_seed42,51,29,144,True,stepping_stones,1.0,False,False,False,False,False,11.187640190124512,960.0,time_out,0.27088093757629395
robust_seed42,51,29,145,True,stepping_stones,0.2,False,False,True,False,False,6.019359111785889,259.0,torso_height,1.2854578320123975
robust_seed42,51,29,146,True,stepping_stones,0.4,False,False,True,False,False,7.798367977142334,337.0,torso_height,1.1180962582370295
robust_seed42,51,29,147,True,stepping_stones,0.6,False,False,False,False,False,11.777050971984863,960.0,time_out,0.3315908908843994
robust_seed42,51,29,148,True,stepping_stones,0.8,False,False,False,False,False,11.557002067565918,960.0,time_out,0.308677077293396
robust_seed42,51,29,149,True,stepping_stones,1.0,False,False,False,False,False,6.201388359069824,960.0,time_out,0.29178595542907715
robust_seed42,51,29,150,False,flat,0.2,,,False,False,False,139.3774871826172,960.0,time_out,9.838314056396484
robust_seed42,51,29,151,False,flat,0.4,,,False,False,False,164.93368530273438,960.0,time_out,11.341251373291016
robust_seed42,51,29,152,False,flat,0.6,,,False,False,False,157.13816833496094,960.0,time_out,10.880619049072266
robust_seed42,51,29,153,False,flat,0.8,,,False,False,False,161.30477905273438,960.0,time_out,11.155328750610352
robust_seed42,51,29,154,False,flat,1.0,,,False,False,False,160.8350830078125,960.0,time_out,11.165850639343262
robust_seed42,51,29,155,False,flat,0.2,,,False,False,False,158.17730712890625,960.0,time_out,10.923901557922363
robust_seed42,51,29,156,False,flat,0.4,,,False,False,False,162.43064880371094,960.0,time_out,11.280329704284668
robust_seed42,51,29,157,False,flat,0.6,,,False,False,False,79.73860931396484,960.0,time_out,5.509757995605469
robust_seed42,51,29,158,False,flat,0.8,,,False,False,False,155.7917938232422,960.0,time_out,10.718317985534668
robust_seed42,51,29,159,False,flat,1.0,,,False,False,False,162.98077392578125,960.0,time_out,11.248909950256348
robust_seed42,51,29,160,False,flat,0.2,,,False,False,False,150.5123748779297,960.0,time_out,10.4738130569458
robust_seed42,51,29,161,False,flat,0.4,,,False,False,False,158.25100708007812,960.0,time_out,11.05257511138916
robust_seed42,51,29,162,False,flat,0.6,,,False,False,False,148.94625854492188,960.0,time_out,10.191630363464355
robust_seed42,51,29,163,False,flat,0.8,,,False,False,False,151.0381317138672,960.0,time_out,10.609251976013184
robust_seed42,51,29,164,False,flat,1.0,,,True,False,False,110.57877349853516,776.0,overturn,9.459762966509947
robust_seed42,51,29,165,False,flat,0.2,,,False,False,False,159.49893188476562,960.0,time_out,11.111912727355957
robust_seed42,51,29,166,False,flat,0.4,,,False,False,False,151.93519592285156,960.0,time_out,10.52582836151123
robust_seed42,51,29,167,False,flat,0.6,,,False,False,False,157.62405395507812,960.0,time_out,10.945697784423828
robust_seed42,51,29,168,False,flat,0.8,,,False,False,False,142.49246215820312,960.0,time_out,9.929645538330078
robust_seed42,51,29,169,False,flat,1.0,,,False,False,False,130.49266052246094,960.0,time_out,9.077371597290039
robust_seed42,51,29,170,False,flat,0.2,,,False,False,False,144.86524963378906,960.0,time_out,10.172712326049805
robust_seed42,51,29,171,False,flat,0.4,,,False,False,False,158.84677124023438,960.0,time_out,10.951749801635742
robust_seed42,51,29,172,False,flat,0.6,,,False,False,False,160.38021850585938,960.0,time_out,11.110939979553223
robust_seed42,51,29,173,False,flat,0.8,,,False,False,False,161.872314453125,960.0,time_out,11.121639251708984
robust_seed42,51,29,174,False,flat,1.0,,,False,False,False,131.70684814453125,960.0,time_out,9.205833435058594
robust_seed42,54,30,0,True,rough,0.2,False,False,False,True,False,31.3634090423584,960.0,time_out,2.1522879600524902
robust_seed42,54,30,1,True,rough,0.4,False,False,False,True,False,8.047179222106934,960.0,time_out,0.49535298347473145
robust_seed42,54,30,2,True,rough,0.6,False,False,False,False,False,10.819968223571777,960.0,time_out,0.2880997657775879
robust_seed42,54,30,3,True,rough,0.8,False,False,False,False,False,14.801777839660645,960.0,time_out,0.680026650428772
robust_seed42,54,30,4,True,rough,1.0,False,False,False,False,False,10.651796340942383,960.0,time_out,0.2560765743255615
robust_seed42,54,30,5,True,rough,0.2,False,False,False,True,False,27.441513061523438,960.0,time_out,1.7160671949386597
robust_seed42,54,30,6,True,rough,0.4,False,False,False,True,False,19.879745483398438,960.0,time_out,1.206043004989624
robust_seed42,54,30,7,True,rough,0.6,False,False,False,False,False,12.655525207519531,960.0,time_out,0.45111632347106934
robust_seed42,54,30,8,True,rough,0.8,False,False,False,False,False,10.780743598937988,960.0,time_out,0.32836973667144775
robust_seed42,54,30,9,True,rough,1.0,False,False,False,False,False,10.520931243896484,960.0,time_out,0.23206067085266113
robust_seed42,54,30,10,True,rough,0.2,False,False,False,True,False,23.975234985351562,960.0,time_out,1.4241127967834473
robust_seed42,54,30,11,True,rough,0.4,True,False,False,False,False,16.820026397705078,960.0,time_out,0.9552820920944214
robust_seed42,54,30,12,True,rough,0.6,True,False,False,False,False,16.189422607421875,960.0,time_out,0.8806427717208862
robust_seed42,54,30,13,True,rough,0.8,False,False,True,False,False,8.495386123657227,348.0,torso_height,1.338689738306506
robust_seed42,54,30,14,True,rough,1.0,False,False,False,False,False,12.257248878479004,960.0,time_out,0.39616358280181885
robust_seed42,54,30,15,True,rough,0.2,False,False,False,True,False,34.99156188964844,960.0,time_out,2.3255200386047363
robust_seed42,54,30,16,True,rough,0.4,True,False,False,False,False,19.22597885131836,960.0,time_out,1.2663909196853638
robust_seed42,54,30,17,True,rough,0.6,True,False,False,False,False,12.768046379089355,960.0,time_out,0.8570318818092346
robust_seed42,54,30,18,True,rough,0.8,False,False,False,False,False,8.51512336730957,960.0,time_out,0.31985902786254883
robust_seed42,54,30,19,True,rough,1.0,False,False,True,False,False,6.039096355438232,198.0,torso_height,1.8236067800810845
robust_seed42,54,30,20,True,rough,0.2,False,False,False,True,False,17.607648849487305,960.0,time_out,1.2062677145004272
robust_seed42,54,30,21,True,rough,0.4,False,False,False,True,False,32.42086410522461,960.0,time_out,2.147282123565674
robust_seed42,54,30,22,True,rough,0.6,False,False,False,False,False,11.057466506958008,960.0,time_out,0.36550068855285645
robust_seed42,54,30,23,True,rough,0.8,False,False,False,False,False,11.531548500061035,960.0,time_out,0.363034725189209
robust_seed42,54,30,24,True,rough,1.0,False,False,True,False,False,7.21460485458374,321.0,torso_height,1.23246201844973
robust_seed42,54,30,25,True,slope,0.2,False,False,False,True,False,17.003190994262695,960.0,time_out,1.0889666080474854
robust_seed42,54,30,26,True,slope,0.4,False,False,True,False,False,-0.07156436890363693,31.0,overturn,-0.35190951439642143
robust_seed42,54,30,27,True,slope,0.6,False,False,True,False,False,6.693428039550781,182.0,torso_height,2.2466575706398095
robust_seed42,54,30,28,True,slope,0.8,False,False,True,False,False,7.114551544189453,266.0,torso_height,1.4938158020937353
robust_seed42,54,30,29,True,slope,1.0,False,False,True,False,False,7.9285783767700195,301.0,torso_height,1.5576412669844009
robust_seed42,54,30,30,True,slope,0.2,False,False,False,True,False,22.035091400146484,960.0,time_out,1.3845194578170776
robust_seed42,54,30,31,True,slope,0.4,False,False,False,True,False,18.490079879760742,960.0,time_out,1.0746403932571411
robust_seed42,54,30,32,True,slope,0.6,False,False,True,False,False,6.643973350524902,182.0,torso_height,2.270078344659491
robust_seed42,54,30,33,True,slope,0.8,False,False,True,False,False,-0.1258278787136078,20.0,overturn,-0.6585044860839844
robust_seed42,54,30,34,True,slope,1.0,False,False,True,False,False,6.801610469818115,230.0,torso_height,1.7043337614639944
robust_seed42,54,30,35,True,slope,0.2,True,False,False,False,False,15.086288452148438,960.0,time_out,1.062821865081787
robust_seed42,54,30,36,True,slope,0.4,False,False,True,False,False,6.90463399887085,230.0,torso_height,1.7373763374660325
robust_seed42,54,30,37,True,slope,0.6,False,False,True,False,False,6.44735050201416,186.0,torso_height,2.1107255258867816
robust_seed42,54,30,38,True,slope,0.8,False,False,True,False,False,6.205107688903809,200.0,torso_height,1.8589914321899412
robust_seed42,54,30,39,True,slope,1.0,False,False,True,False,False,7.583720684051514,339.0,torso_height,1.1824076154590708
robust_seed42,54,30,40,True,slope,0.2,False,False,False,True,False,32.03861618041992,960.0,time_out,2.144188165664673
robust_seed42,54,30,41,True,slope,0.4,False,False,False,False,False,8.572453498840332,960.0,time_out,0.6273322105407715
robust_seed42,54,30,42,True,slope,0.6,False,False,True,False,False,6.063939094543457,142.0,torso_height,2.723971084809639
robust_seed42,54,30,43,True,slope,0.8,False,False,False,False,False,11.833294868469238,960.0,time_out,0.35092926025390625
robust_seed42,54,30,44,True,slope,1.0,False,False,False,False,False,8.248250007629395,960.0,time_out,0.20999372005462646
robust_seed42,54,30,45,True,slope,0.2,False,False,False,True,False,19.432390213012695,960.0,time_out,1.1918524503707886
robust_seed42,54,30,46,True,slope,0.4,False,False,True,False,False,7.634541034698486,218.0,torso_height,2.132437994720739
robust_seed42,54,30,47,True,slope,0.6,False,False,True,False,False,7.34087610244751,228.0,torso_height,1.9069772017629525
robust_seed42,54,30,48,True,slope,0.8,False,False,False,False,False,6.948195457458496,960.0,time_out,0.23954498767852783
robust_seed42,54,30,49,True,slope,1.0,False,False,False,False,False,11.003284454345703,960.0,time_out,0.2638126611709595
robust_seed42,54,30,50,True,stairs,0.2,False,False,False,False,False,8.597688674926758,960.0,time_out,0.2907356023788452
robust_seed42,54,30,51,True,stairs,0.4,False,False,False,False,False,10.913070678710938,960.0,time_out,0.27815186977386475
robust_seed42,54,30,52,True,stairs,0.6,False,False,True,False,False,8.778292655944824,412.0,torso_height,1.1245067374220172
robust_seed42,54,30,53,True,stairs,0.8,False,False,False,False,False,11.280006408691406,960.0,time_out,0.26172423362731934
robust_seed42,54,30,54,True,stairs,1.0,False,False,False,False,False,10.697580337524414,960.0,time_out,0.26049375534057617
robust_seed42,54,30,55,True,stairs,0.2,True,False,False,False,False,23.493453979492188,960.0,time_out,1.5897324085235596
robust_seed42,54,30,56,True,stairs,0.4,False,False,False,False,False,10.87009048461914,960.0,time_out,0.2605912685394287
robust_seed42,54,30,57,True,stairs,0.6,False,False,True,False,False,10.239492416381836,640.0,torso_height,0.713119626045227
robust_seed42,54,30,58,True,stairs,0.8,False,False,False,False,False,11.120862007141113,960.0,time_out,0.25535666942596436
robust_seed42,54,30,59,True,stairs,1.0,False,False,False,True,False,8.811945915222168,960.0,time_out,0.2936079502105713
robust_seed42,54,30,60,True,stairs,0.2,True,False,False,False,False,16.49531364440918,960.0,time_out,0.9567865133285522
robust_seed42,54,30,61,True,stairs,0.4,False,False,True,False,False,7.6717987060546875,308.0,torso_height,1.4358281469964362
robust_seed42,54,30,62,True,stairs,0.6,False,False,False,False,False,10.076790809631348,960.0,time_out,0.23531770706176758
robust_seed42,54,30,63,True,stairs,0.8,False,False,False,False,False,10.745105743408203,960.0,time_out,0.2992950677871704
robust_seed42,54,30,64,True,stairs,1.0,False,False,False,False,False,10.789216041564941,960.0,time_out,0.26174604892730713
robust_seed42,54,30,65,True,stairs,0.2,False,False,False,True,False,13.63074016571045,960.0,time_out,0.5621476173400879
robust_seed42,54,30,66,True,stairs,0.4,False,False,True,False,False,0.3839641213417053,17.0,overturn,1.2300379136029411
robust_seed42,54,30,67,True,stairs,0.6,False,False,True,False,False,8.317636489868164,431.0,torso_height,0.9842742070244526
robust_seed42,54,30,68,True,stairs,0.8,False,False,False,False,False,11.600099563598633,960.0,time_out,0.30010223388671875
robust_seed42,54,30,69,True,stairs,1.0,False,False,False,False,False,11.34640121459961,960.0,time_out,0.3388482332229614
robust_seed42,54,30,70,True,stairs,0.2,False,False,False,False,False,11.385124206542969,960.0,time_out,0.35566580295562744
robust_seed42,54,30,71,True,stairs,0.4,True,False,False,False,False,18.563133239746094,960.0,time_out,1.010434627532959
robust_seed42,54,30,72,True,stairs,0.6,False,False,False,False,False,8.777295112609863,960.0,time_out,0.2858102321624756
robust_seed42,54,30,73,True,stairs,0.8,False,False,False,False,False,9.65291690826416,960.0,time_out,0.3122819662094116
robust_seed42,54,30,74,True,stairs,1.0,False,False,False,False,False,11.498950004577637,960.0,time_out,0.2607003450393677
robust_seed42,54,30,75,True,waves,0.2,False,False,False,False,False,12.460482597351074,960.0,time_out,0.5594013929367065
robust_seed42,54,30,76,True,waves,0.4,False,False,False,False,False,14.457727432250977,960.0,time_out,0.6267781257629395
robust_seed42,54,30,77,True,waves,0.6,False,False,True,False,False,4.6147589683532715,99.0,torso_height,2.897609363902699
robust_seed42,54,30,78,True,waves,0.8,False,False,True,False,False,6.171523094177246,170.0,torso_height,2.2230249292710247
robust_seed42,54,30,79,True,waves,1.0,False,False,True,False,False,-0.07541097700595856,24.0,overturn,-0.5226898193359375
robust_seed42,54,30,80,True,waves,0.2,True,False,False,False,False,32.62748718261719,960.0,time_out,2.0732603073120117
robust_seed42,54,30,81,True,waves,0.4,False,False,True,False,False,14.828063011169434,438.0,torso_height,2.038345990115649
robust_seed42,54,30,82,True,waves,0.6,False,False,True,False,False,6.755428791046143,256.0,torso_height,1.6473005712032318
robust_seed42,54,30,83,True,waves,0.8,False,False,True,False,False,6.42554235458374,178.0,torso_height,2.1924327464585893
robust_seed42,54,30,84,True,waves,1.0,False,False,True,False,False,4.858201503753662,222.0,torso_height,1.2323704281368772
robust_seed42,54,30,85,True,waves,0.2,True,False,False,False,False,13.955595970153809,960.0,time_out,1.0507678985595703
robust_seed42,54,30,86,True,waves,0.4,False,False,False,False,False,8.322439193725586,960.0,time_out,0.31084954738616943
robust_seed42,54,30,87,True,waves,0.6,False,False,False,False,False,7.474854469299316,960.0,time_out,0.4560040235519409
robust_seed42,54,30,88,True,waves,0.8,False,False,True,False,False,6.593421936035156,275.0,torso_height,1.3468156294389206
robust_seed42,54,30,89,True,waves,1.0,False,False,True,False,False,4.656731128692627,105.0,torso_height,2.8244421822684154
robust_seed42,54,30,90,True,waves,0.2,False,False,False,False,False,13.033952713012695,960.0,time_out,0.5356062650680542
robust_seed42,54,30,91,True,waves,0.4,False,False,True,False,False,5.026454925537109,180.0,torso_height,1.7206312815348308
robust_seed42,54,30,92,True,waves,0.6,False,False,True,False,False,5.2328948974609375,219.0,torso_height,1.3831459986020442
robust_seed42,54,30,93,True,waves,0.8,False,False,True,False,False,6.134236812591553,128.0,torso_height,2.9980212450027466
robust_seed42,54,30,94,True,waves,1.0,False,False,False,False,False,10.77542781829834,960.0,time_out,0.28986263275146484
robust_seed42,54,30,95,True,waves,0.2,False,False,True,False,False,0.3609733581542969,23.0,overturn,0.6588562675144362
robust_seed42,54,30,96,True,waves,0.4,False,False,True,False,False,6.762526512145996,365.0,torso_height,1.0856426709318814
robust_seed42,54,30,97,True,waves,0.6,False,False,False,False,False,2.389755964279175,960.0,time_out,0.32628560066223145
robust_seed42,54,30,98,True,waves,0.8,False,False,True,False,False,5.391069412231445,169.0,torso_height,1.8597583657891088
robust_seed42,54,30,99,True,waves,1.0,False,False,True,False,False,4.959436893463135,132.0,torso_height,2.241560329090465
robust_seed42,54,30,100,True,obstacles,0.2,False,False,False,True,False,16.789518356323242,960.0,time_out,0.9555720686912537
robust_seed42,54,30,101,True,obstacles,0.4,False,False,True,False,False,6.971005439758301,259.0,torso_height,1.5806822611098124
robust_seed42,54,30,102,True,obstacles,0.6,False,False,False,False,False,14.889101028442383,960.0,time_out,0.6234452724456787
robust_seed42,54,30,103,True,obstacles,0.8,False,False,False,False,False,6.3097333908081055,960.0,time_out,0.44483304023742676
robust_seed42,54,30,104,True,obstacles,1.0,False,False,False,False,False,4.349574565887451,960.0,time_out,0.3343106508255005
robust_seed42,54,30,105,True,obstacles,0.2,False,False,False,False,False,5.968854904174805,960.0,time_out,0.4396435022354126
robust_seed42,54,30,106,True,obstacles,0.4,False,False,False,False,False,5.4565510749816895,960.0,time_out,0.4797006845474243
robust_seed42,54,30,107,True,obstacles,0.6,False,False,False,False,False,11.276565551757812,960.0,time_out,0.5414496660232544
robust_seed42,54,30,108,True,obstacles,0.8,False,False,True,False,False,10.62977409362793,465.0,torso_height,1.207760718560988
robust_seed42,54,30,109,True,obstacles,1.0,False,False,False,False,False,12.426125526428223,960.0,time_out,0.3873649835586548
robust_seed42,54,30,110,True,obstacles,0.2,True,False,False,False,False,16.168081283569336,960.0,time_out,0.9173756241798401
robust_seed42,54,30,111,True,obstacles,0.4,False,False,False,True,False,15.848491668701172,960.0,time_out,1.0738496780395508
robust_seed42,54,30,112,True,obstacles,0.6,False,False,False,False,False,9.419981002807617,960.0,time_out,0.41547298431396484
robust_seed42,54,30,113,True,obstacles,0.8,False,False,False,False,False,15.509061813354492,960.0,time_out,0.5811134576797485
robust_seed42,54,30,114,True,obstacles,1.0,False,False,True,False,False,5.942416191101074,204.0,torso_height,1.7695309134090649
robust_seed42,54,30,115,True,obstacles,0.2,False,False,True,False,False,0.06471152603626251,37.0,overturn,-0.2817628190324113
robust_seed42,54,30,116,True,obstacles,0.4,False,False,True,False,False,7.539823055267334,305.0,torso_height,1.3720978283491292
robust_seed42,54,30,117,True,obstacles,0.6,False,False,True,False,False,7.339649677276611,153.0,torso_height,3.098997976265702
robust_seed42,54,30,118,True,obstacles,0.8,False,False,False,False,False,9.181410789489746,960.0,time_out,0.35397863388061523
robust_seed42,54,30,119,True,obstacles,1.0,False,False,True,False,False,11.658829689025879,644.0,torso_height,0.8510937305711072
robust_seed42,54,30,120,True,obstacles,0.2,False,False,True,False,False,0.21898865699768066,16.0,overturn,0.6600236892700195
robust_seed42,54,30,121,True,obstacles,0.4,False,False,False,False,False,13.384542465209961,960.0,time_out,0.5024794340133667
robust_seed42,54,30,122,True,obstacles,0.6,False,False,False,False,False,9.489635467529297,960.0,time_out,0.291265606880188
robust_seed42,54,30,123,True,obstacles,0.8,False,False,False,False,False,10.364520072937012,960.0,time_out,0.2950632572174072
robust_seed42,54,30,124,True,obstacles,1.0,False,False,False,False,False,5.372291564941406,960.0,time_out,0.3883129358291626
robust_seed42,54,30,125,True,stepping_stones,0.2,False,False,False,False,False,12.307432174682617,960.0,time_out,0.5031521320343018
robust_seed42,54,30,126,True,stepping_stones,0.4,False,False,False,False,False,12.073751449584961,960.0,time_out,0.360034704208374
robust_seed42,54,30,127,True,stepping_stones,0.6,False,False,False,False,False,11.64455795288086,960.0,time_out,0.31367456912994385
robust_seed42,54,30,128,True,stepping_stones,0.8,False,False,True,False,False,0.3949490189552307,29.0,overturn,0.5315622790106411
robust_seed42,54,30,129,True,stepping_stones,1.0,False,False,False,False,False,11.699718475341797,960.0,time_out,0.32258546352386475
robust_seed42,54,30,130,True,stepping_stones,0.2,False,False,False,False,False,9.542000770568848,960.0,time_out,0.25709104537963867
robust_seed42,54,30,131,True,stepping_stones,0.4,False,False,False,False,False,13.58226203918457,960.0,time_out,0.46722638607025146
robust_seed42,54,30,132,True,stepping_stones,0.6,False,False,False,False,False,11.887261390686035,960.0,time_out,0.3194059133529663
robust_seed42,54,30,133,True,stepping_stones,0.8,False,False,False,False,False,12.567601203918457,960.0,time_out,0.34199094772338867
robust_seed42,54,30,134,True,stepping_stones,1.0,False,False,False,False,False,13.961220741271973,960.0,time_out,0.39750540256500244
robust_seed42,54,30,135,True,stepping_stones,0.2,False,False,False,False,False,13.809300422668457,960.0,time_out,0.5077513456344604
robust_seed42,54,30,136,True,stepping_stones,0.4,False,False,False,False,False,11.017645835876465,960.0,time_out,0.2896524667739868
robust_seed42,54,30,137,True,stepping_stones,0.6,False,False,True,False,False,3.9789648056030273,148.0,torso_height,1.584605397404851
robust_seed42,54,30,138,True,stepping_stones,0.8,False,False,False,False,False,13.761545181274414,960.0,time_out,0.5046402215957642
robust_seed42,54,30,139,True,stepping_stones,1.0,False,False,False,False,False,12.315946578979492,960.0,time_out,0.33083295822143555
robust_seed42,54,30,140,True,stepping_stones,0.2,False,False,False,False,False,13.658714294433594,960.0,time_out,0.39428770542144775
robust_seed42,54,30,141,True,stepping_stones,0.4,False,False,False,False,False,12.628443717956543,960.0,time_out,0.413429856300354
robust_seed42,54,30,142,True,stepping_stones,0.6,False,False,False,False,False,11.591414451599121,960.0,time_out,0.31753289699554443
robust_seed42,54,30,143,True,stepping_stones,0.8,False,False,False,False,False,14.760415077209473,960.0,time_out,0.3910965919494629
robust_seed42,54,30,144,True,stepping_stones,1.0,False,False,False,False,False,11.048568725585938,960.0,time_out,0.30291926860809326
robust_seed42,54,30,145,True,stepping_stones,0.2,False,False,False,False,False,12.014946937561035,960.0,time_out,0.3732861280441284
robust_seed42,54,30,146,True,stepping_stones,0.4,False,False,False,False,False,9.890148162841797,960.0,time_out,0.2935384511947632
robust_seed42,54,30,147,True,stepping_stones,0.6,False,False,False,False,False,15.165186882019043,960.0,time_out,0.35727763175964355
robust_seed42,54,30,148,True,stepping_stones,0.8,False,False,False,False,False,11.350032806396484,960.0,time_out,0.3007739782333374
robust_seed42,54,30,149,True,stepping_stones,1.0,False,False,False,False,False,11.053531646728516,960.0,time_out,0.2803882360458374
robust_seed42,54,30,150,False,flat,0.2,,,True,False,False,0.20585626363754272,26.0,overturn,0.11868434456678537
robust_seed42,54,30,151,False,flat,0.4,,,False,False,False,160.7755889892578,960.0,time_out,11.125690460205078
robust_seed42,54,30,152,False,flat,0.6,,,False,False,False,151.22640991210938,960.0,time_out,10.48721694946289
robust_seed42,54,30,153,False,flat,0.8,,,False,False,False,160.5056915283203,960.0,time_out,10.976027488708496
robust_seed42,54,30,154,False,flat,1.0,,,False,False,False,157.72743225097656,960.0,time_out,10.908029556274414
robust_seed42,54,30,155,False,flat,0.2,,,False,False,False,150.10272216796875,960.0,time_out,10.594415664672852
robust_seed42,54,30,156,False,flat,0.4,,,False,False,False,165.85809326171875,960.0,time_out,11.44047737121582
robust_seed42,54,30,157,False,flat,0.6,,,False,False,False,141.8994140625,960.0,time_out,10.07165813446045
robust_seed42,54,30,158,False,flat,0.8,,,False,False,False,164.39573669433594,960.0,time_out,11.31690788269043
robust_seed42,54,30,159,False,flat,1.0,,,False,False,False,149.05252075195312,960.0,time_out,10.288476943969727
robust_seed42,54,30,160,False,flat,0.2,,,False,False,False,141.62985229492188,960.0,time_out,10.245551109313965
robust_seed42,54,30,161,False,flat,0.4,,,False,False,False,164.24046325683594,960.0,time_out,11.3407621383667
robust_seed42,54,30,162,False,flat,0.6,,,False,False,False,149.05264282226562,960.0,time_out,10.394457817077637
robust_seed42,54,30,163,False,flat,0.8,,,False,False,False,156.83905029296875,960.0,time_out,10.87684440612793
robust_seed42,54,30,164,False,flat,1.0,,,False,False,False,155.8176727294922,960.0,time_out,10.802790641784668
robust_seed42,54,30,165,False,flat,0.2,,,False,False,False,161.37184143066406,960.0,time_out,11.04545783996582
robust_seed42,54,30,166,False,flat,0.4,,,True,False,False,0.3692850172519684,35.0,overturn,0.34470950705664494
robust_seed42,54,30,167,False,flat,0.6,,,False,False,False,162.78591918945312,960.0,time_out,11.292526245117188
robust_seed42,54,30,168,False,flat,0.8,,,False,False,False,150.67660522460938,960.0,time_out,10.345824241638184
robust_seed42,54,30,169,False,flat,1.0,,,True,False,False,62.82343292236328,483.0,overturn,8.58881506120196
robust_seed42,54,30,170,False,flat,0.2,,,False,False,False,163.87010192871094,960.0,time_out,11.289657592773438
robust_seed42,54,30,171,False,flat,0.4,,,False,False,False,157.64013671875,960.0,time_out,10.995759963989258
robust_seed42,54,30,172,False,flat,0.6,,,False,False,False,165.12818908691406,960.0,time_out,11.3534517288208
robust_seed42,54,30,173,False,flat,0.8,,,False,False,False,158.9700927734375,960.0,time_out,10.984261512756348
robust_seed42,54,30,174,False,flat,1.0,,,False,False,False,164.3267822265625,960.0,time_out,11.353837966918945
robust_seed42,55,30,0,True,rough,0.2,True,False,False,False,False,18.110078811645508,960.0,time_out,1.0278862714767456
robust_seed42,55,30,1,True,rough,0.4,False,False,False,False,False,14.166240692138672,960.0,time_out,0.637873649597168
robust_seed42,55,30,2,True,rough,0.6,False,False,False,False,False,11.896295547485352,960.0,time_out,0.5320454835891724
robust_seed42,55,30,3,True,rough,0.8,False,False,False,False,False,12.126628875732422,960.0,time_out,0.4667184352874756
robust_seed42,55,30,4,True,rough,1.0,False,False,False,False,False,15.524805068969727,960.0,time_out,0.772500216960907
robust_seed42,55,30,5,True,rough,0.2,True,False,False,False,False,23.601791381835938,960.0,time_out,1.4376649856567383
robust_seed42,55,30,6,True,rough,0.4,False,False,False,False,False,5.674701690673828,960.0,time_out,0.24036383628845215
robust_seed42,55,30,7,True,rough,0.6,False,False,False,False,False,14.578482627868652,960.0,time_out,0.7086354494094849
robust_seed42,55,30,8,True,rough,0.8,False,False,False,False,False,14.482277870178223,960.0,time_out,0.5912718772888184
robust_seed42,55,30,9,True,rough,1.0,False,False,False,False,False,10.656112670898438,960.0,time_out,0.3721104860305786
robust_seed42,55,30,10,True,rough,0.2,False,False,False,True,False,28.921581268310547,960.0,time_out,1.9123456478118896
robust_seed42,55,30,11,True,rough,0.4,False,False,False,True,False,28.702045440673828,960.0,time_out,1.8674006462097168
robust_seed42,55,30,12,True,rough,0.6,False,False,True,False,False,14.855667114257812,664.0,torso_height,1.2421385351433811
robust_seed42,55,30,13,True,rough,0.8,False,False,False,False,False,9.459794998168945,960.0,time_out,0.3526393175125122
robust_seed42,55,30,14,True,rough,1.0,False,False,True,False,False,8.112034797668457,501.0,torso_height,0.7813306340200459
robust_seed42,55,30,15,True,rough,0.2,False,False,False,True,False,35.23303985595703,960.0,time_out,2.415175676345825
robust_seed42,55,30,16,True,rough,0.4,True,False,False,False,False,17.84950828552246,960.0,time_out,0.8457521796226501
robust_seed42,55,30,17,True,rough,0.6,False,False,False,False,False,15.280386924743652,960.0,time_out,0.7981979846954346
robust_seed42,55,30,18,True,rough,0.8,False,False,False,False,False,4.38271951675415,960.0,time_out,0.2823948860168457
robust_seed42,55,30,19,True,rough,1.0,False,False,False,False,False,4.168334007263184,960.0,time_out,0.23160886764526367
robust_seed42,55,30,20,True,rough,0.2,False,False,False,True,False,22.034351348876953,960.0,time_out,1.4314367771148682
robust_seed42,55,30,21,True,rough,0.4,True,False,False,False,False,18.606761932373047,960.0,time_out,1.090019702911377
robust_seed42,55,30,22,True,rough,0.6,False,False,False,False,False,14.34471607208252,960.0,time_out,0.7169704437255859
robust_seed42,55,30,23,True,rough,0.8,False,False,False,False,False,10.322444915771484,960.0,time_out,0.3174159526824951
robust_seed42,55,30,24,True,rough,1.0,False,False,False,False,False,-1.1338986158370972,960.0,time_out,0.27475881576538086
robust_seed42,55,30,25,True,slope,0.2,False,False,False,True,False,13.815961837768555,960.0,time_out,0.9580256342887878
robust_seed42,55,30,26,True,slope,0.4,False,False,True,False,False,-0.07156436890363693,31.0,overturn,-0.35190951439642143
robust_seed42,55,30,27,True,slope,0.6,False,False,True,False,False,6.549464225769043,199.0,torso_height,2.003051911167164
robust_seed42,55,30,28,True,slope,0.8,False,False,False,False,False,10.234923362731934,960.0,time_out,0.22331345081329346
robust_seed42,55,30,29,True,slope,1.0,False,False,True,False,False,6.6397857666015625,226.0,torso_height,1.7421659959101043
robust_seed42,55,30,30,True,slope,0.2,False,False,False,True,False,18.635786056518555,960.0,time_out,1.0857757329940796
robust_seed42,55,30,31,True,slope,0.4,False,False,False,True,False,18.608530044555664,960.0,time_out,1.0927565097808838
robust_seed42,55,30,32,True,slope,0.6,False,False,True,False,False,7.5760979652404785,175.0,torso_height,2.7204319545200892
robust_seed42,55,30,33,True,slope,0.8,False,False,True,False,False,-0.1258278787136078,20.0,overturn,-0.6585044860839844
robust_seed42,55,30,34,True,slope,1.0,False,False,False,False,False,10.619359016418457,960.0,time_out,0.36169934272766113
robust_seed42,55,30,35,True,slope,0.2,False,False,False,True,False,15.168769836425781,960.0,time_out,0.9541420936584473
robust_seed42,55,30,36,True,slope,0.4,False,False,True,False,False,6.90463399887085,230.0,torso_height,1.7373763374660325
robust_seed42,55,30,37,True,slope,0.6,False,False,True,False,False,6.44735050201416,186.0,torso_height,2.1107255258867816
robust_seed42,55,30,38,True,slope,0.8,False,False,True,False,False,6.6392083168029785,226.0,torso_height,1.7286695632259403
robust_seed42,55,30,39,True,slope,1.0,False,False,True,False,False,7.743947982788086,331.0,torso_height,1.2433898556988765
robust_seed42,55,30,40,True,slope,0.2,True,False,False,False,False,24.99575424194336,960.0,time_out,1.6790921688079834
robust_seed42,55,30,41,True,slope,0.4,False,False,False,False,False,8.572453498840332,960.0,time_out,0.6273322105407715
robust_seed42,55,30,42,True,slope,0.6,False,False,True,False,False,6.063939094543457,142.0,torso_height,2.723971084809639
robust_seed42,55,30,43,True,slope,0.8,True,False,False,False,False,19.664091110229492,960.0,time_out,1.1631309986114502
robust_seed42,55,30,44,True,slope,1.0,False,False,False,True,False,10.553081512451172,960.0,time_out,0.43808889389038086
robust_seed42,55,30,45,True,slope,0.2,False,False,False,True,False,23.330413818359375,960.0,time_out,1.4781683683395386
robust_seed42,55,30,46,True,slope,0.4,False,False,True,False,False,7.634541034698486,218.0,torso_height,2.132437994720739
robust_seed42,55,30,47,True,slope,0.6,False,False,True,True,False,14.43696117401123,480.0,torso_height,1.9450358152389526
robust_seed42,55,30,48,True,slope,0.8,False,False,True,False,False,7.911888599395752,309.0,torso_height,1.469655823939055
robust_seed42,55,30,49,True,slope,1.0,False,False,True,False,False,6.309072017669678,202.0,torso_height,1.8457252200287166
robust_seed42,55,30,50,True,stairs,0.2,True,False,False,False,False,20.849451065063477,960.0,time_out,1.2607243061065674
robust_seed42,55,30,51,True,stairs,0.4,True,False,False,False,False,19.742095947265625,960.0,time_out,1.1040173768997192
robust_seed42,55,30,52,True,stairs,0.6,False,False,True,False,False,9.5068359375,513.0,torso_height,0.8880097684804459
robust_seed42,55,30,53,True,stairs,0.8,False,False,False,False,False,10.55483627319336,960.0,time_out,0.2567317485809326
robust_seed42,55,30,54,True,stairs,1.0,False,False,False,False,False,9.108094215393066,960.0,time_out,0.2610611915588379
robust_seed42,55,30,55,True,stairs,0.2,False,False,False,True,False,20.82467269897461,960.0,time_out,1.4104931354522705
robust_seed42,55,30,56,True,stairs,0.4,False,False,False,False,False,10.57850456237793,960.0,time_out,0.3528614044189453
robust_seed42,55,30,57,True,stairs,0.6,False,False,True,False,False,8.95982551574707,398.0,torso_height,1.220190345342435
robust_seed42,55,30,58,True,stairs,0.8,False,False,False,False,False,11.50106143951416,960.0,time_out,0.25519251823425293
robust_seed42,55,30,59,True,stairs,1.0,False,False,True,False,False,7.569889068603516,666.0,torso_height,0.4565417659175289
robust_seed42,55,30,60,True,stairs,0.2,True,False,False,False,False,19.346813201904297,960.0,time_out,1.119507074356079
robust_seed42,55,30,61,True,stairs,0.4,False,False,False,False,False,11.79300594329834,960.0,time_out,0.257327675819397
robust_seed42,55,30,62,True,stairs,0.6,False,False,False,False,False,11.028254508972168,960.0,time_out,0.34954631328582764
robust_seed42,55,30,63,True,stairs,0.8,False,False,False,False,False,10.957844734191895,960.0,time_out,0.3761526346206665
robust_seed42,55,30,64,True,stairs,1.0,False,False,False,False,False,11.080781936645508,960.0,time_out,0.2631220817565918
robust_seed42,55,30,65,True,stairs,0.2,False,False,False,True,False,18.2733154296875,960.0,time_out,1.2011997699737549
robust_seed42,55,30,66,True,stairs,0.4,False,False,True,False,False,0.3839641213417053,17.0,overturn,1.2300379136029411
robust_seed42,55,30,67,True,stairs,0.6,False,False,True,False,False,8.80805492401123,596.0,torso_height,0.6099581878457293
robust_seed42,55,30,68,True,stairs,0.8,False,False,False,False,False,11.934110641479492,960.0,time_out,0.2988046407699585
robust_seed42,55,30,69,True,stairs,1.0,False,False,False,False,False,9.179910659790039,960.0,time_out,0.25729167461395264
robust_seed42,55,30,70,True,stairs,0.2,False,False,False,True,False,13.621760368347168,960.0,time_out,0.7617917656898499
robust_seed42,55,30,71,True,stairs,0.4,False,False,False,False,False,12.255908012390137,960.0,time_out,0.5114692449569702
robust_seed42,55,30,72,True,stairs,0.6,False,False,False,False,False,10.569969177246094,960.0,time_out,0.2892286777496338
robust_seed42,55,30,73,True,stairs,0.8,False,False,False,False,False,10.571125030517578,960.0,time_out,0.2592264413833618
robust_seed42,55,30,74,True,stairs,1.0,False,False,False,False,False,10.371345520019531,960.0,time_out,0.25960493087768555
robust_seed42,55,30,75,True,waves,0.2,True,False,False,False,False,37.971153259277344,960.0,time_out,2.500450372695923
robust_seed42,55,30,76,True,waves,0.4,False,False,True,False,False,6.210360050201416,143.0,torso_height,2.6977565738704654
robust_seed42,55,30,77,True,waves,0.6,False,False,True,False,False,10.9297513961792,551.0,torso_height,0.9277644217987892
robust_seed42,55,30,78,True,waves,0.8,False,False,True,False,False,6.171523094177246,170.0,torso_height,2.2230249292710247
robust_seed42,55,30,79,True,waves,1.0,False,False,True,False,False,-0.07541097700595856,24.0,overturn,-0.5226898193359375
robust_seed42,55,30,80,True,waves,0.2,False,False,False,False,False,14.023008346557617,960.0,time_out,0.6573317050933838
robust_seed42,55,30,81,True,waves,0.4,False,False,True,False,False,15.748204231262207,457.0,torso_height,2.1629644014120624
robust_seed42,55,30,82,True,waves,0.6,False,False,True,False,False,4.63379430770874,107.0,torso_height,2.6233494838821554
robust_seed42,55,30,83,True,waves,0.8,False,False,True,False,False,4.818400859832764,173.0,torso_height,1.6497339678637555
robust_seed42,55,30,84,True,waves,1.0,False,False,True,False,False,5.425623416900635,340.0,torso_height,0.8749886681051815
robust_seed42,55,30,85,True,waves,0.2,True,False,False,False,False,13.686158180236816,960.0,time_out,0.8201274275779724
robust_seed42,55,30,86,True,waves,0.4,False,False,True,False,False,5.023327350616455,217.0,torso_height,1.4287542527721775
robust_seed42,55,30,87,True,waves,0.6,False,False,True,False,False,5.275880813598633,185.0,torso_height,1.5656989845069678
robust_seed42,55,30,88,True,waves,0.8,False,False,True,False,False,6.148133754730225,179.0,torso_height,2.1186089116101825
robust_seed42,55,30,89,True,waves,1.0,False,False,False,False,False,9.810873031616211,960.0,time_out,0.19876813888549805
robust_seed42,55,30,90,True,waves,0.2,False,False,True,False,False,6.339432716369629,172.0,torso_height,2.30469171390977
robust_seed42,55,30,91,True,waves,0.4,False,False,True,False,False,7.231454849243164,256.0,torso_height,1.6391882300376892
robust_seed42,55,30,92,True,waves,0.6,False,False,True,False,False,6.545292854309082,198.0,torso_height,1.9636350689512312
robust_seed42,55,30,93,True,waves,0.8,False,False,True,False,False,6.134236812591553,128.0,torso_height,2.9980212450027466
robust_seed42,55,30,94,True,waves,1.0,False,False,True,False,False,5.164647579193115,172.0,torso_height,1.746180112971816
robust_seed42,55,30,95,True,waves,0.2,False,False,True,False,False,0.3609733581542969,23.0,overturn,0.6588562675144362
robust_seed42,55,30,96,True,waves,0.4,True,False,False,False,False,13.450383186340332,960.0,time_out,0.8215348720550537
robust_seed42,55,30,97,True,waves,0.6,False,False,False,False,False,3.1014139652252197,960.0,time_out,0.32675814628601074
robust_seed42,55,30,98,True,waves,0.8,False,False,True,False,False,4.958886623382568,148.0,torso_height,1.971258730501742
robust_seed42,55,30,99,True,waves,1.0,False,False,True,False,False,7.003585338592529,191.0,torso_height,2.2105899031873775
robust_seed42,55,30,100,True,obstacles,0.2,False,False,False,True,False,19.846054077148438,960.0,time_out,1.174070119857788
robust_seed42,55,30,101,True,obstacles,0.4,True,False,False,False,False,16.326675415039062,960.0,time_out,0.945574164390564
robust_seed42,55,30,102,True,obstacles,0.6,False,False,False,False,False,7.915858268737793,960.0,time_out,0.248826265335083
robust_seed42,55,30,103,True,obstacles,0.8,False,False,True,False,False,5.912837982177734,139.0,torso_height,2.655139621213186
robust_seed42,55,30,104,True,obstacles,1.0,False,False,False,False,False,11.99814224243164,960.0,time_out,0.3237478733062744
robust_seed42,55,30,105,True,obstacles,0.2,False,False,False,False,False,8.621455192565918,960.0,time_out,0.34900403022766113
robust_seed42,55,30,106,True,obstacles,0.4,False,False,False,False,False,10.394662857055664,960.0,time_out,0.31014811992645264
robust_seed42,55,30,107,True,obstacles,0.6,False,False,True,False,False,10.587159156799316,749.0,torso_height,0.7513012650493628
robust_seed42,55,30,108,True,obstacles,0.8,False,False,False,False,False,12.599700927734375,960.0,time_out,0.4453228712081909
robust_seed42,55,30,109,True,obstacles,1.0,False,False,True,False,False,6.754795551300049,216.0,torso_height,1.8641901016235352
robust_seed42,55,30,110,True,obstacles,0.2,False,False,False,False,False,5.48171329498291,960.0,time_out,0.48435258865356445
robust_seed42,55,30,111,True,obstacles,0.4,False,False,False,False,False,6.664853572845459,960.0,time_out,0.37389516830444336
robust_seed42,55,30,112,True,obstacles,0.6,False,False,False,False,False,9.32414722442627,960.0,time_out,0.25110554695129395
robust_seed42,55,30,113,True,obstacles,0.8,False,False,False,False,False,11.658456802368164,960.0,time_out,0.4962775707244873
robust_seed42,55,30,114,True,obstacles,1.0,False,False,False,False,False,5.10791015625,960.0,time_out,0.28981900215148926
robust_seed42,55,30,115,True,obstacles,0.2,False,False,True,False,False,0.06471152603626251,37.0,overturn,-0.2817628190324113
robust_seed42,55,30,116,True,obstacles,0.4,False,False,True,False,False,10.04450511932373,322.0,torso_height,1.896552210268767
robust_seed42,55,30,117,True,obstacles,0.6,False,False,False,False,False,9.900250434875488,960.0,time_out,0.24699068069458008
robust_seed42,55,30,118,True,obstacles,0.8,False,False,False,False,False,11.22775936126709,960.0,time_out,0.43278586864471436
robust_seed42,55,30,119,True,obstacles,1.0,False,False,False,False,False,11.897073745727539,960.0,time_out,0.36167919635772705
robust_seed42,55,30,120,True,obstacles,0.2,False,False,True,False,False,0.21898865699768066,16.0,overturn,0.6600236892700195
robust_seed42,55,30,121,True,obstacles,0.4,False,False,True,False,False,16.81900405883789,587.0,torso_height,1.7092918902889427
robust_seed42,55,30,122,True,obstacles,0.6,False,False,True,False,False,5.7479166984558105,371.0,torso_height,0.873248981979658
robust_seed42,55,30,123,True,obstacles,0.8,False,False,False,False,False,11.413426399230957,960.0,time_out,0.4340205192565918
robust_seed42,55,30,124,True,obstacles,1.0,False,False,True,False,False,8.158394813537598,415.0,torso_height,1.0365426856351185
robust_seed42,55,30,125,True,stepping_stones,0.2,False,False,False,False,False,11.599381446838379,960.0,time_out,0.31648361682891846
robust_seed42,55,30,126,True,stepping_stones,0.4,False,False,True,False,False,7.870556831359863,546.0,torso_height,0.6139310899671617
robust_seed42,55,30,127,True,stepping_stones,0.6,False,False,False,False,False,11.02318286895752,960.0,time_out,0.28678667545318604
robust_seed42,55,30,128,True,stepping_stones,0.8,False,False,True,False,False,0.3949490189552307,29.0,overturn,0.5315622790106411
robust_seed42,55,30,129,True,stepping_stones,1.0,False,False,False,False,False,12.655683517456055,960.0,time_out,0.31405913829803467
robust_seed42,55,30,130,True,stepping_stones,0.2,False,False,False,False,False,10.89319133758545,960.0,time_out,0.32773852348327637
robust_seed42,55,30,131,True,stepping_stones,0.4,False,False,False,False,False,12.38400936126709,960.0,time_out,0.40565812587738037
robust_seed42,55,30,132,True,stepping_stones,0.6,False,False,False,False,False,11.50808048248291,960.0,time_out,0.3136308193206787
robust_seed42,55,30,133,True,stepping_stones,0.8,False,False,False,False,False,11.868308067321777,960.0,time_out,0.3202928304672241
robust_seed42,55,30,134,True,stepping_stones,1.0,False,False,False,False,False,11.194741249084473,960.0,time_out,0.361629843711853
robust_seed42,55,30,135,True,stepping_stones,0.2,False,False,False,False,False,13.314103126525879,960.0,time_out,0.41107678413391113
robust_seed42,55,30,136,True,stepping_stones,0.4,False,False,True,False,False,7.894894123077393,507.0,torso_height,0.638565650353065
robust_seed42,55,30,137,True,stepping_stones,0.6,False,False,False,False,False,5.003767967224121,960.0,time_out,0.2773468494415283
robust_seed42,55,30,138,True,stepping_stones,0.8,False,False,False,False,False,12.094390869140625,960.0,time_out,0.31271398067474365
robust_seed42,55,30,139,True,stepping_stones,1.0,False,False,True,False,False,4.155698776245117,117.0,torso_height,2.1200933211889024
robust_seed42,55,30,140,True,stepping_stones,0.2,False,False,False,False,False,11.035372734069824,960.0,time_out,0.45983564853668213
robust_seed42,55,30,141,True,stepping_stones,0.4,False,False,False,False,False,15.376364707946777,960.0,time_out,0.43324315547943115
robust_seed42,55,30,142,True,stepping_stones,0.6,False,False,True,False,False,4.015852451324463,132.0,torso_height,1.8875304135409268
robust_seed42,55,30,143,True,stepping_stones,0.8,False,False,False,False,False,11.573992729187012,960.0,time_out,0.35936200618743896
robust_seed42,55,30,144,True,stepping_stones,1.0,False,False,False,False,False,12.732866287231445,960.0,time_out,0.35951220989227295
robust_seed42,55,30,145,True,stepping_stones,0.2,False,False,True,False,False,5.470211029052734,165.0,torso_height,2.060427579012784
robust_seed42,55,30,146,True,stepping_stones,0.4,False,False,True,False,False,11.084568977355957,682.0,torso_height,0.594743913219821
robust_seed42,55,30,147,True,stepping_stones,0.6,False,False,False,False,False,12.834246635437012,960.0,time_out,0.380995512008667
robust_seed42,55,30,148,True,stepping_stones,0.8,False,False,False,False,False,9.240083694458008,960.0,time_out,0.2701181173324585
robust_seed42,55,30,149,True,stepping_stones,1.0,False,False,False,False,False,11.902518272399902,960.0,time_out,0.3336392641067505
robust_seed42,55,30,150,False,flat,0.2,,,True,False,False,0.20585626363754272,26.0,overturn,0.11868434456678537
robust_seed42,55,30,151,False,flat,0.4,,,False,False,False,160.7755889892578,960.0,time_out,11.125690460205078
robust_seed42,55,30,152,False,flat,0.6,,,False,False,False,151.22640991210938,960.0,time_out,10.48721694946289
robust_seed42,55,30,153,False,flat,0.8,,,False,False,False,160.5056915283203,960.0,time_out,10.976027488708496
robust_seed42,55,30,154,False,flat,1.0,,,False,False,False,157.72743225097656,960.0,time_out,10.908029556274414
robust_seed42,55,30,155,False,flat,0.2,,,False,False,False,150.10272216796875,960.0,time_out,10.594415664672852
robust_seed42,55,30,156,False,flat,0.4,,,False,False,False,165.85809326171875,960.0,time_out,11.44047737121582
robust_seed42,55,30,157,False,flat,0.6,,,False,False,False,141.8994140625,960.0,time_out,10.07165813446045
robust_seed42,55,30,158,False,flat,0.8,,,False,False,False,164.39573669433594,960.0,time_out,11.31690788269043
robust_seed42,55,30,159,False,flat,1.0,,,False,False,False,149.05252075195312,960.0,time_out,10.288476943969727
robust_seed42,55,30,160,False,flat,0.2,,,False,False,False,141.62985229492188,960.0,time_out,10.245551109313965
robust_seed42,55,30,161,False,flat,0.4,,,False,False,False,164.24046325683594,960.0,time_out,11.3407621383667
robust_seed42,55,30,162,False,flat,0.6,,,False,False,False,149.05264282226562,960.0,time_out,10.394457817077637
robust_seed42,55,30,163,False,flat,0.8,,,False,False,False,156.83905029296875,960.0,time_out,10.87684440612793
robust_seed42,55,30,164,False,flat,1.0,,,False,False,False,155.8176727294922,960.0,time_out,10.802790641784668
robust_seed42,55,30,165,False,flat,0.2,,,False,False,False,161.37184143066406,960.0,time_out,11.04545783996582
robust_seed42,55,30,166,False,flat,0.4,,,True,False,False,0.3692850172519684,35.0,overturn,0.34470950705664494
robust_seed42,55,30,167,False,flat,0.6,,,False,False,False,162.78591918945312,960.0,time_out,11.292526245117188
robust_seed42,55,30,168,False,flat,0.8,,,False,False,False,150.67660522460938,960.0,time_out,10.345824241638184
robust_seed42,55,30,169,False,flat,1.0,,,True,False,False,62.82343292236328,483.0,overturn,8.58881506120196
robust_seed42,55,30,170,False,flat,0.2,,,False,False,False,163.87010192871094,960.0,time_out,11.289657592773438
robust_seed42,55,30,171,False,flat,0.4,,,False,False,False,157.64013671875,960.0,time_out,10.995759963989258
robust_seed42,55,30,172,False,flat,0.6,,,False,False,False,165.12818908691406,960.0,time_out,11.3534517288208
robust_seed42,55,30,173,False,flat,0.8,,,False,False,False,158.9700927734375,960.0,time_out,10.984261512756348
robust_seed42,55,30,174,False,flat,1.0,,,False,False,False,164.3267822265625,960.0,time_out,11.353837966918945
